Date,097950,271560,004370,003230,005180,035250,023530,139480,282330
2018-01-02,371500,107000,358500,103500,65100,32050,200500,262000,210500
2018-01-03,371000,104000,348500,100000,64000,31950,204500,260000,202500
2018-01-04,376500,101000,338500,93000,62000,31750,217000,259000,200500
2018-01-05,370000,101500,338000,93300,62500,31200,216500,259000,200000
2018-01-08,372000,103000,337500,90600,62500,31550,222500,271500,199000
2018-01-09,381500,106500,336000,90700,62200,31750,222500,275000,206000
2018-01-10,385000,104500,336000,89500,64300,31650,222000,278500,210500
2018-01-11,392000,108500,330500,85500,63200,31200,219500,276000,208500
2018-01-12,386500,106000,322500,80100,62700,31400,223000,269000,201500
2018-01-15,378500,109500,322000,79400,64300,31250,226000,263000,206000
2018-01-16,374000,109500,321000,82900,65000,31700,232000,258500,210000
2018-01-17,364500,110500,317500,84600,64300,32550,235500,260500,218000
2018-01-18,361500,112500,318000,86400,63700,31850,232000,260500,221000
2018-01-19,358000,115000,320500,87100,63600,32350,233000,266000,215000
2018-01-22,363500,113500,327500,85600,64200,32300,232000,264000,209000
2018-01-23,364500,117000,328000,84000,64200,32900,233000,261500,214000
2018-01-24,362000,112500,328500,81600,66000,32850,231000,259500,219000
2018-01-25,362000,112500,324000,81000,66300,32850,227000,256000,218500
2018-01-26,366500,116000,322000,81000,66700,33050,239500,294500,220000
2018-01-29,365500,119000,325500,85900,66600,33400,238500,299000,227000
2018-01-30,360500,117000,326500,89900,67100,32750,238000,296000,217500
2018-01-31,358500,117000,323500,94300,66100,32450,241500,291000,220000
2018-02-01,360500,121000,327000,95900,66300,33200,247500,291500,218000
2018-02-02,353000,125000,317000,96800,65500,33400,247500,289000,214000
2018-02-05,349000,122000,305000,94000,63900,32200,251500,284000,212000
2018-02-06,343500,120500,305000,94000,63400,31850,255500,285000,209500
2018-02-07,345000,120500,304000,87800,62100,31450,240000,280000,206500
2018-02-08,339000,120500,303500,89900,61600,31400,250000,282000,206000
2018-02-09,322500,115500,295500,90000,65000,29850,230500,279000,210500
2018-02-12,321000,108500,297500,90700,62800,29850,228500,280000,210500
2018-02-13,323500,110000,296000,90200,62300,29500,219000,278500,199000
2018-02-14,319500,104500,295000,90100,62700,29700,214000,286000,187000
2018-02-19,324500,106000,299000,92300,63400,30050,218000,299000,188000
2018-02-20,325000,106500,295500,89800,62400,29600,211000,295000,186000
2018-02-21,334500,113000,302500,91200,62300,29550,214500,300500,187000
2018-02-22,335500,112500,304000,93000,62700,29250,213500,297500,178000
2018-02-23,353000,114000,314500,93800,63200,29050,216000,310000,178000
2018-02-26,351000,116000,317500,97000,63600,29250,214000,317500,172000
2018-02-27,350500,112500,315500,97400,63500,29350,206500,307500,170000
2018-02-28,338000,108000,309000,96800,62300,28850,206500,304000,174000
2018-03-02,328500,109000,302500,91800,61600,28400,203000,312000,169000
2018-03-05,323500,110000,301000,86000,61400,28050,203000,298500,167000
2018-03-06,322500,107000,305000,86400,60300,28700,203500,297500,161500
2018-03-07,322500,106500,307000,83700,59600,28750,199000,293000,157000
2018-03-08,327000,112000,309000,84900,60400,28950,211500,294000,158500
2018-03-09,333000,118000,313000,87000,62300,29200,226500,305000,163500
2018-03-12,333000,117500,317500,88200,62700,28800,226000,286500,167500
2018-03-13,326000,113000,317500,86700,61500,28450,220000,282000,168500
2018-03-14,327500,109000,312500,86400,61000,28400,219500,281000,164500
2018-03-15,340500,117000,313500,85500,61200,28500,222500,282000,167500
2018-03-16,340000,120000,311000,87500,60700,28050,229000,287000,169500
2018-03-19,333000,120500,306000,83400,60700,27950,229000,280500,164000
2018-03-20,333500,121500,304500,83400,60500,27900,229500,283000,162500
2018-03-21,329000,119000,305500,78900,60600,28300,229500,281000,163000
2018-03-22,332500,120000,309000,85000,60700,28400,230000,279500,165500
2018-03-23,322500,117500,303000,80500,59800,27400,227500,278000,161500
2018-03-26,323000,122000,299000,80900,59500,27350,227500,276500,155500
2018-03-27,326000,126500,299500,83700,60600,27550,228500,269500,155000
2018-03-28,320000,127000,301000,83300,60900,27650,233000,270500,154500
2018-03-29,320000,128000,300000,82400,60200,27250,234000,270500,152500
2018-03-30,321500,128000,306000,82100,60900,28200,234500,273500,169000
2018-04-02,329500,132000,314500,82000,62100,28500,250000,273500,169500
2018-04-03,337000,135500,317500,81500,62200,28350,252500,284000,179000
2018-04-04,330500,128000,316000,78500,60800,28450,246500,289500,176500
2018-04-05,324500,125500,316000,77300,61100,28200,248500,283500,171500
2018-04-06,323000,125500,313500,77900,61100,27900,249500,287500,174500
2018-04-09,322500,125000,314000,77000,62100,27600,247000,288000,186500
2018-04-10,320500,129000,311500,74200,61600,27400,252000,290500,178000
2018-04-11,328000,126000,309500,75400,61400,27200,253500,281000,179000
2018-04-12,324500,125000,309000,80000,61400,26850,250000,276500,179000
2018-04-13,326000,128000,306000,79100,61400,26100,256500,280000,176500
2018-04-16,324500,128500,307000,89300,61300,26450,256500,278000,175000
2018-04-17,321500,128000,313000,90400,61200,27100,253500,273000,174500
2018-04-18,322500,129000,315500,89800,61200,27800,259500,274000,177500
2018-04-19,320500,121500,312000,93000,61300,27600,256500,268000,171500
2018-04-20,321500,126000,315500,92000,61700,28750,264000,267000,177000
2018-04-23,332000,124500,329000,90100,62000,28750,257500,266500,186500
2018-04-24,340500,127500,326000,92200,63900,29550,248500,270000,181500
2018-04-25,340000,125000,327500,93500,64900,29450,256500,269000,185500
2018-04-26,332000,119000,321500,93000,64100,29000,252500,268500,182500
2018-04-27,334500,123000,323000,90300,64500,28950,256000,264500,179000
2018-04-30,343000,124500,324000,90100,66500,28900,256000,270000,191000
2018-05-02,345000,127500,327000,91900,65400,29250,254000,271500,206500
2018-05-03,341000,121500,328000,96300,64300,29150,241000,264500,200000
2018-05-04,342500,124000,326500,96500,63500,29050,242500,265500,199000
2018-05-08,342500,125000,319500,93000,63600,29000,234500,261500,200000
2018-05-09,342000,131500,316000,91700,63700,28650,233500,257000,200500
2018-05-10,359500,130500,316500,92200,64700,28650,235500,270000,204500
2018-05-11,356500,133500,320000,92000,64400,28650,239500,261000,196500
2018-05-14,359500,133000,321500,94500,64300,27950,235500,268000,191500
2018-05-15,351500,125000,320500,93200,64000,27950,236500,261500,189000
2018-05-16,354500,132500,319000,97500,63200,27600,240000,259000,186000
2018-05-17,350500,127000,320000,100000,62500,27950,231500,259500,181500
2018-05-18,347500,130000,322000,101500,63400,28150,233000,271500,186500
2018-05-21,346500,127500,322000,104500,62800,27950,228000,277000,185500
2018-05-23,345000,129500,316500,104000,61500,27450,224000,266000,179000
2018-05-24,342500,129000,316500,102500,61700,27600,223000,267000,187000
2018-05-25,337000,130500,316500,98200,61100,27500,217000,262000,185500
2018-05-28,343000,132500,324000,100000,62000,27000,221000,261500,180000
2018-05-29,346500,132500,326500,99300,61400,26900,220000,267000,183500
2018-05-30,340500,129000,327000,100500,60900,26800,216000,260000,177500
2018-05-31,350500,129500,326000,101000,61100,26850,224000,250000,182500
2018-06-01,355500,134500,334500,112000,60500,27000,226000,249000,184500
2018-06-04,357500,144500,348500,113500,61200,26950,227000,242000,188000
2018-06-05,364000,141500,346500,109500,62000,27300,227000,242000,182500
2018-06-07,379000,146000,356000,111500,64100,27400,221500,249500,193500
2018-06-08,372500,148500,350500,110000,63200,28100,216000,248500,196000
2018-06-11,380500,147000,353500,106500,64100,28100,220000,249000,195500
2018-06-12,381500,148500,354500,102500,64800,28850,224000,252000,203500
2018-06-14,372000,145000,351000,102500,63100,28650,218500,247500,199000
2018-06-15,368000,149000,348500,107000,64300,28600,219500,239000,192500
2018-06-18,359000,151500,350000,105000,62500,28800,215000,238000,201000
2018-06-19,353000,149500,340500,100500,61900,28950,208500,242500,209000
2018-06-20,349500,153000,345500,106000,61400,28450,204500,242500,196000
2018-06-21,350000,152000,339500,105000,61700,27300,203500,238000,192000
2018-06-22,350500,154000,350500,106500,61500,27650,203000,239000,195500
2018-06-25,355000,155000,344000,108500,61700,27550,207500,242500,197500
2018-06-26,352000,148000,341000,105000,61600,27050,206500,246000,197000
2018-06-27,347500,146000,341500,106000,61500,26650,207500,248000,188500
2018-06-28,350500,149500,334000,105000,60900,25950,213500,256000,197000
2018-06-29,352500,149000,325000,106000,60100,26150,210000,254500,195000
2018-07-02,347500,145000,311500,109500,59900,25850,205000,248000,187500
2018-07-03,339000,144500,304500,108500,59600,25700,201000,248500,179000
2018-07-04,335500,146000,307000,112500,59800,25750,205000,253500,182000
2018-07-05,330500,142000,303500,107000,59600,25400,205000,248000,176500
2018-07-06,339500,145500,306500,103000,60100,25500,214500,245500,178500
2018-07-09,335500,149000,301000,99900,59900,25850,211500,242000,178500
2018-07-10,336500,146500,300500,97200,59700,25950,214500,245000,179000
2018-07-11,338500,145000,294000,95700,59000,25900,206500,235000,177500
2018-07-12,336000,148500,299000,94800,59500,25900,203500,218500,178500
2018-07-13,342000,147000,298500,97000,59400,25850,203500,220500,179500
2018-07-16,331500,143500,299500,94100,61300,26000,203500,216000,165500
2018-07-17,333000,136500,296500,96400,60500,26350,204000,221000,170000
2018-07-18,330000,134000,296000,95200,60500,27000,203500,227000,163000
2018-07-19,323000,135500,291500,92800,59600,26700,200000,220000,159000
2018-07-20,329500,129500,291000,92700,59700,26800,199000,227000,149500
2018-07-23,332000,131500,293500,87600,60300,26700,198000,228000,150500
2018-07-24,335000,137500,292500,87900,60200,26400,202500,229500,157500
2018-07-25,335000,136000,294500,87600,60000,26600,203500,224500,161000
2018-07-26,334000,135500,291000,87700,60100,26550,201500,222000,165000
2018-07-27,334500,136000,293000,83800,60000,26400,202500,218000,164000
2018-07-30,334500,138000,291500,84900,60200,26350,206000,222500,164500
2018-07-31,338000,133500,294000,84700,60200,26000,206000,218500,169000
2018-08-01,342500,133000,296000,86400,60200,25900,206000,224500,166500
2018-08-02,339500,130500,292500,84500,62900,25800,206000,222500,165500
2018-08-03,344000,128000,294500,85800,63300,25800,210000,219500,164500
2018-08-06,347000,123000,293500,85000,62600,26000,209500,226500,168000
2018-08-07,343500,123500,293000,85200,61400,26150,207500,221000,167500
2018-08-08,339500,123500,292500,84800,60300,26000,203500,223500,166000
2018-08-09,341500,120500,291000,84100,60400,26800,204000,226000,169500
2018-08-10,354000,122500,292000,82500,61900,28900,204500,218000,171500
2018-08-13,349000,119500,291500,78000,65200,28950,190000,217500,166500
2018-08-14,344500,118000,277500,82000,67000,29550,191000,212000,162500
2018-08-16,339500,105500,258000,82100,67900,28700,182000,204000,161000
2018-08-17,340500,105000,258000,86000,68200,29450,182500,207000,161500
2018-08-20,337000,105000,256500,88500,70000,29350,180000,212500,165500
2018-08-21,337000,109500,259500,86400,67000,29350,181500,212000,165000
2018-08-22,337500,107000,255000,86100,66600,29200,179500,212500,161000
2018-08-23,337500,108000,256000,86200,68200,29750,179000,207500,159000
2018-08-24,338500,107000,253000,84700,68900,29650,180000,210500,159000
2018-08-27,341000,111000,245000,82500,68300,28900,179500,211000,166500
2018-08-28,349000,110000,246500,82200,70000,29150,184000,221500,180000
2018-08-29,343000,107000,245000,82400,68700,28400,182000,219500,176500
2018-08-30,339500,107000,250500,83600,69500,28600,179500,214500,170000
2018-08-31,342500,107000,249500,83500,70100,28950,180000,214500,171500
2018-09-03,345000,109000,250000,83100,70400,28500,181000,211500,175500
2018-09-04,337000,106000,249000,84700,70400,28500,179500,211500,174500
2018-09-05,334000,105500,247500,82100,71800,28450,179500,209000,176000
2018-09-06,332500,104500,246500,81200,74900,28500,179000,209000,172500
2018-09-07,332500,98700,246000,82200,75100,28400,180000,207000,181500
2018-09-10,333500,96300,244000,82400,76800,28050,179000,201000,191000
2018-09-11,328000,95500,243000,81900,77500,27950,185000,195500,194500
2018-09-12,326500,104000,244000,81100,79200,27000,187000,197000,193500
2018-09-13,332000,105500,248000,80000,78800,27000,198500,201000,198500
2018-09-14,327500,105500,248000,80400,78000,27600,198000,201500,197500
2018-09-17,327500,104000,246500,78400,75400,27450,196000,201000,195000
2018-09-18,325500,103000,242500,77800,75400,27850,198500,193500,195500
2018-09-19,325500,107000,242000,77400,75400,27900,198500,191500,198000
2018-09-20,328000,107000,242000,76200,75800,27800,206500,188000,195000
2018-09-21,331000,110000,245500,75300,75600,28450,209000,190500,201000
2018-09-27,330500,108000,243000,75300,75400,28350,210000,197000,212500
2018-09-28,333500,105500,243500,77800,75400,28700,209500,207500,205500
2018-10-01,331500,107000,241500,78200,75500,28250,209500,210500,195000
2018-10-02,329000,102500,236000,77000,74600,27750,204000,209000,195000
2018-10-04,327000,99200,229000,75600,76800,28100,204000,210000,198000
2018-10-05,327000,99000,231500,74300,71900,28450,204000,219500,200000
2018-10-08,330000,96700,229500,71000,74500,28300,205000,215000,201000
2018-10-10,325000,99100,227500,66600,74400,28700,202500,212500,210000
2018-10-11,312000,96800,222000,63200,70800,28150,202500,205500,205000
2018-10-12,317500,103500,222000,65800,73400,27450,201500,203500,198000
2018-10-15,322000,107000,227500,64300,72000,28450,208500,206500,195500
2018-10-16,331500,106000,226000,65100,74100,28800,204500,211500,198500
2018-10-17,333000,107500,227500,65400,72100,29550,206500,206000,200500
2018-10-18,333000,107000,228000,64900,70800,29600,207000,208500,198500
2018-10-19,335500,108500,226500,65000,71100,29450,215000,210000,195500
2018-10-22,341500,111000,231500,66800,71900,30150,215000,216000,194500
2018-10-23,335500,106000,229000,64100,72400,29800,207000,208500,191500
2018-10-24,343000,106000,229000,61500,75600,29600,206000,209500,196500
2018-10-25,338500,102500,227500,60800,72700,29300,207000,201000,185500
2018-10-26,333000,99100,224500,60200,70700,28600,199500,193500,176500
2018-10-29,335500,99000,214000,60600,69300,28150,194000,196000,177500
2018-10-30,327500,97500,216500,61600,69200,27950,195000,194500,176000
2018-10-31,324000,95100,218000,60700,70800,28700,193500,204500,168500
2018-11-01,318000,92500,216000,64000,68900,28000,196000,203000,173500
2018-11-02,326500,90300,224500,64800,69500,28500,201500,203000,175500
2018-11-05,326000,89400,218000,62200,69000,28700,201500,201500,170500
2018-11-06,330000,88600,220000,62300,70400,28700,207000,208000,170000
2018-11-07,335000,96700,224500,60000,70600,28850,211000,207000,167000
2018-11-08,333000,96500,221000,60700,71400,29150,210500,208500,171500
2018-11-09,343000,92000,222000,60100,68900,30100,218000,202500,170500
2018-11-12,347000,94400,232500,57700,71000,29450,218000,193000,167000
2018-11-13,347000,93000,235000,61200,69600,29850,219500,191000,166000
2018-11-14,341500,96300,235000,59100,69900,30150,218000,190500,169000
2018-11-15,361500,97700,242000,59000,71600,30150,218500,193500,172000
2018-11-16,351000,99000,249000,60900,73000,30100,218000,194000,169500
2018-11-19,352500,100000,248500,60400,70300,30250,227000,194500,177500
2018-11-20,347500,103000,252500,59500,73500,30100,229000,191500,180500
2018-11-21,352000,110500,251000,57900,74500,30050,224000,186500,182000
2018-11-22,347000,110000,247500,56500,72900,30600,222000,186500,189500
2018-11-23,347000,112000,247500,56000,72900,30150,223500,186500,183000
2018-11-26,344500,116500,255500,58900,76100,30150,223500,189500,192000
2018-11-27,341000,114500,252000,60100,73900,30200,225000,190000,194500
2018-11-28,341500,111500,254000,62800,74700,30350,220000,188500,196500
2018-11-29,342000,114000,249500,61300,75400,32350,223000,194000,193000
2018-11-30,336000,111500,251000,60600,73700,32250,215500,195000,194500
2018-12-03,336000,111500,251500,61400,73000,31850,215000,194000,192000
2018-12-04,340000,112500,250000,61300,73600,32000,214500,192000,190500
2018-12-05,345000,115000,257000,61900,74000,32750,218500,193500,190500
2018-12-06,343000,115500,257000,59000,71800,32950,213500,189500,197000
2018-12-07,340500,114500,258000,59900,73900,32750,210000,192500,194000
2018-12-10,349000,118000,260500,58200,77200,32950,214000,183500,195000
2018-12-11,348000,114000,262000,56700,77300,33300,216500,184500,201000
2018-12-12,350500,120000,262500,57100,75500,32950,222000,184000,201000
2018-12-13,351000,120000,263500,57900,76100,34250,223000,181500,204000
2018-12-14,347000,118000,257500,56300,76700,32650,224500,182500,206000
2018-12-17,345000,122000,255500,56100,76400,32850,221500,187500,208000
2018-12-18,342500,118000,260000,56100,75000,32900,224500,187500,202000
2018-12-19,341500,120000,259500,55900,75900,33200,221000,192000,211000
2018-12-20,335500,118000,259000,55000,76200,33500,218000,190000,212500
2018-12-21,332500,117500,260000,54800,75200,32900,221500,186500,218000
2018-12-24,333000,117500,255500,52800,75500,32650,220500,186500,210500
2018-12-26,326000,115000,252000,50200,73000,32300,219000,181500,210000
2018-12-27,325500,114000,248000,50600,74300,31950,213500,184000,203000
2018-12-28,330500,120000,254500,52000,72500,32000,211000,182500,204000
2019-01-02,331000,111000,251000,50100,71100,30900,202500,180000,205500
2019-01-03,328000,118000,268000,47800,70700,31700,202000,186500,209500
2019-01-04,342000,121500,276500,49100,75000,32850,201000,194000,214000
2019-01-07,340500,122500,270500,53400,74800,32350,203500,191500,207500
2019-01-08,335500,123000,276000,59200,75100,32200,201000,196000,205500
2019-01-09,337500,124000,271500,57900,74800,31850,203000,199500,209000
2019-01-10,337000,118000,275000,61000,72800,31800,206000,193500,189500
2019-01-11,334500,121000,283000,61000,72500,32250,205000,191500,188500
2019-01-14,343000,121000,288500,60300,72400,32300,206500,193000,186500
2019-01-15,338500,119000,288000,59800,71700,32200,206500,197500,184500
2019-01-16,338000,117500,288000,59400,70200,32250,200000,198000,185500
2019-01-17,340500,121000,281000,57800,69100,31550,194500,193000,184500
2019-01-18,341500,122000,281500,57300,70000,32150,194500,192500,183000
2019-01-21,341500,120500,275000,58700,68900,32000,195000,191500,186000
2019-01-22,340000,118000,286000,58700,69100,32100,194000,191500,183500
2019-01-23,339500,119500,291000,58500,69800,33250,194000,193000,184500
2019-01-24,338500,114500,285500,58400,68300,33500,193500,192500,180500
2019-01-25,335500,114000,278500,58800,68200,32900,195000,193000,187500
2019-01-28,333000,113000,277500,61400,67900,33050,195000,191000,186500
2019-01-29,333500,114500,277500,59300,68100,33150,195000,188500,187500
2019-01-30,333500,110500,278000,63800,68300,33650,195000,193000,184500
2019-01-31,342500,113500,279500,68700,68500,34000,196000,192000,184000
2019-02-01,335000,112000,283000,70600,68500,33500,194000,180000,182500
2019-02-07,340000,113000,279500,70500,67800,34000,194000,178500,184500
2019-02-08,340000,110000,281500,69500,69900,33950,194500,177500,185000
2019-02-11,338000,110500,285000,70200,70100,34050,191000,175500,182500
2019-02-12,332000,111500,271000,69100,69400,33550,193500,172500,185500
2019-02-13,333500,111500,277500,68000,70300,34100,192500,175500,195500
2019-02-14,339500,116000,279500,68300,70300,34550,193500,182000,194000
2019-02-15,336500,112500,277500,71000,69200,32050,190000,177000,194000
2019-02-18,335500,114000,277000,69600,69100,32350,189500,179500,201000
2019-02-19,334000,113500,274500,68400,69000,31700,190000,179000,195000
2019-02-20,335000,116000,272000,67700,68800,31800,191000,178500,205500
2019-02-21,332500,112500,272500,67900,68900,31400,192500,178000,208000
2019-02-22,331500,112000,275000,68600,70000,31550,191000,179500,208000
2019-02-25,330500,115500,275500,68800,69600,31600,190500,178500,218000
2019-02-26,328000,113500,271500,67400,69500,31050,191500,179500,215000
2019-02-27,323500,113500,273000,66500,69500,31200,191000,181500,215000
2019-02-28,322000,111500,269000,65400,70000,30900,191000,180000,213000
2019-03-04,321500,110500,277500,66400,70400,30450,191000,180000,210500
2019-03-05,321000,109500,282000,68300,71600,30750,190500,182000,209000
2019-03-06,325000,107500,283000,72800,71600,30850,189000,177500,205500
2019-03-07,321000,106000,281500,75900,71700,30750,188500,176000,206000
2019-03-08,322500,103000,279000,73100,70000,30450,189000,176000,204000
2019-03-11,328500,105500,295500,79800,72200,31500,188500,176000,206000
2019-03-12,326500,105000,298000,78400,71600,31100,188000,174500,201500
2019-03-13,327000,104000,298500,77200,72700,31500,186500,175500,203500
2019-03-14,327000,104000,301000,78600,71400,32000,188000,176000,207000
2019-03-15,329000,100500,302000,79200,72400,32650,191500,177000,215000
2019-03-18,331000,101500,301500,83300,73000,32750,194000,179500,213500
2019-03-19,333000,101500,300000,84200,70800,32650,194000,182500,216000
2019-03-20,330000,100000,301000,84300,71100,32650,193000,181000,219500
2019-03-21,328000,98500,294500,80700,68600,32100,191000,177500,215000
2019-03-22,326000,98000,299000,84800,67500,32350,188000,177000,214000
2019-03-25,321000,96900,301500,80900,66700,32050,185000,172500,213000
2019-03-26,324500,96800,309000,84500,66500,32400,183000,173000,215000
2019-03-27,327500,97800,313500,84900,66700,32150,180500,172000,213000
2019-03-28,322000,96400,313000,83800,65600,31500,178000,170500,217500
2019-03-29,323000,100000,309000,85700,67100,32000,178000,172000,218500
2019-04-01,324500,100500,309000,83900,67800,31650,178500,173500,211000
2019-04-02,326000,101000,302500,82000,67900,32250,180000,172500,213000
2019-04-03,326000,100500,294500,78000,68700,31750,180500,173000,213500
2019-04-04,325000,99900,292500,78200,69200,31600,179500,172000,218500
2019-04-05,322500,97900,288000,77700,69300,31700,179500,171500,218000
2019-04-08,328500,100000,290000,76600,69900,31500,178500,180500,217000
2019-04-09,329000,103500,287000,76600,68900,31250,179000,181500,220000
2019-04-10,329500,102000,287500,77900,69500,31600,179500,179500,224500
2019-04-11,324500,102500,291500,77900,68400,31250,178000,180000,223000
2019-04-12,326500,97100,293500,76700,69000,32600,178500,178000,225500
2019-04-15,325500,98700,292500,74700,69100,32950,183000,180000,227500
2019-04-16,324500,98600,290000,78500,69500,32800,182000,179000,232500
2019-04-17,320500,98300,284500,78500,68700,32500,182500,177500,232000
2019-04-18,318000,96900,275000,78200,70000,32550,179000,174500,232000
2019-04-19,315500,95000,271000,78500,69300,33100,180500,174000,230500
2019-04-22,316000,96500,277500,77600,70800,34000,181000,174000,227500
2019-04-23,317500,97000,278000,77800,69500,34100,181000,174500,226500
2019-04-24,317000,97300,280000,77700,70900,33950,180000,172000,224000
2019-04-25,314000,97400,278500,77800,70600,33850,178000,171000,222000
2019-04-26,315500,96500,279500,77600,73000,33850,177500,171000,215000
2019-04-29,317500,97600,281500,77000,72600,34000,179000,171500,216000
2019-04-30,315000,96900,280500,79000,73800,34000,178000,172000,218500
2019-05-02,314000,96900,277500,79400,73300,34150,179500,173000,216500
2019-05-03,309500,98900,277500,78500,72200,32950,178500,170500,211500
2019-05-07,312000,97000,276000,76500,70800,33100,174500,168000,213000
2019-05-08,310500,102000,281000,74800,71500,33150,174500,167000,215000
2019-05-09,306000,96200,274500,74700,69000,32450,170000,162000,207000
2019-05-10,300000,98000,274500,73700,69600,32350,167500,160500,204500
2019-05-13,298500,96700,272000,77800,67900,32500,165000,158500,201000
2019-05-14,288500,95500,274000,80800,68600,31700,167000,158500,205000
2019-05-15,285500,95400,277500,79400,71700,31550,166000,155000,203000
2019-05-16,286500,88700,264000,79000,73400,30950,166000,146500,202000
2019-05-17,280000,84300,255500,77100,74800,31050,161500,145500,200500
2019-05-20,283000,86700,254000,77300,75500,31000,162500,146500,197000
2019-05-21,283500,87100,257500,80200,75100,30750,162000,145500,200000
2019-05-22,278000,85900,248500,79400,75300,30700,162000,146000,203500
2019-05-23,285000,88900,254500,77000,74800,30650,160000,143500,202000
2019-05-24,279500,86800,252000,73100,75900,31150,157000,143000,198000
2019-05-27,276500,86500,245000,70600,75200,30900,160500,143500,200000
2019-05-28,284500,88900,247500,73800,74500,31250,160000,146500,200500
2019-05-29,282500,86100,245000,73700,73400,30700,159000,142500,190500
2019-05-30,279000,86300,243000,72600,73500,31100,158000,143000,186500
2019-05-31,280500,86000,241500,72200,72500,31050,160000,144000,186500
2019-06-03,280000,86900,241000,71700,72800,31800,159500,147000,185500
2019-06-04,282000,85100,242500,71400,73500,31950,161000,144500,188500
2019-06-05,282000,81900,244000,71000,72400,31300,161000,145500,190000
2019-06-07,280000,83300,242500,71100,71600,30850,159000,146000,187500
2019-06-10,285000,85800,246000,71100,72300,31500,161000,147000,195000
2019-06-11,284000,85700,248000,71900,71700,30650,164000,149000,194000
2019-06-12,285000,84900,248500,71800,71500,30500,163500,147000,195000
2019-06-13,288000,85400,253000,71900,71700,30850,162500,148000,193500
2019-06-14,294000,87700,254500,71400,71300,30600,161000,145500,202500
2019-06-17,289000,87700,249000,70000,70400,30650,161000,145500,200500
2019-06-18,295500,90200,250000,69000,71200,30800,159500,142500,203000
2019-06-19,297500,91300,249500,72500,69700,31150,162000,145500,199500
2019-06-20,298000,92100,250500,72200,70600,31200,162500,146500,200000
2019-06-21,301500,91700,249500,72100,69800,31300,161000,144000,203000
2019-06-24,300500,91200,248500,70800,69400,30900,159500,143000,198000
2019-06-25,301500,92100,250000,70200,68900,30600,160500,142500,192000
2019-06-26,297000,91500,254000,71100,68500,30600,160000,140000,194000
2019-06-27,298000,92000,250500,69700,68600,30700,160500,142000,206500
2019-06-28,297000,92500,254000,70100,68300,30250,160500,140000,211000
2019-07-01,298000,94400,250000,70100,68500,30300,165500,144000,206500
2019-07-02,292500,92600,246500,70400,69600,30600,163500,142000,206500
2019-07-03,294500,89300,247000,69300,68500,30150,160000,140000,200000
2019-07-04,294000,88700,251500,69700,70000,30950,160500,140500,195000
2019-07-05,294000,89300,254500,69600,70400,30850,161500,143000,198000
2019-07-08,289000,87900,248000,68000,69100,30650,157500,140500,192000
2019-07-09,284000,86500,241000,67900,70000,30650,151000,139000,193500
2019-07-10,283000,86100,243500,68500,69700,29700,148000,138500,188500
2019-07-11,285000,89100,246000,69000,69700,29650,148500,141000,192500
2019-07-12,291000,88700,244000,69500,68300,30000,147000,140000,194500
2019-07-15,286000,87700,240000,69500,66800,29650,140000,134500,192000
2019-07-16,283500,86500,237500,69500,67000,30200,144000,136500,199500
2019-07-17,282000,84600,232500,69900,66300,30250,143500,135500,203500
2019-07-18,284000,84600,239500,70200,66500,30650,143000,130000,203500
2019-07-19,284500,84600,240000,70100,66400,30800,144000,129000,208000
2019-07-22,282500,83600,241500,69900,66700,31050,145000,129000,199500
2019-07-23,287500,84000,244000,69900,67700,30550,143500,127500,204500
2019-07-24,285000,82500,240000,68800,66800,31000,142000,127000,206500
2019-07-25,290000,83700,238500,68000,66800,30850,140500,126000,202000
2019-07-26,283000,82600,237500,66700,65100,30600,143500,126500,201500
2019-07-29,279500,80500,233500,63500,64600,30600,139500,123000,202000
2019-07-30,282000,80300,231500,63500,64100,30500,138000,123000,206500
2019-07-31,285000,80800,235000,63500,65100,30750,136000,122000,204500
2019-08-01,286500,80800,231500,66000,64300,30400,135000,120500,215500
2019-08-02,281500,81600,230000,65600,63100,30400,133000,118500,213500
2019-08-05,271500,80000,225000,61200,61700,30950,127500,116000,215000
2019-08-06,269500,80500,227000,60300,59800,29900,124000,112500,215000
2019-08-07,266000,78500,227000,61200,60500,29000,122500,110500,208500
2019-08-08,272000,81000,230000,62300,60500,29650,124500,110500,213500
2019-08-09,248000,81100,229500,61800,60100,29750,128000,109000,204000
2019-08-12,242500,83000,227500,63300,58700,29850,124000,105500,208000
2019-08-13,235500,84800,228000,65600,58900,29550,125500,112500,206500
2019-08-14,234500,83000,225000,66100,58500,28950,124500,111000,207000
2019-08-16,229500,85300,222500,73200,59000,28350,120500,106000,206000
2019-08-19,230500,85100,225500,75800,59200,28450,126000,110500,208000
2019-08-20,234000,85200,228500,76700,59700,28550,128000,112000,200500
2019-08-21,230000,88300,227000,75400,59100,28250,129000,113500,195500
2019-08-22,231500,89400,231500,74000,58200,28400,131000,115500,196500
2019-08-23,229500,87100,229500,73300,57600,28200,133000,115500,195500
2019-08-26,225000,85300,225500,72300,56000,28100,132000,115500,199000
2019-08-27,223000,87000,228000,70900,56400,27850,132000,115000,200000
2019-08-28,221500,87000,229000,70500,56600,27850,137500,116500,196000
2019-08-29,222500,88000,230000,70200,57300,28300,136500,116000,196500
2019-08-30,228500,90100,240000,70000,57000,28250,136000,116000,203500
2019-09-02,226000,90200,234500,72000,57300,28400,135000,113500,204000
2019-09-03,224500,92700,241500,71500,57000,28300,134000,114000,207000
2019-09-04,226500,93700,251500,76500,56700,28800,138500,114000,207500
2019-09-05,229500,94700,244500,77900,56200,28950,136500,112500,202500
2019-09-06,227500,94800,240000,76300,56200,29100,136500,112000,199500
2019-09-09,227000,97000,241500,75900,55200,29150,137000,115500,198500
2019-09-10,230000,94900,245500,78000,57000,29150,136000,115500,199000
2019-09-11,234000,96500,244500,77700,58000,29600,140000,115500,201500
2019-09-16,242000,98300,246000,77800,58000,30100,139000,116000,204500
2019-09-17,239500,97800,247500,78100,57700,29850,137500,115500,201500
2019-09-18,246000,99900,246500,77700,57100,29450,137500,115500,201500
2019-09-19,237500,99100,246500,78000,57700,29550,136000,113500,201500
2019-09-20,234000,99100,247000,79600,57600,29250,134000,113500,200000
2019-09-23,234500,97900,253000,77800,57600,29350,135000,115500,194000
2019-09-24,236500,99700,258000,77700,58500,29300,135000,115000,195500
2019-09-25,236000,97900,253000,76400,58100,30200,137500,113500,197000
2019-09-26,236500,97900,252000,77300,58900,29700,136500,114000,197000
2019-09-27,234000,97500,250000,78100,58900,29500,129500,115500,192000
2019-09-30,234500,98400,249500,78100,58300,29550,129000,113000,197000
2019-10-01,231500,98100,251000,78600,58200,30100,129500,114000,197000
2019-10-02,221000,97700,246500,81200,57200,29700,127000,112000,190500
2019-10-04,214500,100500,245500,79800,56700,29200,123500,108000,189000
2019-10-07,214000,101500,251000,79400,57200,29000,126500,109500,187500
2019-10-08,216500,104500,248000,80000,57100,29300,126000,109000,193500
2019-10-10,212000,103500,242500,78800,55800,29150,124000,107500,191500
2019-10-11,217000,101500,243500,79500,56000,29750,124500,109500,192500
2019-10-14,219000,102000,247000,79000,57400,30200,125000,113500,195500
2019-10-15,222000,104000,250000,79700,57200,30200,126000,115000,195500
2019-10-16,223000,103500,253500,82000,58600,30400,130000,122500,191500
2019-10-17,223500,101500,253000,83600,58700,30750,128500,119000,194500
2019-10-18,223000,100000,252500,82900,58300,30950,126000,118000,192500
2019-10-21,229000,103000,252500,84900,57600,30800,126000,118500,190500
2019-10-22,230500,105000,251500,87800,58000,31000,128500,117500,194000
2019-10-23,228000,105500,246500,88100,57400,30900,126000,116000,190500
2019-10-24,228500,103500,250000,87400,56700,31050,125000,115500,188000
2019-10-25,228500,105000,247000,87200,56700,31150,127000,115500,192000
2019-10-28,230500,104500,247000,86100,56800,31350,125500,115000,187500
2019-10-29,226500,104000,242500,86700,56000,31650,127000,115000,185000
2019-10-30,226500,105000,240000,86600,55000,31650,123500,112500,183500
2019-10-31,228500,106000,242000,88300,55000,31350,124500,111500,178000
2019-11-01,230500,113000,244000,90000,55000,31950,122500,113500,179500
2019-11-04,239000,112000,251000,89500,56100,31250,130000,120500,187000
2019-11-05,245500,110000,251500,89200,55600,30350,130500,116500,188500
2019-11-06,243500,111000,245500,92500,55700,30200,136500,125000,186000
2019-11-07,248500,109000,245000,91900,56100,30350,137000,129000,189500
2019-11-08,244500,107000,243500,91900,56600,30450,133000,128500,182000
2019-11-11,238000,108000,246000,92500,57100,31000,134000,127000,182000
2019-11-12,256000,108000,248500,92800,56700,31300,133500,128500,182500
2019-11-13,254000,107500,248500,91500,56100,31400,132500,128000,180500
2019-11-14,246000,107500,243000,91700,57000,30950,134000,134500,181000
2019-11-15,249500,110500,245000,90800,56600,31500,135000,132000,183000
2019-11-18,250500,110000,239500,92700,57000,31450,135500,133000,182500
2019-11-19,249500,108500,242000,91400,56600,31450,133500,132000,180000
2019-11-20,248000,109000,235500,89700,56300,30750,130000,126500,178000
2019-11-21,246500,107000,234500,90500,55800,30350,127500,127500,172000
2019-11-22,248000,107000,233500,88700,55700,29500,128500,129500,173500
2019-11-25,250000,107000,236000,89400,56300,30000,132000,129500,173000
2019-11-26,243500,102500,236000,88000,56200,29900,128500,125500,169500
2019-11-27,250000,104000,238500,86500,55700,30200,129500,123500,171000
2019-11-28,249000,104000,238500,87000,54800,30150,135500,129500,170000
2019-11-29,248000,103000,234500,86500,54300,29350,132500,131000,168000
2019-12-02,246500,102500,234000,86700,54500,29950,133000,128000,169000
2019-12-03,245500,107000,231500,88400,54300,30150,130000,126500,166500
2019-12-04,238500,108000,232500,87300,54300,29550,127000,123500,167000
2019-12-05,239000,105000,230000,87500,53600,29250,124500,123500,164000
2019-12-06,241000,105500,233500,87200,54300,29350,127000,126000,163500
2019-12-09,239500,105500,231000,85000,53100,29400,126000,126500,160000
2019-12-10,253500,103000,230000,88000,53500,29150,127500,129000,163000
2019-12-11,252000,106000,232000,87000,53200,29550,129500,132000,159500
2019-12-12,252000,105000,233000,87400,54300,30000,130000,130500,159000
2019-12-13,254000,108500,235000,86100,54700,30650,134500,131500,161000
2019-12-16,248000,106500,236500,86000,55400,30250,135000,132000,161500
2019-12-17,249000,105000,234000,86400,55200,30100,136000,131500,160000
2019-12-18,242000,103500,233500,86300,54800,29900,137000,132000,161000
2019-12-19,241000,103000,233000,87100,54700,30000,136000,132000,163500
2019-12-20,241500,105000,231500,89100,54800,29900,137500,132500,163000
2019-12-23,243500,107000,232000,91100,55200,29950,137500,130500,165500
2019-12-24,242000,108000,233000,90400,55600,30300,137000,129000,165500
2019-12-26,243000,106000,237000,90600,55700,30600,136500,126000,165500
2019-12-27,250000,106000,237500,90000,55300,29650,134000,126500,168500
2019-12-30,252500,105500,240500,89900,56000,29600,135500,127500,169500
2020-01-02,245000,105500,237000,89100,56300,29250,135500,125500,168500
2020-01-03,241000,104000,235500,92600,57500,29150,132500,122500,169000
2020-01-06,233500,105000,231000,92400,57200,28950,128500,120000,166500
2020-01-07,234000,107000,230000,98000,57200,29150,132000,121000,169500
2020-01-08,229500,106500,224000,97400,54700,28500,128000,118000,169500
2020-01-09,231000,106000,223000,100000,56500,29000,130000,120000,166500
2020-01-10,229500,105500,224000,102000,55600,29000,128500,119500,163000
2020-01-13,233500,110500,225500,101500,56000,29400,135000,120000,168000
2020-01-14,240000,111500,225500,100000,55100,29300,137500,124000,170500
2020-01-15,247000,112500,226000,102000,55200,29500,137500,123500,169500
2020-01-16,247000,114500,225000,103000,54800,28800,136000,122000,171000
2020-01-17,250500,116500,223500,101000,54500,28600,136500,121000,171000
2020-01-20,249500,113000,224000,101000,54200,28700,134500,120500,171000
2020-01-21,251000,111000,224500,101000,54300,28350,132000,119000,171500
2020-01-22,250500,111500,225500,102500,54700,28850,131500,118500,174000
2020-01-23,249500,108500,227000,104500,55100,28600,130000,118000,174000
2020-01-28,242500,102500,231000,101500,52900,27650,120500,113500,172000
2020-01-29,237500,105500,230000,106000,53100,27300,120500,113500,168000
2020-01-30,235500,104000,229000,103000,53000,28000,118000,113000,171000
2020-01-31,237500,102500,231000,101500,52900,27550,115500,111000,165000
2020-02-03,237500,106000,231500,102500,53600,27100,113000,108000,166000
2020-02-04,239500,103000,231000,99000,53600,26800,115500,110000,161500
2020-02-05,241500,103000,231500,98800,54100,26750,114000,109500,160000
2020-02-06,247000,109500,236500,100000,54500,27650,117000,114000,164500
2020-02-07,243500,108500,232500,97600,54500,27300,116000,113000,161500
2020-02-10,244000,107000,235500,97600,54500,27050,116500,114500,158000
2020-02-11,255000,108500,246000,96200,55900,26950,119500,113000,160000
2020-02-12,266500,110500,258000,99500,56100,27200,120000,114500,163000
2020-02-13,275500,110000,257500,100500,55300,26850,121500,112500,164500
2020-02-14,276000,108500,257000,99700,55200,26650,116500,109500,169000
2020-02-17,271000,111000,260000,99800,55800,26450,116000,110500,169000
2020-02-18,268500,107500,262000,96800,55200,26200,113500,109500,168000
2020-02-19,274500,108000,274000,95900,55500,26250,112000,107500,164500
2020-02-20,273500,102500,275500,91900,54700,25800,107000,104500,163500
2020-02-21,267500,103500,281500,90800,53200,25050,104500,102000,164000
2020-02-24,263000,96900,280000,90200,52500,23800,99100,99300,160500
2020-02-25,262000,101000,277000,89400,52500,24150,99500,103500,158500
2020-02-26,264500,99900,275500,88500,53000,23600,98900,106500,156000
2020-02-27,259000,97300,273000,87400,53700,23850,98600,107500,156500
2020-02-28,244000,94300,264000,85500,53700,22800,95200,105000,151500
2020-03-02,247000,94600,265000,90400,53800,23050,95800,107000,150000
2020-03-03,249500,94100,256500,89500,53200,23350,97100,111500,155000
2020-03-04,258500,97100,273500,92000,53000,23650,97600,113000,160500
2020-03-05,259500,99200,272000,92800,54000,24450,98900,117000,163000
2020-03-06,261500,99000,269500,93700,53400,23950,94600,116000,158000
2020-03-09,255000,96800,268500,91600,53400,23650,90900,112500,154000
2020-03-10,249500,101000,262500,89900,52800,23400,90000,112000,149500
2020-03-11,246000,98800,261000,89500,52500,23050,89400,114000,149500
2020-03-12,235000,96600,256500,85500,51300,22050,82000,111000,142000
2020-03-13,222000,96300,244000,83000,47300,21250,77800,104500,136000
2020-03-16,218000,100500,258000,85100,46050,20900,75600,107000,134000
2020-03-17,214000,105000,268000,85500,42950,19800,74400,108500,129000
2020-03-18,210000,102000,261000,82200,43000,18500,70000,103000,120000
2020-03-19,155000,101500,252000,71000,36000,16900,60500,101500,109000
2020-03-20,188000,102000,262000,76500,39000,17400,63400,105000,121500
2020-03-23,172500,94700,257000,74400,36000,16250,58300,97900,116000
2020-03-24,191000,97300,258000,82800,37700,18250,62000,103500,122000
2020-03-25,203000,105500,253500,83800,40950,19350,70300,104000,122500
2020-03-26,200000,104500,264500,85900,42100,19600,71500,104500,121000
2020-03-27,203500,108500,266000,87800,43600,20050,72200,104000,118500
2020-03-30,213500,109000,281000,88300,44600,19300,72600,107500,121000
2020-03-31,216000,115000,288500,93200,48200,19750,75000,106500,132000
2020-04-01,214000,110000,290000,94000,62600,18450,71200,102500,127500
2020-04-02,228000,114500,293000,97200,57000,18700,74800,107000,129500
2020-04-03,230500,118500,297000,97800,52400,18650,74100,106000,130500
2020-04-06,245500,121500,303000,101000,54200,20000,76800,113500,145000
2020-04-07,248000,119500,298000,100500,54100,20700,78600,113000,148500
2020-04-08,243500,120000,300000,98900,53600,20750,86000,112500,148000
2020-04-09,238500,115000,295000,95400,54200,23300,89000,114000,149000
2020-04-10,231500,113000,289500,94700,53900,24100,86700,111500,148000
2020-04-13,229000,114000,290500,96600,53100,23400,85300,111500,139000
2020-04-14,236000,119500,290500,98500,53400,23700,85900,113500,146500
2020-04-16,237000,119000,291500,102500,53200,24700,84400,114500,147000
2020-04-17,237000,117500,288500,101000,54200,24950,86600,115500,151000
2020-04-20,235500,114500,288500,98900,55500,24400,88500,114000,145500
2020-04-21,233500,112500,283500,98400,55900,24650,86700,110500,143000
2020-04-22,236000,118500,289000,102500,55700,24800,86300,111000,146500
2020-04-23,250000,124500,292000,101500,57200,24450,86500,111500,151500
2020-04-24,259000,121500,305000,104500,59600,24150,84700,108500,148500
2020-04-27,274000,120500,304000,103500,63900,24700,96600,119500,158500
2020-04-28,269500,123000,301500,102500,63400,25200,104000,120500,159000
2020-04-29,272500,124000,295500,101000,63600,25050,99800,120000,158000
2020-05-04,271000,121000,295000,106500,67500,24400,96500,116000,153500
2020-05-06,286500,123500,296500,107500,67800,24400,97500,118500,159500
2020-05-07,284500,124000,300000,111500,66700,24550,94900,116000,160500
2020-05-08,277000,124000,297000,114000,66900,24900,93600,114500,150500
2020-05-11,273500,123500,298500,112500,68200,24500,90500,111500,150000
2020-05-12,287500,126000,308500,116500,67000,23800,88300,110500,149000
2020-05-13,292000,129500,321500,117500,67000,22800,88500,111500,151500
2020-05-14,301000,133500,322500,116500,66900,22500,89000,112000,156000
2020-05-15,308500,140000,325000,120500,66200,23000,87100,112000,158000
2020-05-18,308000,129500,327000,129000,66300,22900,86200,111500,158500
2020-05-19,294500,128500,313000,124000,66300,23800,89200,112500,161000
2020-05-20,296000,131000,311000,126000,67100,25000,88500,112500,157500
2020-05-21,300000,129000,325000,129500,66700,24900,89200,112000,158500
2020-05-22,301500,132500,321500,127500,66300,24800,87600,109500,155500
2020-05-25,303000,140500,325000,127500,66600,24950,86900,108500,157000
2020-05-26,298500,134000,323500,126000,66700,25150,87700,110000,156500
2020-05-27,302000,132500,327500,121500,66100,26250,88200,111500,157000
2020-05-28,298000,130000,319000,123500,65200,24650,87500,109500,155500
2020-05-29,297000,132000,315500,118500,63100,24200,89000,113500,167000
2020-06-01,299000,133000,325500,127500,65200,24700,88900,114000,162000
2020-06-02,302000,131500,325500,126000,65100,24750,90000,115000,159500
2020-06-03,299500,131000,317000,123000,65300,25300,92400,118000,157500
2020-06-04,297500,129500,319000,123000,66300,25900,92700,117500,154500
2020-06-05,299000,130500,320500,123500,66300,25650,93300,118000,154500
2020-06-08,297500,129500,318500,121000,66200,25250,92300,117000,151500
2020-06-09,305500,130500,316500,120000,66900,25350,92300,118500,151000
2020-06-10,329500,134000,323000,122000,67200,24900,92000,117000,150000
2020-06-11,320000,136500,323000,123000,67100,24500,89800,114000,149500
2020-06-12,328500,137500,342000,127000,65600,23800,85200,113000,143500
2020-06-15,316500,128000,344000,121000,64700,22250,80100,108000,136500
2020-06-16,336500,130000,355500,126000,66200,23350,84000,112500,141500
2020-06-17,337000,136500,375000,137000,65300,22750,82200,113000,141000
2020-06-18,338000,134000,368000,133000,64100,22750,81700,113000,139500
2020-06-19,332000,134500,369500,134500,62800,22600,81700,113500,140000
2020-06-22,329000,134500,370500,133500,63500,22350,81000,113000,138000
2020-06-23,338000,137500,377500,134500,62600,22550,79700,110000,137000
2020-06-24,346000,137000,373500,133000,62700,22300,79700,111000,137000
2020-06-25,339500,134500,380000,131500,61300,21750,77500,107500,135000
2020-06-26,338000,137000,378500,129000,61000,21950,78700,107500,136000
2020-06-29,328500,139000,370500,128000,59000,21450,76100,104500,137500
2020-06-30,326000,134000,365500,126000,60100,21500,79500,105500,139000
2020-07-01,339000,136500,363500,125000,59500,21700,80100,105500,138500
2020-07-02,356500,138000,367000,125500,59900,22500,82600,107500,138000
2020-07-03,357000,140000,366000,125500,62000,22000,81700,107500,142500
2020-07-06,360500,146500,379000,125000,61900,22250,81700,107500,142500
2020-07-07,369000,145500,380000,123000,61000,22400,80800,105500,141000
2020-07-08,362000,146000,380500,126500,60400,23200,82200,106500,137500
2020-07-09,382000,150500,385000,129500,60200,23150,81200,109000,135500
2020-07-10,390000,147000,383500,130500,59500,23250,78600,109000,129500
2020-07-13,400000,147000,387000,131500,60000,23250,81200,113500,128500
2020-07-14,406000,143000,391500,131500,60900,23550,80000,114500,126500
2020-07-15,392500,135000,383500,129500,61300,24000,80700,113500,129000
2020-07-16,384000,137000,376500,127000,62200,24250,81700,114500,128000
2020-07-17,380000,138000,370500,126500,62800,24400,80600,113000,129000
2020-07-20,376000,136500,374000,125000,63500,25000,80000,113000,127500
2020-07-21,376500,139500,371000,124500,62700,24800,81100,118000,127000
2020-07-22,371000,135000,368000,123000,61700,23900,80300,116500,128500
2020-07-23,373000,134000,367500,122500,62300,23200,79400,113500,127000
2020-07-24,369000,133000,367000,125000,62100,22950,78200,110500,128000
2020-07-27,369500,132000,365000,124000,61800,22950,78100,111000,127000
2020-07-28,366500,134500,365000,122000,61200,22750,78000,111000,126000
2020-07-29,366000,134000,362000,121000,61700,23050,78100,115500,124500
2020-07-30,367000,133500,360000,120000,61300,22950,78900,115000,125000
2020-07-31,386000,134000,369000,119000,60900,22850,77900,114000,124500
2020-08-03,414000,135000,381500,120500,60100,22500,76900,113500,121500
2020-08-04,415000,137500,380000,122500,60300,22450,77400,113500,122000
2020-08-05,417500,137500,381000,122500,60000,22450,77200,114000,123500
2020-08-06,420000,140000,374000,121000,60100,22950,78900,116000,126000
2020-08-07,424000,145000,376500,126500,59700,22800,78200,114500,129500
2020-08-10,427000,146500,372500,126000,58900,22600,79900,121000,132500
2020-08-11,443500,145000,374000,123000,59800,23050,80400,122000,133000
2020-08-12,414500,149500,378000,121500,60500,23900,83900,125500,134000
2020-08-13,414000,157500,379000,120000,61000,23500,83700,122500,132500
2020-08-14,401000,158000,370500,119500,61600,23250,84200,130500,133000
2020-08-18,403000,151000,368000,111000,59700,22100,78800,123500,129000
2020-08-19,402500,152500,374000,110000,61100,21950,78000,125500,126500
2020-08-20,400500,151000,363500,111000,58300,20900,75800,119000,123500
2020-08-21,397000,148000,361000,111000,58200,20650,76700,118000,122500
2020-08-24,406000,150000,361000,110500,57400,20650,76000,115500,126000
2020-08-25,416500,147500,361500,112500,58000,21350,77800,119500,126000
2020-08-26,416500,144000,359000,110000,58000,21000,77200,118500,124500
2020-08-27,418000,143500,375000,110500,57600,20500,75900,114500,123000
2020-08-28,416500,143000,364000,107500,57800,20900,76800,116500,121500
2020-08-31,407000,140500,359500,106500,58200,20650,76000,120000,127500
2020-09-01,403500,139500,358000,106000,58700,21000,77600,126000,125000
2020-09-02,401500,139000,356000,105000,59300,21350,79100,128000,124500
2020-09-03,401500,137000,354500,111000,58900,21100,79300,125500,123500
2020-09-04,396500,135000,347500,108000,57800,20800,78700,127000,122000
2020-09-07,389500,135000,343000,106500,57100,21250,78800,132500,124500
2020-09-08,389500,138000,351000,108000,56700,21450,80100,133000,123500
2020-09-09,375500,137000,343000,105500,55800,21100,78100,138000,121000
2020-09-10,401500,139000,349000,105500,55700,21050,78300,145500,119000
2020-09-11,403500,140500,345000,108500,56300,21150,78100,150000,119500
2020-09-14,392000,138000,343500,111500,57300,21250,81100,150000,121500
2020-09-15,394000,139000,345500,110000,56500,21250,81500,144500,121000
2020-09-16,393000,140000,342500,110000,57100,21500,81400,148000,120500
2020-09-17,387000,147000,337000,108000,56600,21650,80100,145500,120500
2020-09-18,387000,150000,333500,108500,57100,21300,80000,146500,120000
2020-09-21,387500,146000,331000,105500,57800,21200,79900,145000,119500
2020-09-22,380500,137000,322000,101500,57700,20950,77800,140500,116000
2020-09-23,383000,134000,324500,100500,59400,21100,77700,141000,117000
2020-09-24,387500,128000,314000,97200,58300,20600,76700,142500,118000
2020-09-25,390000,128000,310500,96300,59300,20800,76300,140500,117000
2020-09-28,394000,133000,316000,99000,61900,21400,77100,141500,120500
2020-09-29,395000,131000,314000,99500,59000,21500,78500,141500,123500
2020-10-05,398500,133500,319500,103000,57800,21500,80300,143000,124000
2020-10-06,410500,134000,319000,104000,58100,21300,79700,144500,123000
2020-10-07,407000,132000,316000,104000,58200,21500,80600,146000,122500
2020-10-08,405500,130000,315000,104500,58000,21800,82500,148500,123500
2020-10-12,410000,128000,315500,102000,58100,23400,87300,152000,126500
2020-10-13,398000,129000,311000,101000,57500,23000,90900,151000,123500
2020-10-14,393500,128000,302000,100500,56900,22550,88000,155000,121000
2020-10-15,391000,128000,301000,100000,56800,22000,86200,157000,120000
2020-10-16,387500,126500,301000,100500,55700,22050,89300,154500,122000
2020-10-19,385500,128500,299000,100500,56000,22400,95500,154500,128000
2020-10-20,386500,129000,297000,99000,55900,22500,93400,154500,133000
2020-10-21,388000,127000,302000,101000,56100,23150,93300,153500,136000
2020-10-22,387000,124000,298500,99500,57000,22900,93100,155000,135000
2020-10-23,383000,123000,293000,99100,56900,22950,91000,149000,133500
2020-10-26,371000,118500,289500,96300,55500,22550,88000,150000,129000
2020-10-27,363000,116000,287000,97400,55100,22550,86000,148000,125000
2020-10-28,368000,115500,289500,97900,55400,22550,88500,148500,124500
2020-10-29,369000,116000,287500,98300,55900,21800,85100,143500,122500
2020-10-30,361000,108500,288000,96400,55700,21100,83400,142000,118000
2020-11-02,358500,111000,285500,96000,55600,21200,85700,147000,120000
2020-11-03,363000,113000,287500,96100,56000,21650,86300,148000,123500
2020-11-04,387000,118000,296500,102000,56200,21650,86500,150000,123500
2020-11-05,388000,120000,303500,102000,56300,21800,86400,148500,128000
2020-11-06,389000,117500,300500,101500,56200,21450,85800,146000,130000
2020-11-09,395000,120000,302500,102500,56300,21500,90000,149500,130000
2020-11-10,379500,117000,296000,99900,56400,22300,93600,150500,132000
2020-11-11,367000,116000,295500,100000,56700,23450,96300,162000,141000
2020-11-12,366000,116000,299500,99400,56500,23000,99000,165000,136500
2020-11-13,366500,112500,299000,100500,56000,22400,96700,164000,136500
2020-11-16,367000,112500,299500,99800,56100,22450,96700,161000,140500
2020-11-17,364500,114000,291000,99900,55600,22850,98500,158500,136500
2020-11-18,374500,124000,292000,99400,55700,22850,96500,156500,133000
2020-11-19,370000,124000,288000,99600,55400,22650,96700,158000,130500
2020-11-20,370500,121000,288500,99600,55500,23100,101000,155500,132500
2020-11-23,370500,121000,292000,99900,55600,22800,101500,154500,131500
2020-11-24,367000,119000,291500,99900,55800,23250,105000,156000,131500
2020-11-25,366500,119000,288500,99300,56100,23900,103500,153000,131000
2020-11-26,366500,119000,288500,105000,55800,23100,103000,154000,129500
2020-11-27,366500,119000,290000,104500,55900,23200,101500,154500,127500
2020-11-30,361500,118500,287000,101500,55500,22450,101500,154000,125500
2020-12-01,362500,120500,288000,100500,55500,23150,102500,158000,126000
2020-12-02,359500,119000,287500,101500,55200,23850,105500,159000,129000
2020-12-03,360500,121500,288000,99800,55100,23750,106000,158500,128500
2020-12-04,357000,121000,289000,101500,55300,23550,103000,156000,128000
2020-12-07,363000,120500,293500,101000,55200,23550,99900,152500,126000
2020-12-08,362500,119500,289500,100000,55100,23250,99900,152500,126500
2020-12-09,363000,122000,292000,100500,55000,23700,102000,156500,125500
2020-12-10,364000,121500,291000,98100,55000,23700,103000,154500,128000
2020-12-11,377000,126000,293500,98500,55300,23950,104500,157000,132000
2020-12-14,379000,132000,300000,98200,55300,23800,101500,154000,128000
2020-12-15,380000,127500,297000,97000,55300,23750,101000,154000,127500
2020-12-16,383000,127000,302000,97500,55300,23400,101000,153000,127000
2020-12-17,382000,129500,302000,98900,55100,23100,100500,151500,130500
2020-12-18,376000,128000,307500,99400,55200,23200,99800,153000,132500
2020-12-21,376500,126500,306000,101000,55600,23300,99600,152500,137000
2020-12-22,379000,122000,303000,100500,55200,22900,99200,150500,137500
2020-12-23,384500,124500,303500,99600,55400,22750,99000,149500,136500
2020-12-24,382500,125000,304000,99800,56000,23100,100000,151000,138500
2020-12-28,382500,123000,301000,99400,56500,23150,99000,149500,138000
2020-12-29,383000,122500,301000,99200,57600,23450,100500,150500,133500
2020-12-30,381000,124000,300000,101000,57100,23500,102500,151500,135500
2021-01-04,384500,123000,296500,100000,57100,23350,101500,151500,132000
2021-01-05,414500,124000,301500,101500,57500,23450,103500,158000,134500
2021-01-06,403500,124500,298500,100500,56600,23450,103000,155000,134000
2021-01-07,405000,123500,300000,102000,56800,23400,106500,168500,136500
2021-01-08,432500,127500,305000,102000,57600,24000,113500,179000,141000
2021-01-11,424000,122500,298000,99500,57200,23700,109500,173500,135500
2021-01-12,417000,120500,293500,99100,57100,24900,119500,183000,140500
2021-01-13,432000,122000,297000,100000,57100,24900,120500,179500,147500
2021-01-14,448000,123500,300000,102000,57800,25650,123000,178000,151500
2021-01-15,437000,121500,297500,100000,58000,25200,119500,174500,145000
2021-01-18,424000,118500,290500,98800,56200,24350,112000,170000,140500
2021-01-19,437000,120500,292000,98900,56100,24600,115000,172000,145000
2021-01-20,433500,120000,291500,98600,56100,24450,113500,172000,147000
2021-01-21,441000,120500,291000,100500,56000,24400,115000,175500,156000
2021-01-22,443500,121500,290500,99900,56500,25300,116000,174000,152000
2021-01-25,471000,126000,298000,100500,57800,25400,117500,183500,155500
2021-01-26,461000,123000,298000,99200,57700,24750,114500,174500,160500
2021-01-27,461500,123500,294500,97400,57500,24600,112500,171000,158000
2021-01-28,450000,123000,288500,95100,56400,23900,109500,169500,165000
2021-01-29,426000,120000,282500,91100,56000,23550,105500,164000,170000
2021-02-01,434000,123000,283500,92000,56400,23600,107000,169500,164000
2021-02-02,444000,125500,285500,93000,56900,23800,111000,170500,161500
2021-02-03,445500,122500,286500,93000,56800,24000,111000,170500,164500
2021-02-04,439500,118500,288000,91700,56300,23800,110000,169000,161500
2021-02-05,443500,121500,289500,92000,57000,23900,110500,168000,162500
2021-02-08,454500,122000,290000,92700,57100,24400,116000,172500,163000
2021-02-09,431000,126500,291000,93000,57500,24550,118500,171000,165000
2021-02-10,429000,125000,288500,92700,57300,24450,120500,173500,170500
2021-02-15,429000,123500,289500,93100,57600,24650,119000,178000,177500
2021-02-16,432000,131500,291500,93400,57700,25150,119000,189000,174500
2021-02-17,441000,139000,288500,93400,57500,24700,117500,186500,166500
2021-02-18,440000,135500,287000,92700,58200,24450,119000,180500,165500
2021-02-19,440000,136000,285000,93000,58900,24450,118500,183000,163000
2021-02-22,435000,131000,285000,93000,59200,24600,121500,178000,167000
2021-02-23,426000,133500,284000,91900,59400,25300,124500,177000,166500
2021-02-24,408500,127500,280000,89500,58000,24600,119000,172000,159500
2021-02-25,411000,134500,281000,89900,59100,24800,122500,173500,162000
2021-02-26,406500,128500,275000,87100,58200,24200,118500,169000,159000
2021-03-02,400000,130500,273500,88000,58200,24250,121500,170500,159000
2021-03-03,406000,131500,277500,89400,58000,25000,128500,185000,169500
2021-03-04,415000,132000,276000,89700,58200,26100,129500,182000,166000
2021-03-05,410000,129000,273500,89000,57800,26200,128000,177000,168000
2021-03-08,405000,128000,276000,88000,57800,25800,129000,174500,167000
2021-03-09,396500,127000,277500,87000,57800,25750,131500,177000,173500
2021-03-10,395500,130000,276000,86500,57500,25750,126000,177000,171000
2021-03-11,395000,133500,273500,86500,56900,25550,127500,177500,173000
2021-03-12,407500,136000,275500,87200,57500,25500,127000,178500,172500
2021-03-15,421000,135000,277000,90000,57800,25900,126500,179000,174500
2021-03-16,424000,135500,286000,90800,57700,26850,130000,182000,172000
2021-03-17,421500,132500,287000,91100,57900,27050,129500,178000,169500
2021-03-18,417500,130000,285000,92700,58000,26750,129000,176000,174000
2021-03-19,421000,129500,281500,92800,58400,26500,127500,174000,169000
2021-03-22,419500,128000,281000,92000,59300,27000,128000,175000,166000
2021-03-23,426500,129500,284500,91200,60200,26850,122500,173000,161500
2021-03-24,429000,129000,283000,90600,59300,26300,121000,172000,162500
2021-03-25,422500,129000,282500,89400,59100,26300,125000,174500,162500
2021-03-26,417500,128500,281000,88500,59200,26200,127000,175500,163500
2021-03-29,411000,131500,286500,88200,59300,25700,126000,172500,160500
2021-03-30,411000,132000,286000,89200,59400,25450,125500,172500,159000
2021-03-31,411000,131000,283500,89000,59900,25300,126000,171000,158000
2021-04-01,416000,130000,285000,89600,59600,25400,125500,168500,162500
2021-04-02,411500,130000,283500,90600,59700,25350,124000,169500,159500
2021-04-05,410000,130500,284000,90400,59400,25350,125500,172000,159000
2021-04-06,407000,130000,283500,89600,59400,25500,129500,169500,160500
2021-04-07,408000,130500,284000,88900,60400,25600,130000,170000,161000
2021-04-08,405000,127500,285500,89000,60700,25150,127000,170500,159000
2021-04-09,420000,128000,293500,90000,62500,24950,126500,171000,162000
2021-04-12,416500,127500,293500,90200,63800,24750,125500,169500,163500
2021-04-13,415000,127500,295500,90600,63300,25000,125000,169500,162000
2021-04-14,414500,127500,294000,91400,63800,24750,125500,169500,162500
2021-04-15,417000,123000,293500,91400,63100,24500,124000,169000,159500
2021-04-16,419500,120500,293000,90900,63300,24300,123500,170000,159500
2021-04-19,416500,122000,293500,91900,62800,24700,123000,169000,159500
2021-04-20,417500,121500,293000,92700,63300,25000,124500,171000,163000
2021-04-21,413000,120500,289500,91300,64200,24550,122500,169500,158500
2021-04-22,410500,120500,285000,91200,64700,24500,123500,169000,158500
2021-04-23,410500,119500,283000,90400,64300,24500,122000,168000,156500
2021-04-26,409500,120500,285000,90300,65200,25000,123500,168500,156500
2021-04-27,409000,120500,285500,91100,65000,25000,122500,168000,155000
2021-04-28,406000,117500,284000,90300,64400,24900,121500,169000,151500
2021-04-29,400000,117500,284500,91400,63700,24950,123500,167500,149500
2021-04-30,395500,117000,285000,92600,62000,25300,124000,168000,153000
2021-05-03,407500,114500,281500,90800,60800,25150,124000,168500,153000
2021-05-04,407000,114500,279000,91200,61100,25050,120500,163500,158500
2021-05-06,407500,119000,280000,91800,61400,25300,121500,160500,161000
2021-05-07,427000,120500,291000,92800,61800,25550,126000,161500,166000
2021-05-10,435000,122500,296000,93900,61900,26000,129500,164500,177000
2021-05-11,454000,123500,301000,95700,61700,26050,121000,160000,179000
2021-05-12,454500,121000,297500,95100,61600,25500,119500,156500,184500
2021-05-13,462000,122000,302500,97500,64000,25600,115500,154500,180000
2021-05-14,454000,121000,301000,95500,62900,25950,114500,154000,177500
2021-05-17,457500,119500,296000,93900,62300,26250,117000,154000,180500
2021-05-18,458500,119500,292500,87900,61600,26300,115500,155000,182000
2021-05-20,444500,118500,285000,84900,60800,26000,113000,153000,178000
2021-05-21,440000,118000,285500,84900,60000,25650,112000,151000,174000
2021-05-24,451500,118000,287000,84500,60600,25550,112500,155000,173500
2021-05-25,474000,119500,295000,86100,62300,27250,113500,156500,179000
2021-05-26,477500,121500,297500,88200,62700,27850,114500,157500,173000
2021-05-27,478500,120500,304500,91100,63000,28300,115500,155500,175500
2021-05-28,472500,118500,299500,90000,62500,27900,117000,156000,179000
2021-05-31,488500,119500,301500,90200,62800,28750,121500,159000,181500
2021-06-01,485500,121000,304000,90900,62600,28750,121500,161000,184000
2021-06-02,477500,118500,304500,90700,62800,29400,122500,158500,185500
2021-06-03,473500,118500,301500,90100,62400,29100,122500,159500,188500
2021-06-04,474000,119000,302000,89900,64300,28550,120500,161000,183000
2021-06-07,471500,119500,303500,89200,64500,28550,122000,160000,192000
2021-06-08,473000,118500,301500,89300,64100,28400,125000,160000,185500
2021-06-09,464000,117500,299500,88700,63800,28450,122500,157000,185000
2021-06-10,465000,118500,299000,89200,64600,28350,121500,160000,187500
2021-06-11,455000,117500,301500,89100,65500,28200,122000,159500,186000
2021-06-14,457500,121000,316000,90300,66300,28150,125000,158500,185500
2021-06-15,450500,120000,320500,90500,65600,28000,121000,161000,184500
2021-06-16,452000,118500,318000,91000,65600,28200,120500,166500,184000
2021-06-17,453000,118000,319000,90100,65000,28150,117500,166000,181000
2021-06-18,450000,119500,321000,90300,64500,27700,115500,162500,180000
2021-06-21,441500,118500,323500,89900,64700,27400,116000,159500,179500
2021-06-22,453500,118500,324500,92500,64500,27600,119000,160500,178500
2021-06-23,449500,118500,319500,92100,63600,27150,116000,159500,175500
2021-06-24,448000,120500,318500,90900,63100,27100,115000,157000,186000
2021-06-25,452500,120000,317000,91200,63400,27300,116500,165000,185000
2021-06-28,459500,119000,316000,91700,63600,27150,116000,164000,185500
2021-06-29,459000,118500,317000,91300,63500,27050,115500,162000,185500
2021-06-30,461000,118500,313500,90800,63600,26900,115500,160000,179500
2021-07-01,454000,120500,314000,90300,63600,26850,114500,159000,170000
2021-07-02,449500,119500,318000,90800,63200,26850,113500,158000,168000
2021-07-05,448000,120000,321000,92100,63300,27050,113500,160500,167000
2021-07-06,449000,122000,316500,91500,63100,27300,115000,159500,169000
2021-07-07,452500,120000,314000,91000,62700,26550,114000,158000,168000
2021-07-08,446000,118500,310500,90000,62100,25850,111500,155000,168500
2021-07-09,442500,117000,307000,88500,60900,25450,108000,152000,163000
2021-07-12,443000,118000,309000,89000,62100,25800,111000,154500,167000
2021-07-13,444500,118000,310000,89600,62600,26150,113000,157500,169000
2021-07-14,452000,118000,307000,89400,63200,25650,111000,156500,167500
2021-07-15,461000,122000,331500,95000,64500,26000,112000,159000,168500
2021-07-16,465000,120500,337500,95000,64100,25900,114000,161500,168000
2021-07-19,472500,119000,330500,94100,64400,25600,114500,161000,165500
2021-07-20,468000,119000,330000,93100,63800,25500,111500,160500,168000
2021-07-21,463000,118500,328000,91700,62700,25500,110000,160500,166000
2021-07-22,469500,119000,321500,91000,62400,26100,111500,159500,168000
2021-07-23,470000,118500,323500,90800,62800,26100,110500,158500,168500
2021-07-26,471000,117500,319000,90000,61700,25700,109000,160000,164000
2021-07-27,470500,117500,321000,89800,61200,26000,109000,166500,162500
2021-07-28,464000,117000,322500,89900,60800,25950,110000,169500,163000
2021-07-29,479000,119000,326000,91200,61100,26150,110000,170500,163500
2021-07-30,468000,117500,329000,91800,60900,25900,107500,168500,161500
2021-08-02,478500,117500,330000,91200,60500,26150,108500,171500,165000
2021-08-03,482000,118000,325000,90200,59700,26250,108000,173000,166000
2021-08-04,492500,120000,323000,90400,60200,26950,113000,173000,170000
2021-08-05,487000,120000,323000,90300,60700,26950,112500,173000,170000
2021-08-06,492000,119000,322000,90800,60300,27200,111000,170000,174000
2021-08-09,489500,118000,320000,90500,59400,27100,108500,171000,171500
2021-08-10,462500,117500,318000,89600,58900,26800,107500,177000,174000
2021-08-11,451500,117500,314000,89300,58500,27650,108500,175500,174500
2021-08-12,449000,117500,310000,88500,58400,27300,109000,169000,173000
2021-08-13,445500,116500,306500,87800,57500,26750,107500,175500,177000
2021-08-17,442000,116000,299500,86300,57100,26050,105500,176500,173000
2021-08-18,447500,117500,304000,86000,57800,26400,105500,177500,163500
2021-08-19,434000,115500,296500,81700,56100,25350,100500,170500,162000
2021-08-20,426000,119500,293500,80200,56300,25300,100500,170000,159000
2021-08-23,429500,120000,296000,80600,57400,26150,102000,172500,167500
2021-08-24,443000,126000,304500,82200,57400,26950,106000,178500,173000
2021-08-25,441500,125000,301000,82300,56700,27300,107000,177500,175500
2021-08-26,437000,125000,297500,81600,55900,27350,105500,178000,178000
2021-08-27,439000,124000,299500,81500,56100,27250,107000,178000,177000
2021-08-30,448000,127000,299000,83500,56800,27700,107500,176500,181000
2021-08-31,453500,126500,298500,83300,57100,27700,107500,179000,178500
2021-09-01,446500,127000,302000,83400,56600,27950,107000,180000,180500
2021-09-02,443500,126000,301500,82900,56200,28300,109000,181000,183000
2021-09-03,444500,125000,300500,83700,56700,28350,107500,179000,178000
2021-09-06,442000,125000,299500,83400,56400,28150,108000,176000,179500
2021-09-07,442500,124000,299000,82900,56400,28350,107000,179000,179500
2021-09-08,438000,125000,295000,82200,55900,28450,109000,173500,183500
2021-09-09,437500,124000,290000,80500,55700,27650,106000,170000,180000
2021-09-10,432500,123500,293000,81900,56000,28050,107500,170000,181000
2021-09-13,435000,123500,290500,80900,56400,27900,107000,170000,179000
2021-09-14,441000,124500,291500,81800,56500,28100,109000,170500,179000
2021-09-15,435000,129500,294000,82200,56700,28200,108000,169500,179500
2021-09-16,429500,125000,293000,81600,56500,28200,108000,172500,174500
2021-09-17,431000,126000,290000,81400,57000,28350,108000,174500,175000
2021-09-23,432500,124000,289000,81400,56500,28400,106000,174500,171500
2021-09-24,430000,122000,289500,81600,56700,28150,106000,173000,172500
2021-09-27,429000,122000,287000,81900,56600,28000,105500,173500,174500
2021-09-28,416500,120500,282500,81100,56700,28400,104500,169500,173000
2021-09-29,410500,117500,279500,81300,56600,28750,101500,165000,173000
2021-09-30,409500,117500,282500,81700,56500,28650,102500,164500,170500
2021-10-01,401000,116000,281500,81300,56500,28400,100500,158500,171000
2021-10-05,397500,115000,290000,83700,56700,29400,102500,157000,173500
2021-10-06,391000,115000,281000,83800,56500,28050,102000,152500,172500
2021-10-07,397000,118000,284000,84900,56500,28350,103000,156500,179000
2021-10-08,399000,117000,292500,83000,56700,28300,102500,158000,180000
2021-10-12,392000,116000,287500,81100,56500,28400,101500,154500,174000
2021-10-13,398500,117000,287500,81700,56200,28650,102000,156500,174000
2021-10-14,403000,120000,292000,82100,56400,28750,102500,164000,174500
2021-10-15,400000,119000,292000,82900,56900,29350,104500,162500,168000
2021-10-18,410000,117500,292000,82600,56900,29150,104500,161500,169500
2021-10-19,406500,119500,291000,82300,56900,29050,104500,162500,171500
2021-10-20,399500,125000,289500,81600,56900,28900,106500,162000,170500
2021-10-21,395500,125000,288500,81800,56400,28950,105000,161500,169000
2021-10-22,394000,125500,291500,81400,56500,28700,104000,166500,174000
2021-10-25,396000,124000,291000,84200,56300,28900,106500,168500,170500
2021-10-26,394500,123500,290000,84900,56300,28900,106500,171500,168000
2021-10-27,393000,120500,288500,83800,56100,28450,105000,168000,168500
2021-10-28,386500,119000,284000,82200,56200,27850,104500,166000,162500
2021-10-29,380000,118000,283500,81800,55700,27800,105000,168000,161500
2021-11-01,387500,120000,286000,82900,56200,27900,109500,170000,167000
2021-11-02,387500,119500,284000,83200,56500,27650,108000,170000,164500
2021-11-03,386000,117500,282000,81500,55900,26850,106000,170500,167000
2021-11-04,384000,117500,281000,81300,55600,26800,105500,167000,168000
2021-11-05,381500,116000,277500,80500,55900,26650,103000,163500,165500
2021-11-08,376500,115500,279500,80700,55900,27100,105500,166000,169500
2021-11-09,374500,114500,280500,80900,55500,26950,104000,164500,167000
2021-11-10,366000,112500,278000,79600,55500,26700,102000,161000,167500
2021-11-11,366000,110500,280500,77400,55100,26250,101000,158500,162500
2021-11-12,368500,110000,280500,79400,55400,26600,103000,162500,164500
2021-11-15,373000,110500,283500,80600,55600,26350,103000,162500,165500
2021-11-16,373000,108000,290000,80800,55400,26150,102500,162000,163000
2021-11-17,366500,108500,285000,80800,55100,25600,101000,160500,156000
2021-11-18,359000,106000,284000,80200,55000,25100,98900,160000,151000
2021-11-19,365000,105500,285500,80500,54700,25200,98800,159000,151500
2021-11-22,364000,106000,288500,80800,54800,25000,98300,159500,152500
2021-11-23,369500,109000,292000,80200,54700,24900,98100,160000,153500
2021-11-24,383000,106000,292500,80200,55300,24700,96700,159500,153500
2021-11-25,379500,105000,292000,79900,55100,24250,94700,155500,151500
2021-11-26,369500,104500,286500,83500,54100,23550,90800,152500,148500
2021-11-29,369000,103000,284500,82000,52400,22900,88600,149500,147500
2021-11-30,354000,97100,273500,78900,50700,22000,83500,143000,146000
2021-12-01,350500,100000,279500,81600,50500,22650,84600,144500,143500
2021-12-02,364500,100500,286000,87200,51400,23000,89300,147500,150500
2021-12-03,363500,101000,286000,87300,51800,24050,88900,150000,151000
2021-12-06,362500,100500,288500,89200,52400,24100,89000,149500,153500
2021-12-07,374500,102500,294500,88900,53200,24250,90300,151000,153000
2021-12-08,370000,101000,291000,86200,52700,24250,90200,149500,151000
2021-12-09,372500,102500,291500,87300,53200,24750,92200,150500,150500
2021-12-10,376000,102000,291000,92200,52000,24250,90400,152000,151000
2021-12-13,378000,104500,303500,94200,51500,24150,89600,151500,148000
2021-12-14,392000,107500,313000,94300,51700,24100,89600,153000,152000
2021-12-15,392000,107500,312000,96200,51700,24100,89800,153000,152500
2021-12-16,390000,108500,313000,93600,52000,23950,88800,154500,153500
2021-12-17,402500,110000,316500,95400,52000,24150,89900,156000,151500
2021-12-20,398000,110000,315000,93400,52000,23500,88500,153000,148000
2021-12-21,395000,109500,316500,96000,51800,23500,88700,153000,147000
2021-12-22,390000,106000,312500,94200,52200,24100,88800,151000,146000
2021-12-23,391000,105000,314500,93300,52400,24100,88400,152000,147000
2021-12-24,387500,105000,315500,91900,52600,24100,88900,151500,147000
2021-12-27,394000,104000,318500,93900,53300,24000,89000,152000,145500
2021-12-28,392000,105500,320000,94600,53400,24150,90000,152000,150000
2021-12-29,388500,105500,321000,95100,52600,24350,88000,151000,146000
2021-12-30,387500,103500,318500,94800,53200,24050,87200,151000,145500
2022-01-03,379500,104000,316000,96300,53000,24200,86400,150500,143500
2022-01-04,379500,102500,311500,96300,52900,23950,88400,150500,142000
2022-01-05,378000,102500,309500,95200,52800,24000,87400,149500,139500
2022-01-06,374500,102000,317500,94700,52100,24100,87600,146500,141500
2022-01-07,380500,106000,322000,98500,52600,24550,87700,148500,140000
2022-01-10,385000,107000,323000,96600,52900,24450,86800,149000,139000
2022-01-11,383500,105000,316500,94100,52900,24600,85300,146500,137500
2022-01-12,383000,106000,321500,95000,53000,24650,87200,148000,138500
2022-01-13,380000,107000,319000,92700,53100,25450,87900,148000,146000
2022-01-14,376500,106000,315000,92100,53000,25400,85900,144500,144000
2022-01-17,378000,103500,314500,93800,53000,25650,84400,143000,151000
2022-01-18,372500,102000,311500,91200,53100,25250,82700,141500,149000
2022-01-19,367000,102000,310500,92300,53000,25350,82400,142000,159500
2022-01-20,366000,102000,312000,91300,53500,25350,82500,141000,157000
2022-01-21,361500,102000,308500,88100,53300,25450,82400,139000,157000
2022-01-24,367000,102000,327000,88700,53100,24850,81500,134500,153000
2022-01-25,351500,99800,324000,87000,53100,24250,78800,132000,157000
2022-01-26,355000,97200,323000,86000,53100,24550,79300,133500,158000
2022-01-27,332000,92400,315000,81700,53000,23900,76600,126000,155500
2022-01-28,346000,97200,323000,84800,53300,24800,79700,132000,162000
2022-02-03,358000,98600,324500,90000,53500,25050,81300,134000,162500
2022-02-04,368000,101000,341000,91300,54300,26200,84400,139500,167500
2022-02-07,379000,102000,341500,90800,54300,26350,84500,140000,165500
2022-02-08,386000,101500,339000,91300,54400,25800,86100,139500,165500
2022-02-09,381000,102500,341500,98000,55100,26150,86000,140500,164000
2022-02-10,383000,101500,339000,96700,55300,25900,85900,141000,169500
2022-02-11,376000,100500,334500,95000,55000,26700,85400,135500,167500
2022-02-14,371500,99600,335500,91600,54100,25750,84500,131500,165500
2022-02-15,361000,101000,327000,89700,53500,25700,84000,130000,166000
2022-02-16,369500,102000,332000,91000,54400,26450,85600,129500,164000
2022-02-17,373500,98500,332000,92100,53400,26600,85700,127500,167500
2022-02-18,380000,99300,329500,91400,53000,26350,87000,128500,166000
2022-02-21,379500,100500,330500,90600,52800,26850,87600,127500,166000
2022-02-22,384000,98800,325000,88400,53400,26200,87200,124000,162000
2022-02-23,380500,98800,327000,89000,53600,26050,86400,125500,163000
2022-02-24,374000,96300,325500,88300,53000,25550,84600,121500,161500
2022-02-25,372000,94400,312500,87000,53200,26150,84200,128500,165000
2022-02-28,378500,91500,307000,87700,53400,26500,85300,130000,169500
2022-03-02,374500,92100,308000,88700,53400,26900,84900,130500,163000
2022-03-03,371000,92400,308000,89000,53500,26750,87200,137000,165500
2022-03-04,374000,90000,309000,87100,53700,26850,86700,135000,161500
2022-03-07,355500,86700,289000,82500,53500,25950,84900,131500,167500
2022-03-08,345000,85800,289500,82000,53100,25400,83600,131000,170500
2022-03-10,354500,86000,290500,83000,53700,26750,86000,134000,169500
2022-03-11,348500,84700,290500,86300,53500,27700,91500,139500,175000
2022-03-14,343500,81100,285000,85200,53100,27550,90200,136500,171000
2022-03-15,339000,81600,281000,86400,53100,27100,89700,135500,173000
2022-03-16,344500,82000,287000,87700,53300,28100,95900,138000,179000
2022-03-17,352000,84700,297500,89500,53400,27750,93500,135500,175000
2022-03-18,353500,83400,294500,92300,53900,27350,93200,135500,177500
2022-03-21,353500,83500,298500,90500,53800,27400,97000,142500,178000
2022-03-22,353000,83800,295500,90800,53900,27300,96700,140500,179000
2022-03-23,365500,84400,296000,89600,53900,27450,96000,141500,180000
2022-03-24,369500,86200,298500,95000,53300,27150,96400,141000,180000
2022-03-25,367500,86400,295000,94000,53600,27350,95000,139000,181000
2022-03-28,376500,85100,294500,92800,53800,27500,95700,139000,176000
2022-03-29,372500,88400,298000,92300,53800,27450,95500,140000,173000
2022-03-30,373500,88300,303000,94500,53800,27900,95700,140000,173500
2022-03-31,369500,88800,299500,93200,54000,27850,95800,141000,174500
2022-04-01,379500,89100,298500,98000,54400,28000,97500,141500,179500
2022-04-04,388000,89700,306500,101000,55000,28000,98900,141000,179000
2022-04-05,389000,89200,309500,104000,55200,28100,98700,141000,180000
2022-04-06,389000,89000,306500,102000,54900,27900,97700,137500,179500
2022-04-07,392000,87700,317000,105500,54200,27200,95600,139000,178000
2022-04-08,395000,87200,313000,107500,54900,27450,94500,136500,178500
2022-04-11,397000,87900,319500,104000,55800,27550,95600,137000,182000
2022-04-12,393500,86200,314500,104000,55700,27500,93600,138000,178500
2022-04-13,390000,86900,315000,104500,55600,27650,94500,136500,180000
2022-04-14,393000,87000,316000,105000,55600,27700,94000,137500,180500
2022-04-15,386000,86900,308500,102500,55400,27650,94100,138000,179500
2022-04-18,387500,87900,312000,102500,55400,27250,96100,139000,184500
2022-04-19,394500,88900,313000,107500,55600,27200,95500,138500,181500
2022-04-20,407000,93500,319000,108500,56200,26900,97200,136500,182000
2022-04-21,403500,93300,318500,105500,56000,27200,98300,137500,180000
2022-04-22,412500,94100,314500,106500,56000,26800,97800,137500,179500
2022-04-25,418000,93500,316000,102000,55400,26400,93100,132500,183000
2022-04-26,407000,94300,314000,103500,55500,26400,94200,133500,181000
2022-04-27,407500,92300,312500,104000,54400,26500,91600,130000,180000
2022-04-28,407000,94500,309500,101000,55200,26600,93600,131000,181000
2022-04-29,398000,95000,303500,98300,55000,26800,94500,132000,181000
2022-05-02,401500,95400,306000,98200,54700,26700,94500,131500,182000
2022-05-03,388000,91100,300000,96200,54800,26450,94300,129500,187000
2022-05-04,387000,92100,301500,95300,54500,26300,93500,129000,187500
2022-05-06,383000,91200,301500,94600,54000,26300,93600,126500,187500
2022-05-09,377500,88900,299000,89000,53400,25750,94300,126000,187000
2022-05-10,401000,88200,304000,88800,53200,25600,93000,124000,187500
2022-05-11,399000,90600,302000,94500,52700,25750,96800,126000,192000
2022-05-12,401500,90400,300000,91000,51500,26350,97600,122500,195000
2022-05-13,404000,92500,303000,94500,52500,27900,101500,122000,196500
2022-05-16,408000,92000,298000,96400,52900,27550,102000,125000,203000
2022-05-17,401000,91200,277500,92500,52400,27100,101000,127000,193000
2022-05-18,407500,94200,274000,91200,51300,27200,101000,119500,187000
2022-05-19,396000,95000,274500,88900,50800,26650,97000,115500,184000
2022-05-20,398000,96000,279500,90700,51500,26850,96300,116500,186000
2022-05-23,403000,96000,277500,93200,52000,26800,97600,119000,184500
2022-05-24,396000,93200,275000,90600,52000,26700,97000,115500,184500
2022-05-25,394000,94200,274500,89900,51700,27050,97400,114500,194000
2022-05-26,387000,94700,274500,91900,51600,26950,96500,113500,188000
2022-05-27,393000,95400,276000,92000,51700,27550,98100,115000,185500
2022-05-30,394500,95200,276500,91000,52200,27800,100000,117000,185500
2022-05-31,393500,97400,276000,92500,52400,28100,101500,116000,183500
2022-06-02,397500,95000,278000,95400,53000,28050,98500,115000,183500
2022-06-03,393500,95600,278500,96200,53100,28250,106500,117000,182500
2022-06-07,388000,94400,276500,93500,52300,28100,105000,115500,183000
2022-06-08,386500,93000,276500,94100,52200,27950,108000,114500,185000
2022-06-09,381500,93100,274000,92800,51800,28300,106000,114000,184000
2022-06-10,377000,92100,275500,94900,51100,28350,104000,113500,178500
2022-06-13,366000,91200,268000,91500,50300,27600,101000,108000,176000
2022-06-14,366000,94300,267500,91200,49650,27800,101500,107000,174000
2022-06-15,366000,101500,266500,89500,48500,27400,100500,105500,175000
2022-06-16,363500,100500,266500,94200,48600,26950,101000,105500,174500
2022-06-17,364000,104500,270000,98800,47600,27150,97900,106500,174500
2022-06-20,372000,104500,266500,98500,45600,27000,98100,103500,176000
2022-06-21,372000,104000,264500,98400,46150,27100,103000,103500,177000
2022-06-22,371000,104000,264500,98700,44600,26400,99200,101000,174500
2022-06-23,382500,103500,272500,97600,44950,25400,98900,100500,173500
2022-06-24,382500,104500,270000,101000,45400,25650,101000,102500,174500
2022-06-27,384000,106000,274500,103000,46150,26250,103500,105000,177500
2022-06-28,389500,108000,274500,104500,46900,26300,103000,105500,181000
2022-06-29,381500,105500,272000,103500,46300,25700,102000,103000,186000
2022-06-30,379000,104000,267500,101500,46300,25400,104000,105500,189000
2022-07-01,392000,106000,285000,104000,45650,25600,100500,106500,193000
2022-07-04,400500,108000,286500,104000,45850,26650,103500,106000,189000
2022-07-05,397500,105000,291500,105500,47000,26300,102000,107000,189500
2022-07-06,393000,105000,288000,107500,47000,25800,99300,105500,185000
2022-07-07,392000,107500,286000,105500,47150,25700,98500,107000,188000
2022-07-08,389000,106000,283000,102500,46650,25450,99000,106500,189500
2022-07-11,386500,105000,282500,103500,46500,24550,94300,104000,186000
2022-07-12,398500,107500,281500,102000,45350,23750,90100,102000,188500
2022-07-13,403000,109000,283000,105500,45400,24200,90500,102500,184000
2022-07-14,402000,107000,280500,106000,46150,24050,90100,101500,188000
2022-07-15,397500,106500,280500,105000,46200,24600,88800,101500,185500
2022-07-18,391000,104000,279000,105500,46150,24500,89900,102000,188500
2022-07-19,405000,105000,283000,105000,46500,24100,89500,102000,188000
2022-07-20,396500,102000,277500,102000,46900,24850,93200,110500,182500
2022-07-21,398500,103500,277500,102000,47100,24850,94600,114000,185500
2022-07-22,397500,100500,277000,102500,47550,24800,93700,112500,183000
2022-07-25,395000,102500,281000,105500,47400,25350,94200,115500,181000
2022-07-26,397000,102500,281500,104000,47500,25350,94900,115000,184500
2022-07-27,395000,102000,281500,103500,47550,25400,94600,111000,184500
2022-07-28,395000,100500,278500,102500,47700,25500,93100,110000,184000
2022-07-29,391500,100500,279500,103000,47850,25900,95400,113000,181000
2022-08-01,387000,97800,273500,103000,47850,25700,93900,106500,178500
2022-08-02,385500,99300,281000,105000,47750,25600,91900,104500,183500
2022-08-03,387500,102000,281500,108500,47750,25700,94000,105500,184500
2022-08-04,384500,99400,279500,107000,47850,25750,95500,105000,186500
2022-08-05,389000,100000,280000,106000,48050,25250,97000,106000,174000
2022-08-08,394500,102000,294000,114000,47750,25650,101500,106500,174000
2022-08-09,428500,105000,298500,115500,47850,25550,101500,107500,178500
2022-08-10,423500,106500,297000,112500,47200,25500,101500,108000,174000
2022-08-11,421500,106000,298000,112000,47150,25900,103000,107000,169500
2022-08-12,416500,104500,294000,108000,47400,25900,102000,105500,167000
2022-08-16,418500,105500,299500,115500,47150,25900,101000,105500,166500
2022-08-17,417000,106000,290500,116000,46950,25900,101000,105500,166500
2022-08-18,419000,109000,296500,114500,47000,26400,101500,105000,174500
2022-08-19,416000,110000,300000,115500,47300,26550,100000,104000,171500
2022-08-22,412500,106000,301000,113500,46450,26600,101500,101500,169500
2022-08-23,404000,101500,293500,111500,45900,26200,99500,100500,162500
2022-08-24,414000,101000,311500,117500,45750,26450,99600,100000,163000
2022-08-25,414000,101000,307000,114500,45700,26500,100500,100500,163500
2022-08-26,414500,99600,303500,114000,45250,26500,100500,100500,160500
2022-08-29,406500,98200,309000,111500,44500,26300,97600,96700,159000
2022-08-30,408000,99000,302500,110500,44800,26700,99300,97300,160000
2022-08-31,407500,98400,300000,111500,45750,26550,98800,97800,160500
2022-09-01,400500,97500,298000,111500,45100,26350,96100,96700,157500
2022-09-02,400000,97000,299000,113500,45050,26050,96800,97000,156000
2022-09-05,397500,95600,294000,112000,44850,26150,97000,97100,154500
2022-09-06,398000,96000,294500,112000,44850,26050,97300,97600,155500
2022-09-07,390000,94100,289500,112500,44800,25750,95500,96600,157500
2022-09-08,390000,96800,289000,109500,44250,25550,97700,96700,158500
2022-09-13,395500,98800,291000,109500,44300,26000,98000,97700,155500
2022-09-14,389500,98400,287500,110000,44050,25400,93800,93600,159000
2022-09-15,389500,98400,289000,107000,43650,25400,94500,93400,159500
2022-09-16,385500,101500,295500,110500,43150,25350,93400,92200,162500
2022-09-19,393000,97900,292500,109000,43000,25250,92300,91800,164500
2022-09-20,404500,103000,304500,109000,42950,25950,94400,92400,164000
2022-09-21,408500,104500,299500,109500,43000,25750,94400,90900,163500
2022-09-22,417500,105000,304000,113000,42150,26350,93800,90200,164000
2022-09-23,413000,103000,303500,113000,41000,25700,90400,88900,162000
2022-09-26,405500,102500,304000,107000,39600,24650,86300,84600,160000
2022-09-27,420000,109000,308500,114500,40000,25300,89900,86600,163500
2022-09-28,406500,106500,307000,111000,39900,24900,87800,86200,161000
2022-09-29,407500,105000,307500,109000,39500,23900,87300,85300,164000
2022-09-30,411000,103000,298000,106000,39450,23550,86500,83900,165500
2022-10-04,404000,100500,297500,109000,39600,24050,91100,83900,164000
2022-10-05,402000,101500,298000,107000,39600,23700,87700,83700,166000
2022-10-06,402000,100500,295500,107000,39750,24100,88800,84100,165000
2022-10-07,402000,101000,296000,106000,39200,24200,89400,84500,168000
2022-10-11,400000,98200,294000,107500,39000,23650,88400,83500,172000
2022-10-12,398000,96700,287000,104500,38600,23850,89100,87200,171500
2022-10-13,388500,97400,284000,100000,36800,23150,87400,83500,167000
2022-10-14,404500,98100,294000,105000,37500,23700,88900,84900,173500
2022-10-17,401000,100000,295000,108500,37700,23400,88700,85000,173000
2022-10-18,402000,100500,295000,108000,38350,23850,90500,86200,176000
2022-10-19,403000,98900,292000,104500,38500,23300,90000,86200,175000
2022-10-20,403500,99800,289000,106500,37400,23050,91800,85000,176000
2022-10-21,398500,99600,294500,108500,37550,23100,90400,85500,183000
2022-10-24,398000,99400,296000,109000,37500,23100,89900,85200,184000
2022-10-25,400500,100500,299000,111000,37250,23000,88500,85300,181000
2022-10-26,413500,102000,299500,110500,37000,22800,88400,82500,182000
2022-10-27,416500,101000,301000,110500,37000,22750,89700,84700,184000
2022-10-28,414500,101000,302500,110500,37350,23400,91400,85500,184000
2022-10-31,414000,101500,302000,111000,37300,23000,87400,84600,186500
2022-11-01,420000,99900,307000,109500,37450,23150,88200,86000,186000
2022-11-02,427500,100500,306500,112500,38150,22950,89600,86500,183500
2022-11-03,427000,99000,305000,113500,38250,23000,89000,85500,183500
2022-11-04,424000,100500,308000,117000,37950,23350,89800,88600,188000
2022-11-07,417500,97000,302000,112500,38300,23400,88900,87500,186000
2022-11-08,415500,97900,301500,110000,38700,23700,89100,88600,181500
2022-11-09,417500,98100,300500,109000,39100,23550,89400,90000,178500
2022-11-10,422000,103000,308000,109000,39900,23700,87600,89300,178000
2022-11-11,415500,103000,303500,107500,40150,24150,90100,92500,177500
2022-11-14,417000,104500,318000,108500,40450,24250,90600,93000,182500
2022-11-15,396500,106500,317000,102500,41450,24150,90300,93600,190500
2022-11-16,392000,109500,316500,105500,41500,24150,91000,95700,193500
2022-11-17,392000,112000,320500,102500,41350,24050,88300,94300,198000
2022-11-18,394500,110500,322000,104000,41300,24050,87400,92200,195000
2022-11-21,401000,110000,321500,107500,40600,24250,86800,92000,194000
2022-11-22,394000,109500,323500,109000,40400,23950,85300,92000,196500
2022-11-23,391500,112000,326500,108500,40200,24200,86100,93000,200000
2022-11-24,390500,113500,323000,109500,40200,24300,85200,93200,200500
2022-11-25,392500,114000,321000,108500,39900,24100,85600,93100,205500
2022-11-28,388000,112000,321500,108500,39850,24000,83100,91200,200000
2022-11-29,389500,116000,328500,108000,39650,24600,84100,91900,199000
2022-11-30,395000,117500,328500,111500,39450,25050,84500,92100,205500
2022-12-01,390000,116500,330000,112000,40250,24650,84400,93200,196500
2022-12-02,380500,115500,326500,112500,40750,24600,83900,91300,195000
2022-12-05,375000,116000,327500,113000,40850,24650,85100,92500,196000
2022-12-06,376000,114000,327000,113500,41150,24650,85800,99100,207000
2022-12-07,372500,115500,329500,113500,41100,24900,90500,98500,205000
2022-12-08,372000,115500,330000,113500,40500,24650,88200,97300,203500
2022-12-09,378500,118000,337000,116500,41200,24650,90100,100000,205000
2022-12-12,376500,116500,340500,117500,40900,24350,91700,104500,205000
2022-12-13,374000,117000,336500,119500,41000,24450,91300,102000,209000
2022-12-14,378000,118500,335000,118500,40600,24400,90000,102000,209000
2022-12-15,378000,119000,334500,119500,40750,24000,87800,100500,211500
2022-12-16,376000,119500,334500,117000,39550,23950,88500,99500,206500
2022-12-19,374500,118000,338000,119000,40100,24100,87900,99900,212000
2022-12-20,379500,119000,344000,123000,39900,23750,87500,101500,213000
2022-12-21,391000,127500,350500,128500,40200,23800,87300,100000,212500
2022-12-22,390500,126500,350500,129000,40550,24100,90000,104000,209500
2022-12-23,390500,126500,348500,124500,40350,23950,88900,101500,206500
2022-12-26,386000,127000,352000,124000,40500,23600,89500,103000,204500
2022-12-27,384000,128000,355500,126000,40750,23800,91000,103500,208500
2022-12-28,388500,127500,357000,129000,40100,23550,92800,105500,212000
2022-12-29,380500,128000,357000,127000,39250,23200,91000,98000,210500
2023-01-02,376500,125500,352000,123500,39700,22900,91100,94800,202000
2023-01-03,369000,122500,350500,123500,39000,22700,92500,96500,199000
2023-01-04,349000,118000,338000,117500,38950,22900,92500,100000,197500
2023-01-05,338000,121500,337000,116000,38800,23550,93900,101500,192000
2023-01-06,340000,120500,336000,115500,38900,23300,94200,101500,191500
2023-01-09,343500,122500,347000,118500,39300,23700,97700,104500,193000
2023-01-10,341500,122000,338000,116500,39500,23800,97300,100500,189500
2023-01-11,342500,118000,345000,118000,39600,23300,98900,99700,189500
2023-01-12,342500,119000,347000,121000,39700,23050,98000,98600,191000
2023-01-13,343000,120000,343500,117500,39600,23300,97500,100500,193500
2023-01-16,346500,120500,352500,120500,39700,23450,99300,103500,195500
2023-01-17,345500,119000,345000,117500,39650,23250,99200,103000,197500
2023-01-18,343000,121500,343000,120000,39600,23500,102000,103000,192500
2023-01-19,345000,121500,349000,125000,39600,23700,101500,106000,192500
2023-01-20,340000,122000,348500,120500,39800,23850,100000,105500,192500
2023-01-25,338500,124500,345500,122500,40300,23800,96300,106100,189900
2023-01-26,343000,123300,342000,119900,40900,23800,96600,107000,189400
2023-01-27,352500,124600,341000,119500,41200,23900,96500,108700,184000
2023-01-30,345500,123700,335000,120200,41000,23800,95400,106000,183300
2023-01-31,345000,124500,343000,122900,41250,23500,94000,104200,186700
2023-02-01,344000,125300,336000,120400,41850,23150,94300,103900,185100
2023-02-02,342500,120500,330500,119600,41750,22850,93500,103000,190400
2023-02-03,348500,123300,332000,120800,42000,23000,94100,105300,190900
2023-02-06,347000,122200,333000,119600,42200,22700,93000,102100,187500
2023-02-07,344000,122100,332000,118400,42050,22700,92100,103400,187700
2023-02-08,346500,123400,334000,118700,41950,22650,92500,104100,188000
2023-02-09,344000,120500,333000,118300,41900,22700,91700,103000,188400
2023-02-10,345500,121000,356000,120600,41700,21400,92600,103100,186500
2023-02-13,347000,121700,355000,129000,41800,21400,90800,102500,184900
2023-02-14,334500,124000,357500,128500,42300,21400,89700,110000,185200
2023-02-15,329500,123500,357000,125300,41750,21100,88600,115500,183800
2023-02-16,329000,124400,358000,122500,41850,21150,88900,116900,183800
2023-02-17,329000,123300,357000,123200,41950,21100,88900,115700,181300
2023-02-20,331000,121500,354000,121600,42100,21100,90000,115700,183300
2023-02-21,329500,122700,359000,124600,42400,20950,89400,119000,181700
2023-02-22,319000,123100,356500,121400,42300,20550,88200,118100,183400
2023-02-23,324500,129800,362000,121600,42300,20650,88600,117600,181400
2023-02-24,327500,126400,368000,121000,42350,20550,87400,116300,181900
2023-02-27,321000,128100,363000,121700,42100,20300,86700,113300,180500
2023-02-28,321000,125000,366000,119300,41950,20200,87000,112000,180700
2023-03-02,319500,126200,362000,123900,41900,19710,87100,114500,182000
2023-03-03,322500,125200,358500,123600,41700,19750,87600,116800,180700
2023-03-06,320500,124800,355500,120600,41950,19600,87200,115700,180900
2023-03-07,325500,125100,352000,123000,41900,19210,86800,115400,182000
2023-03-08,319000,129000,353500,122100,42250,19080,85300,115000,183900
2023-03-09,320000,126200,351000,122800,42650,19190,85200,115500,181900
2023-03-10,314000,125400,348000,122000,42650,18810,83600,116400,180200
2023-03-13,309500,127000,350000,121700,41300,18440,82300,114500,179900
2023-03-14,305000,127500,348500,114500,40600,18040,79400,110400,179300
2023-03-15,309000,132100,353000,116700,40550,18130,79300,108400,177100
2023-03-16,308000,132300,349500,115000,40400,18140,78500,105900,175800
2023-03-17,311000,133300,363000,113500,40450,18920,78800,105000,174700
2023-03-20,311000,133000,358000,113800,40300,19170,80500,106000,174300
2023-03-21,314500,133500,360000,119600,40700,19920,81100,106300,178100
2023-03-22,315000,133500,353000,117000,40600,19420,80800,106700,177600
2023-03-23,315000,132000,357000,114200,40550,19480,79700,106000,179300
2023-03-24,315000,133400,359000,113800,40900,19350,79700,103000,180400
2023-03-27,314500,134500,360500,115300,40700,19410,79300,102800,178600
2023-03-28,321000,134700,362000,117800,41000,19460,79600,103800,180800
2023-03-29,322000,137400,364000,118500,41000,19830,80100,104200,181100
2023-03-30,319000,134600,367500,116400,41250,19670,81700,104700,180400
2023-03-31,326000,136600,379000,119200,41550,19900,81900,105600,181700
2023-04-03,323500,137800,372000,120000,42000,20000,82100,104000,180700
2023-04-04,322500,140400,380000,122600,41950,19980,82100,104500,187600
2023-04-05,320000,138500,377500,123800,41800,19930,81500,104000,189300
2023-04-06,319000,137500,389000,124100,41900,19770,80700,103800,189400
2023-04-07,315500,136200,385000,121200,42100,19730,80000,101400,183800
2023-04-10,312500,132800,384500,121600,41550,19610,79800,101000,185400
2023-04-11,315000,133000,384000,124800,41250,19520,81300,101500,185500
2023-04-12,318000,133200,380000,121100,41300,19640,82700,100800,182300
2023-04-13,318000,134400,387000,121500,42750,19700,82100,100900,181200
2023-04-14,321500,134000,376000,120900,42700,19700,83500,100700,182300
2023-04-17,319000,134900,378000,117800,42900,19480,82700,100000,179500
2023-04-18,320000,138000,380000,118100,43900,19710,83300,100500,180100
2023-04-19,318000,144000,383500,119400,44650,19580,83000,100000,179500
2023-04-20,319500,144900,382500,118700,44650,19620,82600,99200,183000
2023-04-21,315500,144200,381000,117600,44650,19310,81700,98800,183100
2023-04-24,314000,140900,387500,119100,45650,19170,80800,98300,181900
2023-04-25,309000,140600,387000,117600,44750,18930,80400,98100,185400
2023-04-26,315000,143100,395000,121500,44900,19030,81200,98400,183600
2023-04-27,308000,147500,394500,117000,44550,18780,79800,96900,178000
2023-04-28,309500,144900,396500,116400,44450,18900,79800,97600,186600
2023-05-02,310000,145000,405000,120400,43450,19220,80700,98400,192000
2023-05-03,313000,145200,408000,124000,43700,19030,79900,97400,188800
2023-05-04,309500,144900,406500,120500,44300,18830,79600,97700,189000
2023-05-08,322500,147800,402500,118500,44200,18880,81300,99200,186100
2023-05-09,318500,146400,403000,117400,44850,18680,81900,99200,185200
2023-05-10,321500,146600,404000,116600,44700,18780,80800,99100,184500
2023-05-11,317000,144500,404500,114600,44900,18720,80300,90200,182000
2023-05-12,318000,143100,385500,113700,44850,18320,82500,86300,179600
2023-05-15,317000,140600,394500,114500,45900,18350,81200,87200,181200
2023-05-16,319500,143000,426000,112500,48850,18340,81500,86600,182200
2023-05-17,320500,135200,422000,111600,47900,18350,81100,86600,180100
2023-05-18,320500,131900,428000,108700,47950,18520,82200,86900,180100
2023-05-19,322500,126700,419500,108000,48550,18590,82300,88200,181600
2023-05-22,328500,126300,412000,108000,50200,18800,82200,87700,184900
2023-05-23,324500,128000,414000,108200,50800,18980,82400,87500,183800
2023-05-24,326000,133100,430000,108800,50500,18750,81400,87500,190200
2023-05-25,320500,133100,431500,106600,51000,18530,80600,86500,185300
2023-05-26,317500,130300,430000,106800,49700,18520,80000,85900,182800
2023-05-30,317500,127500,430000,105200,49500,18340,79300,84600,183400
2023-05-31,310000,129200,439000,108100,48500,18230,80000,84300,190400
2023-06-01,315500,124700,450000,115700,49300,18120,80300,83800,184400
2023-06-02,320500,124600,447500,116000,50000,18130,80100,83600,184700
2023-06-05,325500,125000,444500,118800,48750,18190,80800,83800,184900
2023-06-07,324000,127300,446000,119000,48700,18180,80300,83500,186600
2023-06-08,324000,125200,452000,121000,48800,18220,80700,82200,183500
2023-06-09,321500,125100,446500,120100,49100,18180,81200,82100,186100
2023-06-12,323000,123600,441000,120200,47900,18030,80200,81300,186800
2023-06-13,318500,123500,438500,118700,48000,17910,80400,80600,185700
2023-06-14,315000,123100,440500,117300,46550,17840,80200,81200,188800
2023-06-15,314000,126600,437500,115500,46000,17640,79800,81000,190400
2023-06-16,314500,128300,438000,114300,47450,17650,79000,81300,193900
2023-06-19,303500,122500,411500,105400,48800,17700,78800,82300,185700
2023-06-20,292000,125500,409000,107600,47200,17750,78200,82100,187000
2023-06-21,276500,130500,418500,107200,47000,17510,75100,80500,183900
2023-06-22,280500,129100,415000,107400,47600,17360,74700,79800,182300
2023-06-23,273500,125300,404500,106500,47300,17050,72300,78400,179800
2023-06-26,273500,130800,404000,104900,47400,17070,71200,78100,184000
2023-06-27,274000,126100,420000,110000,47950,17680,71600,78400,182300
2023-06-28,274000,123800,400000,106900,48450,17600,71100,77900,183000
2023-06-29,268500,120200,390000,103800,47000,17210,69000,76200,179000
2023-06-30,269500,120000,398000,107000,47550,17380,68600,76900,174900
2023-07-03,280000,122200,407000,116000,47150,17490,69800,77900,175900
2023-07-04,277500,121300,396500,114500,46500,17320,67000,76300,170200
2023-07-05,271500,120200,405500,123500,46200,17280,67200,75600,167800
2023-07-06,267500,120000,405500,121200,45450,16890,66800,75000,166600
2023-07-07,264000,122400,410000,121700,44500,16520,65800,75200,166800
2023-07-10,266500,120600,404000,120400,43700,16840,67100,77100,170500
2023-07-11,271000,121500,399000,121900,43700,16960,68100,77400,168800
2023-07-12,276000,119700,404000,121800,44100,17310,69200,77400,168400
2023-07-13,277000,122500,400500,119200,44200,17170,69200,78300,174900
2023-07-14,280000,122300,404500,119400,44000,17140,70100,79000,173400
2023-07-17,278500,119800,393000,118000,43950,16890,70400,78300,171000
2023-07-18,279000,120200,396500,116800,42850,16530,69800,76400,169700
2023-07-19,278000,117100,413500,118500,43350,16410,70100,78400,164100
2023-07-20,276500,117500,401000,116300,43800,16350,70600,78200,165400
2023-07-21,282000,119400,405500,118700,44750,16160,70400,77100,168200
2023-07-24,273000,117800,401000,116600,44450,15890,69700,75600,164000
2023-07-25,270000,115900,401000,118000,43500,15470,69300,74800,159700
2023-07-26,262000,113400,389500,114700,42450,14930,67500,72800,159600
2023-07-27,281000,116100,400500,116000,43950,16010,70400,76900,167700
2023-07-28,277500,111700,397500,117200,45650,15780,69200,75500,164200
2023-07-31,280000,113500,397000,121000,45950,15600,70000,75700,167600
2023-08-01,292500,118100,402000,117400,46000,15910,71600,77400,172700
2023-08-02,295000,117400,398000,115200,46300,15660,71600,76600,170200
2023-08-03,294500,118400,396500,115800,46200,15490,72300,76000,171200
2023-08-04,294500,118900,403000,118300,46050,15840,73600,78500,169400
2023-08-07,297000,121200,426500,123600,46200,16160,74100,79300,170300
2023-08-08,310500,117800,420000,122600,46600,16070,72700,80000,171600
2023-08-09,305000,116100,411500,125500,45900,16070,72600,81000,165300
2023-08-10,310000,120000,413500,125500,46400,16680,76800,82500,170000
2023-08-11,308000,118800,459000,136100,47400,16410,74200,79800,167400
2023-08-14,314000,125600,473500,176900,53300,16560,76400,77700,169200
2023-08-16,309500,121000,475500,176000,52800,16000,73900,73500,163600
2023-08-17,307500,123700,461500,173500,55400,15770,71600,71700,163900
2023-08-18,303500,122400,470000,181400,55600,15170,70800,71100,160200
2023-08-21,304000,127400,465000,178300,58100,15340,70300,72300,162400
2023-08-22,300500,123200,464000,181000,57500,15360,69800,72700,161800
2023-08-23,305000,129100,460000,186400,58100,15350,69700,73200,162800
2023-08-24,301000,125000,460000,182500,56900,15410,70100,72200,161600
2023-08-25,304000,125500,464000,189000,57000,15560,70900,72900,161000
2023-08-28,308500,124700,460500,187800,57000,15730,72100,73800,160200
2023-08-29,303000,122300,451000,188500,55300,15660,71800,74200,160500
2023-08-30,302000,122500,454500,189900,54600,15680,71100,73200,159000
2023-08-31,299000,121800,458500,194400,55700,15510,71000,73800,156400
2023-09-01,299500,120800,453000,191300,54700,15580,71400,73100,156300
2023-09-04,303000,121300,450000,192600,54700,15710,74200,74000,154500
2023-09-05,299500,122400,460500,201000,53400,15650,73600,72600,154800
2023-09-06,297500,120800,447000,191500,52500,15580,72500,72400,157000
2023-09-07,294000,123200,442500,192200,53100,15420,72200,71500,153400
2023-09-08,297500,123400,439000,187200,53300,15800,73000,72400,153600
2023-09-11,294000,123000,433500,188800,52900,15870,73400,71900,150100
2023-09-12,297000,122200,441500,190000,52700,15850,72600,71000,149500
2023-09-13,295500,121900,440500,184800,52500,16000,73500,71200,151000
2023-09-14,297000,122500,444500,190500,54200,15880,73100,71700,152400
2023-09-15,305500,121400,444500,190700,54200,16250,73300,73300,153300
2023-09-18,311000,122100,441000,188500,56300,16130,73000,72800,149600
2023-09-19,310000,125600,444500,190800,55100,15870,75800,73500,149200
2023-09-20,306000,124700,444000,188900,54900,15830,75000,73300,148600
2023-09-21,305000,123700,435500,187700,54100,15530,74600,72200,144200
2023-09-22,298500,124400,440000,189800,53100,15320,74600,70900,143000
2023-09-25,299500,125400,439000,191000,55000,15430,74500,71500,144200
2023-09-26,307000,126300,460500,195200,55500,15100,71900,70400,141200
2023-09-27,307000,128300,473000,202000,55700,15100,71500,70400,141000
2023-10-04,293000,125300,478500,200000,55900,14740,69600,68600,131800
2023-10-05,291000,123800,475500,196400,56700,14700,70900,69700,141500
2023-10-06,284500,125600,486000,203500,55700,14670,70800,69700,138100
2023-10-10,281000,124900,474000,194400,54200,14720,72800,70400,139600
2023-10-11,281500,128800,468000,193400,53000,14930,72500,70100,139200
2023-10-12,279000,126200,464000,192100,53600,15190,71700,71600,139200
2023-10-13,279500,127700,465000,193900,52800,14950,70900,71300,139600
2023-10-16,283500,128900,462500,194200,51800,15000,69900,68600,138900
2023-10-17,281500,126600,451500,193400,52000,15000,70000,70000,134800
2023-10-18,281500,122000,445500,190900,51600,15150,70700,72100,136800
2023-10-19,282500,119200,441500,191700,49300,14890,69800,71900,136600
2023-10-20,274000,116200,430500,186000,50100,14740,68900,70900,131700
2023-10-23,275000,116200,434500,187900,50400,14760,69500,70900,130900
2023-10-24,275500,118400,437500,186200,51200,14760,71000,72700,131400
2023-10-25,281000,119700,444000,190900,53500,14970,73100,74100,133100
2023-10-26,276500,117700,442000,187500,52500,14560,71900,72800,131700
2023-10-27,279000,119500,440500,182500,54300,14480,71300,72300,138600
2023-10-30,281000,119500,445000,184600,54000,14670,72000,72700,141300
2023-10-31,282500,119800,444500,183400,54700,14670,72100,72700,138200
2023-11-01,289000,124600,471500,189800,55700,14750,73200,74300,144000
2023-11-02,287000,123600,465500,194500,55400,14770,73000,73500,140400
2023-11-03,289500,121900,458500,194200,55400,15000,73600,73500,144600
2023-11-06,299500,130000,469000,198800,54400,15570,75800,74800,150400
2023-11-07,294500,123300,470000,202000,54600,15390,75800,75100,145000
2023-11-08,301500,121900,471500,204500,54100,15510,79300,80700,144900
2023-11-09,303500,123200,480000,212500,53900,15550,79600,79800,147000
2023-11-10,304500,124300,480500,211000,56900,15210,77700,78500,145300
2023-11-13,307000,122300,488000,210000,57400,14900,77600,77700,148000
2023-11-14,318500,122700,485000,210000,58100,14920,78400,76500,150500
2023-11-15,319500,125200,442500,199600,57000,15420,78400,76700,141200
2023-11-16,318500,120700,429000,197600,57500,15490,79100,78000,139600
2023-11-17,319000,120600,423500,193200,59300,15360,79200,76500,133500
2023-11-20,320000,120300,422500,195000,58900,15510,79200,76900,135400
2023-11-21,325500,119700,418000,194900,58200,15570,80100,77200,135100
2023-11-22,326000,117500,418000,201500,57400,15690,79700,77500,132300
2023-11-23,324000,118700,426000,215000,57400,15700,79600,77500,131100
2023-11-24,319500,118600,424500,216500,57900,15750,79200,77900,131100
2023-11-27,319500,119100,424500,217500,57200,15770,80700,79200,128900
2023-11-28,318000,118100,418500,218500,56500,15600,78500,78000,129400
2023-11-29,315500,116600,410500,216500,55300,15540,76800,76000,132500
2023-11-30,309000,117700,405500,211500,56000,15500,76500,75800,135700
2023-12-01,311500,115200,409500,215500,55000,15480,76900,75300,136900
2023-12-04,315500,115200,406500,211500,54600,15700,76900,74900,135500
2023-12-05,320500,117200,406000,209000,54600,15810,76800,74900,141100
2023-12-06,320000,116300,410000,214000,54600,16130,77100,75000,137700
2023-12-07,315000,111900,403000,208000,53500,16080,76300,73700,137000
2023-12-08,316500,111300,400000,203500,53500,16130,76900,73400,137000
2023-12-11,321000,111400,409500,210500,53100,16160,77100,73600,136600
2023-12-12,320500,112300,406000,211500,52800,16060,76900,73700,136100
2023-12-13,318500,111100,408500,215500,52300,16120,77100,73000,132100
2023-12-14,318500,110800,406000,216500,52700,16260,77300,73200,134800
2023-12-15,318500,109700,401000,211000,52500,16310,77900,73400,134200
2023-12-18,316500,108200,404000,219000,52400,16460,77700,73200,131100
2023-12-19,316500,110700,410500,226500,54800,16500,77900,75900,132700
2023-12-20,317500,114700,409500,224500,55800,16650,79100,77600,133800
2023-12-21,319500,115400,409000,223500,54500,16610,79000,77000,132500
2023-12-22,320000,113600,406500,219000,54400,16460,78800,77100,131900
2023-12-26,320000,115500,409500,219500,55500,16620,81000,77900,134800
2023-12-27,320000,114500,407000,218000,54400,15870,75600,76300,128700
2023-12-28,324000,116100,407000,216000,54700,16000,75000,76600,131300
2024-01-02,323000,116900,412500,234500,53500,15840,74200,75000,135100
2024-01-03,315500,116600,410500,217500,53200,15560,73600,73700,137300
2024-01-04,318000,117200,408000,220000,54300,15430,73700,71300,134800
2024-01-05,316000,117800,402000,210500,54600,15340,70600,71400,137600
2024-01-08,300000,117100,411000,213500,54500,15310,70400,70400,140000
2024-01-09,301500,115600,402500,215000,54500,15580,71000,70400,140100
2024-01-10,300000,116800,402500,215000,54700,15450,68900,69500,140300
2024-01-11,292500,115000,393500,211000,54600,15340,69000,69000,135700
2024-01-12,295000,116800,384000,209500,54500,15260,69800,68800,140900
2024-01-15,299000,117100,390500,205000,54200,15110,70300,69200,143500
2024-01-16,290000,96600,384000,203000,54100,14900,69700,69400,144900
2024-01-17,287500,89800,378000,199700,52800,14630,67700,67900,140000
2024-01-18,284500,92700,379000,195800,52400,14620,68800,67500,140800
2024-01-19,286500,92000,374000,193800,52200,14820,68800,67900,144800
2024-01-22,286500,89700,375500,197900,52100,14960,71800,71500,146100
2024-01-23,289500,92700,368500,194000,52700,14990,72500,72200,144600
2024-01-24,284500,92400,367000,194000,52000,15100,72200,70500,143300
2024-01-25,284500,92700,374500,193000,52400,15110,73300,70700,143000
2024-01-26,286000,93700,374000,192000,51800,15210,73100,70200,146100
2024-01-29,290000,91500,371000,187100,50800,15110,79400,80900,144600
2024-01-30,291000,93000,373500,183000,52100,15130,79900,77800,141200
2024-01-31,292000,91700,377500,183900,52600,15010,82200,77800,141100
2024-02-01,297500,91500,375000,173400,52700,15530,86000,79100,140800
2024-02-02,305000,92800,387000,180900,53700,15940,86200,87400,139300
2024-02-05,300500,92800,383000,179500,56400,15720,87100,87800,137700
2024-02-06,296500,92200,384000,177500,54800,16560,87400,83200,136500
2024-02-07,300000,93300,389500,177000,54700,16800,91100,85300,137700
2024-02-08,296000,93000,380500,177700,55800,17440,90100,85100,133100
2024-02-13,298000,95600,374000,176400,55600,17080,83200,80800,133000
2024-02-14,297000,94800,367500,172000,54900,16790,82400,78000,133400
2024-02-15,297000,93800,364000,177400,54000,16680,80100,75800,132200
2024-02-16,302500,97200,365000,183800,55300,17010,82900,77000,132100
2024-02-19,304000,97700,366000,183400,55100,18020,85000,76100,130900
2024-02-20,305500,96800,365000,180200,54900,17890,82700,75000,129600
2024-02-21,309500,96200,366500,186700,55400,17770,81100,75600,130000
2024-02-22,303500,95100,365000,185700,55300,17670,80100,74800,132000
2024-02-23,308000,96600,367000,186000,57300,17420,80000,75200,132700
2024-02-26,302500,95900,364000,183000,56000,17100,76000,73100,131200
2024-02-27,298500,94300,355500,178500,55700,17100,76600,73200,130000
2024-02-28,297000,93700,354000,175500,55000,17360,77500,74900,133900
2024-02-29,299500,92900,348000,170900,52900,17380,77600,74000,132100
2024-03-04,293500,92800,359500,191000,54600,17510,77000,73100,131000
2024-03-05,291000,92100,359500,190200,54500,17180,76800,72200,130000
2024-03-06,289500,94100,362500,190900,54000,17060,75900,71000,130400
2024-03-07,283500,91900,355500,195000,52900,17150,75300,70400,122500
2024-03-08,287500,92000,365500,200000,53100,17300,75700,71100,124900
2024-03-11,287500,91200,364000,191700,53100,16950,75600,70300,128800
2024-03-12,290000,90900,361000,190500,53000,16850,74000,70100,128300
2024-03-13,283000,90600,359500,186800,52500,16610,72600,69900,126900
2024-03-14,287000,92500,357000,184900,52200,16590,72500,70700,123400
2024-03-15,287500,94300,362500,195300,53100,16600,73600,70300,121100
2024-03-18,293500,94100,363500,197300,52500,16980,72900,69300,119300
2024-03-19,292000,92000,359500,191200,53000,16650,73300,69200,118400
2024-03-20,292000,91000,360500,190200,52700,16710,73300,68900,118200
2024-03-21,288500,91200,360000,188800,53100,16770,74000,69400,117900
2024-03-22,289500,90800,363000,193000,53700,16830,74200,69400,118600
2024-03-25,291000,90500,369500,206500,55600,16810,72900,68700,117000
2024-03-26,295000,91000,367500,206000,55200,16830,73800,68700,118400
2024-03-27,292500,92500,372000,203000,54600,16870,73500,68400,118500
2024-03-28,292000,91800,372500,212000,54400,16420,73600,68300,117000
2024-03-29,294000,91000,368500,210500,54600,16290,72200,67700,117700
2024-04-01,311000,95500,379500,218000,58000,16520,74400,69100,121900
2024-04-02,304500,93200,380000,215500,57400,16050,72900,67900,121500
2024-04-03,317000,95300,382000,218000,58500,15400,72000,67200,119500
2024-04-04,323500,95700,385000,219500,58800,15400,71500,66800,117100
2024-04-05,321000,96400,379500,217000,59300,15540,71300,65400,117000
2024-04-08,318000,97200,376000,216500,57600,15390,71100,63500,118700
2024-04-09,315500,97200,376000,222500,57200,15330,71200,63300,119900
2024-04-11,315000,96500,371500,233000,58600,15120,70500,64000,120700
2024-04-12,314000,95600,362500,240000,58700,15010,68000,60900,116700
2024-04-15,326000,96300,373500,242500,61900,14900,67300,60500,112500
2024-04-16,332500,95700,375000,246000,61500,14730,65300,60200,117100
2024-04-17,327500,91100,379500,260500,64500,14710,65000,61700,121500
2024-04-18,332000,91200,380000,268500,65100,14870,65400,61200,125600
2024-04-19,335000,90300,373500,271000,67000,14710,64500,60500,128900
2024-04-22,347000,92500,395500,293000,69300,15000,66900,61500,129100
2024-04-23,341500,92100,394000,283500,68200,14870,67600,63000,130800
2024-04-24,337000,93100,391000,290000,70200,14940,66800,63000,131900
2024-04-25,332500,92400,399500,287000,70800,14910,68200,63000,129000
2024-04-26,337000,92100,390500,287000,69500,15100,68600,63100,128000
2024-04-29,334500,93500,398000,300500,69700,15190,69800,64000,130000
2024-04-30,337000,92900,398000,295500,71400,15350,69700,63700,131100
2024-05-02,342500,92900,404000,302500,71000,15300,69700,63000,133100
2024-05-03,340000,93000,400500,303000,70400,15270,69700,63600,132700
2024-05-07,337500,93400,398000,305500,69300,15280,70000,64100,133500
2024-05-08,340000,92700,396000,301000,69100,15490,71300,64500,136200
2024-05-09,334000,91700,397500,310000,71900,15450,70700,63900,135200
2024-05-10,336000,91800,402500,325500,72600,15570,70300,64700,133600
2024-05-13,350000,91800,424000,329000,74200,15630,69800,63300,127800
2024-05-14,332500,91300,424500,335500,73900,15580,69400,63300,126000
2024-05-16,329000,92400,420500,343500,75600,15120,69200,65300,120600
2024-05-17,333500,91900,399000,446500,88300,15250,69100,65500,120100
2024-05-20,342000,94800,414000,502000,87200,15250,68100,63000,118500
2024-05-21,339000,92700,414500,497500,87400,15400,67100,62300,117500
2024-05-22,354000,94000,415000,495000,92700,15240,67400,62900,117000
2024-05-23,346500,93500,407000,488500,91000,15130,66400,62100,118500
2024-05-24,363000,93100,413000,501000,90900,14960,65800,61400,117900
2024-05-27,371500,93600,431500,520000,89000,15070,66300,62300,119800
2024-05-28,365000,93700,469000,539000,88900,14960,65900,62900,118600
2024-05-29,360000,92300,478000,538000,88200,14810,65600,61500,118300
2024-05-30,353500,92100,463500,528000,86400,14860,65000,60800,116500
2024-05-31,349500,91700,459500,529000,85200,14910,65900,61300,116500
2024-06-03,351500,94400,468000,587000,85300,14910,66100,61400,118700
2024-06-04,343500,94600,450000,545000,86700,14860,65000,60600,118700
2024-06-05,339000,92600,457000,581000,88900,14850,64600,60200,117000
2024-06-07,343500,92400,465500,603000,90100,14850,64900,59900,115900
2024-06-10,363000,97900,528000,619000,112100,14740,64100,59000,116300
2024-06-11,362500,97200,533000,590000,109000,14750,64400,59100,115200
2024-06-12,374500,100200,544000,607000,108600,14630,65200,58500,115900
2024-06-13,374000,97500,547000,612000,108500,14630,64000,58200,114900
2024-06-14,382000,98900,548000,647000,108400,14700,64800,58100,115000
2024-06-17,389500,104400,575000,686000,110900,14560,64000,58200,113000
2024-06-18,396500,100900,560000,712000,107200,14500,63600,57300,111500
2024-06-19,396000,95300,523000,673000,100400,14420,63600,56900,111300
2024-06-20,394000,95200,514000,644000,99900,14390,65100,57500,109900
2024-06-21,390500,94000,518000,700000,107100,14360,65400,57300,109700
2024-06-24,393000,91800,507000,670000,100100,14140,64300,56300,109400
2024-06-25,397500,91600,501000,654000,99900,14160,64200,56300,108000
2024-06-26,398000,91400,493000,652000,99800,14000,63700,55500,106000
2024-06-27,376000,91600,486500,662000,96300,13760,63000,55700,104000
2024-06-28,385500,92200,489000,669000,97500,13880,63500,56500,103300
2024-07-01,369000,91600,474000,615000,91600,14030,63900,57700,107200
2024-07-02,370000,90900,463000,609000,90700,13890,62800,58300,106400
2024-07-03,365500,90400,452000,605000,91900,13820,62200,57600,104000
2024-07-04,365500,91000,453000,588000,89100,13850,62400,57800,101500
2024-07-05,364000,91400,452000,596000,88000,13940,61800,56500,99900
2024-07-08,371500,92400,453500,603000,89600,13940,62400,57800,100300
2024-07-09,373500,93900,453000,614000,90100,13970,62600,57400,101600
2024-07-10,366000,92200,444000,619000,92000,13920,62200,57700,100700
2024-07-11,367500,92200,452500,630000,89000,14130,62200,58200,99700
2024-07-12,370500,92000,448000,593000,86200,14250,62900,58300,103900
2024-07-15,371500,91900,454000,636000,86900,14200,62400,57600,105500
2024-07-16,372500,91000,455000,620000,85400,14190,61200,56700,104900
2024-07-17,379500,91300,456000,611000,84000,14190,62200,57600,106200
2024-07-18,379500,92000,457000,630000,84600,14200,62300,57600,107000
2024-07-19,371000,91000,451500,636000,84000,14000,61800,57000,105600
2024-07-22,365500,90700,446500,634000,84500,14360,61900,56500,104700
2024-07-23,385000,89900,469000,659000,87100,14180,60500,55600,101600
2024-07-24,385000,89600,481000,679000,86500,14250,60600,57500,102700
2024-07-25,378500,88600,463000,614000,84900,14330,60000,57000,102400
2024-07-26,377000,88200,455000,623000,85700,14500,61200,58300,103900
2024-07-29,386500,87900,468000,638000,86300,14380,61400,58300,104200
2024-07-30,379500,86900,470000,623000,85300,14380,60200,57600,102000
2024-07-31,386500,87600,482500,617000,89800,14440,61800,60400,103400
2024-08-01,373500,89800,478500,616000,87900,14530,63700,62600,108300
2024-08-02,368000,89600,464000,578000,83000,14480,63300,61700,111600
2024-08-05,343000,83900,444000,528000,77100,13650,58300,56700,109500
2024-08-06,344500,86600,442000,567000,76900,14030,59600,57200,111500
2024-08-07,352000,89800,444000,590000,81800,14040,60900,60200,112800
2024-08-08,353500,89600,451500,586000,80300,14500,58600,59300,113900
2024-08-09,355000,88700,440000,599000,79000,14390,58400,59600,112400
2024-08-12,359000,90100,426000,587000,79300,14500,59600,60800,112500
2024-08-13,370000,92000,437500,567000,79300,14450,59500,59700,111400
2024-08-14,366000,91700,435000,545000,78500,14500,59900,61800,114000
2024-08-16,353000,91100,409000,548000,69400,14600,59400,60300,111000
2024-08-19,342500,92000,403000,521000,68300,14670,60400,62000,110700
2024-08-20,350000,93600,407500,525000,68000,14850,59800,61500,108100
2024-08-21,350000,92700,405000,515000,66800,14990,60800,62400,109500
2024-08-22,344500,92200,405000,507000,66700,14940,61200,62800,110800
2024-08-23,331000,91600,396000,500000,66400,15230,61300,63200,112700
2024-08-26,330000,94200,394500,495000,67000,15200,61300,63800,112700
2024-08-27,338500,94500,389500,494000,66900,15370,62500,64900,113600
2024-08-28,335500,93700,389000,486500,65100,15270,61600,64000,111700
2024-08-29,319500,92500,382500,471500,63000,15500,61200,64100,115300
2024-08-30,322000,92000,386000,494500,64800,15990,62400,63700,118000
2024-09-02,322000,91300,387000,489000,63800,16080,61900,62900,119300
2024-09-03,320500,89700,388000,502000,64600,16490,63300,64800,121000
2024-09-04,310500,88700,379500,486000,62300,16440,61600,63300,118000
2024-09-05,310500,88700,377500,481000,61200,17730,63600,65300,120500
2024-09-06,307000,88100,369500,470000,60600,17080,62700,63300,118200
2024-09-09,310500,88800,378500,508000,62300,17580,63100,64800,119300
2024-09-10,314000,87300,380000,510000,61000,17480,62800,64200,119000
2024-09-11,312500,87300,382500,502000,60400,17650,62900,65300,122000
2024-09-12,314500,89200,387000,510000,61800,17800,62100,63500,120500
2024-09-13,317000,89000,386500,510000,62700,17780,62900,64200,118000
2024-09-19,322000,90200,386500,517000,65100,17880,61900,61900,118900
2024-09-20,310500,90700,382000,522000,63700,17730,64000,61800,119000
2024-09-23,312500,93600,387000,538000,62600,17240,62700,60900,120000
2024-09-24,315500,92100,382500,535000,62000,17320,63800,61900,123300
2024-09-25,307000,93900,376500,519000,62600,17100,62200,61000,119800
2024-09-26,312500,95700,390000,548000,63800,17000,62200,60800,120200
2024-09-27,307000,99600,393000,538000,64400,17100,62600,61600,116700
2024-09-30,304000,97500,385000,543000,64400,16970,61500,59200,114700
2024-10-02,292500,95900,378500,502000,62600,16870,61300,58600,112900
2024-10-04,294000,96700,375000,515000,61700,16730,61100,58100,110500
2024-10-07,293000,97200,381000,548000,64400,16760,62800,59200,110600
2024-10-08,280500,98000,365500,524000,62600,16630,61900,58400,108300
2024-10-10,287000,101000,382000,527000,63700,16480,61900,58800,111000
2024-10-11,280500,99000,382000,545000,62200,16640,63100,59300,112000
2024-10-14,288000,99800,387500,568000,63000,16630,63500,60400,113500
2024-10-15,287500,99900,385500,569000,64800,16900,63300,60400,112600
2024-10-16,290000,99900,380500,569000,67400,16730,63600,60200,110100
2024-10-17,281500,99000,376500,557000,64200,16810,64300,62800,112400
2024-10-18,281500,99900,372000,547000,63000,16850,64200,62700,111900
2024-10-21,279500,99500,373000,551000,62700,16720,64200,62200,113300
2024-10-22,276000,98700,366000,563000,63000,16500,64500,62600,114200
2024-10-23,276500,96900,361000,544000,63000,16230,64000,62800,114900
2024-10-24,274000,98700,363500,538000,62400,16300,63900,62900,116300
2024-10-25,269500,96800,358000,529000,62800,16240,63000,61900,110800
2024-10-28,274000,97900,362000,522000,62700,16800,64200,63900,112000
2024-10-29,274000,97200,362000,521000,63300,17140,64600,63500,112700
2024-10-30,272000,97300,362000,512000,63100,17700,65100,64900,114100
2024-10-31,274500,99800,374500,520000,63300,17860,66000,65300,115700
2024-11-01,273500,98800,368000,520000,63700,17640,65100,63900,114000
2024-11-04,278500,100400,384500,589000,64000,17640,64900,64300,116600
2024-11-05,276500,99000,373500,602000,63900,17770,64400,64300,118600
2024-11-06,274500,101200,371000,599000,63500,17570,64200,63200,115300
2024-11-07,272000,100700,364500,593000,64500,17350,64000,63000,116300
2024-11-08,264500,100800,364500,584000,64600,17280,63200,60900,109800
2024-11-11,260500,99000,353000,562000,63100,17170,61700,59600,107700
2024-11-12,256500,98100,350500,543000,61000,17200,60800,57900,107600
2024-11-13,246500,97800,356000,542000,60600,16720,60300,57200,101900
2024-11-14,240500,98000,362000,529000,61700,16870,62500,60500,105000
2024-11-15,246500,97100,326000,537000,63000,17110,62100,61600,104100
2024-11-18,257500,97600,339000,544000,66800,17050,58000,62400,106400
2024-11-19,270500,97800,340500,535000,68400,17090,57900,62700,108000
2024-11-20,284500,103400,343000,535000,71800,17280,56600,62400,110000
2024-11-21,276500,103000,341000,512000,71500,17350,58300,62600,109300
2024-11-22,272000,102500,338000,532000,70800,17370,58000,61900,108000
2024-11-25,270500,98900,341000,521000,67500,17270,57100,63500,106800
2024-11-26,275000,100700,341000,519000,69000,17580,55700,64200,107000
2024-11-27,273500,103100,345000,519000,72100,18060,56100,64600,108700
2024-11-28,273000,103000,348000,523000,72100,18030,58200,64400,109000
2024-11-29,263500,102600,344000,519000,72500,18000,57200,64300,108200
2024-12-02,263500,103500,334000,552000,71300,17940,56500,62600,106800
2024-12-03,271500,104000,338500,582000,72400,18400,58400,66800,109200
2024-12-04,273500,103900,343000,598000,70600,17250,56700,65300,105300
2024-12-05,265000,103800,340000,613000,71800,17070,56000,63900,100500
2024-12-06,262000,103800,338500,606000,69900,17080,55300,63500,100500
2024-12-09,250500,101000,327500,598000,68300,16460,52900,60800,99400
2024-12-10,265000,105500,345000,669000,72100,16800,55600,60900,100300
2024-12-11,265000,104500,349500,683000,71700,16890,57100,65000,101000
2024-12-12,268000,106000,353500,681000,72900,17150,57000,63800,102200
2024-12-13,269000,105100,369500,687000,74300,17120,57100,64400,103100
2024-12-16,270000,101600,370500,729000,73600,17010,57100,64000,103200
2024-12-17,266500,99800,375000,736000,73100,16810,57700,62900,108200
2024-12-18,272000,102200,377500,707000,73800,17040,58100,65200,110000
2024-12-19,268000,105300,391500,750000,75800,16790,57100,64000,108700
2024-12-20,260500,103500,381000,748000,76200,16540,57000,65800,107600
2024-12-23,265000,104700,386000,759000,82000,16630,57100,69600,107700
2024-12-24,264500,105300,385500,783000,81600,16730,57400,71600,107000
2024-12-26,261000,104800,380000,765000,81700,16660,57400,75500,105400
2024-12-27,255500,104300,383500,759000,80100,16160,55000,68100,102600
2024-12-30,255500,102400,374000,765000,81400,15970,54100,63400,102500
2025-01-02,247500,103100,381500,739000,81200,16230,52300,62100,101500
2025-01-03,251500,102900,381000,741000,81400,16060,53200,62700,103600
2025-01-06,252500,102900,366000,734000,79500,16180,53800,62800,104600
2025-01-07,248000,102800,365500,732000,78400,16520,54000,65400,104900
2025-01-08,251000,101700,360000,711000,80900,16470,54300,66300,104300
2025-01-09,250500,102200,371500,740000,79000,16520,53800,64000,103100
2025-01-10,247000,101100,368500,750000,81300,16750,53900,64800,102100
2025-01-13,241500,100000,363000,761000,85100,16670,53600,66200,102800
2025-01-14,242000,99300,348500,762000,82300,16710,53600,65800,102800
2025-01-15,240000,98400,345000,755000,83100,16720,53900,65900,101800
2025-01-16,241000,98300,344500,770000,82600,16660,53700,66600,101500
2025-01-17,242500,98400,341000,762000,81600,16820,53500,65900,104100
2025-01-20,244000,97600,344000,737000,81800,16660,53600,66400,103500
2025-01-21,242000,98500,341000,725000,83400,16850,53600,65500,105600
2025-01-22,241500,98400,336000,719000,82300,16760,54400,65000,102600
2025-01-23,234500,98200,334000,698000,80400,16570,53500,63400,102900
2025-01-24,236000,97100,349000,710000,78600,16580,54200,63300,103500
2025-01-31,242000,101400,349000,684000,73400,16780,54000,64500,103600
2025-02-03,232500,100800,356000,708000,75100,16300,52500,62300,100800
2025-02-04,242000,99800,351500,699000,78800,16300,53800,64200,102700
2025-02-05,244000,100200,353000,704000,78400,16370,54400,63000,103200
2025-02-06,247500,102900,360000,809000,86900,16140,54400,64300,103300
2025-02-07,245000,103200,352500,810000,85700,15970,56000,63300,103300
2025-02-10,250000,104500,350000,798000,88900,15910,55200,62600,99500
2025-02-11,240000,104900,348000,815000,89200,15970,55900,67300,101400
2025-02-12,244500,108000,349000,823000,90500,16020,56800,69100,101500
2025-02-13,246000,107600,339000,803000,90800,15920,56600,69600,101500
2025-02-14,247500,109800,350000,872000,91500,16130,57600,71500,104700
2025-02-17,246000,108600,352000,886000,90700,16200,59100,71900,104100
2025-02-18,242000,107700,348500,874000,90800,16130,59600,72600,104700
2025-02-19,245000,106900,352000,886000,93100,16220,62100,73100,103800
2025-02-20,249500,110100,351000,880000,90200,16330,64000,75100,104400
2025-02-21,248000,108000,350000,906000,90300,16460,66000,78100,106700
2025-02-24,249500,108700,353500,895000,92300,16380,66800,76600,106300
2025-02-25,246000,106800,349000,879000,93800,16330,65100,76600,104100
2025-02-26,247500,103900,349000,876000,93100,16400,64000,75200,104700
2025-02-27,247000,103700,351500,884000,96200,16410,64600,77300,102100
2025-02-28,237000,101900,341000,860000,96500,16060,63100,76100,99900
2025-03-04,240000,103000,339500,852000,97100,15940,62500,76000,99500
2025-03-05,243000,101300,352000,893000,94700,16000,65900,80300,100000
2025-03-06,257500,105800,389500,927000,92200,16150,67300,83200,101500
2025-03-07,262000,108100,394000,906000,91100,16150,67600,85600,103200
2025-03-10,259000,107600,386500,897000,91100,16970,67900,84600,103600
2025-03-11,257000,109200,388000,874000,91200,16790,67500,83600,104700
2025-03-12,257500,108200,391000,880000,95100,16920,67200,82300,104400
2025-03-13,250500,108800,382000,881000,94700,16640,67100,83200,105100
2025-03-14,250500,110400,383000,917000,94900,16780,66700,84100,104300
2025-03-17,252500,113700,389000,926000,93300,16900,66300,82900,105600
2025-03-18,253500,112800,400000,926000,94200,16930,64200,80400,105100
2025-03-19,265000,118300,422000,921000,92500,16990,63800,78000,106600
2025-03-20,265500,119400,426500,908000,94500,16990,64600,78900,110100
2025-03-21,268500,121900,428000,917000,98200,16940,65400,83700,112800
2025-03-24,266000,119600,421000,888000,97500,16800,65500,82600,110900
2025-03-25,259000,118900,412500,877000,93700,16830,64500,80400,111700
2025-03-26,257500,116300,405000,872000,94600,16890,64100,80300,109000
2025-03-27,256500,119100,411000,832000,93100,16750,64400,81800,110600
2025-03-28,254500,117900,411500,844000,93600,16750,63500,81300,109000
2025-03-31,246500,117900,404500,860000,93300,16660,60600,81100,109400
2025-04-01,249000,118100,406000,847000,94700,16690,59300,80200,102800
2025-04-02,242500,118700,405500,860000,98700,16500,60900,82300,101700
2025-04-03,236500,117900,406000,843000,98700,15520,60300,82600,103500
2025-04-04,246000,117200,401000,800000,99000,15620,65800,88400,108500
2025-04-07,238000,114700,395000,782000,94000,15020,65100,86000,108000
2025-04-08,234500,114100,391500,804000,93400,14920,63000,85800,107300
2025-04-09,228500,111100,373500,794000,88600,14940,62000,81200,105100
2025-04-10,240000,114700,385500,880000,90000,15180,62900,84300,107400
2025-04-11,231500,114500,387000,903000,90000,15260,63100,86400,103300
2025-04-14,232000,115200,388500,920000,90000,15280,62600,86100,105900
2025-04-15,237500,116700,391000,923000,91600,15560,63100,87500,104600
2025-04-16,237500,120800,410000,932000,95400,15500,62800,86100,106500
2025-04-17,243500,119300,410000,936000,96200,15450,62400,86800,105700
2025-04-18,239000,120800,406500,961000,95700,15660,64800,87600,105000
2025-04-21,240000,119600,407000,957000,95800,15740,68100,88500,103900
2025-04-22,240500,120000,404000,961000,95400,15820,67500,88300,104000
2025-04-23,241500,120800,397500,926000,94500,15950,66200,86400,104300
2025-04-24,242500,119700,394000,929000,94300,15910,67400,89500,103200
2025-04-25,243500,119600,394500,939000,94300,15990,67000,91300,105300
2025-04-28,236500,120600,394000,949000,93600,16100,67400,91000,105500
2025-04-29,238000,123700,405500,982000,94400,16120,67600,90700,106200
2025-04-30,239000,123200,403000,970000,94600,16200,67800,91700,107800
2025-05-02,243000,122700,405000,988000,92900,16080,66800,90000,106700
2025-05-07,246000,122700,408500,950000,91800,16530,66700,90300,112900
2025-05-08,245500,123300,412000,972000,96800,16550,66500,90500,112600
2025-05-09,249000,126900,424000,993000,97100,16510,72100,93500,101500
2025-05-12,248500,123400,411500,946000,95400,16610,75800,86600,101800
2025-05-13,238500,122500,408500,950000,97400,16790,75500,84800,101500
2025-05-14,236000,122600,422000,999000,96400,16970,74300,82800,101100
2025-05-15,232000,123300,415000,991000,91500,17270,76800,86300,100500
2025-05-16,229500,123100,454000,1180000,85000,17040,74600,84500,99500
2025-05-19,226500,122200,437000,1152000,85100,16810,74300,83800,100300
2025-05-20,226000,116900,427500,1144000,84500,16940,75900,86700,100300
2025-05-21,225500,111700,427000,1159000,85100,17150,75300,85900,99700
2025-05-22,226500,111200,423000,1125000,88100,17280,78000,87300,99000
2025-05-23,223000,111800,431000,1143000,87200,17130,77500,86500,100200
2025-05-26,224000,111200,425500,1116000,88800,17230,77900,87500,101800
2025-05-27,225000,111700,420500,1129000,87700,17130,77300,87500,101200
2025-05-28,229500,111200,416000,1106000,88100,17120,77100,87600,102000
2025-05-29,230500,111600,420000,1101000,89000,17170,78700,91200,103000
2025-05-30,231500,110400,424000,1111000,90500,17040,80600,91300,102500
2025-06-02,230500,110800,406000,1082000,88400,17120,77600,84600,101800
2025-06-04,236500,111700,418000,1130000,89800,17220,79300,87400,109500
2025-06-05,239000,112300,420500,1133000,90500,17220,78100,86800,111500
2025-06-09,245500,112500,401000,1140000,89800,17390,83100,90600,123900
2025-06-10,246000,113000,398000,1157000,89100,17380,75600,83100,122200
2025-06-11,246500,112500,400500,1197000,88500,17220,76900,84300,118800
2025-06-12,246000,112700,397500,1192000,86400,17440,76500,84000,119000
2025-06-13,239500,111400,392000,1196000,83900,17380,74100,83100,113800
2025-06-16,240500,111100,396500,1279000,84600,17490,73400,82100,117400
2025-06-17,241000,110200,395500,1288000,84600,17390,73000,81500,116700
2025-06-18,238500,106900,389500,1272000,83600,17890,74400,82100,121000
2025-06-19,238000,107000,392000,1281000,84000,18060,74300,82600,121600
2025-06-20,243000,107200,394500,1307000,83900,18040,75000,84700,125000
2025-06-23,238000,105500,397000,1328000,82000,17950,74000,83800,123000
2025-06-24,254000,107400,399000,1296000,83300,18260,75000,86600,121500
2025-06-25,255000,108600,396000,1299000,83000,18910,75800,87000,119600
2025-06-26,255500,107900,392500,1319000,82800,18460,76000,87000,118100
2025-06-27,249500,106600,392500,1334000,83400,18280,74500,85700,119100
2025-06-30,249000,108800,393000,1395000,85000,18300,74200,85400,121000
2025-07-01,254500,111700,398000,1362000,87600,18440,77500,95100,126200
2025-07-02,266500,118500,404500,1362000,90000,18920,77400,94100,129800
2025-07-03,269500,118500,404500,1330000,89900,19030,77200,93700,126500
2025-07-04,261500,116000,395500,1269000,87400,19790,76000,90700,121200
2025-07-07,260500,117200,405000,1334000,92500,19640,76300,92900,124600
2025-07-08,258500,118200,394500,1436000,90800,19980,76200,94300,123700
2025-07-09,254000,121600,395500,1479000,93600,20300,79600,99300,122700
2025-07-10,258000,121400,399500,1498000,92300,20300,78800,98400,123800
2025-07-11,259000,120700,400500,1470000,91000,20450,78100,96200,120600
2025-07-14,260000,121000,420500,1462000,90700,20550,80500,99100,123600
2025-07-15,257500,118800,417500,1491000,91400,20550,78700,99400,123200
2025-07-16,252500,114000,412000,1476000,88200,20100,76100,97000,120800
2025-07-17,254500,114700,410500,1484000,87000,20100,75900,97000,120300
2025-07-18,254500,114700,410500,1402000,86800,19690,74600,95400,121000
2025-07-21,253000,114000,405000,1393000,86300,20100,74100,95200,120500
2025-07-22,252000,113700,403000,1351000,86100,20100,75000,93800,122200
2025-07-23,252500,112700,398000,1345000,85000,19940,74600,92300,119200
2025-07-24,248500,112700,388000,1323000,82900,19560,72800,89300,115800
2025-07-25,249000,112000,388000,1338000,82900,19480,72300,89300,115800
2025-07-28,247500,110500,382500,1340000,81000,19230,70900,88900,112600
2025-07-29,249500,110900,382000,1362000,80700,19160,71400,89400,112400
2025-07-30,251500,111500,382000,1362000,80200,18460,71800,90000,114900
2025-07-31,251500,111300,387000,1442000,81400,18690,71800,89300,113100
2025-08-01,248500,109500,383000,1429000,78600,18320,70500,87100,112000
2025-08-04,245000,109500,385000,1394000,78700,18380,71400,88000,116700
2025-08-05,245500,109700,382000,1416000,78100,18770,71300,88700,117700
2025-08-06,249500,110800,384500,1429000,78200,18880,72500,89100,121000
2025-08-07,251000,111100,384500,1435000,79300,19020,73100,90400,122400
2025-08-08,252000,112000,383500,1455000,78600,18830,70400,89600,121200
2025-08-11,250000,109500,383500,1502000,77900,18570,67800,87200,121300
2025-08-12,251000,108700,380000,1449000,76800,18320,67100,80000,119800
2025-08-13,233000,108500,376000,1410000,75500,18410,66700,79400,119200
2025-08-14,236000,109500,381000,1380000,75400,18170,66900,78500,119000
2025-08-18,231500,108200,366500,1377000,71700,18080,66300,77700,119000
2025-08-19,230500,108000,363500,1386000,70800,17840,65900,76400,119400
2025-08-20,231000,107000,386500,1353000,70200,18140,66200,76900,117800
2025-08-21,228500,106700,389000,1386000,69800,17980,66200,76600,117600
2025-08-22,230000,106300,384000,1438000,69200,17990,65900,75700,118600
2025-08-25,230000,106100,396500,1431000,69600,18120,66400,76100,120100
2025-08-26,229000,107500,393000,1501000,69900,18210,66500,74000,120000
2025-08-27,230500,107000,403000,1512000,70000,18100,66000,72300,119100
2025-08-28,231000,107200,412500,1597000,70600,18030,66700,72700,118100
2025-08-29,229000,107800,410000,1566000,70600,18050,66100,71500,117300
2025-09-01,229000,108200,428500,1567000,71000,17960,66300,71500,115000
2025-09-02,231500,107700,430000,1551000,71100,17860,64700,71600,111800
2025-09-03,230000,108200,426500,1556000,70800,17880,65100,74000,110800
2025-09-04,232000,107400,427000,1561000,71900,17830,66600,77200,111000
2025-09-05,232500,108400,424000,1552000,71700,17800,66900,78000,110700
2025-09-08,232500,106200,413000,1550000,71700,17770,67100,76600,110000
2025-09-09,233000,107900,408000,1542000,71100,17700,67800,77400,109600
2025-09-10,234500,108300,409500,1549000,70700,17710,68100,77000,109800
2025-09-11,237500,110400,488000,1630000,71200,17700,68000,76700,110100
2025-09-12,242000,109900,522000,1616000,73000,18010,68300,76900,108900
2025-09-15,242000,111200,511000,1598000,73200,18000,70000,77900,109500
2025-09-16,241000,108800,490000,1574000,74100,17900,70300,77400,108900
2025-09-17,237500,108000,473500,1578000,76200,18150,71500,78500,109700
2025-09-18,239000,109600,481500,1585000,75400,18170,72600,80200,109300
2025-09-19,237500,108500,477000,1554000,73200,18210,72500,78500,109900
2025-09-22,236000,107100,462000,1542000,73800,18070,71800,77400,109600
2025-09-23,235000,106100,455500,1508000,78800,18230,71400,77200,108700
2025-09-24,233000,104600,451000,1485000,77200,17980,70600,76700,108400
2025-09-25,234000,104700,444000,1456000,75600,18120,71200,76900,108400
2025-09-26,230500,103700,437000,1466000,75000,17920,70300,75300,106700
2025-09-29,233000,105000,438500,1499000,75600,18080,70600,75100,107900
2025-09-30,230500,103600,431500,1529000,75000,18360,70800,75500,108000
2025-10-01,234500,104900,445500,1558000,80000,17990,69800,74700,110000
2025-10-02,233500,103300,448500,1509000,77100,17970,69600,74800,108800
2025-10-10,234000,105000,446000,1454000,76200,17800,66900,73800,105200
2025-10-13,233500,102100,442500,1429000,75200,17560,66900,73300,105700
2025-10-14,231500,100800,429000,1397000,75400,17460,66900,73900,105700
2025-10-15,233000,101100,432500,1421000,77000,17640,67000,74200,105500
2025-10-16,230500,101500,427000,1370000,74400,17740,67300,73500,105500
2025-10-17,230000,100500,429500,1326000,72800,17590,66900,72800,105100
2025-10-20,231000,100600,432000,1381000,73000,17600,67200,73200,106500
2025-10-21,230500,100400,430500,1320000,71300,17280,66600,73000,104900
2025-10-22,234000,102200,431000,1296000,72300,17210,68400,75400,106900
2025-10-23,233000,101500,434500,1293000,71800,17090,67500,73800,104800
2025-10-24,232500,101200,429000,1282000,71800,17090,67100,74000,103200
2025-10-27,233000,102000,433000,1260000,71800,17090,67400,74300,103800
2025-10-28,237000,102000,439000,1261000,72000,17240,66900,74600,104800
2025-10-29,233500,100800,434500,1244000,71200,17040,66300,73400,103300
2025-10-30,230500,100500,431500,1322000,71500,16970,65500,73400,104100
2025-10-31,229500,99300,436000,1348000,72300,16880,65100,72200,103600
2025-11-03,227000,99800,430000,1356000,73700,16820,64400,71800,102300
2025-11-04,230500,101900,443000,1381000,75800,16920,64500,71600,103600
2025-11-05,225000,101800,435000,1339000,73800,16680,64100,71200,102500
2025-11-06,227000,101700,428500,1312000,74400,16950,67400,73700,105600
2025-11-07,225500,103600,424000,1296000,74000,16840,66500,72100,106900
2025-11-10,230000,103400,434500,1306000,75600,17240,70200,74700,109100
2025-11-11,229000,103100,426500,1262000,75200,17160,69300,76900,109200
2025-11-12,232500,106500,431500,1267000,75100,17630,71800,79600,111000
2025-11-13,229000,106700,434000,1368000,75300,17440,71700,79000,109200
2025-11-14,226500,105400,422500,1320000,75300,17290,72800,78900,110000
2025-11-17,226500,105400,462000,1385000,74900,17300,73100,79500,111100
2025-11-18,221500,104900,461000,1372000,74400,17390,73000,79900,109200
2025-11-19,220000,105200,469000,1375000,75000,17560,72100,79400,111300
2025-11-20,220000,105500,472000,1401000,75300,17630,73300,80400,111300
2025-11-21,218000,104800,464500,1380000,74500,17720,74300,80000,112500
2025-11-24,214500,102300,454000,1355000,73700,17920,71600,77600,110200
2025-11-25,209500,102700,441500,1311000,73000,17530,71100,79000,110400
2025-11-26,212000,106700,447500,1396000,74500,17870,72000,79000,109300
2025-11-27,211000,104900,447000,1456000,72200,17860,72000,78200,107800
2025-11-28,209500,105500,447000,1445000,73200,17990,71500,78200,108300
2025-12-01,210500,106000,436000,1346000,72400,18060,73500,79900,109700
2025-12-02,209000,104000,435000,1332000,73400,18150,74600,82200,111200
2025-12-03,213500,104500,434500,1334000,74500,18120,75800,83100,112000
2025-12-04,211000,104500,431000,1304000,74300,18000,74900,83000,110800
2025-12-05,213000,104100,431500,1297000,74100,17920,74200,82300,110900
2025-12-08,211500,104200,431000,1292000,74600,17810,72400,82100,110800
2025-12-09,209500,100900,435500,1304000,74700,18000,71800,82300,110900
2025-12-10,207000,101500,435000,1292000,74600,17770,71500,80600,109700
2025-12-11,205500,101600,430500,1276000,75100,17750,72500,79100,109600
2025-12-12,209000,103800,430000,1273000,74800,17980,75400,82200,110100
2025-12-15,208500,104700,430500,1230000,74400,17930,75700,89400,111500
2025-12-16,208500,105000,428000,1243000,75300,18390,74500,90900,112600
2025-12-17,209000,104800,429000,1262000,76500,18490,75300,89200,112300
2025-12-18,209000,106100,430000,1279000,75800,18450,75900,89200,110900
2025-12-19,210000,106000,431000,1252000,77100,18550,74300,85500,111300
2025-12-22,211500,106800,435000,1284000,76700,18720,75200,86800,110600
2025-12-23,211000,106000,433500,1269000,76700,18810,74700,85300,110200
2025-12-24,211000,107700,444500,1266000,77000,18880,75500,85200,109300
2025-12-26,210500,106700,433000,1233000,77400,18540,73500,83100,107700
2025-12-29,209500,105400,434000,1266000,75500,18490,72700,82400,105900
2025-12-30,208000,105700,432500,1231000,74500,18950,72500,81300,104800
2026-01-02,207000,103100,428500,1276000,72900,18400,68600,80200,104200
2026-01-05,206500,104000,427500,1274000,73300,18290,68600,82500,103800
2026-01-06,205500,103800,420000,1262000,80000,18370,68900,83400,103000
2026-01-07,203000,104400,414500,1158000,73600,18200,69900,84300,102000
2026-01-08,203500,104500,405500,1179000,73400,18080,68900,80700,102300
2026-01-09,207500,103100,406500,1206000,74000,17970,68500,81800,103400
2026-01-12,210000,106500,409000,1196000,73700,17930,69900,81500,105700
2026-01-13,212000,106600,413500,1192000,74700,18140,71200,81800,107900
2026-01-14,213500,107300,417000,1198000,76600,17990,73100,81700,108500
2026-01-15,211500,108500,415000,1192000,75900,17990,73300,82600,109700
2026-01-16,208500,109300,412500,1195000,76500,17780,74900,83500,115200
2026-01-19,207500,113100,412000,1186000,75800,17670,74800,82200,114400
2026-01-20,213000,115200,415500,1223000,76800,17940,75500,84000,117800
2026-01-21,213000,117000,406000,1200000,76300,17980,75400,84100,116300
2026-01-22,215500,115600,410000,1235000,76300,17780,77100,86000,119600
2026-01-23,215500,116400,412000,1235000,76700,17740,78900,87200,117200
2026-01-26,213000,109900,408500,1221000,74900,17550,75800,87000,114000
2026-01-27,214500,111000,408000,1201000,75100,17550,76900,88900,117000
2026-01-28,213000,117000,409500,1199000,75800,17430,76600,88600,116900
2026-01-29,215500,118100,409500,1216000,75900,17630,79000,89700,118800
2026-01-30,213500,117500,407500,1180000,74800,17440,84000,91000,121400
2026-02-02,210500,117800,404000,1100000,74500,17060,83300,88300,120300
2026-02-03,212000,118000,413500,1112000,75700,17270,90000,91900,122000
2026-02-04,219500,122000,418500,1102000,77700,17600,95900,94600,123300
2026-02-05,221000,123400,426000,1076000,78600,17730,96500,103600,123300
2026-02-06,218500,124000,420000,1060000,78400,17690,97000,102200,122400
2026-02-09,219000,126500,427500,1095000,79100,17990,98800,107400,123300
2026-02-10,228500,128200,441500,1148000,80500,18400,113500,117600,126200
2026-02-11,228500,130000,440500,1166000,82100,18550,115200,127600,140700
2026-02-12,230500,138600,452500,1219000,84800,19000,111800,117600,137900
2026-02-13,222500,139200,450500,1190000,84800,18860,113300,111300,139400
2026-02-19,222500,137000,446500,1171000,84400,19100,111200,111500,137000
2026-02-20,221000,139500,442500,1164000,85300,19390,109700,110700,137000
2026-02-23,222000,136000,457500,1248000,86900,19500,113600,112400,138000
2026-02-24,219500,137400,453000,1232000,86500,19410,111700,108200,137200
2026-02-25,219500,141000,448500,1243000,85200,19530,112200,108600,136900
2026-02-26,216000,135800,434000,1220000,83200,19400,107200,106400,129400
2026-02-27,214000,133400,430000,1221000,81900,19050,107700,105000,124800
2026-03-03,207500,131200,419000,1172000,78200,18740,103700,100800,119500
2026-03-04,190300,123600,387000,1040000,74000,17370,92100,88700,111900
2026-03-05,197100,124100,397000,1060000,77400,17830,96000,91400,115300
2026-03-06,195900,126500,394500,1058000,76400,18080,96800,92600,115000
2026-03-09,190000,126000,386500,1022000,73500,17750,92000,92400,115500
2026-03-10,194800,128500,387500,1030000,74700,17850,93900,91500,120500
2026-03-11,199100,129000,394000,1120000,76300,17980,98200,96000,118800
2026-03-12,201500,130100,374000,1075000,77100,18280,97200,93800,117600
2026-03-13,199800,129300,369000,1086000,77200,18140,96000,93700,117600
2026-03-16,199300,129000,361500,1038000,77800,18050,102500,93400,124500
2026-03-17,203000,131100,372500,1082000,78200,18100,103500,95200,121700
2026-03-18,203500,134000,378500,1107000,75800,18100,105400,96300,121400
2026-03-19,200000,130600,371000,1100000,74800,17850,107500,94400,120700
2026-03-20,212000,137800,380500,1151000,75600,18190,113500,100700,124200
2026-03-23,207000,129600,366500,1137000,72600,17780,100600,95400,119900
2026-03-24,217500,133400,374000,1203000,74400,18120,105000,95300,122500
2026-03-25,219000,134100,378500,1216000,74500,18140,111300,98500,122900
2026-03-26,216500,132200,373500,1188000,73200,18240,114100,97800,125100
2026-03-27,214500,134500,375500,1183000,74200,18260,114400,100000,130300
2026-03-30,217500,127000,367000,1174000,71600,17990,107400,98000,138700
2026-03-31,216500,128000,367000,1200000,70500,16890,108200,95700,139300
2026-04-01,220000,131800,379500,1316000,72200,17160,106000,97000,137600
2026-04-02,220000,130000,367000,1273000,70300,16780,102300,90100,134800
2026-04-03,226000,129800,367000,1240000,71400,16610,99500,90200,133900
2026-04-06,233000,131200,367000,1208000,71900,16620,104600,91100,134900
2026-04-07,239000,130000,365500,1164000,71400,16490,104100,92200,136600
2026-04-08,229000,130000,371500,1171000,72300,16740,107200,93700,133600
2026-04-09,232500,130400,374500,1186000,72300,16790,111200,94500,147800
2026-04-10,238500,132400,376500,1238000,73900,17000,106800,94400,131100
2026-04-13,240500,131400,373500,1290000,72500,16820,104400,92600,127300
2026-04-14,234500,131400,375000,1254000,73300,16970,105300,97600,130500
2026-04-15,233500,138000,377000,1281000,74800,16920,107400,97700,132700
2026-04-16,237500,137700,381500,1369000,75900,17140,121700,103500,137400
2026-04-17,237000,136900,380000,1376000,75900,17090,121300,101700,133500
2026-04-20,236500,135000,380500,1377000,75400,16920,120300,102500,132800
2026-04-21,237500,135400,379000,1359000,75500,16840,117900,101700,134100
2026-04-22,234000,137100,377500,1370000,75200,16880,118700,102500,133200
2026-04-23,237500,145500,375500,1344000,75100,16800,121800,103400,133400
2026-04-24,236000,141800,381500,1315000,75400,16950,133000,105400,134500
2026-04-27,234000,141400,381000,1301000,75600,17160,133300,106100,138200
2026-04-28,233000,141200,379500,1285000,75400,17320,132600,106800,131400
2026-04-29,243500,146000,385000,1314000,75300,17200,134300,108100,133000
2026-04-30,246500,143600,377500,1341000,75000,17200,135300,106700,132000
2026-05-04,241000,142800,381000,1316000,74400,16950,138500,105900,132400
2026-05-06,230000,139200,376500,1294000,72600,16410,131800,103300,129100
2026-05-07,231500,140000,373500,1264000,72200,16300,136100,108400,133900
2026-05-08,229000,141200,377500,1360000,72900,16270,138100,112900,138600
2026-05-11,225500,139600,373000,1319000,72100,16010,145000,112900,132700
2026-05-12,212500,139100,365500,1331000,70800,15880,151700,107100,132600
2026-05-13,208500,137800,363500,1295000,70600,15650,160100,106000,133700
2026-05-14,230500,143200,389500,1439000,74100,16220,175700,118700,146000
2026-05-15,228500,141000,399000,1444000,77500,16300,169800,102500,140700
2026-05-18,221500,136200,395000,1366000,74600,15950,158600,99200,136200
2026-05-19,216000,137600,396500,1391000,75900,15740,161100,93600,133900
2026-05-20,214000,134600,393000,1357000,73400,15380,153100,88500,133000
2026-05-21,212500,136400,393500,1319000,73100,15390,163100,93800,132500
2026-05-22,215000,136900,400000,1315000,73300,15660,163400,90500,130400
2026-05-26,211000,137300,392500,1296000,72400,15570,158500,92700,129400
2026-05-27,206500,133300,385000,1237000,71200,15330,152200,88100,126400
2026-05-28,204000,134200,388000,1211000,72000,15070,151300,87100,123700
2026-05-29,202000,129600,385000,1205000,72600,15030,147700,86100,124200
