date,b_real,b_dollar,se_real,se_dollar,r2
2010-12-22,-0.00048177096011553413,-0.5901275622916895,0.00012198105981039397,0.16946608573160807,0.10631605005883193
2010-12-23,-0.00048596393591633836,-0.5907881559229056,0.00012180952713694889,0.16938522865140013,0.10725322516272695
2010-12-24,-0.0005001302180166482,-0.5824976235391672,0.00012130353726789688,0.16838377915518282,0.11039470003227014
2010-12-27,-0.0005048071233368377,-0.575737820962202,0.00012130307315266928,0.16843259170459338,0.11081417978343966
2010-12-28,-0.00047024885747875785,-0.5910121838091652,0.00012113347657498588,0.16970325568661765,0.10398650001356124
2010-12-29,-0.0004762135206188866,-0.5666834183218232,0.00012018086090425121,0.17015473708701587,0.10382739976702571
2010-12-30,-0.0005284938148642216,-0.5467393593018739,0.00011963758674635164,0.16748370121019046,0.11545436950021104
2010-12-31,-0.0005537339209665186,-0.5453690518626548,0.00011935425623530344,0.16703289357769205,0.12203788899292733
2011-01-03,-0.0005590282383208779,-0.532320880147759,0.00011922297607154338,0.16619066527957774,0.12127990391635979
2011-01-04,-0.0005555427246857628,-0.5552927083774486,0.00012047535019496806,0.16734309662005983,0.12137864723929681
2011-01-05,-0.0005535455499255003,-0.5539320501090659,0.00012004772796293384,0.16720933935399818,0.12166901303689104
2011-01-06,-0.0005502530757765366,-0.5647305960557365,0.00011975072891285562,0.16684120962766985,0.12230992594724421
2011-01-07,-0.0005621524049270693,-0.5136417143712197,0.00011851982033342625,0.1667174840732422,0.12074828955944916
2011-01-10,-0.0005675084460774389,-0.5132238455997462,0.00011782997471440566,0.16574327238190642,0.1233350824342152
2011-01-11,-0.0005665908038211633,-0.5160849242992266,0.00011789948297762438,0.16594250606841005,0.12309679812530394
2011-01-12,-0.0005672641287666823,-0.5177253155004797,0.00011789989773202342,0.1653621812241207,0.12358773766147768
2011-01-13,-0.0005661075219342916,-0.4952760263806989,0.00011849996899763924,0.16594722143005755,0.11973740521525744
2011-01-14,-0.0005646144393716286,-0.5006850702913942,0.00011858210816870928,0.16589794605205133,0.12009581997869667
2011-01-17,-0.0005645991743626468,-0.5007456753153064,0.00011857913453620751,0.16589344111148446,0.12010555998941286
2011-01-18,-0.0005697405746089439,-0.49274772631637215,0.0001187806218572241,0.16650086267250205,0.12066178363906599
2011-01-19,-0.0005669515249521135,-0.49229468401800414,0.00011765331203628983,0.16487413878489338,0.12190518504302283
2011-01-20,-0.000579451444590122,-0.49389979618670565,0.00011341621308340141,0.16480968284331454,0.13355026979884943
2011-01-21,-0.0005778040034358518,-0.48625578748536585,0.00011358029914203544,0.1645705361558474,0.1319040244735138
2011-01-24,-0.0005978085995303864,-0.410331271554409,0.00010957120675772498,0.159383254324521,0.1372563584228309
2011-01-25,-0.0005960628775994203,-0.42653507640343075,0.00010925848805763347,0.1597289101869286,0.1381108237780846
2011-01-26,-0.0005867510904957632,-0.4336630519783673,0.00010926284770822501,0.15980097601451687,0.13573928598739304
2011-01-27,-0.000590555409134141,-0.44117206243312973,0.00011048490214988758,0.16151914247785085,0.13522766797512198
2011-01-28,-0.0006063778426218084,-0.42626114914292673,0.000111009238474716,0.16203775753159888,0.1368065433275144
2011-01-31,-0.0006148225032339451,-0.42471819150717427,0.00011009733995957457,0.16056986490431327,0.14128884550731868
2011-02-01,-0.0006117539220759665,-0.44479152705270064,0.00011000220480276853,0.16067344778248757,0.14226867777606256
2011-02-02,-0.0006121761828705902,-0.44460231456384375,0.00010979185322196894,0.1606567295999144,0.14266606276356408
2011-02-03,-0.000586436495907105,-0.40616874560902194,0.00010944701254209911,0.16111301892705396,0.1305665595596769
2011-02-04,-0.0005860819877450696,-0.4056753015532285,0.00010919205713334994,0.16121717722375,0.13081106410881915
2011-02-07,-0.0005879699466176203,-0.4100056099273425,0.0001090242928523378,0.16105467642176302,0.13212425989867504
2011-02-08,-0.0005728427246970001,-0.42055837452280276,0.00010917735971098425,0.1615428618131931,0.1277844919714327
2011-02-09,-0.0005692410353115038,-0.42603125490809,0.00010903137778599448,0.16130716108863047,0.12737773969676636
2011-02-10,-0.0005779687612779325,-0.4128514895255827,0.00010861179684325915,0.16072653393024197,0.12995854359246872
2011-02-11,-0.0005748298167680453,-0.4177260064060834,0.00010854419717805979,0.16049446301302767,0.12951908742182405
2011-02-14,-0.0005749919723314646,-0.4311739165764418,0.00010828437047561737,0.16063439146000957,0.13152283412601096
2011-02-15,-0.0005745241249160086,-0.41956434730121395,0.0001083662771883058,0.16204432500426658,0.12908829381961462
2011-02-16,-0.000573880204512033,-0.41998282519343855,0.00010826861999669404,0.16202076232075022,0.12900778878407504
2011-02-17,-0.0005756780842298614,-0.40924583243634083,0.00010764571655360506,0.16148330766736538,0.1299306412035488
2011-02-18,-0.000574079555324557,-0.4035620027841601,0.0001074059134879796,0.16207114794690144,0.1293265120448941
2011-02-21,-0.0005765276698404477,-0.3927334664744139,0.0001073182228231021,0.16245689540348515,0.1291875553072569
2011-02-22,-0.000576059346203395,-0.3929420421798721,0.0001061750836809208,0.16215894098143505,0.1303378065184987
2011-02-23,-0.0005764014211427097,-0.3936496216785977,0.00010609118126260823,0.16205116524000973,0.13070783418730691
2011-02-24,-0.0005692988090711562,-0.38772408172554945,0.00010628066429521682,0.16250008227525678,0.12752279706881742
2011-02-25,-0.0005685149886753898,-0.3941001549718156,0.00010589478307958475,0.1620259070565196,0.12879374143822753
2011-02-28,-0.0005683634177613408,-0.394777826700208,0.00010588129087125288,0.16187915522485188,0.12881574262182682
2011-03-01,-0.0005783784001152174,-0.41195953784335104,0.00010611505947457293,0.16255243473330572,0.13306508741399858
2011-03-02,-0.0005791734218802527,-0.41668647180898777,0.00010605370220265603,0.16273729738738948,0.13379762709471466
2011-03-03,-0.0005834677799493584,-0.3968483589551465,0.00010540661843252978,0.1626517868673175,0.1338041869730935
2011-03-04,-0.000588470705228121,-0.40203454706909736,0.00010466246932000085,0.16230204956041364,0.13762689689060814
2011-03-07,-0.0005950324703366445,-0.4122433216456085,0.00010456347022477497,0.1621575522813734,0.14077326739454854
2011-03-08,-0.0005854005801210599,-0.3977925300684855,0.00010412841361392325,0.16143700294729124,0.1367588860192157
2011-03-09,-0.0005860754144083543,-0.3943372869580728,0.00010401385006096306,0.16131530709962033,0.13697216176969884
2011-03-10,-0.0005725651527060203,-0.4130181839129905,0.00010420769668419934,0.16171810637197567,0.13347131953809255
2011-03-11,-0.0005542191495453773,-0.39294284764864873,0.00010456898473365607,0.16242315375591734,0.12303766301871544
2011-03-14,-0.0005591132539350847,-0.3926114502785628,0.00010462150370925877,0.16221179334040162,0.12465706607669946
2011-03-15,-0.0005537757155439937,-0.41786090409234466,0.00010497433106880666,0.16245283135126212,0.12497069753646861
2011-03-16,-0.0005499717748004706,-0.4197984117363721,0.0001047322732886343,0.16278628147259538,0.12425935734919391
2011-03-17,-0.0005501044369267418,-0.4218660162047503,0.00010453305165066238,0.1622436839970145,0.12516885660542765
2011-03-18,-0.0005428820072497005,-0.4226064178901478,0.00010491202348231863,0.1629167810650091,0.12170300423067504
2011-03-21,-0.0005405041443477072,-0.42137750122480355,0.00010451612449064965,0.16242160070188488,0.12131554593683325
2011-03-22,-0.0005451542159797054,-0.42573445526459536,0.00010472434470456613,0.16245974028156276,0.12232452890599277
2011-03-23,-0.0005411720238894361,-0.4106433457126392,0.00010495195969526899,0.16279175843439536,0.11931211565430955
2011-03-24,-0.0005372377415156811,-0.4000085469928087,0.0001052679280561362,0.16313480015050277,0.11659342640918491
2011-03-25,-0.000524024067183145,-0.39936073284779866,0.00010601811743784809,0.16303451232277794,0.11164727984526346
2011-03-28,-0.0005243279683323266,-0.40244987734182536,0.00010615865686673182,0.16306625669517744,0.1118183693541911
2011-03-29,-0.0005234189971951136,-0.3983792519084194,0.00010605748473866389,0.163045937537473,0.11125871533728549
2011-03-30,-0.0005281764462721219,-0.4053501450583844,0.0001058802751128443,0.1627669811731104,0.11367246778783979
2011-03-31,-0.0005298721819763107,-0.4089070926496142,0.00010595674960777939,0.16274815080457383,0.11448547529641695
2011-04-01,-0.0005259400303365418,-0.398697633085811,0.0001061305408353822,0.16323495736427063,0.11233065904208828
2011-04-04,-0.0005246272613406634,-0.40168170218321286,0.00010623839336553799,0.16348357150112483,0.11226116442109502
2011-04-05,-0.0005266277137714671,-0.3794030744536886,0.00010561150620594445,0.16288585180007778,0.11183958509220693
2011-04-06,-0.0005249515109891671,-0.3838365534850878,0.00010548697459285175,0.16306779488202228,0.11146263705075221
2011-04-07,-0.0005251167563794944,-0.3849070014633482,0.00010550264203284947,0.16354473161085428,0.11136163108307273
2011-04-08,-0.0005240028908360761,-0.3901506494175957,0.00010556309522602241,0.16308910467274082,0.1118595766422743
2011-04-11,-0.000524339024963341,-0.3873632847775845,0.00010580990790533593,0.16356871750632418,0.11096115514573679
2011-04-12,-0.0005180714097364541,-0.3943740051224366,0.00010549485627623289,0.16327086891897755,0.11005608378098575
2011-04-13,-0.0005185996913290896,-0.396764157153627,0.0001053927403455964,0.1631721137802714,0.11063768122664386
2011-04-14,-0.0004990868694620087,-0.4322118518180218,0.00010590171988477933,0.16419338323653815,0.10864277257918697
2011-04-15,-0.0005027068561743014,-0.432465858036202,0.00010567500261357888,0.16477041644885318,0.10968910470592186
2011-04-18,-0.0005142592891027617,-0.4347205562126222,0.0001060988040928304,0.16459137022284742,0.11161874997603227
2011-04-19,-0.0005100663052005042,-0.42644674923724823,0.00010595083774579297,0.16390277757669874,0.11020033703453713
2011-04-20,-0.0005092279355380929,-0.4418985105956416,0.00010566008612428984,0.16345327779661564,0.1112499715998091
2011-04-21,-0.0005101338963491345,-0.4287407319589252,0.00010556216469677432,0.16409775378915734,0.11008207929848979
2011-04-22,-0.0005096459228536715,-0.4360412416680608,0.00010554088101040941,0.1651099823711971,0.11057828729568564
2011-04-25,-0.0004866287903075551,-0.5409325612573208,0.00010316883030013825,0.16401406937943852,0.12099380601371301
2011-04-26,-0.00048428021923095947,-0.5382863624653178,0.00010341011711936102,0.16413770993561042,0.11963167943681419
2011-04-27,-0.00046369784534106473,-0.575710905307268,0.00010416043985376183,0.1684641404131022,0.11671383445711014
2011-04-28,-0.00045689375864167193,-0.5900614366898482,0.00010245614554237436,0.16526863338917305,0.12081169014067117
2011-04-29,-0.00045963583679549337,-0.6042683168854419,0.00010287435004297166,0.16585011950574735,0.1230686349278115
2011-05-02,-0.0004598940195624289,-0.6017571797407317,0.0001032407649262947,0.16643240018909786,0.1220169418299456
2011-05-03,-0.0004578919568729795,-0.6132792866064953,0.00010329075361130592,0.1691811755337852,0.12205635870944775
2011-05-04,-0.00045009739359715075,-0.6253601369760322,0.00010391577793292025,0.17104361318196493,0.118852349261094
2011-05-05,-0.0004525406711619262,-0.7001549756021472,0.00010572104735647242,0.1721461223336496,0.12726017400659206
2011-05-06,-0.0004362011313913008,-0.6469029766821563,0.00010582270934515498,0.17470358599068878,0.11221270782460446
2011-05-09,-0.00043880150437214567,-0.6135497914422565,0.00010653446534630455,0.17575889909981265,0.10648491021181405
2011-05-10,-0.0004401689990060991,-0.6440039080742037,0.00010606529613901504,0.1764941351811736,0.11040118987360625
2011-05-11,-0.0004477353605163458,-0.6739351071499248,0.00010551594761531729,0.17609269139591044,0.11700845051165065
2011-05-12,-0.0004433606056179505,-0.7031321103458037,0.00010528003133306423,0.17837509699695045,0.11978500081441756
2011-05-13,-0.00044153127919857913,-0.7040264853375883,0.00010531451250269881,0.1780491054479514,0.11938482400515171
2011-05-16,-0.00044056540851676335,-0.7144055409283683,0.00010534833716582497,0.18040907228906503,0.11990664499869685
2011-05-17,-0.00044080525922586474,-0.7172751949309423,0.00010535386100530669,0.17990046531444748,0.12075442043203433
2011-05-18,-0.00044066735493795755,-0.7210244123974434,0.00010537255138929202,0.1795047880961452,0.12142945726233156
2011-05-19,-0.0004361573313238638,-0.736295028856016,0.00010450514327633608,0.17952487297301115,0.12336666993297929
2011-05-20,-0.00044419233728125375,-0.7325862991259167,0.0001046383884236814,0.17993438226165245,0.12430849069191818
2011-05-23,-0.00044938356179787225,-0.7232009008197025,0.00010391591743096756,0.1769093714905136,0.12663765642380798
2011-05-24,-0.0004364982244437685,-0.7604408522972003,0.0001038693993735264,0.17829793158649215,0.12997006961302604
2011-05-25,-0.00043352790378593066,-0.7933192799675415,0.00010269737038580312,0.17682604134973923,0.13663073323132746
2011-05-26,-0.00042854148057861705,-0.7952286971402136,0.00010274970340928037,0.17693094552358693,0.13570282720199045
2011-05-27,-0.0004265802839069872,-0.8230767314480365,0.00010255132954813057,0.1758135546337579,0.1399825375998376
2011-05-30,-0.0004119113248454723,-0.845923135669393,0.00010239059786114064,0.17541098841822092,0.1414534646270943
2011-05-31,-0.0004073111987045691,-0.8452889327739799,0.00010253906289415313,0.17500663364284946,0.1405148020075
2011-06-01,-0.000402237008814185,-0.8752146022220777,0.00010210212739206006,0.17658225120848436,0.14407886490651178
2011-06-02,-0.00040359899578979266,-0.8708701373829313,0.00010169953473881007,0.17571950208832304,0.1452029611904937
2011-06-03,-0.0004077411516561367,-0.8723541235823087,0.000101546902035473,0.17470180675701777,0.1477350643029326
2011-06-06,-0.00039980982904359836,-0.8709632699165241,0.00010153934512919813,0.1742740077711705,0.14592582950435284
2011-06-07,-0.0004029373640240261,-0.8655058295825496,0.0001015073708186781,0.17417541899229472,0.14601791878796322
2011-06-08,-0.00040442354268574996,-0.9126267290030525,9.977452285173203e-05,0.17158064981693902,0.15883199563413808
2011-06-09,-0.00039545298814108753,-0.9239920955213372,9.964513647823499e-05,0.1717335877112105,0.15919547521779287
2011-06-10,-0.0003947763979600451,-0.9327071459215686,9.970291241421955e-05,0.17137548620887222,0.16090493340630607
2011-06-13,-0.00039930285603071266,-0.9384345859645172,9.998989611233537e-05,0.17177785343729096,0.16217532424353276
2011-06-14,-0.000395708308323759,-0.9383816317186022,9.970763241349477e-05,0.1708689639875747,0.16198605392228393
2011-06-15,-0.0004126616140308683,-0.9293512574521301,9.84366547337996e-05,0.16739093628408508,0.1667359317981727
2011-06-16,-0.0004096919285679324,-0.9497166293685853,9.836714575926795e-05,0.1687952832019331,0.16913285564004388
2011-06-17,-0.00040959775939747485,-0.9534143767841479,9.831669598155266e-05,0.16788024028625925,0.17046333470497677
2011-06-20,-0.00037509536851679714,-0.9807417429798262,9.408822646510407e-05,0.1605155152838158,0.18081814740123237
2011-06-21,-0.00038586756384292696,-0.9735491703135332,9.388890343548921e-05,0.15943536464970387,0.18390526324434664
2011-06-22,-0.00038469424373409024,-0.9737001314548124,9.378492422314828e-05,0.1594559911774542,0.18368887146485724
2011-06-23,-0.0003638819596805064,-1.0687106983671446,9.200778494357311e-05,0.15662252576969243,0.2020819932476572
2011-06-24,-0.0003556048322946526,-1.0798697138884892,9.220010648465961e-05,0.1572610233003984,0.2012519161594981
2011-06-27,-0.00036400235520570685,-1.0980540758984925,9.191388383614811e-05,0.1571204479336536,0.20711996685146739
2011-06-28,-0.00036423132875334954,-1.097670678177152,9.146174086593078e-05,0.1564438483696455,0.2079208214512236
2011-06-29,-0.00036389672983409664,-1.0920370527501466,9.135311838196823e-05,0.15599089687495832,0.20718421938784337
2011-06-30,-0.0003666650818204112,-1.0702861504245917,9.179488043475857e-05,0.1573717873603605,0.20066150619709378
2011-07-01,-0.00037142269149430815,-1.067253715724062,9.208533463362663e-05,0.15764493671790408,0.20027038976489187
2011-07-04,-0.00037220435654505255,-1.0685328774139136,9.207706500886482e-05,0.15762244760712057,0.20071477985136088
2011-07-05,-0.00036675672432761317,-1.0476819752383206,9.30037203454359e-05,0.15939555988972268,0.19101278592891002
2011-07-06,-0.00036710042223003564,-1.030943702558212,9.325719823953958e-05,0.15942967637419,0.18672773698269396
2011-07-07,-0.00036657412188111576,-1.0294778136266847,9.313593704580419e-05,0.159112333559301,0.18676187745660522
2011-07-08,-0.00038567822376621853,-1.0280519722306989,9.311274388851945e-05,0.15849743162534669,0.19114735009490458
2011-07-11,-0.0003962474432424174,-0.9943473795816804,9.325107934756718e-05,0.1582709449291866,0.1857915323259518
2011-07-12,-0.0003961752147811294,-0.9900443458235273,9.330480018896358e-05,0.15830519138595067,0.18461376456328393
2011-07-13,-0.0003960672886186116,-1.0069999955927444,9.302200031078906e-05,0.15693560112544946,0.1904854550470071
2011-07-14,-0.0003846609889509125,-1.0047828818142337,9.167706134284101e-05,0.15551786100951132,0.19054235822604537
2011-07-15,-0.00038530916707673083,-1.0047282424965285,9.148315744332326e-05,0.15552033599191128,0.19085299827080848
2011-07-18,-0.0003892863513189187,-0.9795178421700429,9.184759543890271e-05,0.15539852638727988,0.18569554251462417
2011-07-19,-0.000375141289899759,-0.9305498443582186,9.32148763647695e-05,0.15670839362430966,0.16901149202808585
2011-07-20,-0.00036576444690307827,-0.9464738121990172,9.295281705373218e-05,0.15764070534909583,0.16877052901883727
2011-07-21,-0.00037528610318345946,-0.9268121809176872,9.329864762828654e-05,0.15763092981052373,0.16551015871962182
2011-07-22,-0.00038585676410413724,-0.9308594080589234,9.30530009761873e-05,0.15747532118816535,0.16890387036839571
2011-07-25,-0.0003887302830396488,-0.932203305427336,9.321990265795159e-05,0.15760600098759914,0.16947066484804174
2011-07-26,-0.00038660953662115924,-0.9288850687451466,9.320713244206696e-05,0.15712894264971458,0.16895470023524406
2011-07-27,-0.00038629268563399423,-0.9298510346417642,9.317921121217713e-05,0.1568330690929405,0.1693901675484477
2011-07-28,-0.00038147964282998575,-0.9394466503904464,9.350102541628371e-05,0.15778494867960563,0.1701263851147662
2011-07-29,-0.00037970159140671806,-0.9428172242555727,9.231205937616369e-05,0.15897565927583024,0.17039264180867564
2011-08-01,-0.00040045872094162294,-0.9580074800053514,9.207818001376036e-05,0.15729642569884353,0.17977917078488403
2011-08-02,-0.00041198926730692613,-0.9530983406124149,9.346949020936335e-05,0.1596996164250083,0.1774230882876543
2011-08-03,-0.00040807319806070944,-0.9497882833994511,9.327466968435211e-05,0.15985344161263368,0.17560583331446555
2011-08-04,-0.00040444834022017106,-0.9578436742426526,9.274211787053746e-05,0.15717716124510442,0.17737342150007684
2011-08-05,-0.000392481759715389,-0.9467253357123098,9.264880696698776e-05,0.15754915731739666,0.1724986732670687
2011-08-08,-0.00043431619248206395,-0.9435787431037006,9.392813026016133e-05,0.16156727123811643,0.1756474956054913
2011-08-09,-0.00043881356390115074,-0.9465439573712655,9.183019892638293e-05,0.16242251272416472,0.17705199240708847
2011-08-10,-0.0004808869026332775,-0.9487136140522144,9.297449812830366e-05,0.16609613124147368,0.18347671724230918
2011-08-11,-0.0005122912687186404,-0.951883726112571,9.150293785908143e-05,0.16705389998404604,0.19460301603007024
2011-08-12,-0.0005033726696499076,-0.9592659006490327,9.122503577256448e-05,0.16743209495114933,0.19356049264042396
2011-08-15,-0.0005029300255125743,-0.9910915923929076,9.099364044801666e-05,0.16715611457952342,0.19772369774774234
2011-08-16,-0.0005090829619731131,-0.9928671297556856,9.178059245120998e-05,0.16757552166454784,0.1979753410764391
2011-08-17,-0.0005095836507843852,-0.9893469031383306,9.184603515310039e-05,0.16772432076759994,0.1979200768596131
2011-08-18,-0.00047696882183659057,-0.9166550156662091,9.326805308265492e-05,0.16939941613860737,0.17450043265273962
2011-08-19,-0.00047546294003709917,-0.9381242120338765,9.320844108654424e-05,0.17007226321437896,0.17899956695055907
2011-08-22,-0.0004722705735170373,-0.9050394472696245,9.503727253166267e-05,0.17298728358774193,0.167552508382788
2011-08-23,-0.0005112842427347359,-0.8928678984884438,9.763675542201929e-05,0.17892479231978395,0.16833682491187907
2011-08-24,-0.0005489237133985285,-0.9250954631930545,9.84062383944043e-05,0.18159168950943005,0.18198431392294334
2011-08-25,-0.0005423455146407432,-0.9303266336867594,9.838305528933074e-05,0.18202876105439683,0.18139338283726736
2011-08-26,-0.0005346736591630421,-0.9470170314583826,0.00010017975613982684,0.1853593971410866,0.17651707526009963
2011-08-29,-0.0005473400196617654,-0.9312627430105795,0.00010064492442219437,0.18647297895148937,0.17589047299036054
2011-08-30,-0.000569346657289486,-0.9116685864125077,0.00010181421272583345,0.1890190607605908,0.17551581351901246
2011-08-31,-0.0005846862559701152,-0.934196634453424,0.00010191515544977292,0.18995790765433593,0.18056074203362227
2011-09-01,-0.0005763942137538457,-0.9119253495407479,0.00010097444749161917,0.19014042655477412,0.17621830291027618
2011-09-02,-0.0005975198482760901,-0.8752534478136591,0.00010254226603220998,0.19324218568291035,0.17225252048388928
2011-09-05,-0.000599830193495052,-0.8756674849114077,0.00010252946074013941,0.1930957841403465,0.17309581611888814
2011-09-06,-0.0005930412145016876,-0.8329775794574195,0.00010249598263001893,0.18859568427374215,0.1701523457896299
2011-09-07,-0.0006105063731658394,-0.8126169803572181,0.0001048384191295412,0.1927512341543469,0.1662659051385741
2011-09-08,-0.0006349137156950561,-0.8008223340385454,0.00010677662348310459,0.1943681197492663,0.1673692652521156
2011-09-09,-0.0006382163503385466,-0.8236906021370749,0.00010675687157870276,0.19243749365787,0.17067173437240857
2011-09-12,-0.0006464696548710072,-0.8461523908037163,0.0001075107511169832,0.19345583029923905,0.17413834150102225
2011-09-13,-0.0006349513851103329,-0.8406245248764941,0.0001077052284155641,0.19488146022669883,0.16967581912268337
2011-09-14,-0.000637987200076313,-0.8449107985349079,0.00010755838090488024,0.1948194838770122,0.17154452815613952
2011-09-15,-0.0006396495724080278,-0.8172937316901475,0.000108945947990896,0.19583735943187738,0.16557231348050994
2011-09-16,-0.0006401005385480416,-0.8144962692423022,0.00010925484276583278,0.1962129479031881,0.16493639050760367
2011-09-19,-0.0006365867305524702,-0.8527682184242297,0.00010948817812601661,0.19392104782857292,0.1681690683397309
2011-09-20,-0.0006415863322001792,-0.8511791683541818,0.00010952205889769224,0.19525206630674063,0.16875064344686874
2011-09-21,-0.0006415901801035096,-0.8671474112141025,0.00010972502354123644,0.19474187488711583,0.17045600305955788
2011-09-22,-0.0006352096054224163,-0.9208936038416123,0.0001100985551751551,0.18432896597026344,0.18034938908129639
2011-09-23,-0.000700524637213227,-0.8664698200193443,0.00011669266722273479,0.19463312483438774,0.17213945024004274
2011-09-26,-0.0007022719042806883,-0.8653182853945656,0.00011679747495964749,0.19489657142484507,0.17217689629978872
2011-09-27,-0.0007019365937595292,-0.8942169216882224,0.00011742251300218626,0.19257770629780607,0.1753434055001699
2011-09-28,-0.0007140917773470531,-0.905830747326001,0.0001184332525516378,0.19437098302524156,0.17746198789602352
2011-09-29,-0.0007123061692954921,-0.8944397964523013,0.0001188336816974656,0.19461750270999487,0.17488526727020448
2011-09-30,-0.0007064583814071244,-0.8634315330078172,0.00011906726283337113,0.19379400198536414,0.16937006177323866
2011-10-03,-0.0007222151391721324,-0.8411794899050724,0.00011902465073191538,0.1940978722047667,0.16966447545358943
2011-10-04,-0.0007191369842825782,-0.8664464218949551,0.00012031906538297484,0.19477412693826338,0.16871528879553233
2011-10-05,-0.0007115663445867056,-0.8873801647092918,0.00012027984453711454,0.19380190521374727,0.16878152644046118
2011-10-06,-0.0007161865656439984,-0.8283519606639644,0.00011882427500940312,0.19267635006107342,0.16655996985708488
2011-10-07,-0.0007206790256608161,-0.7887278503852924,0.0001190806446410467,0.1918925375010361,0.16340549531766657
2011-10-10,-0.0007157218749593215,-0.7886637807408055,0.00011999656534319964,0.19326121041514882,0.1600501265380031
2011-10-11,-0.000720347408613371,-0.7861840648326928,0.00011975449251791205,0.19329026421970838,0.16090963687735194
2011-10-12,-0.0007195983441926645,-0.7924655432955141,0.00011999441337297661,0.19314170100515612,0.16012969509245745
2011-10-13,-0.0007271382978133661,-0.8058517123690907,0.00012030973081539236,0.19317440297208624,0.16243641852959623
2011-10-14,-0.0007280403100616893,-0.8111259964385771,0.00012123280364932633,0.19377862074831065,0.1601268186331375
2011-10-17,-0.0007217374713697894,-0.8041981296506473,0.0001215138008270538,0.19523225202821992,0.15606724707847508
2011-10-18,-0.0007183407201964305,-0.8061131463063385,0.00012189835388159339,0.19505963909398258,0.15451347539563798
2011-10-19,-0.0007199761407715672,-0.7956104959142696,0.00012221485275414043,0.19534476506749923,0.15326983678657646
2011-10-20,-0.0007209789437076885,-0.8146338268554045,0.00012232817897252433,0.19391653226117359,0.15579184204903151
2011-10-21,-0.0007205126218290212,-0.8236499556972261,0.00012226708373450185,0.19150681077523124,0.15771962215041424
2011-10-24,-0.0007004684517942067,-0.7742189944289962,0.00012181816839926601,0.19162105497789325,0.1472899097695265
2011-10-25,-0.0007302156463274531,-0.7816674941817119,0.00012188168714146849,0.19305727969922193,0.15457862793377541
2011-10-26,-0.000726192057002539,-0.7880579851828271,0.00012185762733722872,0.19344028847898065,0.15409094444222948
2011-10-27,-0.0007102952824332936,-0.8122887133550738,0.0001223103163596801,0.18830041454755547,0.15208979234314013
2011-10-28,-0.0007057822347524777,-0.8227542776262791,0.00012182480075318838,0.18809678448716377,0.15312362476121844
2011-10-31,-0.0006882250391343158,-0.8467315365212504,0.00012176396587647226,0.18820612554874108,0.15047691233516647
2011-11-01,-0.0006587708578148442,-0.7999341967492065,0.0001228368512287025,0.18208740854297636,0.13668799053050618
2011-11-02,-0.0006661269832860173,-0.8084006501222689,0.00012497466944582104,0.18200304747417595,0.1359765102748287
2011-11-03,-0.0006451963781448518,-0.7871644608550743,0.00012531950807591889,0.18437976101012907,0.12756090249051477
2011-11-04,-0.000642222573294005,-0.7911676524774504,0.0001251923997145146,0.18455188094077193,0.12733790536483613
2011-11-07,-0.0006490953436412639,-0.7823209310754722,0.00012584138255481063,0.18585530503115794,0.1264888031285245
2011-11-08,-0.0006566866000769344,-0.7806662961347078,0.00012579906182745077,0.18591074217783624,0.12781438475270235
2011-11-09,-0.000654073759903941,-0.7877660828915813,0.0001261546287096861,0.18514911040994486,0.127908069638498
2011-11-10,-0.0006577770438128103,-0.8156298281604741,0.00012594668304610616,0.18628754343026147,0.13130833632543815
2011-11-11,-0.0006609176029063812,-0.814947649126303,0.00012728688583772948,0.18698071018572368,0.13032797954473851
2011-11-14,-0.0006624484289219399,-0.813782644889818,0.00012726211036302168,0.18701280785497576,0.13048000572034824
2011-11-15,-0.0006587371178527557,-0.7933455463257193,0.0001269416865880553,0.18720270690725888,0.12855922314371604
2011-11-16,-0.0006603960241846377,-0.7990851440493729,0.0001271219284441844,0.18788533084636103,0.12907996494765284
2011-11-17,-0.000667113276111137,-0.8041225170389392,0.00012803300921791557,0.18922651285770928,0.12945585223466227
2011-11-18,-0.0006680702175868975,-0.8012843451804049,0.00012852139330921667,0.18950823885593865,0.12925388640473667
2011-11-21,-0.0006787424938871052,-0.8436983700344751,0.00012897912694558137,0.1895696342224599,0.135929192367219
2011-11-22,-0.0006828300376425384,-0.8241710464726457,0.00012847766788956489,0.18925424334127955,0.13550136264991286
2011-11-23,-0.0006797016782147402,-0.8265475361602559,0.00012868776621677226,0.1879857594644529,0.1350243023001263
2011-11-24,-0.0006609178896064428,-0.8220839925705823,0.0001298734777327696,0.1876822435005421,0.12941121199721684
2011-11-25,-0.0006628271864355,-0.8246707514096804,0.00013174594772766371,0.1880208146613484,0.1272465197430792
2011-11-28,-0.0006719758736576211,-0.8484520586133182,0.00013178700032631427,0.18691247101790417,0.13266262967032272
2011-11-29,-0.0006747139253674504,-0.8464215415889942,0.00013218959723038597,0.18664135509166524,0.13283510765559692
2011-11-30,-0.0006774241596939144,-0.8773939802272555,0.0001328345554522294,0.18628182002867005,0.1360014285862553
2011-12-01,-0.0007011875689380339,-0.8790140298995082,0.00013493681707391945,0.18596050599872907,0.13871611113948723
2011-12-02,-0.0007049816739934959,-0.8703677099333651,0.00013452365411129171,0.18577314508789486,0.1390805879383975
2011-12-05,-0.0007087657735592727,-0.8518318762331922,0.00013531020255112787,0.18639669138692128,0.13683706896448578
2011-12-06,-0.0007094326783498465,-0.8468894614669221,0.00013608381480975174,0.18640541915955142,0.13588918292974606
2011-12-07,-0.0007137914918394992,-0.8508129697334463,0.0001360265493820124,0.18629925459831556,0.13727023995675747
2011-12-08,-0.0007223105234833157,-0.8720358024704229,0.0001363823259531757,0.1863670720373274,0.14124022767537336
2011-12-09,-0.0007219983684295082,-0.8739824364848996,0.00013626797464437487,0.18638187326363678,0.14143974555144456
2011-12-12,-0.0007102826713733682,-0.9186178280842849,0.00013765220150740155,0.18691259056709994,0.14247322554595954
2011-12-13,-0.000700856691079792,-0.9282776294205806,0.0001386782206019111,0.18835015750625078,0.1400473802054708
2011-12-14,-0.0007154574706641984,-0.9825003188019878,0.0001402166327980121,0.18928108459714144,0.14787952444304886
2011-12-15,-0.0007501172381367483,-0.9757608738264649,0.0001403997900826137,0.18784744105625925,0.15402296239107527
2011-12-16,-0.0007701334101272697,-0.9889389838770357,0.00014189896453758316,0.18871154047097483,0.15664279372731804
2011-12-19,-0.000761771197510773,-0.9915114522441144,0.00014153141429780713,0.18888268192399701,0.15584513015778378
2011-12-20,-0.0007538144689772364,-1.0007053288557648,0.00014224623424930998,0.1886495626889254,0.15486680871383396
2011-12-21,-0.0007475043892802287,-1.0101144466659981,0.0001421352495164203,0.18916974821006596,0.15533828618798573
2011-12-22,-0.000755270721031316,-0.9861415632360143,0.0001412685146689471,0.18817502474115602,0.15526003059421167
2011-12-23,-0.0007591940316358252,-0.9904548047688875,0.00014182646648628174,0.1885081851497491,0.1552789573351293
2011-12-26,-0.0007614687269007366,-0.9871019388961868,0.0001419072326655464,0.1886594302868283,0.15532701082553346
2011-12-27,-0.0007674363214518554,-0.9881377079668303,0.00014210284451700983,0.18873693260734486,0.1563476768752936
2011-12-28,-0.0007550437656820329,-1.012054736348892,0.00014328383663463713,0.19007974237315464,0.1549496588275988
2011-12-29,-0.0007568420862658701,-1.0091332244001874,0.00014324562686991304,0.19015569818865882,0.1548599839286785
2011-12-30,-0.0007590716073017428,-1.014963636664633,0.00014324034402634253,0.19042365777513004,0.15603413104395003
2012-01-02,-0.0007649924545409879,-1.0412598358586869,0.00014268004399499798,0.19045008211787856,0.16084511619135455
2012-01-03,-0.0007579281871968558,-1.0725139709609532,0.0001435389752488021,0.190371006356213,0.16272233163376637
2012-01-04,-0.0007598030487241277,-1.0695927845248145,0.00014351403794906178,0.19030147121020355,0.1625416687085739
2012-01-05,-0.0007590892015170436,-1.0527320939141223,0.00014377955038151602,0.19006671082100185,0.15994496302833217
2012-01-06,-0.0007590244415216944,-1.0537398309233053,0.00014380153505331566,0.19010664436178984,0.16001821284758033
2012-01-09,-0.0007702220449086642,-1.0613456975349933,0.0001509395744853891,0.19231641436142008,0.15202453521913806
2012-01-10,-0.0007677130606237629,-1.0847718605187624,0.00015102147981938826,0.19264168465410217,0.15389167281353244
2012-01-11,-0.0007716066441097161,-1.0848068848245829,0.0001510298913175788,0.19252040243452412,0.15441720413015603
2012-01-12,-0.000776956761694656,-1.083943550694194,0.00015136638842073682,0.1921237194560589,0.1552984188328116
2012-01-13,-0.0007808587566390457,-1.0853380737765057,0.00015149708648933596,0.19193716908268973,0.15613719064481402
2012-01-16,-0.0007780152709093523,-1.0808621183546538,0.00015017554647508253,0.19027023555937791,0.15740288116416778
2012-01-17,-0.0007632103278966029,-1.0836726713347187,0.00014981378399558666,0.18868910640386014,0.1577914363843388
2012-01-18,-0.0007633507289744089,-1.0892938881753045,0.00014976211171947163,0.18846972478064014,0.15869176236652627
2012-01-19,-0.000754485355907194,-1.0870885489536461,0.0001474460358917633,0.18923389377513877,0.15777864089744154
2012-01-20,-0.0007527546919150702,-1.086175021788159,0.00014779956977471441,0.18932006600843665,0.1570983874798838
2012-01-23,-0.0007791201824116198,-1.1071173878266491,0.00014769835752233347,0.18811513129684093,0.16460559113726114
2012-01-24,-0.0007802773536074803,-1.1121868635180512,0.00014853992450568029,0.18843760901971507,0.16414508265633954
2012-01-25,-0.0008110351568252129,-1.1186859314867486,0.00014815206296013675,0.18936653072627954,0.1693095713861138
2012-01-26,-0.0008150545909677927,-1.08985454993043,0.00014793641808362725,0.18648182446751077,0.16978682572317516
2012-01-27,-0.0008177930231599193,-1.0919978254213452,0.0001481027187274399,0.18662448212358476,0.17053467724685023
2012-01-30,-0.0008163855288529083,-1.0986739611264347,0.00014844580543237575,0.18700906593861705,0.17008907031724774
2012-01-31,-0.0008196083517165804,-1.0963310863862819,0.0001483753285465928,0.18715397253243105,0.17027930526490065
2012-02-01,-0.0008182806202310241,-1.0903033630682715,0.00014841887202856382,0.18662230305313834,0.1696354951839102
2012-02-02,-0.0008194237238294928,-1.0935571536413176,0.00014829817092831444,0.1863660717648249,0.17068214849400398
2012-02-03,-0.0008407864002528899,-1.098990831337171,0.00014779422025062275,0.1868009077194314,0.17526248099529007
2012-02-06,-0.0008370426370592082,-1.0980587911371074,0.000148169709574092,0.1873731667866018,0.1733407021180562
2012-02-07,-0.0008296618968026903,-1.1068844522011665,0.00014886285023345256,0.1883029218988782,0.17147068130519572
2012-02-08,-0.000830486731635362,-1.1081880169766292,0.00014895766115048846,0.1884139007504715,0.17161665004818272
2012-02-09,-0.0008334077509440376,-1.108143551617912,0.00015028980901566396,0.18840054991422872,0.1713107163839266
2012-02-10,-0.0008275379824841623,-1.1123012147178941,0.00015003880109003186,0.1880307176919649,0.1709546964609262
2012-02-13,-0.0008394107057059005,-1.1239212370556793,0.00014988655783502292,0.18761721432174902,0.17455230116941034
2012-02-14,-0.0008364586150275015,-1.1248158547385854,0.0001498500528327448,0.18753926319326109,0.17403421732951463
2012-02-15,-0.0008348798318075468,-1.124566011974691,0.00014991399722555788,0.18776781802526274,0.17356343480798375
2012-02-16,-0.000827797172069224,-1.1176570439804876,0.00014956813225512256,0.18733672959386022,0.1721555347149143
2012-02-17,-0.0008283479380084437,-1.1172935635697359,0.00014960320170078034,0.1873911094969547,0.17211891403620794
2012-02-20,-0.0008176052544597119,-1.1156982665257946,0.0001502572349348927,0.1872240740279534,0.16987423768647036
2012-02-21,-0.0008164811797412986,-1.1268097285459153,0.00015210062066276265,0.1884492654231604,0.16824591465103034
2012-02-22,-0.0008224025548726401,-1.1234321122741744,0.00015212447278597298,0.18862588995477342,0.16829964450976553
2012-02-23,-0.0008200529909815793,-1.120826874472192,0.00015209475699232464,0.1886290847249021,0.1676568750479126
2012-02-24,-0.0008228052578026089,-1.1194545024848197,0.00015226295966632033,0.18870552897403298,0.1675373577507132
2012-02-27,-0.0008326582558045404,-1.1114651550918109,0.0001521755696191819,0.18838256942035272,0.1685589914141522
2012-02-28,-0.0008350718018603986,-1.1136640813859473,0.0001525757820560197,0.18850043498082203,0.16891091449851725
2012-02-29,-0.000863973539135309,-1.114860684040924,0.0001586433125712396,0.1961638854009573,0.16232627215385786
2012-03-01,-0.0008429943849349187,-1.0951297008748258,0.00015843580684120584,0.1965496901129507,0.1566234149774871
2012-03-02,-0.0008485538119728357,-1.0933054322536426,0.00015898894875267973,0.19613939569331929,0.15724747012474505
2012-03-05,-0.0008492667742336037,-1.0948516761837905,0.00015885910405922575,0.1964377982181297,0.1573700819702898
2012-03-06,-0.0008574821595172494,-1.1113417603104188,0.0001590331907369515,0.19572164710895737,0.1612173942220929
2012-03-07,-0.0008617879961161259,-1.1091563081778504,0.00015919846216666463,0.19573762853322094,0.16173971551387067
2012-03-08,-0.0008632235691513591,-1.1149568707404534,0.00015957157823388648,0.19531739671681309,0.16277213289057335
2012-03-09,-0.0008762697990027533,-1.1270469752673755,0.00015939585461696677,0.195134169643311,0.16622140991404633
2012-03-12,-0.0008863865256994738,-1.1444654718647014,0.0001591607089363174,0.1948519556814795,0.17024769866991196
2012-03-13,-0.0009069060273914635,-1.148272137270637,0.0001601643398359638,0.19551147743020678,0.17203591945096208
2012-03-14,-0.0009080766728868349,-1.1475976463322608,0.00015716983176539633,0.19418309642439824,0.1774934182752418
2012-03-15,-0.0009094144529618277,-1.1506459800081525,0.00015733495356592186,0.19425797057972716,0.177860522515079
2012-03-16,-0.000909622328103361,-1.1494046068087602,0.00015745259036826053,0.19420073809535512,0.17759622370365213
2012-03-19,-0.0009049680978155328,-1.1477008147687098,0.00015707125053807664,0.19429767254936764,0.17662184574173623
2012-03-20,-0.0009170284589747274,-1.1647361645491054,0.00015721039040370114,0.19407701626448262,0.18042947811552823
2012-03-21,-0.0009147364775386343,-1.1645002339649828,0.0001571475981710912,0.19408443990330754,0.1800798740110432
2012-03-22,-0.0009234293323091421,-1.1636769041259858,0.00015666177923677525,0.19329939157855477,0.18246641708422773
2012-03-23,-0.0009294465273541679,-1.1670370711815048,0.0001568266835484713,0.19324854730118432,0.18417738413928242
2012-03-26,-0.0009233393714359865,-1.177639060213631,0.0001573221821092364,0.19378469147613656,0.1835591932478582
2012-03-27,-0.0009143147908020281,-1.1737954778187567,0.0001576932682193423,0.19481134102085582,0.18016079258494777
2012-03-28,-0.0009158372196958336,-1.1795214503964397,0.0001574830814453284,0.19435783461247674,0.18196317866333644
2012-03-29,-0.0009237536373838753,-1.177623350673556,0.00015755374274021192,0.19409036633702326,0.1832174651121249
2012-03-30,-0.0009213952187822073,-1.1807982926633303,0.00015751053205016033,0.19409470741165372,0.18304492067190725
2012-04-02,-0.0009207258976951511,-1.1744586814589097,0.000156836277282065,0.19346662390539873,0.1835771025591003
2012-04-03,-0.0009363526350320877,-1.177419295115485,0.0001569341927190693,0.1939843262836985,0.18568482293975497
2012-04-04,-0.0009414546027117427,-1.2055441426532139,0.0001566425808650067,0.1932576469444373,0.1915762075105507
2012-04-05,-0.000952107776921103,-1.220366380054713,0.00015676954406017743,0.19389323024519828,0.19401852361911276
2012-04-06,-0.0009450921914264726,-1.2156647209457847,0.00015638164903104032,0.19451292224487127,0.19284481355650862
2012-04-09,-0.000945648019616658,-1.2180523810094466,0.00015643740437260722,0.194946277352182,0.1928976742013614
2012-04-10,-0.0009531507380666226,-1.2152241889230704,0.0001561918412040511,0.19509361512326695,0.19346387999361114
2012-04-11,-0.0009543017966879693,-1.2147577620905745,0.00015633661442165142,0.19505512699532043,0.19347755596718008
2012-04-12,-0.0009566940169034157,-1.2272075855596265,0.00015638618599082558,0.19476895546649958,0.1953031269370047
2012-04-13,-0.0009743567378316019,-1.2390885074024758,0.00015578426662131702,0.1934986092169787,0.20119326661597947
2012-04-16,-0.0009777950478270796,-1.246395974521476,0.0001559746242091909,0.19413710525153194,0.20154696023846608
2012-04-17,-0.0009696882600047352,-1.2263554332940174,0.00015602204515974857,0.19365407497098283,0.1977786307289514
2012-04-18,-0.0009703026514003065,-1.2318362094106199,0.00015561298771020766,0.19312016034180424,0.19949536571347692
2012-04-19,-0.0009639253502903402,-1.2261428036795663,0.00015527698104027276,0.19306947897395982,0.19838379020467622
2012-04-20,-0.000963965722057367,-1.2126059546566312,0.00015480511507926745,0.19241300656530458,0.19799041944282092
2012-04-23,-0.0009542980214115688,-1.1763151794569497,0.00015397038600613368,0.19231510052791564,0.1922496051581839
2012-04-24,-0.0009566494376022653,-1.1738902793287702,0.00015364556435701766,0.19170747134480506,0.1931062829416269
2012-04-25,-0.0009558207454369276,-1.1908347729481648,0.00015300480628274607,0.19127030393407407,0.19626171607676657
2012-04-26,-0.000961999638944912,-1.1907381702364348,0.00015288688643570189,0.19108269924261684,0.19796151233630954
2012-04-27,-0.0009582640111434598,-1.185847355193841,0.00015285891401050852,0.19067706977882995,0.19710873388814432
2012-04-30,-0.0009642071771829166,-1.1950921970921422,0.00015303201487272831,0.19107605857185533,0.1984022530092423
2012-05-01,-0.0009644297994197421,-1.1930354428801235,0.00015300982945239683,0.1914428539152808,0.19777907171776288
2012-05-02,-0.0009642400405499142,-1.1938967125727535,0.00015303168595827104,0.19120170824161026,0.19814843231094137
2012-05-03,-0.0009667520498776483,-1.1964613785999156,0.00015323126288408284,0.19168569385520848,0.19816601988431226
2012-05-04,-0.0009675271214345869,-1.191085022175148,0.0001532735523627177,0.191851246690757,0.19723785961487106
2012-05-07,-0.0009802124390725826,-1.1944640882674675,0.00015404952549879507,0.191699646710362,0.19901788028473844
2012-05-08,-0.0009755565001105639,-1.2066799600363058,0.00015487478608277805,0.1920025954706318,0.19869139387238932
2012-05-09,-0.0009802140484367755,-1.2267005192741804,0.00015465907275190552,0.1924303216093433,0.2020556851085077
2012-05-10,-0.0009818424265636077,-1.229865460590101,0.00015500199846423928,0.1928027622518823,0.20164565526160894
2012-05-11,-0.0009774433879053235,-1.2284292413922548,0.00015517028497550478,0.19309293969539515,0.20035754764714064
2012-05-14,-0.0009765041325403082,-1.2455200023104993,0.0001555028145319773,0.19296541087791017,0.20174312467691258
2012-05-15,-0.0009745906597842637,-1.2437774108224966,0.0001556424978428192,0.19406865848488053,0.20033782633312303
2012-05-16,-0.0009695820761425584,-1.2362833643868287,0.00015542728729376053,0.1936358123455067,0.1995361576293606
2012-05-17,-0.0009744494133839307,-1.2392692662814146,0.00015632143347170496,0.19506600106497837,0.19866867258290621
2012-05-18,-0.0009841679591961275,-1.2400970094899206,0.0001568126945169015,0.19536807232790035,0.19927873424346543
2012-05-21,-0.0009878266761941456,-1.243937251015152,0.00015711006273682433,0.19561509267040575,0.19954340964181294
2012-05-22,-0.0009987269452641661,-1.2527246386408313,0.00015756581798470658,0.19688580960690877,0.20049624972815672
2012-05-23,-0.000999333204235697,-1.2448569392593145,0.000157610802107517,0.19552395589633695,0.2004495296859956
2012-05-24,-0.0009983335016676628,-1.2456120169368865,0.00015739522382925028,0.19557156993696692,0.20050697046352206
2012-05-25,-0.0009982720735122303,-1.2423605799402493,0.00015759633802933014,0.19588884475816928,0.19956338178083965
2012-05-28,-0.0010051708112367157,-1.2446760331784512,0.00015766987699982802,0.1956823728286669,0.20101111812786865
2012-05-29,-0.0010064100666971694,-1.2384339120269519,0.00015790503241337267,0.19652857940370197,0.1994189588568105
2012-05-30,-0.001007785980317599,-1.2357323220303393,0.00015732897024750876,0.19621107713365066,0.19963628729773253
2012-05-31,-0.0010078677481935624,-1.2333345084625267,0.00015722197488264497,0.19638918131255464,0.19930004333626017
2012-06-01,-0.0010460349664729743,-1.2542701277208574,0.0001584594232726429,0.1991688351513843,0.20595858700841296
2012-06-04,-0.0010466857826919233,-1.2570094771004015,0.00015835442218553508,0.1994459924894677,0.20615204215195582
2012-06-05,-0.001046789483104752,-1.2546282311648855,0.00015834233290413358,0.20011784800294413,0.20558249797285555
2012-06-06,-0.0010506079399578813,-1.2537497581680381,0.00015832187245484936,0.19942146034332026,0.2059609094629884
2012-06-07,-0.0010521044484390189,-1.240526319384038,0.00015919575769322915,0.2007352019432068,0.2025022519826477
2012-06-08,-0.0010545180479979957,-1.234084726521694,0.00015943611531672795,0.20031680401083965,0.2022530086838521
2012-06-11,-0.0010806820517315495,-1.2079868702463719,0.0001592588335706718,0.19962851618269734,0.20584509861633138
2012-06-12,-0.001091747048718881,-1.2105020664835238,0.00015881217988125872,0.1988738333356478,0.20914960861959297
2012-06-13,-0.001090290192942261,-1.2084448706333313,0.00015881353966567047,0.19860003659380196,0.20904402470360395
2012-06-14,-0.00108939672166938,-1.203797078967682,0.00015898726380871104,0.19881764282506023,0.20842408158758585
2012-06-15,-0.0010752903522645864,-1.1877604626295124,0.00015844504339102282,0.19909355376350546,0.2053477469144751
2012-06-18,-0.0010747549704202429,-1.198429970612377,0.00015816303826113426,0.19907827485979032,0.2069102966720776
2012-06-19,-0.0010710596222566664,-1.1814581468405074,0.00015838178062829668,0.19829390309090222,0.20460553069756615
2012-06-20,-0.0010730149046284255,-1.1830049613579579,0.00015831743617590493,0.1982903233822189,0.20528534950306754
2012-06-21,-0.001090568685930579,-1.208602208771826,0.00015753532128945944,0.1970696008872326,0.2138604409174507
2012-06-22,-0.0010743153434370032,-1.2004478139792658,0.00015723734021398563,0.19704848668832672,0.21097947514475868
2012-06-25,-0.001077502154493024,-1.198563744017179,0.00015711755958144603,0.1972050566769217,0.21123652713568608
2012-06-26,-0.0010773360108453378,-1.19495367376587,0.00015753015951262573,0.19725535779862075,0.21021770510984383
2012-06-27,-0.0010715139097355962,-1.2047939906770622,0.00015754293402210452,0.1974165392116184,0.21073457944718876
2012-06-28,-0.0010646685029274188,-1.2072179189340901,0.0001578432475579429,0.1977599362553247,0.2091570251609416
2012-06-29,-0.0010686356774696599,-1.2521317757511718,0.00015837452263439306,0.19623556022008368,0.21540788225361707
2012-07-02,-0.0010840182819285096,-1.2550193807871395,0.00015907480756049638,0.19595317852146363,0.21777465829392162
2012-07-03,-0.0010847937133281857,-1.266632399987392,0.00016000102735017386,0.19624319602181728,0.21772693576293267
2012-07-04,-0.0010827144206784199,-1.2796150196907505,0.0001597056169847044,0.19631183339569053,0.21949810976486672
2012-07-05,-0.0011051617577073239,-1.3321198129231935,0.00015895442788580767,0.19539771344522253,0.23055515418508854
2012-07-06,-0.0011253741698519385,-1.3401813156900215,0.00015939459834851886,0.19443115834435898,0.2354550003112461
2012-07-09,-0.0011176754848027225,-1.347404298587192,0.00015939547475220356,0.1946601901451482,0.23572322614967944
2012-07-10,-0.0011105333479907746,-1.3377897838778776,0.00016050530139699755,0.19530627329231157,0.23141303882029163
2012-07-11,-0.0011050386741042642,-1.3348611775906103,0.0001606600351874537,0.1955151545307012,0.22970631095382332
2012-07-12,-0.001106065742307131,-1.3377496210439004,0.0001606853143532868,0.1957274007998742,0.22988832663840075
2012-07-13,-0.0011072898200793575,-1.341532411307126,0.0001606610366062667,0.1953915894805989,0.23107306220113943
2012-07-16,-0.0011066246085264222,-1.338709311493297,0.00016076656661180835,0.19526572353727714,0.23076642843105433
2012-07-17,-0.001134752244171762,-1.3511538879157925,0.00016326668717961637,0.1954722113656871,0.23280370995432575
2012-07-18,-0.001135376493505994,-1.3427092328445709,0.0001634938561339998,0.1954448745470513,0.23197366372986683
2012-07-19,-0.0011221429301249445,-1.3376237193031941,0.00016278538090844748,0.19440978915682094,0.23091248008305387
2012-07-20,-0.0011336844768736057,-1.3403173188182191,0.000163240948758458,0.19418778723769542,0.2323614921327014
2012-07-23,-0.001141618628800081,-1.3262409288261123,0.0001642758712734085,0.19459207493152936,0.23264570005018415
2012-07-24,-0.001170959114521131,-1.3367962837440768,0.0001647809454815286,0.19384169566393358,0.23826841204393157
2012-07-25,-0.0011257200910893127,-1.3333906841972718,0.0001662198676188604,0.19312376520874755,0.22949210132183928
2012-07-26,-0.0011655171810399545,-1.3372909320684627,0.00017201951267233875,0.19162512819394717,0.23136479626637796
2012-07-27,-0.0011079180186550149,-1.3238238746825377,0.00017382724975629395,0.1905953088363399,0.21937461794128366
2012-07-30,-0.001099370080547948,-1.322165426458109,0.00018070749641959586,0.1909847355424719,0.21112968501498974
2012-07-31,-0.001110660965863335,-1.3239658342158118,0.00018143033364083786,0.19093297789347655,0.21209543675485154
2012-08-01,-0.001134880746668997,-1.314855212079157,0.0001818833045010623,0.19071378111623352,0.21459064368247316
2012-08-02,-0.001132512815612213,-1.313332588472727,0.00018159611522435487,0.18980325918577956,0.2150566561598729
2012-08-03,-0.00113602415271369,-1.319038503992351,0.00018195482192115292,0.18838321676147984,0.21673969259332493
2012-08-06,-0.001226858467796646,-1.401857356840439,0.0001803386187596227,0.18616455748300612,0.24248944641417225
2012-08-07,-0.0012231420160216766,-1.4002800692047448,0.00018148835170770497,0.18693502483903743,0.23899411911694213
2012-08-08,-0.0012313100500068422,-1.4216344284937141,0.00017869136120180198,0.18453317847248957,0.24837044503629147
2012-08-09,-0.0011578288417141652,-1.4131347505736847,0.00017838573007507137,0.18240057958780803,0.24113650672447362
2012-08-10,-0.0011018722862601404,-1.385740606297123,0.00018136019323277728,0.18242407892299403,0.2265949706334074
2012-08-13,-0.0011259273002454336,-1.3922834977493903,0.00018419624892375893,0.18244831916337506,0.22813232006678186
2012-08-14,-0.0011375199203042098,-1.381915501898459,0.00018108155438482785,0.1799336800094533,0.23322244532262892
2012-08-15,-0.0010812179511433201,-1.3739260351506073,0.00018016965286689581,0.17953134593729722,0.22760834581171652
2012-08-16,-0.0010296305862287191,-1.3697341364189648,0.00017973658926557714,0.1780534107154792,0.223752195238487
2012-08-17,-0.0010238303835509272,-1.3718707460827477,0.00017988304323900383,0.17796931072075478,0.22379759648481246
2012-08-20,-0.001049436421460719,-1.3789127242805557,0.000182391474518026,0.1778948865448584,0.22595242897900425
2012-08-21,-0.0010077221606143564,-1.3930155860905484,0.0001806428985718039,0.17522151835410263,0.23002865126322347
2012-08-22,-0.0010154180037074928,-1.3944096160944592,0.0001784930266143994,0.17517269252760254,0.2323244388902297
2012-08-23,-0.0010534890991274457,-1.4546632121773402,0.00017760957420641198,0.17693749165013647,0.24366332089941245
2012-08-24,-0.0010197407354714434,-1.4597961578722636,0.00017488077517031518,0.17400191710637766,0.2478317268111787
2012-08-27,-0.0009674855425837643,-1.4513802388615633,0.00017505773127946377,0.17289419041280618,0.2433011180235678
2012-08-28,-0.0009637232960035011,-1.4608283789497825,0.00017459854295376752,0.17435736869977253,0.24315555146037415
2012-08-29,-0.0009463170169001385,-1.4448022552426205,0.00017376383272253845,0.1737912732807137,0.23980440890705756
2012-08-30,-0.0009809587691667733,-1.4540949062107698,0.0001739556616392603,0.1727547802984246,0.24607706406380891
2012-08-31,-0.0010006263321477428,-1.4739505818947953,0.00017421466502724715,0.1723916837426975,0.2526981040283207
2012-09-03,-0.0010000184516019699,-1.494373825408498,0.0001728802329464031,0.17138860772590783,0.25911819462971153
2012-09-04,-0.0010011439574520015,-1.495797089300901,0.00017254459849784238,0.1710577621884515,0.2602372879817635
2012-09-05,-0.001002166755612511,-1.483445667698288,0.00017247049381663904,0.17245487608565505,0.25615562737290976
2012-09-06,-0.0009811070938653106,-1.4796369064704051,0.00017220486043253769,0.17243045138514163,0.25319772243493865
2012-09-07,-0.0009953679961933613,-1.4874122825631069,0.0001712734107512907,0.17168370737671992,0.25902264313592804
2012-09-10,-0.0009971640955653107,-1.492689702153653,0.00017200926488609037,0.1807157534273152,0.24410197407251522
2012-09-11,-0.0008782325960427489,-1.5173081266980109,0.0001639236544599158,0.17059199859057306,0.25987854108580033
2012-09-12,-0.000858235694013222,-1.5086002141757182,0.0001626097056841043,0.170273646059585,0.25771841566559484
2012-09-13,-0.0008816864910458128,-1.5053459625345667,0.00016033318998900543,0.17244003879880537,0.25661704646537153
2012-09-14,-0.0008297943334646642,-1.4459321275278492,0.00015892446944772924,0.16891827315974317,0.2478563634522034
2012-09-17,-0.0008418955821239706,-1.4641026602312932,0.00015819441963189397,0.1683861337553445,0.253961351732922
2012-09-18,-0.0008445833784040883,-1.4853862907185016,0.00015813098210668583,0.16958894547090397,0.2562631697815091
2012-09-19,-0.0008044026113954313,-1.5025751476527685,0.00015829299405864056,0.16862721541982031,0.259278167655434
2012-09-20,-0.0007932863815493422,-1.4713595528229058,0.00015685111406282606,0.16789836120006435,0.25446921836011904
2012-09-21,-0.0008026063067746997,-1.459250262175467,0.00015727574941234437,0.16825191074952406,0.253043335113352
2012-09-24,-0.0008023645588032887,-1.4591140096563198,0.0001572672636595644,0.16831109736620176,0.25286408601712695
2012-09-25,-0.000794457806703421,-1.4921747975935238,0.00015635664967686793,0.16845800994697094,0.25984189372447974
2012-09-26,-0.0007964122099165711,-1.4946509659747598,0.00015407029694605812,0.1656744202030879,0.2666229934402078
2012-09-27,-0.0007879103495891766,-1.5077259143660935,0.00015507486773836272,0.16575117586945304,0.268763818852253
2012-09-28,-0.000788068983388482,-1.5079553277074291,0.0001550846218491615,0.16653286517374152,0.2677976073222458
2012-10-01,-0.0007881362119693058,-1.5080842773910104,0.00015517938115016213,0.16685621216941118,0.2669884198874355
2012-10-02,-0.0007806151716044311,-1.5047929263327602,0.00015483040583788842,0.16748519436594045,0.26484610945777975
2012-10-03,-0.0007853710256797197,-1.5006015581504786,0.00015499563065778536,0.1672493432114435,0.26482090261630864
2012-10-04,-0.0007839442227313203,-1.4972220724336325,0.00015473529809790777,0.16693810255736474,0.2652258993506579
2012-10-05,-0.0007871605082284113,-1.5072916977980335,0.00015369896542365353,0.1662619848801033,0.26930186538721035
2012-10-08,-0.0007870285262730087,-1.504249333292155,0.00015377945425392752,0.16816797938885517,0.26481305114319054
2012-10-09,-0.0007839079660873177,-1.4998965854896498,0.00015365768836193443,0.16908005836005818,0.2624904376636116
2012-10-10,-0.0007833663353290719,-1.4963462738934978,0.0001536088892722834,0.16965087080317798,0.2606439331139878
2012-10-11,-0.0007210049101310618,-1.4888180709090693,0.00015407516532190828,0.16792619957273058,0.25655314197906165
2012-10-12,-0.0007347339084706557,-1.4971204788687935,0.00015379805870702337,0.1674263196024618,0.2603741182038697
2012-10-15,-0.0007319125820807097,-1.5048818151183891,0.00015493346546086302,0.1724444749019994,0.2550772093419861
2012-10-16,-0.0007194297518158728,-1.508691258286335,0.00015463844518505212,0.17293914970083268,0.25358526580492335
2012-10-17,-0.0007505780895490242,-1.4903485031679717,0.00015532420219884302,0.17274703604952266,0.2537818817645281
2012-10-18,-0.0007078567884425908,-1.5887095225322567,0.00015577616475937094,0.17870345184715034,0.26498780202893746
2012-10-19,-0.0007009572503964101,-1.6001183384227904,0.0001558983070674581,0.17943010913616844,0.2639182890554217
2012-10-22,-0.0007459458761194106,-1.6132158942582464,0.0001553757214957558,0.17755217997841669,0.2740349841513283
2012-10-23,-0.000760637339578296,-1.6250800103704437,0.00015605180204904378,0.17714755476638297,0.2781594550812875
2012-10-24,-0.0007374392063111136,-1.6268929762163566,0.0001543192050461077,0.17496677245124598,0.2814173882885772
2012-10-25,-0.0007065623739439723,-1.6316068023871133,0.00015473901807397538,0.17523772844478994,0.2793062175166472
2012-10-26,-0.0007028666677917858,-1.6334585114842965,0.0001540684241222974,0.17633835002311005,0.27735989692735397
2012-10-29,-0.0006997376223446005,-1.6314014514405184,0.00015376653211003253,0.17644136565469154,0.2765923244617112
2012-10-30,-0.0007010327826584238,-1.63156301450042,0.00015270423140239834,0.17522241517815484,0.2795215758049877
2012-10-31,-0.0007007203498413274,-1.6338278800721373,0.0001523722333593312,0.17519907614935398,0.2803254177878125
2012-11-01,-0.0007233634451060061,-1.6562543652502097,0.0001526970226228313,0.175498126701145,0.2852384407266435
2012-11-02,-0.0007399352039203985,-1.668589417036669,0.00015277333821683573,0.17590908922914078,0.2887740485213238
2012-11-05,-0.000732295568802958,-1.6563404993107798,0.00015073447800071217,0.1734516640634069,0.29113219623990705
2012-11-06,-0.0007166918161381297,-1.6716173930761342,0.00015161842282867817,0.17472582842254283,0.2898480244362527
2012-11-07,-0.0007010462921048599,-1.6384414686420474,0.00015021050189605636,0.1758820879051147,0.27871905351738135
2012-11-08,-0.0007055858558550918,-1.637724006322466,0.0001496385115588053,0.17564470027514303,0.279566592392667
2012-11-09,-0.0006959720082678992,-1.6521897524803333,0.00014974131767792048,0.17715024558469997,0.28031727237809134
2012-11-12,-0.0006961840376282201,-1.6522702288419393,0.00014975609826083707,0.17716773163286734,0.2803129681094402
2012-11-13,-0.0007018494463114523,-1.6586358851918992,0.00015086014551311626,0.1781274725105357,0.2785701163422777
2012-11-14,-0.0006906131580843495,-1.6380214950119818,0.00015086652018858832,0.17993180147476953,0.26918453062122216
2012-11-15,-0.0006938340176523019,-1.6450304734563574,0.00015084744874521987,0.18023909876581923,0.27026962244731834
2012-11-16,-0.0006951864322135166,-1.619399099427383,0.00015061939905812102,0.18219696355723825,0.26216337818599655
2012-11-19,-0.0006869318138431639,-1.635981873042152,0.0001507334649611669,0.18172452727133534,0.26535326730929
2012-11-20,-0.0006877605015139781,-1.63587890106545,0.0001509679095857409,0.1817231682432673,0.2655453209572921
2012-11-21,-0.0006898191538104352,-1.655724202118336,0.00014931172613481315,0.1802109024247084,0.27327389009976677
2012-11-22,-0.0006975315415371597,-1.6649996971882277,0.00014908712238845875,0.17993988820978035,0.27624116012551947
2012-11-23,-0.0006968752609945356,-1.6715261108770956,0.0001490689288672123,0.1791474216016201,0.2791831501590971
2012-11-26,-0.0006859511256464828,-1.6477842167200922,0.00014883228090236365,0.17957831839276586,0.27212796097601255
2012-11-27,-0.0006903065925256135,-1.6472675016980742,0.00014922780802344027,0.17960553406805463,0.2722403043387017
2012-11-28,-0.000709890092132375,-1.5954373870053764,0.0001488623995040632,0.18067918026816604,0.26325534712844545
2012-11-29,-0.00073004751451413,-1.5785635028121168,0.0001470772810922783,0.1784880537334951,0.2671783876371373
2012-11-30,-0.0007076863170751282,-1.4947289074997836,0.00014525933245377126,0.17824209888305403,0.24886813809636277
2012-12-03,-0.0007009825755729629,-1.502747489217878,0.000145156478492901,0.17834224670826154,0.2501135392042886
2012-12-04,-0.0006773969837080113,-1.4925642918791189,0.00014507035765078398,0.1779684922188341,0.24611071204277046
2012-12-05,-0.0006879719796468132,-1.4927839759079862,0.00014584127457823408,0.1778285060785931,0.2471811208138267
2012-12-06,-0.0006925485790472331,-1.4755318502528216,0.00014560666978981676,0.17824460541929502,0.2439347855057471
2012-12-07,-0.0006959864993640837,-1.4788352835047751,0.00014583185756712484,0.17832253631629438,0.24452097220611524
2012-12-10,-0.0006964226997413524,-1.4854746697342192,0.00014547246448495162,0.17794628356296188,0.24673713522190988
2012-12-11,-0.0007010778991066771,-1.4861480078489964,0.00014544942752328728,0.17785341167013902,0.2473530402770573
2012-12-12,-0.0006961459015229286,-1.4861057377221247,0.00014490844398273723,0.17790514180761005,0.2469251586604202
2012-12-13,-0.0006989297350385405,-1.485875121289345,0.00014402448393684787,0.1777087938853714,0.2480934695101038
2012-12-14,-0.000723193283174479,-1.4442331220450702,0.00014229357822090832,0.17584671395163415,0.247657410312507
2012-12-17,-0.0007163990500188846,-1.4462646828026,0.00014198423726873347,0.17579695290465602,0.24744215630096367
2012-12-18,-0.0007256892331602525,-1.4348439463539737,0.00014264075848335558,0.1771876593646703,0.24326851410075634
2012-12-19,-0.0007264250083528144,-1.4348032400274224,0.00014262970788322696,0.17721025205488736,0.2433153437630844
2012-12-20,-0.0007264125367240719,-1.3848658628164623,0.00014193558106181963,0.17829529344030717,0.23327509930320178
2012-12-21,-0.000722575576396493,-1.3787742566935945,0.00014220997561658144,0.17808976333532833,0.23195323712185856
2012-12-24,-0.0007168587696291337,-1.4132910592157122,0.00014138509360308237,0.1785146743662991,0.23813062393482665
2012-12-25,-0.0007171259805968322,-1.4118149983159614,0.00014137036782288932,0.17858680170231161,0.23783197669266132
2012-12-26,-0.0007199155833445258,-1.4115271935172669,0.00014124872932928974,0.17843248853424193,0.23845279139833309
2012-12-27,-0.0007332809616638649,-1.3891758592215573,0.00014116750304289392,0.17885220223822043,0.23660858778443006
2012-12-28,-0.0007301543127883791,-1.4030444583844195,0.0001408667454400077,0.1788603895944188,0.23922412324723907
2012-12-31,-0.0007031927951220363,-1.3951085412886286,0.00014090073814473773,0.18042378138516732,0.23203478756853324
2013-01-01,-0.0007078371188354109,-1.387839751660649,0.0001410049714923307,0.18068767117450413,0.2314055255203057
2013-01-02,-0.0007015623737455286,-1.3963053721522494,0.0001406929332208983,0.18023275066914463,0.23207695954786978
2013-01-03,-0.0007152182587767467,-1.407619201080477,0.00013961614685786608,0.1816461868403241,0.23450148467465393
2013-01-04,-0.000716706710151578,-1.4032188291286904,0.00013961068356068597,0.18159235427647344,0.2341917677407942
2013-01-07,-0.0007126616737298294,-1.3897177410792212,0.0001440515390426637,0.18236156925641442,0.22977871096081548
2013-01-08,-0.000714404485435366,-1.3880093503596496,0.00014419345114733244,0.18247873185665733,0.22941838998175468
2013-01-09,-0.0007103150454030483,-1.3826042771546012,0.00014392360034006977,0.1832377460519898,0.22732226979264092
2013-01-10,-0.0007121161629384724,-1.3869716518569377,0.00014395942420997927,0.1827012702030734,0.22897540087355595
2013-01-11,-0.0006400333641535811,-1.3826055561489492,0.0001447970378360053,0.18053069434533422,0.2219817178298613
2013-01-14,-0.0006592549739028338,-1.4382505593093557,0.000144752085904611,0.18452407821553787,0.226915321467425
2013-01-15,-0.0006541786598723907,-1.4309567101747174,0.00014485872483308926,0.18467780808872186,0.22449565344346523
2013-01-16,-0.0006630968569528278,-1.424181024982016,0.00014537869700706889,0.18463895960000534,0.22468592564803935
2013-01-17,-0.0006539843451479534,-1.426791123566177,0.00014557422530861184,0.18450937863456301,0.2242817331340612
2013-01-18,-0.0006562883857849556,-1.4369713452076562,0.00014544130072795386,0.18504311380878646,0.22542700165581642
2013-01-21,-0.0006532096236612633,-1.4311426551039688,0.0001454871908480728,0.18529436144246744,0.22330620126277345
2013-01-22,-0.0006101023832029511,-1.4268120278127367,0.00014640658863119215,0.18402755851581723,0.2191616856168963
2013-01-23,-0.000621529465900789,-1.4313383755257036,0.00014668224489798384,0.18382630593735327,0.2212808301556104
2013-01-24,-0.0006561806099663516,-1.422660914632004,0.00014595806806070883,0.1828427681991009,0.2259669822716629
2013-01-25,-0.000651202484144531,-1.4180010093975435,0.00014480800960847595,0.18237877543609834,0.2264840343706893
2013-01-28,-0.0006500395364471205,-1.417201967483091,0.00014516294374828233,0.18224713879432253,0.226349894048546
2013-01-29,-0.0006536224065926658,-1.414151563353947,0.00014597846493406407,0.18278719318922482,0.22628700357875775
2013-01-30,-0.0006558012656926455,-1.4161459755723915,0.00014620044695903806,0.18320646990854558,0.2264614328172112
2013-01-31,-0.000647439489081203,-1.4090934558212342,0.00014684945190020462,0.18403004221655,0.2234891696182122
2013-02-01,-0.000649062635905896,-1.4101467453505985,0.00014658325937097,0.18372746477331958,0.22434902753553543
2013-02-04,-0.0006574025286616149,-1.4043162372613955,0.0001465236323735311,0.18358631669143838,0.22374435130134995
2013-02-05,-0.0006545337908322451,-1.4065823800820503,0.00014608061356370883,0.18349447965551757,0.2240601927156156
2013-02-06,-0.0006571671636589508,-1.404694601814319,0.0001459494697722511,0.18347451293751152,0.2239244183646557
2013-02-07,-0.0006619880467993877,-1.3792808418699705,0.0001442622519377436,0.18119037049117856,0.22412594960974797
2013-02-08,-0.0006444234936947174,-1.3925301554308103,0.0001440752929284888,0.18059364253730864,0.226088494447774
2013-02-11,-0.0006456086385224688,-1.4029565905945107,0.00014470183102332902,0.18116499576231004,0.2267317571453643
2013-02-12,-0.0006439378486400623,-1.4103493692779705,0.00014448622251017837,0.18097311608723884,0.2283940208565065
2013-02-13,-0.000650929324635805,-1.4100265061692825,0.00014442461744625782,0.18094424842985882,0.22931459777971708
2013-02-14,-0.0006511208796224537,-1.4038291370427969,0.00014406518913571756,0.18066920358641764,0.22874784208339416
2013-02-15,-0.0006115101953264289,-1.4255277435599298,0.00013089498307166717,0.16414234261431487,0.2641890896849294
2013-02-18,-0.0006426116631936443,-1.4325830347818937,0.00012981452907624642,0.16208392055922294,0.27417794089159897
2013-02-19,-0.0006426038534305202,-1.4401982720477484,0.00012972323458099698,0.16260585865103,0.2750706168219854
2013-02-20,-0.0006467650259136315,-1.46171915634699,0.00013276819430284984,0.1659194733816453,0.2716083097303761
2013-02-21,-0.0006524127199937459,-1.4055506654252252,0.00013306465231127776,0.16726012168911478,0.2575421880551335
2013-02-22,-0.0006529442131213481,-1.4021548997197,0.00013288701455227328,0.16733088732887164,0.2566817563741044
2013-02-25,-0.0006649751269538529,-1.3897350825734804,0.00013254294025251144,0.16851037240903227,0.2539976067809536
2013-02-26,-0.0006557151221774217,-1.3757490026805095,0.00013366117657206782,0.16960113772177327,0.24756345270571978
2013-02-27,-0.0006585657001352383,-1.3561500067137697,0.00013435900455871147,0.170591741517149,0.24169200147170167
2013-02-28,-0.000626873937050063,-1.367900540943589,0.00013384989671836315,0.16976755128617957,0.2417205090785789
2013-03-01,-0.0006132453051929536,-1.3604039489591047,0.00013830032664250487,0.17075674310043346,0.23019128197483385
2013-03-04,-0.0006099753548233134,-1.3535322826194456,0.00013795734862240454,0.1705963761019072,0.22876324558550587
2013-03-05,-0.0006113385831771682,-1.357477484456281,0.00013796321470548625,0.170886545937876,0.22908951917050724
2013-03-06,-0.000603331794415612,-1.353286715418212,0.00013868079148103942,0.1714681976218701,0.2267234136550057
2013-03-07,-0.0006028652620558257,-1.3442392870030972,0.00013785982302018021,0.17179062851021604,0.2249704792675028
2013-03-08,-0.0005923089972423516,-1.3400584823349662,0.0001373431172473188,0.1718576366110242,0.22347436135822063
2013-03-11,-0.000592058133850935,-1.3390128318767685,0.00013733551915182178,0.1719069272777601,0.22312483526147253
2013-03-12,-0.0005868307385736648,-1.3326523388907439,0.00013729516990225227,0.17184200768298147,0.22111241270880588
2013-03-13,-0.000601490001902851,-1.3081943670245064,0.00013623539647909086,0.17068795943569062,0.22069276316506037
2013-03-14,-0.0006202365402322997,-1.3149014770191974,0.0001362207305828633,0.17000346449010503,0.2252909254411486
2013-03-15,-0.0006123442851288183,-1.2969090817157052,0.00013622339564528724,0.16986887452054963,0.22077317295588894
2013-03-18,-0.0006271053062768604,-1.2880074873506966,0.00013622426634393413,0.17032297852863842,0.21976766387324742
2013-03-19,-0.0006336555411606466,-1.2750419629773646,0.00013669840929383552,0.17066138085129148,0.2177622999505816
2013-03-20,-0.0006403400231094617,-1.2750481407546328,0.00013704236307025936,0.17112252492910038,0.21674598971584236
2013-03-21,-0.0005970903864460106,-1.275716014005478,0.0001376568921198521,0.16980649245139431,0.21313498457197977
2013-03-22,-0.0005814641541793872,-1.2376487406141308,0.0001376137542800511,0.17217153883761258,0.19954906345022894
2013-03-25,-0.0005754911703747484,-1.2385472696797413,0.00013760081198846248,0.17187029613172067,0.19951221562256471
2013-03-26,-0.000584490958738081,-1.2364589623931725,0.00013917469087817717,0.17189247140070357,0.19944598171206862
2013-03-27,-0.0005874733374472373,-1.2309113520643638,0.00013895801388202615,0.1716110064599148,0.19892972497939065
2013-03-28,-0.0005601848290066176,-1.2374514123766407,0.00013968903294566448,0.17133929725225064,0.19808159489510047
2013-03-29,-0.0005608419535882248,-1.2384947569572082,0.0001397008213518547,0.17137952995102293,0.19825653702025858
2013-04-01,-0.0005665823538265975,-1.2220536017227586,0.00013959838329608568,0.17185030144149935,0.1956297550956002
2013-04-02,-0.0005858875562644417,-1.2062435847190556,0.0001401844014531773,0.17293301300727332,0.1933720417785323
2013-04-03,-0.0005766003963021609,-1.2009642219225758,0.00014097093808555618,0.17416913134351705,0.18921304985743925
2013-04-04,-0.0005755226735406355,-1.22608029960237,0.0001401967412833567,0.1748908236484256,0.19268437589315757
2013-04-05,-0.0005926240727509496,-1.2451002330517797,0.00014026680609382215,0.1751079428498433,0.1988836352941199
2013-04-08,-0.0006037405563744794,-1.251988052699189,0.00014008298505792662,0.1749195217315208,0.20191188360816725
2013-04-09,-0.0006061615937945242,-1.2704044795209073,0.00014034436393701912,0.17519253463796863,0.20446142381569232
2013-04-10,-0.0006401126810430742,-1.2748800390848263,0.00013989784644576335,0.17664174415295444,0.20826221041011106
2013-04-11,-0.0006307112746495239,-1.267924030781507,0.00013927573647811808,0.17658744487933134,0.20720319790331299
2013-04-12,-0.0005838066111507399,-1.2892867450033334,0.00015101534683964013,0.19167121220388758,0.17987668029886972
2013-04-15,-0.0005550741779806282,-1.3637124236044535,0.00018723221596860898,0.23659991438917066,0.13325673911460378
2013-04-16,-0.0005375043276565834,-1.3744794787572552,0.0001873846110699134,0.23829995063257473,0.13183836506139135
2013-04-17,-0.0005340407431267875,-1.3634950113407782,0.0001873654023331684,0.23766309112515788,0.1307241692760539
2013-04-18,-0.0004767463806472725,-1.3516078092472976,0.00018568723382844594,0.23890743355069732,0.12484097653636972
2013-04-19,-0.00048786080104041164,-1.3525762181368206,0.00018545963308516574,0.23994360790900648,0.12485414823148688
2013-04-22,-0.000508230280516692,-1.3365750403888514,0.0001861433984906722,0.2412887617540988,0.12270051891687928
2013-04-23,-0.0005001357919745264,-1.3539642731162207,0.00018624915398264327,0.24223156233260337,0.12406993753381645
2013-04-24,-0.0005032993074096428,-1.3491371803856604,0.00018712313674673904,0.2429387635523405,0.12288584591336804
2013-04-25,-0.0005144109705678356,-1.365975157187009,0.00018734975794495478,0.2426728062878832,0.12631184063913425
2013-04-26,-0.0005062993608160602,-1.3492840180859071,0.00018748550585913728,0.24383390262595217,0.12253047317708965
2013-04-29,-0.000506330779309035,-1.359782548386955,0.00018777989147395754,0.24357125807714,0.12404257509727856
2013-04-30,-0.0005140066204397026,-1.3616376938035613,0.00018752381991884968,0.24265364363846795,0.12530230520069996
2013-05-01,-0.0005281394202954243,-1.3367836756851514,0.0001881471558358645,0.24473961581861423,0.1220769282377645
2013-05-02,-0.0005265330882920991,-1.3101323015648298,0.00018828398761508826,0.24510654452503258,0.11859906844438706
2013-05-03,-0.0005188840719673782,-1.3258232607378573,0.00018605784042422346,0.24653439644764377,0.11884771978902131
2013-05-06,-0.0005015891641542802,-1.3293887413539665,0.00018414103194268515,0.2438932459701886,0.12046733332165938
2013-05-07,-0.0004897144559731118,-1.332335506331638,0.00018464268098731577,0.24411427134094843,0.11994548616131107
2013-05-08,-0.0004841848109847337,-1.3561586438645112,0.0001851890464349195,0.2439002627240534,0.12260852123276189
2013-05-09,-0.0004617410933108203,-1.3590193210481833,0.0001849890523105375,0.24327197166471629,0.12196116329809314
2013-05-10,-0.00043884448812010453,-1.3421534961831123,0.0001838059235987623,0.2396231332911056,0.12350550250607939
2013-05-13,-0.0004467678806279991,-1.3441168275055102,0.00018391056619505307,0.23980161397466393,0.12427320984774748
2013-05-14,-0.0004448877249314448,-1.3545229627571727,0.0001829692034972284,0.23929422343009166,0.12636190145167292
2013-05-15,-0.0004530995584692323,-1.3976949849559699,0.00018393153340715232,0.23924254343462217,0.13310281717540684
2013-05-16,-0.0004397102642674038,-1.396603897726345,0.00018313975910263535,0.2387791571829782,0.1327555911267405
2013-05-17,-0.00044866699103921387,-1.4557787183589126,0.00018232874129344145,0.23778679539873157,0.14591271904077896
2013-05-20,-0.00044578305381759865,-1.4833946451735276,0.00018623104915472784,0.24289096896034823,0.14522661482732913
2013-05-21,-0.00031303873690490187,-1.4759970623085419,0.00018510715525174833,0.23832893218053983,0.14058234622979726
2013-05-22,-0.00030321369072483165,-1.4734699409254595,0.00018218790006137658,0.23751021121994226,0.14185284523536745
2013-05-23,-0.00030404424658834605,-1.4854764423262168,0.00018356855106964852,0.2393257101103127,0.14189680084238476
2013-05-24,-0.00028723716506879086,-1.5108704142308786,0.00018448805413441878,0.24189848102481531,0.14331176610039587
2013-05-27,-0.00028041863329065066,-1.5453028945170686,0.00018288293636476656,0.2403092087166286,0.15002166002371786
2013-05-28,-0.0002492047566678343,-1.556959051849214,0.000178552629685284,0.2409732273567975,0.1510805745349738
2013-05-29,-0.00023440087368694688,-1.5599069112819728,0.00017880728576755232,0.24170579481948626,0.14984164555936597
2013-05-30,-0.00022721702226999682,-1.571661309886626,0.0001791623080246024,0.24210014527149412,0.15073468986701555
2013-05-31,-0.00022578669183658534,-1.591954885811644,0.0001804949150752321,0.24366623547538435,0.1519701067405358
2013-06-03,-0.0002402969534454197,-1.624140548389358,0.00018121156586394635,0.2425869210613593,0.15901425020929105
2013-06-04,-0.00025740678378970985,-1.6397977270733621,0.00018265247389425337,0.24308153185049308,0.1611758425963007
2013-06-05,-0.0002579212510339178,-1.6427847104844315,0.0001825835656980959,0.2431668044599974,0.16160188798995134
2013-06-06,-0.0002531881550944321,-1.6982421947776458,0.00018178559204811386,0.24319507926700132,0.17022420307995756
2013-06-07,-0.00031598786330157,-1.66100626982344,0.0001822309210073834,0.24590292550143597,0.16405753076237606
2013-06-10,-0.0002608783231760418,-1.5788160985123647,0.00018070144711255175,0.24648662803899804,0.1484196375452317
2013-06-11,-0.00028168035642068645,-1.590576688637979,0.00018103127357958074,0.24659048077390958,0.15066364997662374
2013-06-12,-0.00025122395336485355,-1.618759503129465,0.00017970793297509405,0.245800104175157,0.15408502339087804
2013-06-13,-0.00023160649851027714,-1.6244970564256715,0.0001785074727614247,0.24573057933682083,0.15452233513173086
2013-06-14,-0.0002347260863206312,-1.626014934855803,0.00017742236194382433,0.24565139036777767,0.1552621560784646
2013-06-17,-0.000245069677461145,-1.6168616970396346,0.00017648740426308608,0.24524157415154896,0.1551647674376977
2013-06-18,-0.00024776790833904176,-1.5597712761551303,0.00017651351863057162,0.2559489312032843,0.13718758591732882
2013-06-19,-0.00028553680076175803,-1.5543924387752464,0.00017144973997651868,0.2562481955450075,0.1385091646175105
2013-06-20,-0.0003742865343080281,-1.7313550362742156,0.00016723041104823284,0.23730867318649068,0.20411921790173693
2013-06-21,-0.00030136067700936293,-1.7081423132828333,0.00016559300317385773,0.23940966308217945,0.19246564061188853
2013-06-24,-0.0003075604941158351,-1.7063437504369654,0.00016575947017341097,0.24224960377076424,0.19082614219971628
2013-06-25,-0.00031171037130717097,-1.683252577313094,0.00016619520345772729,0.24406893077634995,0.18611908001674726
2013-06-26,-0.00025725136131501004,-1.7089666984174334,0.00017191366032231418,0.2524486660410329,0.1750551708575101
2013-06-27,-0.00020108331607215956,-1.7153035523954625,0.0001708115150064134,0.2542210694407348,0.16996897573775638
2013-06-28,-0.00018523894359271796,-1.7105936088193976,0.00017323890033123224,0.25795481838272866,0.1640340510605549
2013-07-01,-0.00019927806256402796,-1.7313909908004648,0.00017328111993794004,0.259478021819949,0.16726695519175916
2013-07-02,-0.0001943962540006934,-1.7299929027605059,0.00017265673946516614,0.2595679172819551,0.16594358667287135
2013-07-03,-0.00018796545404006881,-1.7306791019514753,0.00017268998846242423,0.2600856607440514,0.16497814579075332
2013-07-04,-0.00018627875866810242,-1.7319078732931414,0.00017269783866939123,0.2600305725777395,0.16511912808520912
2013-07-05,-0.00021527634214571966,-1.758882452860413,0.00016734739239050023,0.2592909400015817,0.17580542835442348
2013-07-08,-0.00023370109131485336,-1.7570975147955645,0.0001663466548646891,0.25970617210514363,0.17693295667087028
2013-07-09,-0.00022017298877347844,-1.7788459077898064,0.00016728174115179158,0.2610770234039619,0.17837113650675562
2013-07-10,-0.0002129579195456732,-1.8067846964017422,0.00016683979771074886,0.2632936921799719,0.17988038795648265
2013-07-11,-0.00022216441242668732,-1.8735900326838055,0.00016624564559328337,0.2599715825811303,0.1973925618279455
2013-07-12,-0.00022580616693320088,-1.8588650755307874,0.0001658846983263972,0.25978787237960427,0.19572767073551522
2013-07-15,-0.00021891272234802973,-1.8859514454444006,0.0001646242542601108,0.2640107740334381,0.1952655991676564
2013-07-16,-0.00021194413297531085,-1.8828914387085938,0.00016503654049517994,0.26511613017328867,0.19517241677136699
2013-07-17,-0.00020022164258841135,-1.8907757556481772,0.000165494189426972,0.2659670754933934,0.19438467074133225
2013-07-18,-0.00021355243981651512,-1.8921511210913873,0.00016579350348822048,0.26583833660039946,0.1955718150910598
2013-07-19,-0.00021841819383830392,-1.892823045256375,0.00016432845683669707,0.26565513476559227,0.1971853862050269
2013-07-22,-0.0002146054526851282,-1.948853755673678,0.00016644764346818183,0.2709885230146598,0.20038945127054575
2013-07-23,-0.0001956072516979834,-1.997188850537688,0.00016680500051042768,0.27839838242136333,0.19944955207722836
2013-07-24,-0.00022111639009165265,-1.9947637715855033,0.0001653115955393514,0.279192303845514,0.20137170782983682
2013-07-25,-0.0002232026309251783,-1.997043428416238,0.0001656248404333259,0.2795788233614932,0.20141348218687694
2013-07-26,-0.00022568723798500656,-1.9954794339679411,0.00016581305971972337,0.2794381745169387,0.20165033744800864
2013-07-29,-0.00022937902628573258,-1.9962011684984355,0.00016576728523064004,0.27927411265933905,0.2022727963987908
2013-07-30,-0.00023004084797121363,-1.991651246256907,0.000165860310436522,0.27884540404005115,0.20201538693502719
2013-07-31,-0.00023128607745530555,-1.9872945059645686,0.0001642094127258736,0.27787355696668314,0.20158617753725305
2013-08-01,-0.00023338630733113459,-1.9901244601726475,0.00016322918889696811,0.2778204566869843,0.20326664548438111
2013-08-02,-0.00023650710820739032,-1.9811165175706984,0.00016370883784053313,0.277689965099943,0.20287902077780762
2013-08-05,-0.00024024638896560962,-1.9726856185869535,0.00016393605960988934,0.27794356150400484,0.20197596888531089
2013-08-06,-0.0002286063512033899,-1.9602021028647,0.0001647269755207858,0.2793855554911495,0.1975437810153634
2013-08-07,-0.00022885708151536784,-1.958758261567653,0.00016440705483997472,0.2794287737010328,0.19741433421722876
2013-08-08,-0.00022589066253572455,-1.9891395835852885,0.0001648615205796706,0.2794137615612787,0.20133830150454124
2013-08-09,-0.00019504393331810541,-2.0140873417334717,0.00016671814615936702,0.2795988355170156,0.20248068061503555
2013-08-12,-0.00017827706299153822,-2.01021600128173,0.0001683724485652595,0.2821770743310675,0.19631747781961417
2013-08-13,-0.0001721624693247383,-2.0051591000147537,0.00016717799413933494,0.2807601530315724,0.1987374825446413
2013-08-14,-0.0001710336948566751,-2.010710957646984,0.00016769999953324366,0.2810384525209324,0.19915123052189188
2013-08-15,-0.00011945030432679681,-2.017425395542137,0.000168242012366395,0.28404054214631885,0.1917448172264945
2013-08-16,-0.0001067986374847675,-2.025516350361347,0.00016727553032786253,0.28393119936858213,0.1911910184307518
2013-08-19,-0.00010320836604276869,-2.0326134528295876,0.00016670157041029243,0.28420575266642123,0.19214827497447862
2013-08-20,-9.584951128638676e-05,-1.9979601670700833,0.00016525390493998782,0.28495282005869826,0.18502425940521716
2013-08-21,-9.024610738605338e-05,-1.9746211015507475,0.00016530051472416998,0.28368389775265673,0.1831537265483023
2013-08-22,-7.916711405177988e-05,-1.9623739931263062,0.00016535502723670346,0.28408348792296423,0.18031018083203798
2013-08-23,-9.539504966407605e-05,-1.972177997378515,0.00016421363892195188,0.28410808166331636,0.18433653473840317
2013-08-26,-0.00010858399548656792,-1.9523543125299563,0.000164436527111993,0.284562361043098,0.18226452923889092
2013-08-27,-0.00012871851570534556,-1.8897887809923837,0.000163459634383477,0.2863982498675849,0.1716177939731689
2013-08-28,-0.00012748972747669358,-1.8926348432023932,0.00016281538699030405,0.28612678473717573,0.1721171690674268
2013-08-29,-0.00012731658449733203,-1.8958863841966689,0.00016282858933842347,0.28649455865280127,0.17232152569370873
2013-08-30,-0.0001316890912462695,-1.8972663083209524,0.00016361775846787183,0.2867887813940947,0.1729144462494019
2013-09-02,-8.989610620842967e-05,-1.907229133797339,0.00016494617404204604,0.2854346442843566,0.1714908153835537
2013-09-03,-6.325931135140935e-05,-1.9811327288827472,0.00016456483625115233,0.2930236613009004,0.1720362484266782
2013-09-04,-9.91048263972915e-05,-1.9062844382977289,0.00016425959310660735,0.2921231466213341,0.16417405091954385
2013-09-05,-0.00011224960927477365,-1.9386645395621436,0.0001633084337867789,0.291988499498735,0.17082642857953456
2013-09-06,-0.00011309401206928226,-1.944879333319387,0.0001633337269345806,0.28845866629289924,0.17609827452311066
2013-09-09,-0.00011352309880615657,-1.9449274288207157,0.0001634023246238596,0.2885990143029902,0.17589858125026558
2013-09-10,-0.00012001012438639016,-1.9357446266138236,0.00016407152178834022,0.2903311027894725,0.17336156778794065
2013-09-11,-0.00011317254288019768,-1.9342255994594013,0.0001639552459553304,0.29143379485532556,0.17238496278323645
2013-09-12,-0.00012138267224568837,-1.910283687712905,0.0001666022916833772,0.29647127169143905,0.16491276204965089
2013-09-13,-0.00011886978940794985,-1.9184252484229523,0.00016715195755519747,0.29874756492911236,0.16454761636354764
2013-09-16,-0.00010974104555479134,-1.8587996011600243,0.00016760650422404681,0.29924814767487395,0.15548836816020328
2013-09-17,-0.00010897589561479379,-1.8589825174633825,0.00016693348885809295,0.29928937554438245,0.15549464271128255
2013-09-18,-0.0002837743238890093,-1.7562598979295672,0.00016303859652163594,0.30518414241223957,0.15577268416314194
2013-09-19,-0.0003160986031985828,-1.6573779483075413,0.00016232829563094471,0.29619716312592054,0.15046035124024837
2013-09-20,-0.00029176953377665655,-1.709952150311477,0.00016348629098070222,0.2987859093263703,0.15164441656846173
2013-09-23,-0.0002870395819896822,-1.712714994729653,0.00016289896533278387,0.30010723386849997,0.15000713879587213
2013-09-24,-0.00027966681922580755,-1.7222959006825627,0.00016314940959591027,0.3005987026646307,0.15043399059779516
2013-09-25,-0.0002855720549112565,-1.7202151166303095,0.00016313450275846813,0.30088784074063496,0.15067108206054491
2013-09-26,-0.0002825989461146981,-1.747948842083732,0.00016316222191363773,0.30409384857191607,0.15187983896598745
2013-09-27,-0.0002848125804281161,-1.7494258922822405,0.00016333122813463766,0.30444250780353005,0.15207429070021494
2013-09-30,-0.00028451024154460596,-1.7450903364064962,0.0001635742422819076,0.3049899924783149,0.15129917112087876
2013-10-01,-0.00028813875305576934,-1.7507470981546425,0.00016508118015646164,0.3077963194242378,0.15008722891680903
2013-10-02,-0.00029603950008613933,-1.7701418165336138,0.00016535775023352497,0.3082775594366504,0.1533265152901523
2013-10-03,-0.00030630532571087,-1.7605428407757455,0.0001660034013321803,0.30841495463608143,0.15364221905969977
2013-10-04,-0.00030518614523488595,-1.7641828064826612,0.00016677648602767765,0.31036522027035485,0.1534512521461875
2013-10-07,-0.00030847962845933705,-1.7604598901264314,0.00016703675747445856,0.31107600739937197,0.15297189625035024
2013-10-08,-0.00031293634070144545,-1.7479636527531213,0.00016797059553253144,0.314200595312101,0.1513019543592602
2013-10-09,-0.000311241609824567,-1.7555315540283472,0.0001677808458018555,0.31276966329477934,0.1526468510045429
2013-10-10,-0.0003282797677147027,-1.7065720697902882,0.00016827961304934476,0.3142292329309611,0.14773635855026745
2013-10-11,-0.00032691889337519114,-1.7061612948339562,0.00016867694928362248,0.31491946278056615,0.1469363482682733
2013-10-14,-0.0003366937582059717,-1.6948164093659273,0.00016918398484766,0.3151662698574552,0.1470605736206526
2013-10-15,-0.0003294992119142117,-1.7043341773447693,0.0001698974424055971,0.31571509836863443,0.14704173889007155
2013-10-16,-0.00032717045378813543,-1.703592315343022,0.00016999390516026758,0.3158057099590658,0.1467408881079657
2013-10-17,-0.00033224263411882804,-1.7780460158997204,0.00017068769016586778,0.3130109630611747,0.15948593521550936
2013-10-18,-0.0003234421724711456,-1.7825588811502637,0.00017102993091519997,0.31313271524381553,0.15888025052860033
2013-10-21,-0.00032277609873739607,-1.7723316681107577,0.0001711255487396363,0.3127141479171191,0.15789357569479479
2013-10-22,-0.0003271648230767115,-1.7752376597044837,0.00017040937872283093,0.3119049020145681,0.16025000766298592
2013-10-23,-0.0003207023734921507,-1.7904727486164518,0.00017041390692436572,0.3120227412954166,0.1614311107601737
2013-10-24,-0.00033541351062243025,-1.7544729316835999,0.0001703117319675874,0.31197322258844146,0.15928958643446745
2013-10-25,-0.00033282803850336496,-1.759064518146796,0.00017176286657224688,0.3130726523237146,0.15950844695393196
2013-10-28,-0.00032084941320483667,-1.7711003438805457,0.0001721712873179958,0.31305545966291737,0.15972345930992915
2013-10-29,-0.00032050639649996987,-1.77670906976709,0.00017214877352775526,0.31305975959954996,0.1602560840809425
2013-10-30,-0.000320560661818588,-1.7766955946808634,0.00017210825306959067,0.31304570275201826,0.1602733388138189
2013-10-31,-0.00032063518727900675,-1.788574263187273,0.00017220856666631126,0.3114387829376844,0.1632578331868727
2013-11-01,-0.00031389699643009277,-1.7780065246101737,0.00017154982318994745,0.3107578702251682,0.1631506539264742
2013-11-04,-0.0003147881367795613,-1.7693863027848753,0.00017155358637692395,0.31031931432150556,0.16244521266721423
2013-11-05,-0.0003109690265980355,-1.7634692647371257,0.00017158956915170104,0.31026543494472575,0.1617966026482367
2013-11-06,-0.00031866194388914315,-1.7449585540053132,0.00017128551449259563,0.3131184671167336,0.15983633991996016
2013-11-07,-0.00031593787292299926,-1.7510408108666735,0.00017117297067428095,0.3118067250789685,0.1606482187435183
2013-11-08,-0.00032845593957063295,-1.7542810303215834,0.00016928197648025554,0.3118414747334345,0.16419743651873564
2013-11-11,-0.0003281593145012834,-1.7543068693005985,0.00016929387084451043,0.31186338584392215,0.1641379176842156
2013-11-12,-0.0003322478880947105,-1.7429745675667507,0.00016934837633498826,0.31382509187294294,0.16194645730680257
2013-11-13,-0.00033113761119124953,-1.7394369093934583,0.00016929756436802665,0.31333816491468175,0.16221574609229383
2013-11-14,-0.0003446044488381137,-1.7348022220819246,0.00016865698400168376,0.31355793176652136,0.16363282906656063
2013-11-15,-0.00034912059413304557,-1.7267833199419722,0.0001683300656399055,0.3127368884120501,0.16384724714537735
2013-11-18,-0.00033696709206464944,-1.6989032938406057,0.00016898918568483492,0.3136006898038223,0.15814612353582302
2013-11-19,-0.00033464172140730097,-1.7042791062995004,0.0001686348503939402,0.3134963230186527,0.15867578488502465
2013-11-20,-0.0003615861325281411,-1.703905591330222,0.00016785263289552726,0.31451144708442164,0.1626751074982613
2013-11-21,-0.00037076876207404574,-1.6940005912681355,0.00016698807824908274,0.3123232728650472,0.16346671624975873
2013-11-22,-0.00036952850444136915,-1.6922045615162524,0.00016689179241386316,0.3122843132985957,0.1633426043517161
2013-11-25,-0.00036867522336366145,-1.690100847466482,0.00016712346193750055,0.31253210577704943,0.16285367300189602
2013-11-26,-0.00036681446138594434,-1.6889669918310153,0.00016707019789676228,0.31258765602288907,0.16243364196553234
2013-11-27,-0.00036530519545295884,-1.6861315813519773,0.0001669891966405709,0.3125241767129763,0.16205722309625226
2013-11-28,-0.00036462209669729903,-1.6876581482049469,0.0001671650553012089,0.31290319199669925,0.16210089963684715
2013-11-29,-0.000362676041987429,-1.6924664196979045,0.0001677619762058725,0.3135875002709957,0.16199762886611857
2013-12-02,-0.00037009399279311513,-1.7153794936857998,0.000168726117947843,0.31477506234959257,0.16563804733538767
2013-12-03,-0.0003713626184155566,-1.71649777567097,0.00016867868551439112,0.3147957581667566,0.16600382776026457
2013-12-04,-0.00033978108654571606,-1.727749519703164,0.0001690417421220712,0.31710365769625826,0.16105919271923563
2013-12-05,-0.00035050587093727486,-1.6818105029558397,0.00016911844621554623,0.31560680149439363,0.1571396998809388
2013-12-06,-0.0003499188311745808,-1.683641972824564,0.00016910457645933342,0.31548841136026873,0.1573286496421339
2013-12-09,-0.0003597745958616728,-1.678560138543519,0.00016916651299604904,0.31495883150801857,0.1592046242939792
2013-12-10,-0.00036644321950147016,-1.6978791946913265,0.00016945916797288336,0.3174662877221933,0.16163978372918986
2013-12-11,-0.00037000689311610904,-1.6942806381837814,0.000169489511876712,0.3175235182527575,0.1615788164475559
2013-12-12,-0.0003723081496159374,-1.7190536402817453,0.0001698444631562348,0.3173141711243081,0.16547440733314678
2013-12-13,-0.00037571716465924633,-1.7206110846742035,0.00016993901871537308,0.31758253809727827,0.16615478607895795
2013-12-16,-0.00037405064874294447,-1.722845251103911,0.0001700397730285697,0.31745095439305265,0.16640706494300517
2013-12-17,-0.00036660670581877626,-1.7333487532703524,0.00016972058704098483,0.3173753297109967,0.16636235177920955
2013-12-18,-0.0003819149588917038,-1.7281018551744904,0.0001695947383164698,0.316775122724374,0.16881294410214487
2013-12-19,-0.00039315884514560525,-1.7470233710320142,0.00016978376962678175,0.3172251084231704,0.17345479619089998
2013-12-20,-0.0004061325134201078,-1.7329156576414766,0.0001701662821450676,0.32027328471726446,0.17315161851480965
2013-12-23,-0.0004015420644337813,-1.728654072599189,0.0001706154590233937,0.3196906577239371,0.1715479091029335
2013-12-24,-0.00039592566718916,-1.730063019399225,0.0001708848049369697,0.32123927110137723,0.17027893182345522
2013-12-25,-0.0004043048124887957,-1.7319132227628993,0.00017100886987779761,0.3208612554662751,0.1718527938833
2013-12-26,-0.0004042810914221055,-1.7314847321988678,0.0001709570726152814,0.3207359433473135,0.17188651392640553
2013-12-27,-0.0004059448998215221,-1.7324187167924203,0.00017123812594232646,0.32070905125218524,0.17215478624420388
2013-12-30,-0.00039875297247791,-1.701023606392031,0.0001722347375705897,0.32411873224520843,0.16559472448811685
2013-12-31,-0.00039389385791214245,-1.7062983918007602,0.0001722040671548422,0.3244307891787868,0.16523875981809477
2014-01-01,-0.00039285961338767406,-1.7064737229971318,0.00017235596214475716,0.32442128189800096,0.16500054296279942
2014-01-02,-0.00042240033572349595,-1.6569514347579033,0.00017188114249193053,0.3239945712873072,0.16276005108340308
2014-01-03,-0.0004216802226340885,-1.6571538710907845,0.00017220881931108727,0.3246543068073601,0.16211700334054757
2014-01-06,-0.0004241583228769197,-1.6528473051729267,0.00017195004599205633,0.3245218281740771,0.1620452564632412
2014-01-07,-0.00041782240578410015,-1.6685935655434807,0.00017215205104698848,0.3259004625264888,0.1625479797270335
2014-01-08,-0.00041779758724357134,-1.6696592253116682,0.00017215578223854264,0.3256688696006165,0.1628901236282203
2014-01-09,-0.0004213704229742223,-1.6640329830518499,0.00017137309543997333,0.3251309182342743,0.16266114259278197
2014-01-10,-0.00042783207177956954,-1.6740483771396073,0.0001711186258596525,0.32485789945849985,0.1662589240385136
2014-01-13,-0.0004250561091222817,-1.6763409047411673,0.00017115156402149932,0.32465802377888076,0.16624114132335788
2014-01-14,-0.0004292183571006473,-1.6781750484079958,0.00017125936957834953,0.32475503809578354,0.16690001328465043
2014-01-15,-0.00043124620684310784,-1.670305741331588,0.00017118104603538537,0.32388582002282684,0.16654903539266708
2014-01-16,-0.0004344185474707947,-1.6609590703933015,0.0001713469625561144,0.32484994879507656,0.16556297451135826
2014-01-17,-0.0004396116092209394,-1.6531758295970782,0.00017125311986859648,0.32497719909205314,0.16530115262706235
2014-01-20,-0.0004437454166513545,-1.6555183483700642,0.00017121463741802759,0.32471315761657354,0.16633980965221817
2014-01-21,-0.00044423073511741664,-1.6577939927542436,0.00017143023034906472,0.32516844340892365,0.16651581570482732
2014-01-22,-0.0004347199705855148,-1.6768795159834933,0.00017197296907062518,0.32642764533797913,0.1675128162606131
2014-01-23,-0.0004185864869716389,-1.6915994535348737,0.00017330267297335008,0.32908850682536084,0.16461663306435315
2014-01-24,-0.0004177332382296201,-1.6957713602611912,0.00017311387016339172,0.32936619378856036,0.16510641827361383
2014-01-27,-0.0004199921071283791,-1.699726777517661,0.00017326882681858451,0.330575748459073,0.16543473801469388
2014-01-28,-0.00041968377599133327,-1.6997829235913233,0.00017319850526425,0.33057788688936607,0.16544165082327733
2014-01-29,-0.000436884405100687,-1.6819306147543014,0.00017250365673977905,0.3308138517190698,0.16633477868736346
2014-01-30,-0.0004353091704906506,-1.7086125706477808,0.00017311484648391444,0.33174098890667925,0.168691163643524
2014-01-31,-0.00043568883529172017,-1.7083306163080336,0.00017287111337374245,0.3316098512801002,0.16876497872138463
2014-02-03,-0.0004491239759786362,-1.6938229693778666,0.00017244995177845005,0.3317587846174494,0.16910659124453287
2014-02-04,-0.00044825385852350166,-1.6831742129750664,0.00017175063778037186,0.3301355022690265,0.16817961509946555
2014-02-05,-0.0004438619977441045,-1.6872505885557454,0.00017144379786733588,0.3300707403658519,0.16786268154268058
2014-02-06,-0.00044656307913764205,-1.6754315403609412,0.00017134863709768002,0.32880083955442224,0.167327598816584
2014-02-07,-0.000458566932953887,-1.6456206802030284,0.00017014633758943338,0.3272305213241729,0.1672808138903078
2014-02-10,-0.0004471165036049747,-1.686793803166568,0.00017014541034044266,0.3286540494381576,0.17038411027184475
2014-02-11,-0.00043270145903867997,-1.7059324640042661,0.00017029606970638868,0.32914198171348436,0.16964509627149105
2014-02-12,-0.00042223222539684564,-1.7177235006263405,0.0001705858260438343,0.3291494094943292,0.16952060400797953
2014-02-13,-0.0004201584012194807,-1.7427263245156357,0.00017000216740552845,0.328853463325908,0.17281118389318828
2014-02-14,-0.000406955976185757,-1.787362105985626,0.00016939716508017845,0.3269171677326518,0.17681031059371488
2014-02-17,-0.0004139621462769098,-1.7789494825926722,0.0001694203725033711,0.32669183721664796,0.1773090056295482
2014-02-18,-0.0004121175147195499,-1.7836993643428136,0.0001699246180034528,0.32854017629069565,0.17734434610985628
2014-02-19,-0.00041300027074518344,-1.7871930282705173,0.00016996868809925994,0.3283818593028457,0.1782070404671463
2014-02-20,-0.00041167862495722926,-1.761275263642473,0.00017061043294476925,0.3292290925440496,0.17417015533273184
2014-02-21,-0.0004163352972490304,-1.7573346123610882,0.00017059530945218973,0.329045851110088,0.17468161483493894
2014-02-24,-0.0004166357455992451,-1.766270439028893,0.00017093951149394266,0.3286400414906084,0.17618808140951325
2014-02-25,-0.0004222493164119734,-1.763428123461341,0.00017091019874695984,0.32831225209039,0.17663561308464282
2014-02-26,-0.0004171003924301286,-1.7744764958326211,0.0001702481055691226,0.3267332129838348,0.17721818107538712
2014-02-27,-0.00041570652737431984,-1.7699642884050817,0.0001701947871690133,0.3267745697828044,0.17636929375900534
2014-02-28,-0.0004191796139367458,-1.750115674207204,0.00017034214065806777,0.326229879906115,0.1746904518116964
2014-03-03,-0.0004374870194793993,-1.7375461488464399,0.0001706961534184335,0.32759518525814035,0.17506822475571382
2014-03-04,-0.00044076100037867557,-1.7514097502755368,0.00017019961942067022,0.32858726860295107,0.17750123467260825
2014-03-05,-0.00042688528565953916,-1.7737676407220284,0.00017068894223062764,0.3288218994207913,0.17851644557179946
2014-03-06,-0.000421329636442605,-1.7916143207331965,0.0001703820886050202,0.32604075863065995,0.18125039981046898
2014-03-07,-0.0004178475957759438,-1.7993262532358973,0.00017061794864635477,0.32593801032752057,0.18238900003435377
2014-03-10,-0.0004187985266631172,-1.7941830327164923,0.00017056794154126552,0.3257991076410287,0.18194585388042483
2014-03-11,-0.0004227409497179512,-1.797506705728309,0.00017060356831156902,0.3257690578175257,0.1828424752133908
2014-03-12,-0.00043349889797764736,-1.7837754886706212,0.00017086033915210123,0.326605782877365,0.18209073716071988
2014-03-13,-0.00043206213911445106,-1.7812319676789126,0.00017068631878511357,0.3262155025538886,0.18247140540707962
2014-03-14,-0.0004278372476993978,-1.7913286011273386,0.0001710526474406259,0.32710567305296573,0.18288178107971786
2014-03-17,-0.00043176330153058906,-1.7992362226250338,0.00017086070899360767,0.3274753965629981,0.18433177565384173
2014-03-18,-0.00042790695066607644,-1.8030280520064075,0.00017090064359962323,0.32771369010990425,0.1839127625771152
2014-03-19,-0.0004506184631756626,-1.7942089706567987,0.00016945119424227487,0.3282701392437442,0.18690945878588328
2014-03-20,-0.0004492634224960904,-1.7549903147474901,0.0001693656892267771,0.3245529080922403,0.18474967685100985
2014-03-21,-0.00045400535382692734,-1.7552363313184183,0.0001688223416620282,0.32388200395531896,0.18663645768616788
2014-03-24,-0.00044733340041107144,-1.7486035156846538,0.00017057706664963396,0.32735168175756807,0.18307647371356506
2014-03-25,-0.0004433771093627083,-1.7349923055891057,0.00017034316118554906,0.3272054913563508,0.1801154026080929
2014-03-26,-0.0004366006578936878,-1.732733368983947,0.00017060894211314527,0.327727649790675,0.17816096278594706
2014-03-27,-0.00043970918630725173,-1.7113196147676408,0.00017101276340991304,0.32887541806063136,0.17573693837280002
2014-03-28,-0.00042173555134074277,-1.7262127644317538,0.00017114256869666937,0.32837527770614805,0.17502454917624188
2014-03-31,-0.00042550275431474556,-1.7233973221530419,0.0001714413673198467,0.32882299353287303,0.17427567842087544
2014-04-01,-0.0004634580531364998,-1.6665536236509773,0.00016672605315939148,0.31955086309301367,0.18235941041657033
2014-04-02,-0.000500277969892259,-1.548323153314552,0.0001485192477232437,0.2849408434317598,0.21086194639383382
2014-04-03,-0.00050853526262455,-1.5355554868509487,0.00014823651204479737,0.28406607078639423,0.21167980133232
2014-04-04,-0.0005096692370976403,-1.5547418730075364,0.00014816149260187716,0.2845036306208106,0.21539930551552888
2014-04-07,-0.0005315298477077651,-1.5335774291862578,0.00014861695262971712,0.28377962032256265,0.2181355235496908
2014-04-08,-0.000524593045117824,-1.544952010511825,0.00014873990072575882,0.28195021815597265,0.2196697628566976
2014-04-09,-0.0005062662393928226,-1.5739304106786913,0.0001483304487937447,0.2809607286305384,0.22160046969986102
2014-04-10,-0.0005082734774606826,-1.5712187950484973,0.0001478727974697942,0.2807094402338137,0.22272823965776412
2014-04-11,-0.000504364763606221,-1.5783768122260877,0.00014751241120689339,0.279937549273108,0.22370345307275064
2014-04-14,-0.0005102499823290711,-1.5234238036619607,0.0001472554012354478,0.28086600380918214,0.21671594536311312
2014-04-15,-0.0005006880823436003,-1.5521390722551311,0.0001476652122697276,0.28167880338083146,0.2171334673565528
2014-04-16,-0.0005035956152613536,-1.5401307987124921,0.0001475939589325337,0.2822733069846931,0.21597857269178122
2014-04-17,-0.000507572390927654,-1.534689312247642,0.0001477791182540835,0.2835120499168083,0.21570706987477672
2014-04-18,-0.0005095255543265037,-1.529507509649608,0.00014750052171890493,0.28296904441004206,0.21604774771878543
2014-04-21,-0.0005095663691840368,-1.540934412653567,0.00014726617788798997,0.2827294380390098,0.2179965751876798
2014-04-22,-0.000515855125552753,-1.5336077649783366,0.00014847230931903983,0.2836182930248844,0.21830671574773486
2014-04-23,-0.0005159343949714182,-1.5364864596787404,0.00014822877172326822,0.2834560239802425,0.21867102489932166
2014-04-24,-0.0005116076999738181,-1.5520234974935678,0.0001478824289152031,0.28293773482249884,0.22075969487339098
2014-04-25,-0.0005226254301548661,-1.5203565683224711,0.00014801449798795884,0.2843205102684619,0.21854227028449857
2014-04-28,-0.0005312027601051117,-1.5056916124428483,0.00014768657454924692,0.28394845273203223,0.21910834460521167
2014-04-29,-0.0005243428710861104,-1.5702777060907198,0.00014760630377839973,0.2920203383127556,0.2203582470990043
2014-04-30,-0.0005150409761577015,-1.5687909951637447,0.0001477859687306904,0.2922970076376314,0.21802579835421254
2014-05-01,-0.0005071498681461428,-1.573990945610672,0.00014749050549621773,0.29239310350901215,0.21669114547014579
2014-05-02,-0.0005186477070431982,-1.5260956416118987,0.0001470863095743946,0.2932715956413235,0.21285765745325347
2014-05-05,-0.0005151539681849388,-1.5406166459341644,0.0001470538265338764,0.2931437785522986,0.2134776283658082
2014-05-06,-0.0005103697228420963,-1.4983891229688693,0.00014708210064263703,0.29314247097040486,0.20393807136587883
2014-05-07,-0.0005050145456143784,-1.4788718244638273,0.00014551094667901888,0.2904192748157528,0.20312326615754572
2014-05-08,-0.0005146175447941169,-1.479621671936901,0.000144653170517525,0.28847376207755265,0.20750415889701102
2014-05-09,-0.0005199693254016812,-1.4735105486214608,0.0001452916076838202,0.28802982821429235,0.20606020140251569
2014-05-12,-0.000515755693102639,-1.4650771464513093,0.000144402176610415,0.2866782336677033,0.20546758412670085
2014-05-13,-0.0005165922961682082,-1.4622768215617314,0.0001442862242444678,0.28661031089697936,0.20546261962120604
2014-05-14,-0.0005227774181545497,-1.4595769222684152,0.0001435670421681483,0.28663619601318063,0.2071559850887389
2014-05-15,-0.0005257864639345733,-1.4829424422496453,0.0001440206967306246,0.28613975612121556,0.20837313513679168
2014-05-16,-0.0005362798459425206,-1.469231746188455,0.00014375535062412288,0.28539330498146537,0.20970481593348744
2014-05-19,-0.0005518660966747058,-1.446629732540535,0.00014342410042236917,0.284400514631771,0.21168639679655687
2014-05-20,-0.0005592416677729479,-1.4164474284309951,0.00014250656941504897,0.28274831109083487,0.21102940967075912
2014-05-21,-0.0005627354917188701,-1.3792308297017606,0.0001421861097548706,0.28395609081996254,0.20625308762589334
2014-05-22,-0.0005621288656249663,-1.37444250510586,0.00014209557777158368,0.28388629736543886,0.20549970240683835
2014-05-23,-0.0005603393113799014,-1.3757031447956025,0.00014198079019658866,0.2838606351684804,0.20522902121358322
2014-05-26,-0.0005615678607784379,-1.3704439926510608,0.0001422929612156654,0.2867705948348359,0.20385794484749653
2014-05-27,-0.0005113467345506944,-1.4619250698046873,0.00014316918273221666,0.287428348137923,0.2048056789342667
2014-05-28,-0.0005088617757434613,-1.5042837491815146,0.0001418926676510487,0.28671156692781635,0.2091116615534404
2014-05-29,-0.0005058690549677564,-1.508804506593136,0.00014196640140393393,0.2867464860415175,0.20929015815934382
2014-05-30,-0.0005203325839177636,-1.4819104463812307,0.00014329174794758498,0.2894525145616778,0.20948792777741332
2014-06-02,-0.0005275587046093453,-1.4825240409625846,0.00014319810158401893,0.2888642803212457,0.21221546465910945
2014-06-03,-0.0005140395448789963,-1.491373224727346,0.0001426901930347688,0.28907971879145594,0.20959640709092686
2014-06-04,-0.000514349032893901,-1.4914961085754852,0.00014291138207346218,0.2890895403173932,0.209183763160392
2014-06-05,-0.000520828241657056,-1.4769402784418313,0.00014279815544583033,0.2892500743294484,0.20940825902002724
2014-06-06,-0.0005056445953262397,-1.4913437797403195,0.00014619288939357546,0.29085230634436426,0.20695830889175681
2014-06-09,-0.0004949052574132239,-1.21076875714648,0.00014489407885297643,0.3152599126588999,0.14466402905010256
2014-06-10,-0.0005407889714718655,-1.225198604895633,0.00014529488192440302,0.3127023368639581,0.15600522007911521
2014-06-11,-0.0005375731386324089,-1.2215503806008166,0.0001454570932484916,0.312540522298253,0.1543606386942924
2014-06-12,-0.0005378589671194099,-1.2438930989986963,0.00014539303790769907,0.31331255250764256,0.15718925270197126
2014-06-13,-0.0005768260008394457,-1.1872474966858813,0.00013995698668475712,0.30119225538563427,0.17131001024800518
2014-06-16,-0.0006286991204824629,-1.1774884781333497,0.00013882610000998826,0.2963171019105749,0.18667587514309392
2014-06-17,-0.0006442576943004572,-1.1763649528665987,0.00013625319386065512,0.290082667853371,0.19699464721790094
2014-06-18,-0.000636212281428379,-1.1626579869004576,0.0001357100291205323,0.28947902197417846,0.1934427431156931
2014-06-19,-0.0006238317708212012,-1.2333941587236847,0.00013891587399798922,0.29597328867377926,0.19250617126077374
2014-06-20,-0.0006252048349785132,-1.2387508783846741,0.0001387087479125269,0.29559133536520693,0.19362374971065643
2014-06-23,-0.0006249881971885046,-1.2399526530826952,0.00013869287582679232,0.2953283388266747,0.1937837733390967
2014-06-24,-0.0006143126369242613,-1.229769880436611,0.00014106520629592544,0.2963938625246513,0.17951458417411925
2014-06-25,-0.0006037651640593117,-1.2306067985182534,0.00014181584293623906,0.29612409968952325,0.1764709781163274
2014-06-26,-0.0006041033396082919,-1.2254925445636875,0.00014153847777907203,0.29575955089860084,0.17651402598221955
2014-06-27,-0.0006098599673239101,-1.2134225238160745,0.00014210268285866893,0.2963728422117487,0.17660551145319425
2014-06-30,-0.0006020494272369218,-1.1443645623214649,0.00014189826178540103,0.30324399439724425,0.16080444071810707
2014-07-01,-0.000602936091205523,-1.142948215131369,0.00014143035987787257,0.3029864810000737,0.16103159326820538
2014-07-02,-0.0006055138027195487,-1.136871358908435,0.00014195066262080548,0.3031103924696291,0.16098468371607455
2014-07-03,-0.0006062484222908712,-1.1544474101364628,0.00014204372974154636,0.3053689139231804,0.1604183286866261
2014-07-04,-0.0006164293799143135,-1.1435953236859535,0.0001415622767885167,0.30407220833552867,0.16291299952084115
2014-07-07,-0.0006145655081722984,-1.1548698628583103,0.0001413848902725481,0.3039319746932798,0.16387561639596815
2014-07-08,-0.0006097817244393541,-1.1547002043201648,0.00014198704115280636,0.3041224191108254,0.1610302198588186
2014-07-09,-0.0006160499263718236,-1.088650137297056,0.00013980801394780998,0.30056644420005363,0.15948513744455328
2014-07-10,-0.0006295517443767032,-1.0685750523289037,0.0001400797745320388,0.30035094940427465,0.16089924008054968
2014-07-11,-0.0006105195767212878,-1.066265226376797,0.0001413313119667953,0.299539261195041,0.1539682693750457
2014-07-14,-0.0006271369881410362,-1.0511877245112005,0.0001425206579657862,0.3023685943789645,0.15410979848538242
2014-07-15,-0.0006295663830602697,-1.0601708202679423,0.00014256196608364267,0.3024883358409852,0.1557985686365212
2014-07-16,-0.0006280931811171237,-1.0603925763050173,0.00014268228947312373,0.3026409001821365,0.1553194703723345
2014-07-17,-0.0006519091008883453,-1.0387637663799683,0.00014205206049744127,0.304055732915061,0.15837373473500627
2014-07-18,-0.0006643685615244372,-1.0226468086224,0.00014341698851254116,0.30560397844439263,0.15948454961862502
2014-07-21,-0.0006616220997554106,-1.0214743563424407,0.00014461087443747443,0.3057018344314334,0.15604984887038575
2014-07-22,-0.0006701761767850715,-1.0354343016568461,0.0001447810157921298,0.3056958721658901,0.15853481448714224
2014-07-23,-0.0006694689047231971,-1.0398397736407292,0.0001446726317785624,0.3055327841111706,0.15898900701115648
2014-07-24,-0.0006752832445214939,-1.0790024682126353,0.00014392285966383653,0.30413042178382044,0.16531823391490807
2014-07-25,-0.0006905580991879274,-1.0560013970306574,0.00014384242923234832,0.3039603873021173,0.16597058277042265
2014-07-28,-0.0006981284221104357,-0.9797364425200437,0.00014295106093075658,0.3051808652658431,0.16132046900783603
2014-07-29,-0.0006965726206331325,-0.9855203680288736,0.00014278510984604446,0.30418205075518945,0.1614536180497672
2014-07-30,-0.0007035433613459183,-0.9772961779733068,0.00014079472094667323,0.30067102191834005,0.16761571072927373
2014-07-31,-0.0007072518461499417,-1.0026395647805897,0.00014200887903749294,0.3043926954468271,0.16424819755084774
2014-08-01,-0.0007193334698254773,-0.9829070902773953,0.00014159900071402688,0.3040319024423012,0.16618952761128813
2014-08-04,-0.0007861953760396594,-0.9797517847604617,0.00014005680856568457,0.29763618220341415,0.18709007885332773
2014-08-05,-0.0008133535314473527,-0.9499416693810017,0.00014070658493951622,0.29612949301271324,0.19188834652904563
2014-08-06,-0.0008204211785840995,-0.9659939579437137,0.00014182547449436667,0.29760249041359105,0.19193992252313175
2014-08-07,-0.0008282228775477806,-0.9662382483946723,0.00014222503617088695,0.297361524188181,0.1927704002698286
2014-08-08,-0.000834360460185509,-1.0017015205353013,0.0001422164165578185,0.29996101863929103,0.19477874492789826
2014-08-11,-0.0008513942165510203,-1.0246680074583119,0.00014197948296812706,0.2988597340161301,0.20089601096042164
2014-08-12,-0.0008408131662375334,-1.0139442290852292,0.00014293153886025473,0.29978896174690906,0.19290049709729828
2014-08-13,-0.0008362470797761196,-1.023850547260568,0.00014355028885009572,0.30132260649377246,0.192739965553258
2014-08-14,-0.0008228139126372227,-1.04511960112606,0.00014460403008348066,0.3023821141265134,0.1912754047389723
2014-08-15,-0.0008252303547385202,-1.0391187619177913,0.00014538498729783529,0.302857395172047,0.19027277994680747
2014-08-18,-0.0008248860265901456,-1.0354042444880394,0.00014483241467299346,0.3034233944284639,0.1897321795613035
2014-08-19,-0.0008210465742639098,-1.0270107032579106,0.00014484885042379483,0.3028810244902876,0.1881268635231419
2014-08-20,-0.0008205126685561642,-1.025620699379423,0.0001447566756961802,0.30260230912706876,0.18847294277936488
2014-08-21,-0.0008557387885369824,-1.0684398599127274,0.00014415250055605866,0.2996253790328712,0.20199430283091357
2014-08-22,-0.0008256147789966151,-1.1236785280269366,0.00014554206058781338,0.3031037539863783,0.20040747909127765
2014-08-25,-0.0008096600462936523,-1.1124810358554316,0.00014637261526692107,0.30326175909151154,0.19135735168733026
2014-08-26,-0.0008061799245616092,-1.0903349899231092,0.00014641449270354223,0.3103791991276073,0.1839654678907916
2014-08-27,-0.0008078791241884781,-1.1023022229597976,0.00014631817038998358,0.3106297492493015,0.1852334595922036
2014-08-28,-0.0007992519392587645,-1.118769208401302,0.00014561758942694043,0.3091499993515875,0.18621278937046315
2014-08-29,-0.0008076401493411821,-1.1350778740518908,0.00014572147473237363,0.30931733468500194,0.18851877287271568
2014-09-01,-0.0007908832563481466,-1.1928554311130863,0.00014199408264898122,0.3016614403953387,0.19799522222892807
2014-09-02,-0.0007969451507904977,-1.2325910748043136,0.00014231125226237782,0.3009585160556528,0.20457348234289163
2014-09-03,-0.0008048242341702216,-1.31686729011795,0.00014091587793025852,0.2999356736647839,0.21682745370203993
2014-09-04,-0.0008106568006558378,-1.3025952069375752,0.00014134522431104247,0.2974769981532069,0.21846045347007337
2014-09-05,-0.0006295650599005441,-1.414116062314598,0.0001474274101622272,0.29265851070556165,0.18699982749987254
2014-09-08,-0.000590102374923084,-1.5812810200301597,0.0001500388534728678,0.31189368069292944,0.19641523322095666
2014-09-09,-0.0006264226023161795,-1.422429181398479,0.0001476169409587792,0.30372132693961484,0.19524807395559995
2014-09-10,-0.0006434156126216748,-1.4101874417247837,0.0001476132210409707,0.3032375636510962,0.19788829545778686
2014-09-11,-0.0006395632938379689,-1.4253988636855537,0.00014763279903866154,0.3036870907319197,0.19805357732873163
2014-09-12,-0.0006373711285779226,-1.4297851149015421,0.00014678090387332203,0.3032842140394232,0.20000641726795243
2014-09-15,-0.0006383902599720623,-1.4201518858049833,0.00014664286641695182,0.30412896232300096,0.1982776593104384
2014-09-16,-0.000638269775207864,-1.409246908150223,0.00014614600646283997,0.30151768462629175,0.19800035580119002
2014-09-17,-0.0006510845216041482,-1.4098726944458053,0.0001446463684604195,0.3011474575142798,0.2027092077826954
2014-09-18,-0.0006347237770590387,-1.3922768444597668,0.00014139437230686067,0.2945403698418522,0.2048923302408201
2014-09-19,-0.0006149184886600836,-1.3825856885732442,0.00013963903416355203,0.29154780966673044,0.19991441635860507
2014-09-22,-0.0006145948335996222,-1.3811307406653401,0.0001396117532456958,0.2914628714551377,0.1999401693472539
2014-09-23,-0.0006158359305002448,-1.38586050415992,0.0001390227401932404,0.2916075362791266,0.20136078909173638
2014-09-24,-0.0006132961410725225,-1.3909026486475695,0.00013870200672198862,0.2907275777074183,0.2024854859496913
2014-09-25,-0.000621197816125065,-1.3754494943398914,0.00013822260763759694,0.289158102738252,0.20209041309016307
2014-09-26,-0.0006184018878394966,-1.3314906826733586,0.0001379419633944145,0.2908457442696479,0.1983488664586187
2014-09-29,-0.0005948765051300412,-1.3986143957992512,0.00013707006594464936,0.2897146780123765,0.20332553613482718
2014-09-30,-0.0005926225361471628,-1.4130251220053078,0.000136291694853845,0.28763286366964164,0.20656551346996244
2014-10-01,-0.0005915783965534029,-1.4133063126320702,0.0001346190487653368,0.2872461769064141,0.20760396095510314
2014-10-02,-0.0006063923124992713,-1.3853161849310345,0.0001343229318179347,0.28542114583550404,0.20870548745656115
2014-10-03,-0.0006080709522725504,-1.444936367463908,0.00013456122229265252,0.2782893892305756,0.2212904676866102
2014-10-06,-0.000606335352838815,-1.3177674479587782,0.0001331660033583846,0.27986123811731817,0.20302130061779422
2014-10-07,-0.0006082948037661576,-1.317041910270107,0.00013260532802915226,0.2794588062285131,0.2048629953588933
2014-10-08,-0.0006198509908275735,-1.3243925058686026,0.0001321476145860347,0.2803098965077752,0.20807795126943374
2014-10-09,-0.0006062174949128497,-1.2753021288738027,0.0001321958509821869,0.2785670619195851,0.19747858306567279
2014-10-10,-0.0006099364253952322,-1.2628113284206133,0.00013197164875901915,0.27761594627738667,0.19710102693159004
2014-10-13,-0.0006079569803866768,-1.2761741767538843,0.00013174236280755628,0.2772257662946293,0.1987638843817925
2014-10-14,-0.0006010901993002026,-1.2774108396868082,0.00013116825704303072,0.2772136366493572,0.19771578232334086
2014-10-15,-0.0006012375284240103,-1.279674932452213,0.00013120749726695916,0.27719037663318935,0.19798682077868857
2014-10-16,-0.0006021457332897643,-1.2742998173807518,0.0001311263044394933,0.2770944388212683,0.19781987111520627
2014-10-17,-0.0006024039008840538,-1.2741181205322958,0.00013113510654575982,0.2771171801029982,0.19788300652527446
2014-10-20,-0.0006033820073892613,-1.2401721971031319,0.00013107923213365107,0.2799209116901602,0.19169605413208524
2014-10-21,-0.0006105510096087697,-1.2689033716409388,0.00013164927674448934,0.2811907549504288,0.19124320268840533
2014-10-22,-0.000608444052794478,-1.2888048627247946,0.00013164924934832634,0.28167685497656414,0.19319754663611177
2014-10-23,-0.0006158455395654791,-1.3056878161110244,0.00013157593597083747,0.28222866578577116,0.1961028095862224
2014-10-24,-0.0006188432997495739,-1.3007726181878854,0.00013225790529473505,0.2818157221244388,0.19459229689750035
2014-10-27,-0.0006240496029475924,-1.2785648696703587,0.00013242306805986016,0.28374565414164904,0.193190041089352
2014-10-28,-0.0006152148658916327,-1.2581482854826462,0.00013496041338687984,0.281313714315434,0.18322196291566528
2014-10-29,-0.0006354804481376294,-1.2049204299105374,0.00013557052070933305,0.2820865769141479,0.1799302337391283
2014-10-30,-0.0006253478241330628,-1.2275710559392694,0.00013539557771979205,0.2781155205598318,0.18136293184892682
2014-10-31,-0.0006180024190635526,-1.344699586064035,0.00013610714024120946,0.27342329051701086,0.1938970243145931
2014-11-03,-0.0006050860537878154,-1.3391259279083751,0.0001367611862640475,0.27025632262156185,0.19070556230627478
2014-11-04,-0.0006047415021619659,-1.3400175025699261,0.00013695248090733842,0.2709752846154854,0.19066521060452446
2014-11-05,-0.0006181168381346946,-1.4606109969151098,0.00013702500432977068,0.27119359591764836,0.20708600055264403
2014-11-06,-0.0006242822141818395,-1.436793675579485,0.0001376199337564162,0.27011174022848927,0.20583767546786325
2014-11-07,-0.00062390795085968,-1.4436716764433446,0.00014047625250187588,0.27278732569366576,0.20129087592928896
2014-11-10,-0.0006660990826071352,-1.3988490360483743,0.0001419820791237735,0.2780074068181271,0.20105271575588157
2014-11-11,-0.0006704162877644697,-1.4109692995846383,0.0001430272382725608,0.27988892066690885,0.20056444820259334
2014-11-12,-0.0006724178197788209,-1.4163145884754211,0.00014278499450247624,0.2797712160348328,0.2018125653167816
2014-11-13,-0.00067621276674628,-1.4071523838572735,0.0001427442247685018,0.27899686280180813,0.2021158852540892
2014-11-14,-0.0007056277849791233,-1.406380843826171,0.0001448154260063961,0.2833822512862161,0.20328658749875372
2014-11-17,-0.0007033241511750371,-1.405559807075694,0.00014433678157672617,0.2833785667011182,0.20365468427340505
2014-11-18,-0.0007098134674098772,-1.4071923002651892,0.00014407236094343437,0.28195456822416815,0.206560858265465
2014-11-19,-0.000687998197034804,-1.3762991539721292,0.00014283972320667325,0.27942247601596726,0.20030211554893418
2014-11-20,-0.0006972586480355917,-1.3719593412817987,0.00014280142314146565,0.279977129883422,0.20139671661258518
2014-11-21,-0.0007706974848790907,-1.3541483894612512,0.00014150629399198411,0.2746083096355598,0.22110172020667662
2014-11-24,-0.000738596808691509,-1.4683269328058397,0.00014060643022270863,0.27566511369249164,0.2301691245354781
2014-11-25,-0.0007388581661166695,-1.4636764588075397,0.00014065090297227687,0.2756448050481232,0.23020431225479332
2014-11-26,-0.0007380926245100883,-1.446490994802534,0.00014068412345991162,0.2766560200202241,0.22631368200517754
2014-11-27,-0.0007161705262522648,-1.4529286698899448,0.00014032032824235285,0.2749021505898618,0.2235122642027485
2014-11-28,-0.0006749731370102181,-1.633290402935688,0.0001402463224493611,0.2634567609005554,0.24041501561853262
2014-12-01,-0.0005996364206689169,-1.7020556527292117,0.00014598166814960904,0.2754033370845193,0.21646818583160032
2014-12-02,-0.0005922691634193326,-1.6903941873580979,0.000145133935372972,0.27228283300749223,0.22052525566950898
2014-12-03,-0.0005972168135552655,-1.6784476248509992,0.00014568108786528256,0.2736640208035388,0.21805831837404832
2014-12-04,-0.0006081016931777668,-1.6483048934182107,0.0001459401154354321,0.2730751707216557,0.2172190058464869
2014-12-05,-0.00059629779005209,-1.6254311109860762,0.00014581513590624843,0.26813471776724224,0.22053130500840357
2014-12-08,-0.0005761601138247257,-1.5603996790025234,0.00014641113998876013,0.2680511892145069,0.20492769733960803
2014-12-09,-0.0005761152062792527,-1.605829914483363,0.00014711694569644613,0.265550781402529,0.21537563890033284
2014-12-10,-0.0005698645236175562,-1.6178569845141237,0.00014722966954854665,0.26554576894406556,0.21612669160967046
2014-12-11,-0.0005795881619140939,-1.5997272442352348,0.0001473947440576611,0.26338821899256404,0.21751584255226786
2014-12-12,-0.0005749101596424416,-1.5961757484761971,0.00014740225242134021,0.26361883982513057,0.21615692961936295
2014-12-15,-0.0005933595013946348,-1.6433700117648575,0.00014870063223287118,0.26577954118949826,0.22458079972930556
2014-12-16,-0.0005876339095577034,-1.6397211376174217,0.00014750974225501484,0.2659055614605129,0.22490422057879011
2014-12-17,-0.0006101083902823369,-1.685314073410804,0.0001443689460590095,0.26257421848463247,0.23998833982546652
2014-12-18,-0.0005858488457678332,-1.6758683354260566,0.00014412301155774612,0.2637302118502491,0.23382273843260837
2014-12-19,-0.0005755518505933246,-1.68997038407158,0.0001422923457411058,0.2619537342479897,0.23362395689899784
2014-12-22,-0.0005271799383243287,-1.735775860878889,0.00014419836412428398,0.26494364714176794,0.22890437885921755
2014-12-23,-0.0005026659517603119,-1.7108953363298491,0.00014296241709947457,0.2645365232181506,0.22420774342535088
2014-12-24,-0.0005009750258388898,-1.7125508724530212,0.0001429042911208763,0.26438760525853516,0.22409422340048946
2014-12-25,-0.0005046373323055709,-1.7057701954003128,0.00014294345286477276,0.2644396184779852,0.2240301276721942
2014-12-26,-0.0005080569897510754,-1.7065210719078747,0.00014424561130337919,0.2670305644968713,0.2212464141678917
2014-12-29,-0.0005015041266662897,-1.7149735895801932,0.00014555941384543198,0.2681868963782333,0.22015941661765603
2014-12-30,-0.000491620570882858,-1.7236391082670293,0.00014630454211801594,0.26836603892628735,0.21675444754941797
2014-12-31,-0.0004545628922658358,-1.7584283763097426,0.00014588213202685213,0.2693680195897935,0.21263159412718402
2015-01-01,-0.00044741679167249423,-1.7563752308920875,0.00014624734543134478,0.2691702135421508,0.2107172467815155
2015-01-02,-0.00048090067252136665,-1.6912475366817563,0.00014426025775500948,0.26485987253696214,0.20656069040200187
2015-01-05,-0.000501364202268328,-1.567020788822847,0.0001463725373380953,0.2654100661682495,0.19003420164102003
2015-01-06,-0.000488978708692273,-1.590421751766713,0.00014648558045305017,0.2646484428366365,0.19137744824752412
2015-01-07,-0.0004870086157384015,-1.5970340419438567,0.00014629321670376615,0.26340398073015353,0.19242787141054785
2015-01-08,-0.0004944429319361531,-1.5575139487844036,0.00014606684325955578,0.26143929831080315,0.18888824195453247
2015-01-09,-0.0005018448430459526,-1.5647269934371222,0.00014597029530233658,0.26164532934584245,0.19143447084515275
2015-01-12,-0.0005361048648278942,-1.5343593962514994,0.0001446800017080166,0.25867217195021897,0.19689237849987717
2015-01-13,-0.0005355762279625803,-1.534292223120206,0.00014510646809011988,0.2587047029543231,0.19648405287184256
2015-01-14,-0.0005084694051432886,-1.5262660041167293,0.00014419952013908417,0.2585365197734135,0.19222647250362423
2015-01-15,-0.0005643019212924021,-1.512371496034192,0.0001437306123004867,0.26116175171957345,0.19878534916671142
2015-01-16,-0.0005301275398519587,-1.5068107283401377,0.0001452611487959322,0.26275688228810434,0.18931820374979313
2015-01-19,-0.0005241834866093537,-1.468693220684545,0.00014402527084031653,0.2610871792972273,0.18473709860830556
2015-01-20,-0.0005279187640786523,-1.425299408160413,0.00014558219003459969,0.26252058045539034,0.17743055277371
2015-01-21,-0.0005109404994272277,-1.4249021430031457,0.00014613468905865117,0.26200978627515464,0.1751041662998889
2015-01-22,-0.0004954995941782554,-1.4308856009892272,0.0001469632425590062,0.2638485608717966,0.17253307315745425
2015-01-23,-0.0004839381244988605,-1.4562481151120101,0.00014573705253030119,0.2612312421546014,0.17373341871230052
2015-01-26,-0.00048209872465544,-1.4803067619685422,0.00014604313883598313,0.26332758562668673,0.17557876781255133
2015-01-27,-0.00047980890448612746,-1.4930369209389496,0.00014602886201162354,0.2622152851891566,0.17901237046962837
2015-01-28,-0.00046674705329137115,-1.5106000444256067,0.0001454336353984982,0.26114883641527425,0.17894998565629006
2015-01-29,-0.000488114862116346,-1.5473307085866561,0.00014585186712551664,0.25545345120397656,0.1944145303567838
2015-01-30,-0.0005628803104838219,-1.4748676905595168,0.00014421315110519115,0.25648377522490967,0.19470014218614706
2015-02-02,-0.0005649349374014337,-1.4228818343410705,0.0001449198381948822,0.2556805969852022,0.18757669684657596
2015-02-03,-0.0006147910453268516,-1.2906972875125224,0.0001445499471472367,0.2537941919599403,0.1787061725773298
2015-02-04,-0.0006132762764471293,-1.2837907588665765,0.00014472893259500618,0.25399803716485836,0.17731915893244332
2015-02-05,-0.0006138278485589123,-1.283450512649408,0.00014440235370019515,0.25272970442328724,0.17729462661161277
2015-02-06,-0.0006401133506573689,-1.322287689107347,0.00014328365556644785,0.2515651549771715,0.1937390941612942
2015-02-09,-0.0006485258279272866,-1.3564953940066595,0.00014235534139244737,0.24998346006264388,0.20135353586737903
2015-02-10,-0.0006468883288301909,-1.3543225689487688,0.00014187670381680172,0.2496729894199618,0.20243749430651115
2015-02-11,-0.0006450617425834017,-1.3575237693942714,0.0001418460930016264,0.24865811847218275,0.20303336130791416
2015-02-12,-0.0006538885408904607,-1.3018652832219666,0.00014207868725126752,0.24169169728258025,0.2004134630023191
2015-02-13,-0.000661426358980646,-1.288907262717979,0.00014238566641965817,0.2423186069796989,0.20047122848760812
2015-02-16,-0.0006622836993831608,-1.291040256945521,0.00014240619997827597,0.2424247884757747,0.20064267395163216
2015-02-17,-0.0006866363787177454,-1.3017171492048725,0.00014099009968549615,0.2436524776510403,0.20741210954418876
2015-02-18,-0.0006709592586202034,-1.2934525229274036,0.00013910151956441404,0.24005236865423452,0.20485587029935248
2015-02-19,-0.0006658366001466456,-1.2838250277556897,0.00014006971306900477,0.24008344887953081,0.19989182095586489
2015-02-20,-0.0006660621038100696,-1.2886568703950139,0.00014009881693252476,0.2405125326772361,0.20044794065924743
2015-02-23,-0.0006701336188542794,-1.269357101331864,0.00013982948354122595,0.24320737705897244,0.19742640146549784
2015-02-24,-0.0006573101641749588,-1.2677366946145852,0.0001393020640452563,0.24379000450499871,0.19385086280000896
2015-02-25,-0.0006558569369555199,-1.252809102379333,0.00013932461877872807,0.24163769191110762,0.19387743353252562
2015-02-26,-0.0006586287202635901,-1.2255060287676547,0.00013945112560551426,0.24048774433150835,0.1913247756434765
2015-02-27,-0.0006431124741542893,-1.2349221304141969,0.00013803808331005845,0.23922660967205608,0.19116808077903558
2015-03-02,-0.0006393963863591679,-1.2403871401365858,0.0001372634632166314,0.23995725834929627,0.19102636731387346
2015-03-03,-0.0006398524197066873,-1.2317012505297944,0.00013709749261389608,0.2389066293307061,0.19049770979618919
2015-03-04,-0.0006324345400465604,-1.2256179992789673,0.00013707651853414764,0.23617490733613491,0.18954177627170044
2015-03-05,-0.0006364145039355164,-1.2262422972695606,0.00013675284526458908,0.2356271085958603,0.19109758562969303
2015-03-06,-0.0006136963610664313,-1.2605207816181188,0.00013704717040276078,0.22643282723977973,0.20893192009468609
2015-03-09,-0.0006150524823508553,-1.2969854584739875,0.0001366903870613354,0.22852413519536297,0.21192986282676796
2015-03-10,-0.0006158536205718439,-1.295974742478706,0.00013660783438644293,0.22627419754222938,0.21161553825545387
2015-03-11,-0.0006214427949265617,-1.321240754135331,0.00013485401808980912,0.22275362280868224,0.2207909977598752
2015-03-12,-0.0006239702689425869,-1.3069718431008912,0.00013502743605206858,0.2220980452264201,0.21970492678901865
2015-03-13,-0.0006244734183808777,-1.264831596393507,0.00013518697875997146,0.2199195202538251,0.21660079134539367
2015-03-16,-0.0006264780017475832,-1.2746785102198546,0.00013476187251972843,0.2190471550308606,0.21931032594258815
2015-03-17,-0.0006237268663333278,-1.2692192318935316,0.0001351839528615969,0.21942885017399982,0.21741510114765317
2015-03-18,-0.0006451772154254965,-1.2806644533934661,0.0001294785267715586,0.21928212982204848,0.2321789595738728
2015-03-19,-0.0006393561842131717,-1.27417021394682,0.00012971436049846494,0.21953744288612592,0.23055280316939564
2015-03-20,-0.0006550663465236854,-1.266843257315105,0.0001293730753273856,0.21170525041707783,0.24046377380602957
2015-03-23,-0.0006572914595881084,-1.2571470301657681,0.00012935146811108452,0.20887300779702628,0.24172327467515264
2015-03-24,-0.0006491267094357114,-1.2456510333856956,0.00012897321106287863,0.2092567383661918,0.23709987294966262
2015-03-25,-0.0006515508211365746,-1.2541958935393718,0.00012866686706562537,0.20864708070102744,0.239554376141075
2015-03-26,-0.0006211221976046826,-1.2345220261349492,0.000128474389562282,0.21165685666632886,0.22753928688748526
2015-03-27,-0.0006201146795564684,-1.2365501972408506,0.00012836371258453976,0.211108354462725,0.22774515541129026
2015-03-30,-0.0006228995276014544,-1.2447548001209392,0.0001286893335378895,0.2104413450924624,0.2302844633334079
2015-03-31,-0.0006187545615907752,-1.2461068339900112,0.0001283990112480906,0.2105563326957903,0.22973370969816076
2015-04-01,-0.0006348807245594946,-1.2613459626151797,0.00012683410692321438,0.20966900684396939,0.2415340364823334
2015-04-02,-0.0006506549079790636,-1.232306153191878,0.00012529816133952115,0.20645729770873103,0.2441172810285871
2015-04-03,-0.0006311944990429003,-1.171518529262959,0.00012565162263999494,0.20496658136328513,0.2343472601133052
2015-04-06,-0.000607924499898444,-1.1947236457008286,0.00012611914156038896,0.20588349718441482,0.23063952492580309
2015-04-07,-0.0006084431535567636,-1.1931822250492121,0.00012575618088393026,0.2035476246942529,0.2314064518362029
2015-04-08,-0.000611364292844007,-1.1902056959797906,0.0001255075649098562,0.20346991973926862,0.23162674564983632
2015-04-09,-0.0006101587853679926,-1.1828235311519204,0.00012534297546573083,0.2022232096488972,0.23310159225758265
2015-04-10,-0.0006116259872718624,-1.1516915930992566,0.00012640679600464257,0.20314673151199997,0.22611892032422853
2015-04-13,-0.0006115070001967938,-1.1545320823179386,0.00012633842360262271,0.20278664956381603,0.22697522054428265
2015-04-14,-0.0006061237875460679,-1.095193373388832,0.0001270891296859147,0.2015980784336348,0.21693923945686022
2015-04-15,-0.0006093613218423805,-1.0918888152561959,0.0001274461264636631,0.2019694247440972,0.21656310136727586
2015-04-16,-0.0006141754311576328,-1.0253928734289235,0.00012813198410957543,0.19894767596496837,0.20855762094586616
2015-04-17,-0.0006221524430082114,-1.0317515472815832,0.00012729976724662367,0.19852500500833736,0.21238868821257095
2015-04-20,-0.000634220667388424,-1.032133933962758,0.00012749743796357411,0.19830598779622244,0.2155574415087128
2015-04-21,-0.0006207077199846512,-1.03209452414904,0.00012723113093622812,0.19843536410758172,0.21210188277552966
2015-04-22,-0.0006454222385313994,-1.0134828874476676,0.00012689923327468682,0.19844554932775757,0.21597082929652622
2015-04-23,-0.0006436031292279188,-1.0242474541905442,0.00012669600974821006,0.19833233087906244,0.2190912292872761
2015-04-24,-0.0006463331111470616,-0.9990229043350564,0.00012702525974325431,0.19841280153816693,0.21544946634761486
2015-04-27,-0.0006456656949762173,-1.022045560087682,0.00012807037570752007,0.1998038161499636,0.2166649563574169
2015-04-28,-0.0006282884406006788,-1.0575107993659696,0.00012675501629752934,0.19766615948957322,0.21720101829031468
2015-04-29,-0.0006491073086370516,-1.0165407041992347,0.00012675790939929493,0.19588873270894233,0.2156649377232457
2015-04-30,-0.000638009830261822,-1.061300615349447,0.0001269636209284738,0.1940731594131857,0.21996754846143174
2015-05-01,-0.0006262843172584716,-1.0574765533525228,0.00012721011227364215,0.19396921596226585,0.21674140570069445
2015-05-04,-0.000623699182827497,-1.0559198199624142,0.00012738856551178704,0.19428705503619698,0.21551048903412917
2015-05-05,-0.0006230545609301696,-1.055100929088704,0.00012746864759816777,0.1933953894142066,0.2157885511625105
2015-05-06,-0.0006251803597167506,-1.0521273974397078,0.00012603137922632035,0.1912996454514411,0.21580747036610037
2015-05-07,-0.0006179296585339063,-1.0669834961585716,0.0001258414635991387,0.19048877925011995,0.21648753831046585
2015-05-08,-0.0006177617369280767,-1.066687496107452,0.0001258394329585599,0.18991179995571827,0.21727269998265308
2015-05-11,-0.000599480167857405,-1.0570748630518654,0.00012452741153183447,0.19002833627526572,0.2147649571244008
2015-05-12,-0.0006001949970467458,-1.0658169062211575,0.00012463920611970294,0.18918340909583103,0.2170088602884731
2015-05-13,-0.00059317403137257,-1.099815490946959,0.00012508086481606855,0.18856694112901723,0.2209536691278896
2015-05-14,-0.0005997827429078743,-1.088529105195187,0.0001233855493849998,0.18639459307102718,0.22528141196482943
2015-05-15,-0.0006175888433868302,-1.080083992272623,0.00012383545633262963,0.18577048331406196,0.22927757055137798
2015-05-18,-0.0006085961950745252,-1.066205774748943,0.00012382311281739714,0.1855141605057396,0.22640550872675236
2015-05-19,-0.0006096120686897883,-1.0767149275376362,0.00012395788041227786,0.18411030859163516,0.23156893568425663
2015-05-20,-0.0006105200217293313,-1.075662932819749,0.00012405106657682554,0.18397420567434497,0.23048641221196253
2015-05-21,-0.0006228027729927757,-1.0650666146701764,0.00012498455920166438,0.18383604559231762,0.231243248427613
2015-05-22,-0.0006243929019779189,-1.0594218615343802,0.00012506181221975777,0.1831682672183453,0.23076366538458326
2015-05-25,-0.0006226402665279809,-1.0566746243124308,0.00012508790711211916,0.18320527033186618,0.22941285287151203
2015-05-26,-0.0006159692783685711,-1.0846416646191117,0.00012500653180803732,0.1808195519241824,0.23410301923640042
2015-05-27,-0.0006153325594893109,-1.0836196218794607,0.0001249994182042521,0.1808138403241704,0.23388797960469043
2015-05-28,-0.0006186432558113339,-1.0846339052894038,0.00012480574819309114,0.18048119622838482,0.2354772651541125
2015-05-29,-0.0006184021759300376,-1.0835155391567697,0.00012481747090319572,0.18041055565679368,0.2353824137039554
2015-06-01,-0.0006047353186390982,-1.0689785572772288,0.00012463373034915076,0.18032659686758384,0.2305453246333764
2015-06-02,-0.0006079728734009185,-1.066108555470091,0.00012390427768028066,0.17742822939723074,0.2317706357810605
2015-06-03,-0.0006169484949268572,-1.0606424809197967,0.000122061902186898,0.17651309845948424,0.2333224565733728
2015-06-04,-0.0006094123372605718,-1.0719485770316832,0.00012183069530740263,0.17642942832211525,0.23289416934237794
2015-06-05,-0.0006070045185912976,-1.0632952438086518,0.00012202783950763866,0.17556576100785165,0.23260633583559398
2015-06-08,-0.0006193816752337196,-1.0107114551899437,0.000118762975193114,0.17081842923004764,0.23565971361466398
2015-06-09,-0.000625418002768111,-1.0060693911190786,0.0001186968252654169,0.1694358787800972,0.23702920342855416
2015-06-10,-0.0006114662703603424,-1.0240855969382414,0.00011817625197422632,0.16893041452748886,0.23611750905273998
2015-06-11,-0.0006026214840702416,-1.031647350756344,0.00011781986634604119,0.16880521281833968,0.23498067527383182
2015-06-12,-0.0006031748794187253,-1.030794489270626,0.00011785295330901395,0.1687340721031772,0.23491484833946985
2015-06-15,-0.0006080331720232985,-1.030703774550881,0.00011770420596641888,0.1686588595926241,0.23612604287054428
2015-06-16,-0.0005971060682668932,-1.0346668925049158,0.0001173272563538263,0.16906065082725868,0.2341350465037516
2015-06-17,-0.0005993969491103573,-1.0259012325563113,0.00011707828835096102,0.16898591022596915,0.23345030276198608
2015-06-18,-0.0005919053771978623,-1.0491649795267861,0.00011706148989464432,0.16589378327959312,0.23777232375681379
2015-06-19,-0.0005947083589072644,-1.0519201351005774,0.00011688026557134411,0.16541358562050118,0.23862356764684267
2015-06-22,-0.0006088481546107115,-1.0445263533409004,0.00011654471876734003,0.165649217444818,0.24018540310570602
2015-06-23,-0.000608528278827827,-1.042929311815754,0.00011650779286324411,0.1649476703718333,0.24139633471237054
2015-06-24,-0.0006081852391644956,-1.0438832578202093,0.00011645061045999558,0.16476918242473165,0.24153065727923384
2015-06-25,-0.0006117770620225492,-1.0435620479407364,0.00011666734650617171,0.16466389881345334,0.24188550158706956
2015-06-26,-0.0005980661948964973,-1.0386397333296657,0.00011632297311740278,0.16495682675792345,0.23793680739985767
2015-06-29,-0.0005917193312901544,-1.040149115662676,0.0001149416302030657,0.1648345341350264,0.2387701422157007
2015-06-30,-0.0005922078559864922,-1.0415407522125941,0.0001149968757319271,0.16489389768357077,0.23918255045280679
2015-07-01,-0.0005749864527878558,-1.0433223478659408,0.00011323403373200984,0.16226448036199173,0.24221614149208648
2015-07-02,-0.0005667251866267176,-1.0390438773440986,0.00011306295450732859,0.16226087980015083,0.23958069048193653
2015-07-03,-0.0005675066388168299,-1.0383356506559664,0.00011301626150288534,0.16217579677577212,0.23982507442702405
2015-07-06,-0.0005496315819381654,-1.0421220010869723,0.00011272479856454533,0.16126761353404226,0.23731763011754647
2015-07-07,-0.0005414430113317184,-1.059667377714682,0.00011259628005365312,0.16026705074844302,0.23958793843737836
2015-07-08,-0.0005413394061942733,-1.0585825608012516,0.00011260345621800241,0.1599633089944692,0.23982567589832093
2015-07-09,-0.000530447124205197,-1.060781565009569,0.00011206877856007483,0.1601160485346082,0.2379615213255898
2015-07-10,-0.0005275211061685831,-1.0644365670800222,0.00011129548473292277,0.15951144770289313,0.23800147761878843
2015-07-13,-0.0005276333174794793,-1.0624121372896438,0.00011095766546500736,0.15890093907827213,0.2392485116107842
2015-07-14,-0.0005159910568850429,-1.0662950528324366,0.00011092321203474658,0.15850833711183127,0.2383813251948701
2015-07-15,-0.0005136904790733604,-1.07042145473855,0.00011071917928378696,0.157865793627882,0.2389216664901581
2015-07-16,-0.0005143595854005509,-1.0699097299123117,0.00011078629579934725,0.15796005834663746,0.2389569805577999
2015-07-17,-0.0005198859757149187,-1.0809973148045435,0.0001115575389656698,0.15792536454366662,0.24076585758905322
2015-07-20,-0.0005406572784815806,-1.0825448122326102,0.00011276600062550666,0.15996762432309894,0.2417891323949607
2015-07-21,-0.0005325547156774768,-1.0741214119648586,0.00011295003937536742,0.15979829892331046,0.2384974214628145
2015-07-22,-0.0005317818152442539,-1.0768515787639177,0.00011293617097944644,0.15951777627556066,0.2393248073769162
2015-07-23,-0.0005265116472950795,-1.0767149100803346,0.00011294615353335714,0.15983748376985027,0.23780219051744855
2015-07-24,-0.00052069963905011,-1.063028266858219,0.00011294550079788085,0.15981889959315906,0.23352486813909912
2015-07-27,-0.000518392726724091,-1.0527766334915634,0.00011342400247343029,0.1597762366694174,0.23039131847417404
2015-07-28,-0.0005180064632253799,-1.0533652811426721,0.00011342779880291751,0.15980602114257586,0.23035103695594672
2015-07-29,-0.0005176055875665477,-1.0561569817727623,0.0001133869804947085,0.1598107326916128,0.2308456140445191
2015-07-30,-0.000518399239133348,-1.0584344570583568,0.0001133930981370827,0.15831611009543892,0.2331193998429636
2015-07-31,-0.0005166081901453667,-1.0530322633869562,0.00011329939478961285,0.15734801198453846,0.2343339599574774
2015-08-03,-0.0005161872737030488,-1.0579830769190992,0.00011333986190838046,0.1571619652380643,0.2354322797820425
2015-08-04,-0.0005150102809057926,-1.0626885643485529,0.00011289859840385106,0.15693105468875276,0.2366557033113531
2015-08-05,-0.0005083190724154091,-1.0553526678359515,0.00011300675978043423,0.1565721422615776,0.2354356211614912
2015-08-06,-0.0005093010793576061,-1.0568520787712952,0.00011301393962852794,0.15656911771782894,0.23605281756055663
2015-08-07,-0.0005076756628166746,-1.0545661455531596,0.00011298049155341706,0.15640332787283243,0.23586852024681437
2015-08-10,-0.0005061099496967564,-1.0628497357620703,0.0001127913454645115,0.15598643619200211,0.23781371599521672
2015-08-11,-0.0005200178225473582,-1.0416698334557037,0.00011245841185599801,0.154962141394423,0.23592063367140403
2015-08-12,-0.0005139290540286516,-1.0600407211864806,0.00011269186708220569,0.15470784502279883,0.23807601713028637
2015-08-13,-0.0005161142649433225,-1.0596574465069142,0.00011245816734408679,0.1544364763790276,0.23993061030309482
2015-08-14,-0.0005170473807690523,-1.0622845973550779,0.00011244111418325481,0.15450930673202312,0.24041906254133627
2015-08-17,-0.0005157670432989403,-1.059503686279114,0.00011248876053977803,0.1544638523523312,0.23943998449485526
2015-08-18,-0.00051391631801739,-1.0595085808971667,0.00011240518961189114,0.15450342988916882,0.23910194217238712
2015-08-19,-0.0005288049399867834,-1.052724781722047,0.0001122707330186801,0.15499362759603805,0.23994085030326906
2015-08-20,-0.0005247673195201627,-1.0564717717182242,0.00011239963819054912,0.1549286836318081,0.2396063148423172
2015-08-21,-0.0005258167388230545,-1.0566871438428154,0.00011256328827144255,0.1552142626322053,0.23894953038290578
2015-08-24,-0.0005267096431778924,-1.0507775087465827,0.00011285872036200804,0.15557729336693046,0.23634358514217757
2015-08-25,-0.0005355860139774964,-1.0525327260605537,0.00011253510017139386,0.15543827546095132,0.24048269656399024
2015-08-26,-0.000539578212287548,-1.0529032340954858,0.00011243020884061145,0.15554901471219965,0.2416049160041306
2015-08-27,-0.0005412885548946492,-1.0628144188601658,0.00011211079575618729,0.1556758559762722,0.24401045327585713
2015-08-28,-0.0005426586632623028,-1.0596329255441495,0.00011257692962942136,0.15603092466323484,0.24265367820128447
2015-08-31,-0.000545355721450181,-1.0590249123798716,0.00011244829114552635,0.15573164996842642,0.2437737770783518
2015-09-01,-0.000539332834599134,-1.060441927179916,0.00011284060167515838,0.15563161481028748,0.24193658572256205
2015-09-02,-0.0005389280512857795,-1.0605857294321974,0.00011275579864486651,0.15549659051101433,0.2426127910996846
2015-09-03,-0.0005385359064917058,-1.0618549786081812,0.00011292962973197569,0.15602581009413818,0.2420096885878159
2015-09-04,-0.0005286664784995861,-1.064804872474087,0.00011340907176780017,0.15580136379993753,0.2401060188561991
2015-09-07,-0.0005344816991467569,-1.067549978806484,0.00011348300653390952,0.15562364218882824,0.24193815079191705
2015-09-08,-0.0005410052778717365,-1.0624843358042693,0.0001133187864154954,0.15517282500331714,0.2427534783898414
2015-09-09,-0.0005359264556120558,-1.0660834105908266,0.00011385844277409008,0.15591903713571043,0.24049726976005947
2015-09-10,-0.0005319561340339186,-1.0655080077036265,0.00011419920447337155,0.15563046957402082,0.23971294030967383
2015-09-11,-0.0005290672888442923,-1.064306974377983,0.00011418209909784013,0.155692882423829,0.2387009631583621
2015-09-14,-0.0005264796208696035,-1.0668386505861607,0.00011433437635100552,0.15572497306387256,0.2388307385080367
2015-09-15,-0.0005252071958389622,-1.069878513774098,0.00011374986850471254,0.15580567845186877,0.23908435261467664
2015-09-16,-0.0005223025228860723,-1.0852883763150165,0.00011398528367871168,0.15535769850110992,0.24214004072716544
2015-09-17,-0.0005313526517028069,-1.0818684775907768,0.00011294998280977637,0.1553703966925994,0.2444418213734587
2015-09-18,-0.0005326643547542951,-1.0831777563696552,0.00011357417430194929,0.15518702285266214,0.24539142187326746
2015-09-21,-0.0005248588336755414,-1.0728630935880514,0.00011335379265981287,0.15459530331479832,0.2452184514923913
2015-09-22,-0.0005195507581213444,-1.058321173584335,0.00011295857717349517,0.15460227111662797,0.2395465458488164
2015-09-23,-0.000517855352280885,-1.0392043122309524,0.00011305974839616987,0.1550332683123188,0.23373522349285247
2015-09-24,-0.0005185099860238306,-1.0534420638121553,0.00011449479870486233,0.1564378314695461,0.23307999833408577
2015-09-25,-0.0005166699424524448,-1.0522987329106026,0.00011412531732402079,0.1561931538481169,0.2327038562777649
2015-09-28,-0.0005173951818662869,-1.0549747253819342,0.00011463274296087558,0.1572078923245594,0.23109754911005054
2015-09-29,-0.0005116419062169397,-1.0577997636769771,0.00011451388541515707,0.15743582865304423,0.23020973297489322
2015-09-30,-0.0005099681547071718,-1.0470904349966415,0.00011485445909567816,0.1577967599366687,0.22662812986751713
2015-10-01,-0.0005059473177303002,-1.0411770411858963,0.00011504120126965825,0.1578149764102773,0.2248072765667064
2015-10-02,-0.0005236285016068326,-1.0528566322775823,0.00011501343053456783,0.1583653583860461,0.23184070648145338
2015-10-05,-0.0005255433365848733,-1.050391269287731,0.00011473208760008463,0.1581198188736552,0.2315957395046142
2015-10-06,-0.0005275008839115325,-1.0557168882958825,0.00011479078840044655,0.1580056074839416,0.2337893175612995
2015-10-07,-0.000526992776823916,-1.0492294794427681,0.00011476213917868336,0.15766357912172196,0.2326933908318326
2015-10-08,-0.0005308804061530197,-1.043271270774108,0.00011500541374573387,0.15771348540060584,0.2320284618749957
2015-10-09,-0.0005198834642090066,-1.0659105381143577,0.00011518293420034571,0.15741335213080615,0.23356816309591943
2015-10-12,-0.0005176107708743755,-1.065684085601773,0.00011532854026574922,0.15742697741884873,0.2326852443608438
2015-10-13,-0.0005216976779025999,-1.0615148432616306,0.00011521839079650793,0.15739625621738665,0.23236529729112265
2015-10-14,-0.0005295795317234761,-1.0718466589678008,0.000115529963744961,0.15779025773457342,0.2360669368701792
2015-10-15,-0.0005348156848082479,-1.0637367486567038,0.00011545831442008299,0.15770774979249325,0.2348981227614676
2015-10-16,-0.0005264533808027727,-1.080399251613297,0.00011485759926336169,0.15681801264266595,0.23932204140467694
2015-10-19,-0.0005269714604591051,-1.071545553501099,0.00011469809149507931,0.1568913226966749,0.23794076320183155
2015-10-20,-0.0005264719839982313,-1.0427750232146573,0.0001141041347044781,0.15706567596812582,0.2315860718742736
2015-10-21,-0.0005248170614672605,-1.0490221267309667,0.00011418038976702369,0.1572327035831511,0.23210722779668547
2015-10-22,-0.0005250689070002959,-1.0485732697118846,0.00011412279438066923,0.15711633210732445,0.23208994051393472
2015-10-23,-0.0005264752361360607,-1.0326709959126146,0.00011293172785951179,0.15534528163194347,0.23290943341613002
2015-10-26,-0.0005283125102349618,-1.0345064452656692,0.00011288642986374733,0.15529541198294375,0.23353154217591654
2015-10-27,-0.0005029482250179233,-1.0256417413953387,0.0001117284737922162,0.15304798925768426,0.22961944291568148
2015-10-28,-0.0004892157770475087,-1.0303206406264163,0.00011050885267959525,0.15124016651977276,0.23124341328222775
2015-10-29,-0.0004906865148283564,-1.032334684762262,0.00010983692165836791,0.14997466661783382,0.23553144032270867
2015-10-30,-0.0004827790756421411,-1.0129926324383023,0.00011016245186783656,0.14977624525319408,0.23006094515720354
2015-11-02,-0.0004852185039574381,-1.014064901796899,0.0001101889027538178,0.14991904792767932,0.2305333149159008
2015-11-03,-0.0004694376305585354,-1.0121053189545433,0.00010944473898474417,0.14869972851528637,0.22906454264279352
2015-11-04,-0.0004707925894038361,-1.0166011990926724,0.00010966626847763184,0.14847117234422602,0.2309133446529863
2015-11-05,-0.0004716201170470631,-1.0115211190313338,0.0001094572844072347,0.1484308885908433,0.23022405803881651
2015-11-06,-0.0004674926608702013,-1.019195039529908,0.00010948525125923518,0.14698200295667063,0.23431061572239398
2015-11-09,-0.000460886212996552,-1.0183027890477647,0.00010947360645487319,0.14674840100228134,0.23299311875063589
2015-11-10,-0.00045889357846765197,-1.018636499240264,0.00010960439661465277,0.14671661476316858,0.23257347406966078
2015-11-11,-0.0004592499185627129,-1.0176028892181361,0.00010965155291669688,0.14677569469470375,0.23230356685120646
2015-11-12,-0.000459575744144258,-1.0167498467304,0.00010967160210871026,0.14672126995207593,0.23198003501174114
2015-11-13,-0.00045874986057820445,-1.019103650204731,0.00010959473676503988,0.14666632384660339,0.23237163500604807
2015-11-16,-0.000458950028277433,-1.017903787073064,0.00010962394260443119,0.1466757238460477,0.23206005950051778
2015-11-17,-0.0004646568089900665,-0.9667847781008826,0.00010910305318086772,0.14769345776437798,0.22109357449111555
2015-11-18,-0.0004950078760922309,-0.9329568620106283,0.00010410028042217688,0.14086259698426548,0.23754593211107378
2015-11-19,-0.0004917254675553633,-0.9351663258397342,0.00010451219783917499,0.14008010208403734,0.23721077714533423
2015-11-20,-0.00048774046638913333,-0.9403752478658677,0.00010410965850016091,0.13954857229121037,0.23876249369712577
2015-11-23,-0.00048680890374457606,-0.949979330877983,0.00010406272797953278,0.13944853081527503,0.24070508948789815
2015-11-24,-0.00048505340640926284,-0.949166986323261,0.00010448320065178808,0.13996710945595153,0.23679310003536103
2015-11-25,-0.0004817629634653524,-0.9577660575620119,0.00010392667645562714,0.13925895900135116,0.2401055563561898
2015-11-26,-0.0004695686828043246,-0.9372988817396075,0.00010356282783238658,0.13895466238274076,0.23146610748284957
2015-11-27,-0.00046900342545289975,-0.9452774130841423,0.00010386037931739081,0.13915616335526326,0.232805704159756
2015-11-30,-0.0004697588684680829,-0.9482899149712336,0.00010403400508074625,0.13966083856030587,0.23241702985048318
2015-12-01,-0.0004719205822521265,-0.9493644116022262,0.00010392123463851514,0.13949368144842567,0.23390738664850652
2015-12-02,-0.0004659173619057537,-0.9398814873304725,0.00010278486134201598,0.13803384166907617,0.23370120802133
2015-12-03,-0.00044810374802192797,-0.9626478242986437,0.00010251603951199679,0.1371013138307193,0.23318956627497345
2015-12-04,-0.00045869571551462136,-0.9687393732346806,0.00010410911865202388,0.13881702618150543,0.2328175372294926
2015-12-07,-0.000474983364346293,-0.9870843843266867,0.00010417915502886836,0.13730335449285969,0.24321555183443566
2015-12-08,-0.00048098941796143475,-0.9805260193531364,0.00010485417905129194,0.137459322307471,0.24304917335472132
2015-12-09,-0.0004897924191780913,-0.9801944746599246,0.00010336763779652108,0.13521650183366934,0.25067110238408385
2015-12-10,-0.000503607680427683,-0.9873829409400502,0.00010360149217708057,0.13492401658978925,0.2550909424770821
2015-12-11,-0.0005119883082872266,-0.9788770399992077,0.00010341861612529943,0.13477294129385128,0.2544234741299698
2015-12-14,-0.0005258285604091372,-0.9770304182027645,0.00010245329968134258,0.13498263475014505,0.2579937153329154
2015-12-15,-0.0005227390786948609,-0.9753981142851298,0.00010132305082193933,0.13351992379904054,0.2610296312339959
2015-12-16,-0.0005142722051359933,-0.9720039041233308,0.00010167635206307964,0.1341459958511593,0.25648716898855295
2015-12-17,-0.0004867238419295935,-1.0049135956169881,0.00010193640488686443,0.13428032544195637,0.25512040717024353
2015-12-18,-0.000512734076320991,-1.0086919773808847,0.00010166895703250815,0.13302811705296924,0.26659216326913615
2015-12-21,-0.000508498269046288,-1.0062382288921077,0.00010223439516596306,0.1338031230416149,0.2627430621358483
2015-12-22,-0.0005014768255798743,-1.014399278607131,0.0001028340819967205,0.13444700878716737,0.26323717689481396
2015-12-23,-0.0004929684790052301,-1.0489779742020415,0.00010139088542766469,0.13319328168657524,0.275082058023872
2015-12-24,-0.0004975052330393748,-1.043418244367884,0.00010104937884847469,0.13291599078087488,0.2759949204211596
2015-12-25,-0.0004990960351273133,-1.0400736408519635,0.00010106556855741725,0.13305684191422926,0.27551599945534766
2015-12-28,-0.0004973513064047899,-1.047366870556723,0.0001011288046114587,0.13339828774535878,0.2766337919628531
2015-12-29,-0.00048824981374610436,-1.0436223522391,0.00010097790338963046,0.13322833976725154,0.27367133475539873
2015-12-30,-0.0004828998876047172,-1.0513133267336332,0.00010054493171468727,0.13259725328873403,0.2760789516116363
2015-12-31,-0.0004803947991428368,-1.050485071674851,0.00010044405690064693,0.13258319081588812,0.27567596139429806
2016-01-01,-0.000490773187689313,-1.0538524474305704,0.00010082567847079155,0.13237660693032494,0.27837021729122335
2016-01-04,-0.0004713990315668503,-1.0118840871400354,0.00010147601618050782,0.13123550940150777,0.26250687456466004
2016-01-05,-0.0004829298567444969,-1.0144895024618994,0.00010066291681061071,0.13002063705203581,0.2692862958992338
2016-01-06,-0.0004960811690110911,-0.9999469114113979,0.00010138181691074876,0.1310190388328419,0.26495831751476095
2016-01-07,-0.0004922598189677415,-1.0140438635625095,0.00010117170931245508,0.13088535398672507,0.2684126647038264
2016-01-08,-0.0004939553697824879,-1.0181302390022022,0.00010115126102720077,0.1307204677638278,0.269861712845786
2016-01-11,-0.0005062651071947877,-1.0194094692799185,0.00010042188343398442,0.13025837750817398,0.27470305831129826
2016-01-12,-0.0005160996098204904,-1.0117791495236268,0.00010084779696229856,0.13032396202646174,0.2757079078691623
2016-01-13,-0.0005160813585921775,-1.0108565685877433,0.00010046072666951006,0.12996605206301548,0.27701530546766917
2016-01-14,-0.0005146915133066587,-1.0115710228295485,0.00010115171024873997,0.1307542600268879,0.27368729648791934
2016-01-15,-0.0005236804367745474,-0.9933922662783742,0.00010192093221688776,0.13140343798424425,0.2694441073703838
2016-01-18,-0.0005191478412116763,-0.9652721294629417,0.00010136378975573317,0.13167234484230944,0.2602484728040162
2016-01-19,-0.000473017777795896,-0.9866609789137394,0.00010150374096972904,0.13013524379480643,0.2594369926412551
2016-01-20,-0.0004717273276437549,-0.9772204847935873,0.00010227072914952907,0.13108936297161258,0.2538234052122952
2016-01-21,-0.0004533044296616734,-1.0075500889870717,0.00010166419223748578,0.13069418525229282,0.2603245852434888
2016-01-22,-0.00045166813794220466,-1.0097928339095081,0.00010156988115004823,0.1306617140480616,0.26073180134713614
2016-01-25,-0.0004573911867424863,-1.00985208350312,0.00010187820749421048,0.1313072040236164,0.26089506182754285
2016-01-26,-0.0004349682380981896,-0.9861693246347016,0.0001021748554903551,0.13109736363571747,0.24680796538098349
2016-01-27,-0.00043485655208250716,-0.9818160436325774,0.00010207989165363971,0.13073114827770269,0.24708413343355584
2016-01-28,-0.00042314285104672565,-0.9692240118062571,0.00010310954274107365,0.1317826654491438,0.23772311883588992
2016-01-29,-0.0004276510571232598,-0.9548902908332879,0.0001027097807164274,0.13185230578514132,0.23419220131431118
2016-02-01,-0.00041747647928918707,-0.9781562592776664,0.0001028425371833845,0.1336287569872979,0.23472111895176162
2016-02-02,-0.0004180911186042798,-0.9761920371825368,0.00010236541122034185,0.13346228800279689,0.23465967904229812
2016-02-03,-0.0004181083336118335,-0.9823338656320645,0.00010238408772870814,0.13193099083057344,0.23966162260093216
2016-02-04,-0.0003931052227848455,-0.9970282139369031,0.0001025241339990334,0.12933535887081388,0.24363860202367005
2016-02-05,-0.0003819160869171675,-0.9624766464235283,0.0001049508179154788,0.13137369017012196,0.22675858606396493
2016-02-08,-0.00038425013701235333,-0.9601059635389424,0.00010562129702425878,0.1322388539791282,0.22429809242879994
2016-02-09,-0.0003849181689399724,-0.9537923744394875,0.00010563684203260785,0.1321198820304644,0.22269417317554085
2016-02-10,-0.00038874336079870356,-0.9513361475086379,0.00010593626149702162,0.13242568045815972,0.2220770612889721
2016-02-11,-0.00043111129443371393,-0.9599742975963563,0.00011100704308301332,0.13839749204105764,0.21795883393036175
2016-02-12,-0.00043517417493103426,-0.9641599128111524,0.00011093634014197283,0.13893040357167055,0.21849037710729813
2016-02-15,-0.0004343436314645333,-0.9728276332500557,0.00011076644967275055,0.1390586166648817,0.22054898824222924
2016-02-16,-0.0004579021831328256,-0.9813524768410256,0.00011397995048637814,0.1425484558668502,0.2191884682256362
2016-02-17,-0.00045975131200880497,-0.9825914264346864,0.0001146569571052904,0.14181625360243222,0.2200732362173632
2016-02-18,-0.0004686120293647214,-0.985530142901021,0.00011644679013062205,0.14425307605755702,0.21705012098383802
2016-02-19,-0.0004666398990691433,-0.9885657976308305,0.00011660372680884921,0.14505093147580966,0.21623150707653072
2016-02-22,-0.0004493902758941669,-0.9811031996680424,0.00011805905725099415,0.1470099244653371,0.20684466584169903
2016-02-23,-0.00043640812430453764,-0.9288358805814153,0.0001203443554013904,0.15031843099542883,0.17881975016391027
2016-02-24,-0.00043903785324267663,-0.929272498940859,0.00012032807489295046,0.15030236155821458,0.1794000105979966
2016-02-25,-0.00043603062578878593,-0.9245839434051799,0.00011991327569285682,0.15096866509749482,0.17830423616125113
2016-02-26,-0.0004392114248667474,-0.9226862477965062,0.00011985557619973361,0.15094756708291662,0.17920417402002176
2016-02-29,-0.0004450390901428689,-0.9308880970910968,0.00012007015364320514,0.1516096974898594,0.1812611213629134
2016-03-01,-0.0004603240496964654,-0.9421837315873386,0.00012013909340692673,0.1523421661706822,0.18407468138264915
2016-03-02,-0.00046159226156683626,-0.947146911954446,0.00012018330070082328,0.15258588819114904,0.1852820191537211
2016-03-03,-0.00047200447198267423,-0.9661078700434808,0.00012038980206567482,0.15222070761429352,0.19240221201154983
2016-03-04,-0.00044279335138536723,-0.9557301725591392,0.0001241771251884514,0.15109603647321918,0.181316193029176
2016-03-07,-0.0004378508215141765,-0.9603962428465054,0.00012399113937571867,0.15130467858132718,0.1809619583204658
2016-03-08,-0.0004295444763071241,-0.9613932369586345,0.00012361697180853773,0.153686665029449,0.1755164966936189
2016-03-09,-0.0004348856459774051,-0.9457754169328992,0.00012402865058779554,0.1549485964672583,0.1706245006163205
2016-03-10,-0.00041292040753233833,-0.9488445704538181,0.00012520222507747091,0.15638367937185396,0.1649343721370803
2016-03-11,-0.0004084350884118748,-0.8980965504429815,0.0001271992436640559,0.15791818021518506,0.15045549685798398
2016-03-14,-0.00043443120231388547,-0.9194963191264858,0.00012805575036330499,0.1574258429958514,0.1586993725360346
2016-03-15,-0.00043365378717910173,-0.9126828403888474,0.00012813891316198683,0.15746262934588076,0.15743155003486609
2016-03-16,-0.00047460375121298985,-0.8911627252237576,0.00012764153836017708,0.1591985205594343,0.15666262506556472
2016-03-17,-0.0004718774064673296,-0.7425246333060911,0.00012963581792647933,0.15033616677268313,0.13530584398773204
2016-03-18,-0.00043965995146360404,-0.7328674270401648,0.0001305182314748157,0.1504345202228297,0.1262048552309445
2016-03-21,-0.00043692737911565677,-0.7413829009500394,0.00013076888177041305,0.15060233931381523,0.1276729528108811
2016-03-22,-0.00045404522111395303,-0.7631045366363803,0.00013154879858761538,0.15153198498096834,0.13162957320535906
2016-03-23,-0.0004641807776280953,-0.7950284497310047,0.00013242845929008296,0.15116774706784789,0.13967224134766298
2016-03-24,-0.0004643805327342638,-0.7912723710515392,0.0001323552428553019,0.15189904609087718,0.1389908468934249
2016-03-25,-0.0004606925807018055,-0.7917973662297866,0.00013252957863269253,0.15183061425550198,0.13853462974556008
2016-03-28,-0.000459993571397514,-0.789694833972667,0.00013287245491466453,0.1521842876647578,0.1367441152329214
2016-03-29,-0.0004986146866488676,-0.8058778663488582,0.00013009269248863932,0.15222696876595743,0.1480413532827639
2016-03-30,-0.0004892627313782047,-0.729142494321627,0.00013178555805037304,0.15193188253157416,0.13086534577721975
2016-03-31,-0.0005012192685972366,-0.7556798602923706,0.00013137687995090012,0.15204109742008945,0.1377378789546181
2016-04-01,-0.0004964903543185111,-0.761482256373789,0.0001313231846260996,0.1516153758832616,0.1387143216590645
2016-04-04,-0.0004960905784024478,-0.7926782898742832,0.0001310064153268283,0.1530411850320721,0.14305235808567407
2016-04-05,-0.0004938526972129941,-0.7686505974855963,0.00013267716062297878,0.15359226263742148,0.13631967843203308
2016-04-06,-0.0004955963987933108,-0.7573998439414229,0.00013278328755989853,0.1534066255023022,0.13406888535073125
2016-04-07,-0.0005209457906405466,-0.7458920088208012,0.00013316997158119152,0.1536605555654877,0.13523902173063007
2016-04-08,-0.0005083964329181559,-0.7406091847792338,0.00013332399228727687,0.1528454903090311,0.13241913501165958
2016-04-11,-0.0004987842600772066,-0.7532440042681927,0.0001340343471612134,0.15334743895973826,0.13134832531731144
2016-04-12,-0.0005099934591538817,-0.7678993284002695,0.00013271805463832477,0.1521997172560118,0.13757444568187072
2016-04-13,-0.0005033946842315114,-0.7640971206845971,0.00013195111549328206,0.1512485199580123,0.1369922277233816
2016-04-14,-0.0005271626007570275,-0.7504567293942022,0.0001330663213928104,0.15228042076181386,0.13800405962605722
2016-04-15,-0.0005249060956833609,-0.7668504578901694,0.0001326959342478065,0.15269761758615796,0.14114438983078648
2016-04-18,-0.0005356225459239102,-0.7345847256540049,0.00013213166586899749,0.1529340854601367,0.13767920348044027
2016-04-19,-0.0005436459588454776,-0.7555900246415748,0.00013310011163640133,0.15242754407649314,0.14267850558995177
2016-04-20,-0.0005630194333874381,-0.7566933536165782,0.00013290535227815977,0.15183046836744535,0.14728396718111336
2016-04-21,-0.0005613783511367024,-0.747736156643359,0.0001330914780738369,0.15207511271520965,0.14515435466672955
2016-04-22,-0.0005644232092990003,-0.7571243469757372,0.00013474588308064878,0.15294117756046674,0.14717732513995463
2016-04-25,-0.0005707839086382002,-0.7473142506979185,0.0001348431453252168,0.1532673209417793,0.14672991275952885
2016-04-26,-0.0005700321306561977,-0.7479904523931932,0.000134883218021025,0.15314519896154516,0.14640859686826047
2016-04-27,-0.000585108547648021,-0.7560787499098781,0.00013606364170731686,0.15338071992050262,0.14765996370985768
2016-04-28,-0.0006016920673098436,-0.7673898705501476,0.00013555167160007186,0.1532522933794995,0.1549407812574627
2016-04-29,-0.0006051390917400228,-0.7630140266598917,0.0001358037034359262,0.15384013814518896,0.15420484997638118
2016-05-02,-0.0006035222148187652,-0.7626170701757542,0.00013511212377511942,0.15380240143894452,0.15372769700664068
2016-05-03,-0.0006061029226100223,-0.7630631861362023,0.00013534308569734747,0.152999208521082,0.1538169533805257
2016-05-04,-0.0006166942733496043,-0.7801332522936753,0.00013574265457619864,0.1527458873893277,0.15761379979770473
2016-05-05,-0.0006084469473017998,-0.7689123292092842,0.00013593648211477472,0.15364525388407507,0.15147788384703564
2016-05-06,-0.0005921619688835026,-0.764720348556246,0.0001363316703259714,0.15434929214548113,0.14713834456548713
2016-05-09,-0.0005975967009628775,-0.7948730050182227,0.00013735106373029474,0.1548437280851478,0.15233627085060797
2016-05-10,-0.0005970302513622697,-0.7972215174886226,0.00013720695178744014,0.15521636829744245,0.1526965320228223
2016-05-11,-0.0005981068150898775,-0.804418937827717,0.00013726492146785756,0.154680903145337,0.15491045103903112
2016-05-12,-0.0006037291453023422,-0.7852113091215609,0.00013704812159888696,0.15567290014980514,0.1521973181412828
2016-05-13,-0.0006079379518953015,-0.7756378536191474,0.00013721646093451992,0.15532952086408308,0.1509438971069862
2016-05-16,-0.000607518659170869,-0.7759236039891557,0.00013716099030919947,0.15528945959186996,0.15090502391504645
2016-05-17,-0.0006078343379387429,-0.7772493776104039,0.00013719600027210565,0.15539044246712014,0.1510251707189687
2016-05-18,-0.0006407902351529603,-0.7956011578605168,0.00013607009396362292,0.15562408767204988,0.16173336585126763
2016-05-19,-0.0006387145282087211,-0.7830730066896606,0.0001364174471091606,0.15607008548979404,0.1603931344708317
2016-05-20,-0.000631239489918821,-0.7854790737772237,0.00013847595813821852,0.1563018522048857,0.15864742280238442
2016-05-23,-0.0006417848512088754,-0.7782400630918583,0.0001386545988609384,0.1562514653267243,0.1598036611431778
2016-05-24,-0.0006494235413998024,-0.7819518102093241,0.00014008779944096888,0.15827945938025562,0.1576908809604156
2016-05-25,-0.0006472412574477612,-0.7811331938081653,0.00014012297804108043,0.15867696467918213,0.1566935326925486
2016-05-26,-0.0006389043189251039,-0.7747686983961319,0.000140198705689748,0.15948369950774474,0.15403866192659033
2016-05-27,-0.0006597912113967471,-0.7636394490990023,0.00014082955958629693,0.1596723267461887,0.15667027794413502
2016-05-30,-0.0006727337814648134,-0.7571778963453216,0.0001415047408118357,0.15964330322061762,0.15819238740850683
2016-05-31,-0.0006671993445156707,-0.7517217600861527,0.00014156105090377665,0.15978426083188063,0.1562388416757564
2016-06-01,-0.0006650550267620348,-0.7523160027760142,0.0001418028390256219,0.15978178537524867,0.15581510833877055
2016-06-02,-0.0006743087396691835,-0.7508333842077036,0.00014225903429722638,0.1596276544078349,0.15721290929056886
2016-06-03,-0.0007005732115332234,-0.7925952528867847,0.00014206988385946526,0.15844190569492808,0.17406748325128285
2016-06-06,-0.0007108553334802085,-0.7661489223264073,0.0001422389945561669,0.16035950112890054,0.17132965241364861
2016-06-07,-0.0007106721743236364,-0.7545140398594965,0.00014280670621685655,0.16048266248778076,0.16999683228224904
2016-06-08,-0.0006991468508835647,-0.7731344013568662,0.00014361774346320356,0.15959706475874028,0.1719308565980241
2016-06-09,-0.0006991876485759391,-0.7624773353414136,0.00014399150626959994,0.16019342607452214,0.16843459308585984
2016-06-10,-0.00070092568216976,-0.7509488200689756,0.00014423176113721668,0.16009616570664262,0.16677587490505086
2016-06-13,-0.0006917236621924973,-0.7396161528994512,0.0001446044612692811,0.1604219371359451,0.16272115669585097
2016-06-14,-0.0007061573175580444,-0.7372031863042693,0.00014560850849461613,0.15994196592445178,0.16430863961860198
2016-06-15,-0.0007202962550543481,-0.7383386926964416,0.00014761671145051573,0.15982762009163143,0.1657765527627293
2016-06-16,-0.0007210536601421541,-0.7448672492835404,0.00014772567306649251,0.15957826577293685,0.1674352676591817
2016-06-17,-0.0007098559867394108,-0.7738742578515792,0.00014814308694499224,0.1592281534452202,0.16768937102599268
2016-06-20,-0.0007287343077979601,-0.7592940040826484,0.00014826757664997665,0.15831385715440946,0.1680359352255465
2016-06-21,-0.0007461348803307871,-0.7635717821186462,0.000148873092452097,0.1592920954991298,0.17097280302919526
2016-06-22,-0.0007442319348457424,-0.7607055052206447,0.0001495157693943206,0.15936735613750927,0.17022415750935782
2016-06-23,-0.0007515723993904017,-0.7260598067700483,0.00014984438906381027,0.15987957564064365,0.16584033008729948
2016-06-24,-0.0008852189848121718,-0.46853992465952077,0.0001567471633698758,0.16234608551418975,0.14205216723640912
2016-06-27,-0.000911226796455536,-0.45411976767509077,0.00015775857932809285,0.16042871362345112,0.1446041337693018
2016-06-28,-0.0009145683783686781,-0.4323845349083026,0.00015975052310996665,0.16114235113000488,0.14138969255153988
2016-06-29,-0.0009135439271310983,-0.4345833794259176,0.00015992035276969356,0.15987693968955552,0.1409854868785244
2016-06-30,-0.000917138992893565,-0.43258840202290527,0.00015997158942240768,0.1597548146725447,0.14140700152984909
2016-07-01,-0.0009364298788316714,-0.4317950280301145,0.0001596074326686502,0.15982728880662606,0.14719472053557803
2016-07-04,-0.0009363176034803303,-0.430496701880252,0.0001595653999608933,0.1598238966822766,0.14707933251651706
2016-07-05,-0.0009470139849211933,-0.41186893890078297,0.00015851717312556415,0.1587221479077802,0.14814273065479466
2016-07-06,-0.0009163270848422211,-0.40351250527356686,0.0001572568171132126,0.15695740426009452,0.14238087936540733
2016-07-07,-0.0009235582361217403,-0.4096805907038449,0.00015711995792727567,0.1569502420956776,0.1445961863875519
2016-07-08,-0.0009247742047869097,-0.4061199686168923,0.0001568960503862931,0.1570849244042941,0.14486699424238503
2016-07-11,-0.000940361118478219,-0.4075276144843778,0.0001558473437378465,0.1568197670184919,0.15014328829788393
2016-07-12,-0.0009694896538402209,-0.4005720350098373,0.00015522199953596258,0.15669558005460416,0.15628367299608426
2016-07-13,-0.0009754445267251783,-0.40786154916584955,0.00015480283747556128,0.1567556205518007,0.1589956698748779
2016-07-14,-0.0009822149188750862,-0.40472659400188116,0.00015432610364297627,0.1566795129196176,0.1606669680057753
2016-07-15,-0.0009824200455485755,-0.403989876895947,0.00015415155730674643,0.15627251063076522,0.16140077993608926
2016-07-18,-0.0009842672563368346,-0.3890754861462047,0.00015397730707346748,0.15729949332535945,0.16061112779526332
2016-07-19,-0.0009840749430389854,-0.38806279919604114,0.000154395865591168,0.15789405211792748,0.1591444311888507
2016-07-20,-0.0009881460644973182,-0.3811485809520111,0.00015487221305996425,0.1587331213105363,0.1585726747721724
2016-07-21,-0.0010133897737543039,-0.3817080313911501,0.00015433775977658726,0.15867461178833017,0.1655636675420984
2016-07-22,-0.0010217542652489263,-0.3929667140069358,0.00015514803422881886,0.15918763474806158,0.16640638634491323
2016-07-25,-0.0010239664060849574,-0.3946333821098012,0.00015519171376505953,0.15924475861474965,0.16702992918142734
2016-07-26,-0.0010277372241725821,-0.3978197704916363,0.00015545866827375106,0.15935692558420322,0.16752353355778105
2016-07-27,-0.0010499690727671488,-0.38559213351211014,0.00015536620344796753,0.15944546520030078,0.17196904092777776
2016-07-28,-0.0010425304868945597,-0.3771827304392921,0.00015616890739965998,0.16031933417533578,0.16931886420762132
2016-07-29,-0.0010585478283313637,-0.3661135924942995,0.00015553343311520358,0.15869472179271515,0.17449550516375778
2016-08-01,-0.001033505629270419,-0.3621202106684983,0.00015500876136710884,0.15934539035591982,0.16846923297454142
2016-08-02,-0.0010123389024026647,-0.3713968791839114,0.00015479339014566924,0.15977647657802563,0.1640489932625363
2016-08-03,-0.0010091920571964146,-0.3767493946122977,0.0001548477331808725,0.15990135278156312,0.1635535389829902
2016-08-04,-0.0010081627250580442,-0.3773624441528974,0.00015474919372679207,0.15992564158646808,0.16344909520081574
2016-08-05,-0.0010127712017047297,-0.3932589142168595,0.00015552392200016225,0.16003589957088976,0.16555964446592442
2016-08-08,-0.0010058626748914669,-0.38014233273687403,0.00015496473092041924,0.15952257939507422,0.16359800056021045
2016-08-09,-0.0010048723307070284,-0.38077576456512013,0.0001548347809055624,0.1591145767901268,0.16388998361272822
2016-08-10,-0.0010042226546440832,-0.3874072663596206,0.00015471383670431524,0.158786568390142,0.16459475266017454
2016-08-11,-0.0010000634607820217,-0.3816379764787685,0.00015536847811239347,0.15900217431476918,0.1612292512841943
2016-08-12,-0.0009835581626439491,-0.3771930459747518,0.0001559219303229881,0.15901120355218598,0.1558110775513809
2016-08-15,-0.0009857888006974697,-0.38178093590676787,0.00015617532911154974,0.15889475857174948,0.15610088858218618
2016-08-16,-0.0009772495502562966,-0.3923425765848174,0.00015595563895208668,0.15844403957451755,0.15521844283227515
2016-08-17,-0.0009748511895238314,-0.3953059912132493,0.00015566197993137774,0.15799829666957066,0.15501789417797363
2016-08-18,-0.0009769097990561604,-0.3925665937017609,0.0001555367509775434,0.15724283424857893,0.1560525276338267
2016-08-19,-0.0009802559195345713,-0.3965051109707867,0.00015558369067752596,0.15705601843792838,0.15732457194846805
2016-08-22,-0.0009782589040263378,-0.39692067192308755,0.00015536010641869526,0.15684368644633387,0.15719889352950978
2016-08-23,-0.0009802203451846165,-0.3937225408781004,0.00015534716024258622,0.15687577334126893,0.1574762623098771
2016-08-24,-0.0009831557473498529,-0.4018878837147634,0.00015562469579763122,0.15696721921780454,0.15860418861161096
2016-08-25,-0.0009886414233688766,-0.39876364264645603,0.00015613187471095091,0.15707090296173276,0.1591584677755109
2016-08-26,-0.0009889712403450066,-0.39374051681234545,0.00015466846632408254,0.15637120270665172,0.1611895078881901
2016-08-29,-0.00098891419189581,-0.3939933220300478,0.0001543667252828184,0.15573111958653976,0.1611551203967322
2016-08-30,-0.0009935017959077901,-0.40337584742616567,0.00015470735856925897,0.1556309984203377,0.1626422753929071
2016-08-31,-0.0009938300460917405,-0.4036936740303442,0.00015475053186990537,0.15565105119374661,0.1627184797792275
2016-09-01,-0.0010121745993134648,-0.40796669016774484,0.0001568017864074759,0.15545625170581884,0.1640027435003406
2016-09-02,-0.0010128683505445186,-0.3964880641658061,0.00015666974318588128,0.15578536400076148,0.1632968770415869
2016-09-05,-0.0010137328411684247,-0.39646266306906064,0.0001587799624928559,0.15578649666949554,0.1604044331673281
2016-09-06,-0.0010229936697985032,-0.4095279488359852,0.0001584007749888048,0.1542500613458944,0.16610628280346207
2016-09-07,-0.0010282220040163294,-0.41885053628090196,0.00015980975591802957,0.15545984456066153,0.1641470834975408
2016-09-08,-0.001032227729223989,-0.4064720994665464,0.00015887699154791318,0.15562656554818624,0.16600616693532777
2016-09-09,-0.0010254771819971115,-0.4063099783415186,0.0001573767281163724,0.15501407070490314,0.16817600296998314
2016-09-12,-0.001026802409452858,-0.3978376113457083,0.00015599459799102192,0.15366691114755454,0.17012862984838906
2016-09-13,-0.0010246806634641584,-0.3965450859122156,0.0001560409702876308,0.1535029233202156,0.1702656116664848
2016-09-14,-0.0010238151887184384,-0.39608526300585734,0.00015525975468696216,0.15289628482389012,0.17142856241511928
2016-09-15,-0.001038184338016051,-0.3927937453617545,0.00015555834962259105,0.15275262168060597,0.1742546113397616
2016-09-16,-0.0010378410162721514,-0.40464604090786566,0.00015484245668414483,0.15149287834486583,0.1763054062719659
2016-09-19,-0.0010518342834994116,-0.4117139211734156,0.0001552430211689906,0.1512080992121593,0.1792969058940368
2016-09-20,-0.0010276849386851939,-0.40208994574969203,0.00015615780633468368,0.15085486871939202,0.17053448656716708
2016-09-21,-0.0010414941730252291,-0.40469105201968497,0.0001564764098739742,0.15114753051805163,0.17409818346618766
2016-09-22,-0.0010224156891761348,-0.38752421365469525,0.00015578955848352772,0.15062632277542756,0.1700432069574106
2016-09-23,-0.0010210787311484542,-0.3913609032771775,0.0001555711178909244,0.1504484770007353,0.17020082720676355
2016-09-26,-0.0010193212436411408,-0.39364633273425004,0.00015551273582699069,0.1504172671997647,0.1701804887313204
2016-09-27,-0.0010392324794725274,-0.36448288117054883,0.00015512323339588732,0.15019127502160565,0.17332926417073746
2016-09-28,-0.001034391931782234,-0.36549804248349516,0.0001550513281680799,0.15027976725554348,0.17231138199950813
2016-09-29,-0.001033206100675103,-0.3654917162263649,0.0001553479896333004,0.15026782663014618,0.17176460044839292
2016-09-30,-0.0010176357917667676,-0.35708640385680496,0.00015517178324080507,0.1500072748852535,0.1672737522002985
2016-10-03,-0.0010148707755925116,-0.3608597809372209,0.00015559765139709986,0.15034202264930815,0.16677506804655062
2016-10-04,-0.001069186478672348,-0.36421039821670526,0.00015731206777350792,0.15316436039189993,0.1767275866729141
2016-10-05,-0.0010676108208599305,-0.36388522927621975,0.00015731128552142837,0.15338446613933093,0.17606629134956708
2016-10-06,-0.001072515126052837,-0.3661898291014582,0.0001573459289276388,0.15336165274596666,0.17748535854408198
2016-10-07,-0.0010750148556887603,-0.35680545492001875,0.00015707872941768744,0.15329239724491653,0.17769039836453104
2016-10-10,-0.001075797439868263,-0.3557972525660938,0.00015718928322519773,0.15343369153603845,0.17768844989064259
2016-10-11,-0.0010772862145729705,-0.3567479264563344,0.00015700172095522202,0.15366338746667962,0.17839247353951693
2016-10-12,-0.0010744855947729453,-0.3540257247422185,0.0001570176639637302,0.15371684641484476,0.17764317160587806
2016-10-13,-0.001072987004486344,-0.3542331775242044,0.00015693483941571365,0.15382864102566413,0.17762760357414187
2016-10-14,-0.0010697287150563328,-0.35690281326865686,0.00015784356193483535,0.15402438559114298,0.17604360423369958
2016-10-17,-0.001063248105499413,-0.3512489999066898,0.000157855652053461,0.15445576403098568,0.17342923094689933
2016-10-18,-0.0010730429840211002,-0.37110127716980607,0.00015783028947133514,0.15447289548199536,0.1770880368398119
2016-10-19,-0.0010710243384919635,-0.37216637722810464,0.00015791722125887975,0.1544467498587936,0.1765960262648052
2016-10-20,-0.0010701226105858793,-0.3734674538683386,0.00015709764123369063,0.15345929658454469,0.17808119551261248
2016-10-21,-0.0010659886096863022,-0.36678694130544,0.0001572009808872598,0.15331923653320012,0.17584120082064092
2016-10-24,-0.001064199196844767,-0.3671125767412393,0.00015703141234353163,0.15333215683822216,0.1755665201950909
2016-10-25,-0.0010578583296281079,-0.3506381188863611,0.00015687765958116026,0.1544899781232432,0.1717777464229372
2016-10-26,-0.0010608975423760777,-0.35338066078087865,0.00015688988673426786,0.15451127717410507,0.17271979143988558
2016-10-27,-0.0010487417261963805,-0.3462276284531387,0.0001565549562803723,0.15453095918436874,0.1701295295943207
2016-10-28,-0.0010481351433453653,-0.34745422659999864,0.00015656220133738875,0.15451627795091658,0.1700779632536702
2016-10-31,-0.001048351039667387,-0.34737062806203334,0.00015653578975567694,0.15458206132524493,0.17024622486357766
2016-11-01,-0.0010502631682096886,-0.3452867465913021,0.00015666105725092375,0.15472297363435925,0.17038180516657253
2016-11-02,-0.0010498062235830977,-0.3473385587648698,0.0001568169687057215,0.15492640564527996,0.1701493154185323
2016-11-03,-0.0010619178753727954,-0.34597196845800426,0.00015594712527354024,0.15395862707211427,0.174511175939304
2016-11-04,-0.0010592924060236848,-0.34435858591177076,0.0001558431209839377,0.15395581455505877,0.17402958778984334
2016-11-07,-0.001062066637631249,-0.3324777065116039,0.00015701430030064077,0.1560807022318439,0.17085663748670432
2016-11-08,-0.0010675265894378818,-0.32769488366855454,0.0001567097749590075,0.15589928914323703,0.1722069301592709
2016-11-09,-0.0010376516204825294,-0.27730480241806876,0.00015504586661692943,0.15344481962588905,0.16691299545594218
2016-11-10,-0.0010403441644956466,-0.3038870280768147,0.000155408367168725,0.15171912464298437,0.16988972087080878
2016-11-11,-0.001041199039611284,-0.3016753477023792,0.00015719495727816495,0.1534838991369928,0.16669231247734073
2016-11-14,-0.0010157161246134327,-0.28219368990728066,0.0001542460265670556,0.15179879921556255,0.16702937199411905
2016-11-15,-0.0010132421892078995,-0.2811717865004183,0.00015397585738210776,0.15145165221648543,0.1666935479246704
2016-11-16,-0.0010105192667144722,-0.282206499431897,0.00015386789003041582,0.15142070828509444,0.16628561239022388
2016-11-17,-0.0010140154291018,-0.28310646996123323,0.0001539739715487615,0.15149165217834945,0.16689457569599153
2016-11-18,-0.0010043915276439475,-0.2861176085927224,0.000153884075691959,0.1505993647529708,0.16517030345846317
2016-11-21,-0.001060017316662491,-0.2481902512667135,0.0001550562553660364,0.15059116213924442,0.1755525826705544
2016-11-22,-0.001041666519645927,-0.24553623499017158,0.00015429596821447543,0.1495774612325461,0.17207140117490383
2016-11-23,-0.0010589352741213868,-0.2413641055982008,0.00015455460907519238,0.15040840407880948,0.17603712471349509
2016-11-24,-0.0010596309382605858,-0.2427399024652365,0.00015453977211633883,0.15044422817218714,0.17631085607149577
2016-11-25,-0.0010612713605269194,-0.24402941225101957,0.00015439335582652147,0.1506931457996458,0.1771368474040379
2016-11-28,-0.0010637241847751043,-0.2507571514466952,0.00015503241068253221,0.1508349987611929,0.1772060904272782
2016-11-29,-0.0010576585236960407,-0.2493399222143062,0.00015600356425701794,0.1514977032854178,0.17453277193245376
2016-11-30,-0.0010487099422548036,-0.2536584254334825,0.00015952678105163963,0.15225818832583396,0.16699665862920643
2016-12-01,-0.0010439913950314756,-0.25490115338275726,0.00015901031072902764,0.1522292787670114,0.16656649206924523
2016-12-02,-0.001060514884524016,-0.2612489433847314,0.00015846106910197941,0.1511846245567601,0.1720687111478998
2016-12-05,-0.001114493229092229,-0.19542795311129713,0.00015698896295140288,0.15003064579899722,0.18392130442733245
2016-12-06,-0.0011049244077951906,-0.18341521420591836,0.00015689435205406627,0.15003775691095358,0.18026471018851942
2016-12-07,-0.0011128853925134602,-0.1863132057429923,0.00015628760903789766,0.14935625345014492,0.18374419501753436
2016-12-08,-0.0011093124498031837,-0.18698222360067665,0.00015636952612463356,0.14933373562745833,0.18312913701764288
2016-12-09,-0.001118530044782557,-0.18811186797453652,0.00015560731712266075,0.14925477868995046,0.18722141988114072
2016-12-12,-0.0011153131168270551,-0.18995746557150084,0.0001557576856451382,0.14904286694825733,0.18618725488514054
2016-12-13,-0.0011163007776480798,-0.18938547567550662,0.0001556514794352481,0.14901047262164746,0.18651954976630125
2016-12-14,-0.0011292905935425955,-0.18642156567756452,0.00015454569240047985,0.1489735337736088,0.1914737193149708
2016-12-15,-0.0011350545268034645,-0.18399965251212264,0.00015381266314773513,0.14419812569952956,0.19858471745505535
2016-12-16,-0.0011279936062143464,-0.18915130639702218,0.0001534925153576676,0.14397715025518185,0.19749907842674364
2016-12-19,-0.001129489850988674,-0.1903850841065952,0.00015295338477268772,0.1438947105548147,0.1988672526363272
2016-12-20,-0.0011264059532145889,-0.19472635251537532,0.00015317878034070017,0.14406509574722282,0.19795122621165084
2016-12-21,-0.0011079559511566741,-0.21593771391789549,0.0001531892264433786,0.1447979698937465,0.196158570146713
2016-12-22,-0.0010998370622707855,-0.2209238773012843,0.00015291751808839881,0.14480267215064452,0.19477569300520559
2016-12-23,-0.0010868252293402452,-0.23090321337491954,0.0001528673580746996,0.14466921589630521,0.1930035479855905
2016-12-26,-0.0010911372130456933,-0.2306990581725859,0.00015203327088752412,0.14385900473138877,0.19583563346304989
2016-12-27,-0.0010935812731957383,-0.2247992547339495,0.0001521289078827403,0.14406048339153443,0.19573313066880416
2016-12-28,-0.0010914350061453106,-0.22468017615872699,0.0001530963300515364,0.14397485161906814,0.19335603000671764
2016-12-29,-0.001099365460974783,-0.23132191037853655,0.00015354773952146528,0.1439275797925864,0.19569776140623707
2016-12-30,-0.001083417456317209,-0.22575572342109226,0.00015399000433809594,0.14442808517435787,0.19018513726976805
2017-01-02,-0.0010765894292954217,-0.22020815619845707,0.00015332299667360105,0.14378727928907278,0.18901377156533516
2017-01-03,-0.0010818763824265785,-0.2183738395844565,0.0001526585259468481,0.14282698351140244,0.1909137011610441
2017-01-04,-0.001081521643457819,-0.2197879812654141,0.0001526880065804516,0.14279378546100066,0.19091194196861894
2017-01-05,-0.001089803127382666,-0.23297589767250906,0.0001526788447050383,0.14226927802839567,0.19561633359461494
2017-01-06,-0.001093514832963864,-0.25066651080969177,0.00015154163713094717,0.1417202671047261,0.20117459596365495
2017-01-09,-0.0011070459702261868,-0.24317094552182902,0.00015202572133382272,0.14200124336351466,0.2035143712956028
2017-01-10,-0.0011109153002233484,-0.2415438179903298,0.000151984928773869,0.14187735995281617,0.204466194037762
2017-01-11,-0.001104655215513877,-0.2430697101842538,0.00015152543777112847,0.141312217133133,0.20336808556198493
2017-01-12,-0.0010971364144486996,-0.24393197916062487,0.00015165404698017085,0.13935550385809,0.2016427561128843
2017-01-13,-0.001092577078450434,-0.24325691874946154,0.00015172376314572913,0.13968842248301194,0.19993406059701402
2017-01-16,-0.0011085090474160602,-0.2500145753991924,0.00015101238617123506,0.1388443819488313,0.20630049022638597
2017-01-17,-0.0011179715585952358,-0.2574904907055959,0.00015153186886442151,0.138834627810824,0.2102575803092438
2017-01-18,-0.0011376293608136427,-0.2475775861900259,0.00015059751532135588,0.1382040800804815,0.21738058658397863
2017-01-19,-0.001149065037281241,-0.2412118471020468,0.0001513293065854716,0.13787503342145155,0.21891171961317935
2017-01-20,-0.001149480383594362,-0.22692520669105992,0.0001511459544082319,0.13881333644499735,0.21737579556843079
2017-01-23,-0.001157543700266462,-0.19856441012039266,0.00015065060041701903,0.13875109608634775,0.21907224149746507
2017-01-24,-0.0011638518448626057,-0.2231626295978057,0.00014911820070624018,0.13786621457636944,0.22679899679296112
2017-01-25,-0.001164314459632827,-0.22545371545826887,0.0001482055375112448,0.13731667842991904,0.22911946129418947
2017-01-26,-0.001155405661603338,-0.23571433883352172,0.0001485823567827105,0.1377168836596017,0.22691264316887272
2017-01-27,-0.0011507458220489427,-0.23784250718564398,0.00014867211965137158,0.13767926107902978,0.22601072622452978
2017-01-30,-0.0011015491492036298,-0.24358218007128804,0.00014465793570365672,0.13339485951193294,0.2223829187828552
2017-01-31,-0.0011035980629330133,-0.2540474650334733,0.00014540040594418933,0.1335525104772221,0.22294429565990492
2017-02-01,-0.0011029880563629478,-0.25392837554953984,0.00014524191569407008,0.13354831052816424,0.22320965477144428
2017-02-02,-0.0010735304132357976,-0.2547519489591087,0.00014283239082132137,0.13079545117985064,0.22062145729414295
2017-02-03,-0.0010738500626939177,-0.25016063516518394,0.00014275368668055546,0.13112454354244488,0.22014253458472255
2017-02-06,-0.0010748643214924998,-0.2422757139099529,0.0001407879518492507,0.12933603694030063,0.22344411277996712
2017-02-07,-0.001076804288189253,-0.24195401267382705,0.00014061090584929764,0.12902432227453484,0.2244341608102638
2017-02-08,-0.001102917798054312,-0.24519208073273488,0.00013874168322379848,0.12703557512504196,0.23743390944496667
2017-02-09,-0.0010909650317575692,-0.25690265364220616,0.00013855429549087373,0.12685269949235994,0.23682210469936238
2017-02-10,-0.0010911955838629104,-0.2572505876196477,0.00013873157343793007,0.12684231852780053,0.2366102194753681
2017-02-13,-0.0011046735287530468,-0.2586468177598819,0.00013938160700133166,0.12674843979619443,0.23906146745332912
2017-02-14,-0.001099107025193394,-0.25701365572306845,0.0001393640948919283,0.12695204843683613,0.2367868636947843
2017-02-15,-0.0010918807566146027,-0.2569358395599522,0.0001391757247515848,0.1266158332993992,0.2351373731511729
2017-02-16,-0.0010880488103345437,-0.262134421329038,0.0001393078711463871,0.12672079434604355,0.23500848187272683
2017-02-17,-0.0010814432122291215,-0.2656876230204277,0.00013920000793286782,0.12647925490792888,0.23348299274379503
2017-02-20,-0.0010736880669706469,-0.25254261642823855,0.00013859322769967287,0.1261232198536279,0.230255509806774
2017-02-21,-0.0010851731404162403,-0.2440649091386527,0.00013984783847724542,0.12682142698174137,0.23124982971483132
2017-02-22,-0.0011061807101842677,-0.23760885505000945,0.00014002295164848317,0.12621819297864142,0.23674611624729325
2017-02-23,-0.001130243042244196,-0.23263956643475317,0.00014039462780395255,0.12574135021289137,0.24357460196306524
2017-02-24,-0.0011269972661820805,-0.23896343721720437,0.00013998217776129307,0.12578317755523136,0.24463348419592523
2017-02-27,-0.0011711509940216791,-0.2281867883710898,0.00013801660618631474,0.1236249331271315,0.2616116102732714
2017-02-28,-0.0011689953099533797,-0.257662860353681,0.00013614204586690954,0.12239607099903223,0.27037322770776817
2017-03-01,-0.0011429880975002181,-0.24535334641313403,0.0001346229094520627,0.12246798460814903,0.2653221517109101
2017-03-02,-0.001152250287074745,-0.25102761167431176,0.00013437687955989173,0.12261061973172874,0.2699994803487109
2017-03-03,-0.0011126674895613584,-0.26255323984189777,0.0001366173777868446,0.12262853000451966,0.2560421997439696
2017-03-06,-0.0011053917558197426,-0.3270179437112347,0.00013593615267962157,0.12906060004743958,0.26391867574915795
2017-03-07,-0.0011313533023387407,-0.3219858038032644,0.00013664652779164037,0.12879337961787768,0.26938322572944384
2017-03-08,-0.001125584599894503,-0.3169330294496071,0.00013578046982833493,0.12878926628065562,0.26984934636050706
2017-03-09,-0.0011317675450363595,-0.31586932491792014,0.0001354665588146733,0.12860992167974444,0.2725007697735582
2017-03-10,-0.0011498859912018413,-0.2698963523528105,0.00013322997942456568,0.1271905125775904,0.2782042808172579
2017-03-13,-0.0011469454298125908,-0.274551911136098,0.00013309819397008544,0.1270806722071289,0.27749129695308006
2017-03-14,-0.0011462515821006546,-0.2764819663774545,0.00013322030914419505,0.12717637583678718,0.27720080535112557
2017-03-15,-0.0011634177576130846,-0.27474379169594504,0.00013103780319431615,0.1275106380117388,0.2882913024461511
2017-03-16,-0.0011472366163647215,-0.2852279948517573,0.00013442187265376215,0.12648975932978102,0.2765328450062212
2017-03-17,-0.001143404809889342,-0.34157416361785187,0.0001324733741775476,0.12646639328430315,0.2896792609535368
2017-03-20,-0.0011435287573725952,-0.34135861120776273,0.00013246219144535384,0.12652601699914395,0.2896108268730886
2017-03-21,-0.0011462518453587245,-0.34042482910505706,0.00013248363693918022,0.1267194434588639,0.29026616158981156
2017-03-22,-0.001156906505119357,-0.33558204499322697,0.0001321304612232509,0.12629107342783522,0.2941115823941468
2017-03-23,-0.001148841763813082,-0.35676185773152497,0.00013098724397334923,0.1257524625483064,0.2987741350679207
2017-03-24,-0.0011390454074514927,-0.36239460714940935,0.00013099145118270942,0.12614029562784873,0.2976915254941874
2017-03-27,-0.0011209527521305537,-0.37822947420408903,0.00013133342312384255,0.125931375844166,0.2957052188301147
2017-03-28,-0.0011189933123283025,-0.3797469676017352,0.00013127255987573,0.1263815368386285,0.29628872749906865
2017-03-29,-0.001136893477634901,-0.3580610589285879,0.0001299979349595196,0.12551663072885463,0.3019351373622575
2017-03-30,-0.0011499426904193677,-0.3509495135496909,0.00012987141298028248,0.125381013742622,0.30508112180475333
2017-03-31,-0.0011557798280879567,-0.34115944141841936,0.00012905440867397904,0.12480227656626579,0.3074472861429123
2017-04-03,-0.0011467189725874625,-0.34333989123739594,0.00012828319148283892,0.12419983190218625,0.3072055281747842
2017-04-04,-0.0011430570538023947,-0.3434103326274333,0.00012866178983578927,0.12425970455153372,0.30517751607134735
2017-04-05,-0.001138914707202009,-0.34456107731970104,0.00012859820603790956,0.12442083752285726,0.3043796066649026
2017-04-06,-0.0011389109820931721,-0.32434911511409414,0.00012793944781506152,0.12454507264565161,0.30213846882543005
2017-04-07,-0.0011258788249671752,-0.32758005100646814,0.0001280463988619244,0.12482529920513386,0.2978397054967339
2017-04-10,-0.0011255143655251635,-0.33462725634873913,0.0001278565186105806,0.12490678688469105,0.29937125610178505
2017-04-11,-0.0011348294967218782,-0.32515067001916065,0.00012766322093584956,0.1250468846391393,0.30119827725797976
2017-04-12,-0.0011387388053026983,-0.3242667165991575,0.00012750515082230723,0.12503742266041218,0.3029050498213557
2017-04-13,-0.0011357038960254772,-0.3172011524637284,0.00012708614334864737,0.12533335377558943,0.3032214120915975
2017-04-14,-0.0011522478198770173,-0.3111848130672506,0.0001282888730859197,0.1253290973505757,0.30507412742321083
2017-04-17,-0.0011302692333584547,-0.30425069369421487,0.00012768360208814794,0.12501983968329175,0.2955639125580355
2017-04-18,-0.0011337230545043233,-0.2835818378369252,0.0001255501961557605,0.12364397090171857,0.30009758797068586
2017-04-19,-0.001150554587585622,-0.28186427119098195,0.00012688617361831232,0.1236422461292879,0.3033882945976525
2017-04-20,-0.0011515973602372219,-0.27675470914325373,0.00012716541367983124,0.12451798075932081,0.30295204700501044
2017-04-21,-0.0011561871852529423,-0.2640084924959911,0.00012723602294259872,0.12510890009938477,0.3026787607712276
2017-04-24,-0.0011660845924979179,-0.2505102158206697,0.00012758515648311118,0.12506352983770785,0.3028361881089514
2017-04-25,-0.0011946581915119438,-0.24913490905654687,0.0001268962410477108,0.12409409974043568,0.31438387339122875
2017-04-26,-0.0012082951034625888,-0.21313872930435393,0.00012473087050949484,0.12225983171091094,0.3201878719944251
2017-04-27,-0.0012016277938164117,-0.21610932157560878,0.00012496111164303055,0.12251279351281576,0.31733547136299467
2017-04-28,-0.0012026380910264392,-0.20555119725689777,0.0001246514013547816,0.12265809819065236,0.31709036342515284
2017-05-01,-0.0012099359165866274,-0.19445457497126362,0.0001241713794984997,0.12262305628225471,0.3187506580840598
2017-05-02,-0.0012063991320028018,-0.19987175393866835,0.00012437888373796586,0.12317590472776026,0.31844004347523613
2017-05-03,-0.0012218038364482822,-0.1936141168910004,0.00012428359008539896,0.12348844654242545,0.32280870847149046
2017-05-04,-0.001227049567621373,-0.19449860322462198,0.0001241297944110132,0.12354323850603838,0.32548640804175344
2017-05-05,-0.0012158522535304747,-0.19480736886602223,0.00012610380913304572,0.12346734072020904,0.3142155445551432
2017-05-08,-0.0012155195734596868,-0.19913669459233246,0.00012600123582743076,0.12400658178521146,0.3145698208386103
2017-05-09,-0.0012168661685336409,-0.2004158512391019,0.00012590793912732584,0.12396263743538108,0.315828914536221
2017-05-10,-0.0012166599916543929,-0.19966477678274785,0.00012589934075161628,0.12383259782131252,0.31563734020462375
2017-05-11,-0.0012078568192172546,-0.20201365081466524,0.00012398514507564032,0.12241797299389384,0.319511560225889
2017-05-12,-0.001211058606060162,-0.20234237501089525,0.00012386216016392867,0.12216096909577075,0.32128619927604707
2017-05-15,-0.0012138645928102426,-0.2147734045078514,0.00012349062768220601,0.12154998999623345,0.32414484361562
2017-05-16,-0.0012112405111112663,-0.21503572757405406,0.00012338637731415715,0.1212604324015643,0.3237140326488923
2017-05-17,-0.0012302186757383341,-0.21539768859631336,0.00012295011226764433,0.12167555062704838,0.33192204670321857
2017-05-18,-0.0012290934230110976,-0.2343257123186237,0.00012298736044824086,0.1213755069339785,0.3334739976461212
2017-05-19,-0.001229361241396149,-0.2359676053497809,0.0001230022053854758,0.12099735385264752,0.3342632078670855
2017-05-22,-0.0012345847668884095,-0.23724325884372116,0.0001231208780593311,0.12084623810209605,0.3357448285560055
2017-05-23,-0.001208018229702186,-0.20370467885033017,0.00012236724469695285,0.12050755107878065,0.3213192852104776
2017-05-24,-0.0012088889417192915,-0.20374501388210126,0.00012238360300880022,0.12061978710058238,0.32155783791060943
2017-05-25,-0.0012162421606632724,-0.2074900202174798,0.00012235921308186224,0.12037847716211951,0.32402462138848154
2017-05-26,-0.001214572574006882,-0.18831389343024355,0.00012217264625850375,0.12066823965383963,0.32051733112556313
2017-05-29,-0.001212310901694602,-0.1958984298275231,0.0001219904157872668,0.12074636885335363,0.3215296136787994
2017-05-30,-0.0011987035274356208,-0.20709671497489163,0.00012189045881120976,0.12130416589931059,0.3186190486983086
2017-05-31,-0.0012058392557097882,-0.2204240283343425,0.00012127844795963041,0.12066530578207285,0.324657933676471
2017-06-01,-0.0012070533446443626,-0.22583710034132898,0.00012118930431762726,0.12084321745060737,0.32577829561797167
2017-06-02,-0.0012074444265230229,-0.22518382663298003,0.00012115691901971445,0.12086430645981741,0.32570757343623913
2017-06-05,-0.0012007097188968636,-0.21996303328533598,0.00012073517898737732,0.12078487628420817,0.3233862934470082
2017-06-06,-0.0012432816681161509,-0.18037106757417382,0.00012022070411832998,0.12053887627871154,0.3367452707398353
2017-06-07,-0.0012404836946706959,-0.18572454768610058,0.00012069469580709724,0.12156580244849345,0.3365869441562329
2017-06-08,-0.001224476948645724,-0.18489760081615228,0.00011993788878565808,0.1205514698016894,0.3337285214173322
2017-06-09,-0.001231316649779642,-0.18774661873133483,0.00012017598981601617,0.12076029232488426,0.3353644624457618
2017-06-12,-0.0012285881341831287,-0.2015525094396668,0.00011959061869169693,0.12073260880445834,0.3382615674499039
2017-06-13,-0.001005631194621955,-0.5193868779820323,0.00011212693688484773,0.11693469039774977,0.36703839187904685
2017-06-14,-0.0009876838657997791,-0.5308573079052703,0.0001132977580447325,0.11919499109296568,0.36322383645280365
2017-06-15,-0.0009948394503228098,-0.5346732893427777,0.00011182601465665426,0.11707882517078123,0.3749321009316007
2017-06-16,-0.0009964772570718523,-0.5305606182564303,0.00011213882467188134,0.11863062948845143,0.3740447134551028
2017-06-19,-0.0009953776041930556,-0.538084759677719,0.00011202640508501573,0.11876083623147382,0.3764472038424206
2017-06-20,-0.000981643917386267,-0.5343627961255092,0.00011180054420417544,0.11790182232273515,0.3686529351759239
2017-06-21,-0.0009820998055721818,-0.5335954186747899,0.0001118705208908668,0.11797040406628365,0.3683216847666557
2017-06-22,-0.0009592721746117271,-0.5576321457192643,0.00011302362375009853,0.11975519048654992,0.36835285214418945
2017-06-23,-0.0009546241931698786,-0.5632831471781562,0.00011305015599573324,0.1195846364666982,0.36890760268917344
2017-06-26,-0.000945747159892831,-0.5629061840601781,0.00011388850574615472,0.12048458502304915,0.36248374898475755
2017-06-27,-0.0009161650880735973,-0.5799538906357993,0.00011334433052615882,0.12059344757168362,0.3550684157656563
2017-06-28,-0.0009111949569948641,-0.577207689745227,0.0001142159944264766,0.1202699588449835,0.35094396832511443
2017-06-29,-0.0008731181006947494,-0.6106093547015703,0.00011335107266830661,0.119646857521098,0.35240194579309914
2017-06-30,-0.0008648460376517503,-0.612495304973509,0.00011331337869381653,0.1194244712625938,0.350343267159839
2017-07-03,-0.000855281254126178,-0.637733843625212,0.00011490705076045478,0.1204925928735372,0.3509488150597365
2017-07-04,-0.0008559620329207367,-0.6405216511927518,0.00011490320440728603,0.12079576042811145,0.3505948102167371
2017-07-05,-0.0008597397332972556,-0.636357754013855,0.00011480272216183127,0.12067150811868921,0.35034941733596225
2017-07-06,-0.0008591774020520232,-0.644369502331376,0.00011431118740062323,0.12042026304118689,0.3524462134009141
2017-07-07,-0.0008685835195638707,-0.6367774196135779,0.00011282292855208598,0.11927764774078388,0.35778254066081683
2017-07-10,-0.000842796959082032,-0.6462403663152191,0.00011380098421890934,0.11892286527146845,0.3509716018477831
2017-07-11,-0.0008404686010277135,-0.6418112675144438,0.00011330845952317317,0.11898762811264996,0.3497064310608897
2017-07-12,-0.0008341183106209774,-0.6352414854836298,0.00011307892929315393,0.11876023054020712,0.34844989975861773
2017-07-13,-0.0008336311952325194,-0.6342001962117109,0.00011302152549719916,0.11870197274941911,0.34807077897970495
2017-07-14,-0.0008059278360337593,-0.6607890216124848,0.00011227414517159487,0.11697303931358716,0.35209299374769865
2017-07-17,-0.0008138427432130678,-0.6693559750504292,0.00011167990374675487,0.1167195786867134,0.3575961885893034
2017-07-18,-0.0008146784340873278,-0.6636458952411893,0.00011159653187985089,0.11747456136056456,0.35491160163741486
2017-07-19,-0.0008421084497426512,-0.6559360158257117,0.00011219984456015575,0.11691911366894715,0.3617440188289326
2017-07-20,-0.0008749107537492049,-0.63223891262066,0.00011219123584379817,0.11631420638479434,0.3699541702418291
2017-07-21,-0.0008864724796527374,-0.624827152093621,0.00011246370427451415,0.11668815073742002,0.37139119727132586
2017-07-24,-0.0008921539090426712,-0.6226397699915207,0.00011301604226848914,0.11671942231497429,0.37175456364701287
2017-07-25,-0.0008763441301243167,-0.6123021797905357,0.00011208603843677465,0.1159199802920397,0.3656763812180239
2017-07-26,-0.0008857682784296814,-0.6081953362730488,0.00011201693421958458,0.11607753772610231,0.3668382014942497
2017-07-27,-0.0008859892617348921,-0.607086547746531,0.00011204003972328932,0.11626472731166654,0.36566943038486044
2017-07-28,-0.0008892746889916939,-0.606434512553854,0.00011212802543910432,0.11657021183244183,0.3666541702681144
2017-07-31,-0.0008817396390715341,-0.6114713845630051,0.00011241165411182587,0.11658745121879857,0.36554663625478945
2017-08-01,-0.0008871238246713606,-0.6096435616122127,0.00011244665231077027,0.11644487336231736,0.3670945169153579
2017-08-02,-0.0008955475655845753,-0.6015253195931363,0.00011259294881763127,0.11654234147894865,0.3682989370802251
2017-08-03,-0.0009059763346366168,-0.5885475105298428,0.00011277338302511945,0.11707293353002358,0.36924477058944316
2017-08-04,-0.0009056116891777158,-0.5946503901357443,0.00011379746984352103,0.11791096141762865,0.37067256955952144
2017-08-07,-0.0009050753288862741,-0.5980315389884654,0.00011375820789346509,0.1184115227253336,0.3693377327746957
2017-08-08,-0.0009034381569774744,-0.594233600299766,0.00011388112795179631,0.1187020851464297,0.36558972778094867
2017-08-09,-0.000920533204078051,-0.5863620159529107,0.00011416810768942402,0.11933245261667645,0.36805779573618425
2017-08-10,-0.0009239579417671261,-0.5880731470826932,0.00011428855607003304,0.11947463151993992,0.36939284291913066
2017-08-11,-0.0009250108970421521,-0.5791438402916571,0.00011388776229916074,0.11924287364621758,0.36871323857096827
2017-08-14,-0.0009289855979610119,-0.5781306992348323,0.00011344210260064219,0.11928088161362287,0.37087676569835737
2017-08-15,-0.0009415878401229844,-0.5759495478320763,0.00011398726936233508,0.11914772277875334,0.37507293843856226
2017-08-16,-0.0009422272675227935,-0.5803433620573937,0.00011479776496008182,0.12086457167839748,0.3770361607963352
2017-08-17,-0.0009492484832404984,-0.5661487409442989,0.00011429915481456236,0.12074999324284295,0.37845315889582176
2017-08-18,-0.0009503555194667109,-0.5645180905566141,0.00011425880116994795,0.12072339048066882,0.37841753634346387
2017-08-21,-0.0009522808643615021,-0.5629753067586156,0.00011422775990542125,0.12059269949001018,0.37913507373418653
2017-08-22,-0.0009603516373992581,-0.5542252430113295,0.00011345609303853302,0.11986173348802887,0.3831722871071531
2017-08-23,-0.0009613809248322201,-0.553820692348682,0.00011323519179935864,0.11983380058324826,0.3838977456627912
2017-08-24,-0.0009560918870288265,-0.5371287595527043,0.00011317137450339812,0.12082390104285692,0.3712790142551865
2017-08-25,-0.0009646823314280205,-0.5327008647500404,0.00011312423134375879,0.12032197946744773,0.37477907397157695
2017-08-28,-0.000971858838675015,-0.5396498866530818,0.00011515234388504248,0.12187709182199039,0.37040254390459204
2017-08-29,-0.0009788926538636133,-0.5482744357530506,0.0001157034616634731,0.12224244856764233,0.36857157204247004
2017-08-30,-0.0009796899879495834,-0.5463012832409445,0.00011568058395524073,0.1220604089926652,0.368415707567195
2017-08-31,-0.0009960903193291747,-0.5431805500296171,0.00011676838979553967,0.122609798256313,0.3675835210695302
2017-09-01,-0.0009946095794221938,-0.545305307477603,0.0001168879396804013,0.12234358491258153,0.36701681628659266
2017-09-04,-0.0009925211756829986,-0.5457390700447017,0.00011668115511604077,0.12210738164529172,0.36726603419526294
2017-09-05,-0.0010068982852385043,-0.5360188684259491,0.00011650735938079001,0.12383546342320013,0.3728508804023495
2017-09-06,-0.001015878647145517,-0.5235622046478944,0.00011647184357723686,0.12371280734432938,0.37226390609665616
2017-09-07,-0.0010172240174682245,-0.5286637954826485,0.00011610504545374889,0.12367542553505521,0.3779105907200423
2017-09-08,-0.000999990834232785,-0.5295113618283146,0.00011608310977884944,0.12314419650732006,0.3725854716270621
2017-09-11,-0.0010282078074859893,-0.5475820348024395,0.00011583186966356304,0.12326539332645525,0.38475629213776485
2017-09-12,-0.0010256739396001635,-0.5439905889959973,0.0001166973720235478,0.12443692845583047,0.38236266137514385
2017-09-13,-0.0010264873332383483,-0.5488296746948571,0.00011679764915431753,0.12434320774586782,0.38405861273040165
2017-09-14,-0.0010287997041804314,-0.5532172618129888,0.00011629082568823152,0.12381561783205165,0.3877994758240355
2017-09-15,-0.00104122999652803,-0.5383112766380198,0.00011664559873885192,0.12380050881554351,0.3879001631271012
2017-09-18,-0.0010378856173978391,-0.5509208903222311,0.00011708458326973075,0.12422548234698517,0.388765725302767
2017-09-19,-0.001042141760301386,-0.5490431520553958,0.00011701437820847048,0.12406119405110844,0.39023169021056103
2017-09-20,-0.0010509145937862552,-0.5420484654685112,0.00011597446937387562,0.12380544889885804,0.3926636940715281
2017-09-21,-0.0009717050353003786,-0.5676414385839745,0.00011099931384544011,0.11698915994910149,0.3945544235899743
2017-09-22,-0.0009747747381278684,-0.5683618594148974,0.00011106312518729532,0.11696974578645264,0.3956011748662618
2017-09-25,-0.001001259189157198,-0.5300545022286116,0.0001102750295708554,0.11588078604593116,0.3939193738202176
2017-09-26,-0.0010008355871361251,-0.5437063146199852,0.00011081238353652652,0.11623889349413599,0.3962769150031652
2017-09-27,-0.0010055339823919606,-0.5466762366935972,0.00011068161081790376,0.11623922307134628,0.3999719374824371
2017-09-28,-0.0010050102371463037,-0.5442487398051097,0.00011082587737132721,0.11619896823878802,0.39834516885503835
2017-09-29,-0.0010090631141718028,-0.5475422489224522,0.00010993766659882565,0.11584383114116066,0.4016797327057252
2017-10-02,-0.001011761878245413,-0.550657142038925,0.0001101868169334968,0.11581666355265355,0.4029016276902764
2017-10-03,-0.0010091869137803136,-0.5499680477887048,0.00010997051027073779,0.11569055743088076,0.4025600379288554
2017-10-04,-0.0010133161615149264,-0.5498264679864694,0.00011023767278434737,0.11565935836941989,0.4029227776837474
2017-10-05,-0.0010150629470761588,-0.5469148826173778,0.00011020424557870923,0.11569132181048804,0.4032312550951407
2017-10-06,-0.0010132961236217338,-0.5413189337234259,0.00011043531399434632,0.11584329444934569,0.40038959145460595
2017-10-09,-0.0010150360967836184,-0.5382938995809448,0.00011098519100794986,0.11666074802843227,0.3979681780920996
2017-10-10,-0.001010611111324514,-0.5386577660171958,0.00011120844639921488,0.11713837502066633,0.3978764333952747
2017-10-11,-0.0010142888580578343,-0.536821457315934,0.00011157975388465938,0.11723428818930919,0.39793742651843067
2017-10-12,-0.0010090189027015918,-0.5377032675342803,0.00011173012831412571,0.11716395292467266,0.3954332665034943
2017-10-13,-0.0010112358941923995,-0.5353568210685771,0.00011187436888316694,0.11736596009945921,0.3948611808233422
2017-10-16,-0.0010264053457902616,-0.5443586727091918,0.00011154133981704437,0.11680794885814194,0.40309096535407163
2017-10-17,-0.0010273490309162618,-0.5470234075610206,0.00011148072091101194,0.11654585629933083,0.40504661413676124
2017-10-18,-0.0010301180458521305,-0.5439064876238204,0.00011147175977720264,0.1164540362590428,0.4046910236169702
2017-10-19,-0.0010301457372103398,-0.546846082027105,0.00011125259222724371,0.11613129919049313,0.4066660463565417
2017-10-20,-0.0010304608474330438,-0.5463574085682388,0.00011084770959759397,0.11521385130207784,0.41012835578185225
2017-10-23,-0.0010430898185275548,-0.5354725425282196,0.0001106789900561902,0.1148347098995207,0.413395356716702
2017-10-24,-0.001046732503534124,-0.5358933305856524,0.00011063875886263643,0.11473102898029894,0.4150435666996952
2017-10-25,-0.0010389350358683872,-0.5410615834098754,0.00010813311136075624,0.11213425014487682,0.42485732963542366
2017-10-26,-0.0010345287926755437,-0.5508404713806381,0.00010875784812921497,0.11260066096405882,0.42457391132374744
2017-10-27,-0.001081324656097341,-0.610909159619557,0.00010641066079940217,0.11131408627152771,0.44975951967226224
2017-10-30,-0.0010828970558806887,-0.575594379097655,0.00010605677602205276,0.11406051912839855,0.4411987745773791
2017-10-31,-0.0010848195042487976,-0.5719519069910287,0.00010178125942648814,0.10945023916836175,0.46139771003978913
2017-11-01,-0.0011355196386881893,-0.6169336555251002,0.00010216913698424718,0.10938823528313937,0.4723049845953413
2017-11-02,-0.0011432663572135409,-0.5992590650547138,0.00010182298927617232,0.10926756282006617,0.4735297990499723
2017-11-03,-0.0011469137064020745,-0.6014934371081627,0.00010171175237065754,0.10870759631343065,0.4761083919088145
2017-11-06,-0.001148486930445964,-0.6045353916659468,0.00010204525512095767,0.10889615217980263,0.47601498585952773
2017-11-07,-0.0011424651224479616,-0.6028513119202696,0.000101985469462599,0.1096990023325954,0.47131637107123947
2017-11-08,-0.0011392799277296856,-0.6068320918067562,0.00010207148489076746,0.10962729557061428,0.4703203627860313
2017-11-09,-0.001137322043720475,-0.6096214248154315,0.00010220726558494024,0.10974665750992907,0.4694803211779527
2017-11-10,-0.001134326051128759,-0.5760005502959997,9.965944515996258e-05,0.10831640284348369,0.47033494268559206
2017-11-13,-0.0011352559095625173,-0.5730263216328468,9.969992381600543e-05,0.10823379984583495,0.46981926774818294
2017-11-14,-0.001131713485463431,-0.5734460316834002,9.984421313727995e-05,0.10808351120225683,0.4687029432165718
2017-11-15,-0.0011281225690382502,-0.5647749512335526,9.912959477724154e-05,0.10764605332088852,0.4688103370333917
2017-11-16,-0.0011284288923776088,-0.5704719720832062,9.806689878368694e-05,0.10676025692435796,0.47319623846485903
2017-11-17,-0.0011469566598686246,-0.5611884478390612,9.62596597697464e-05,0.10505002567534243,0.48748226624140945
2017-11-20,-0.0011623231686409487,-0.5649197888595914,9.730831042493495e-05,0.10568963679533094,0.49028034986648983
2017-11-21,-0.001166565637055807,-0.5571685133686659,9.717781635291018e-05,0.10559260391751638,0.4912187675445264
2017-11-22,-0.0011873018346859154,-0.5619822482250041,9.60862082176787e-05,0.10414761576525622,0.5058510407371252
2017-11-23,-0.001188122567916157,-0.5637915580126811,9.598755359372368e-05,0.10405989063807027,0.5068461142504646
2017-11-24,-0.0011935896212043279,-0.5550219916791862,9.582874829353624e-05,0.10343470158245407,0.5057695373772355
2017-11-27,-0.0011978732976792173,-0.5562829494567643,9.588329509125875e-05,0.1035751691938152,0.5058653655213943
2017-11-28,-0.0011917072494468635,-0.5539788005767559,9.644797464694272e-05,0.10347581811765462,0.500222776042633
2017-11-29,-0.001196332283637845,-0.550508434134612,9.63371294549053e-05,0.10375756069382255,0.501396375176786
2017-11-30,-0.0011987886489909518,-0.5529466599127308,9.641685828307759e-05,0.10391036402442125,0.5029133413164455
2017-12-01,-0.0011678391842167759,-0.5601485821000146,9.68536853634817e-05,0.1036699956587761,0.49554900032136207
2017-12-04,-0.0011808361823816838,-0.6376169254292925,9.660401843190505e-05,0.10983285986256613,0.4915091104795297
2017-12-05,-0.001201958142678066,-0.6176122795898015,9.691403149166717e-05,0.11012456744574681,0.4958707807560495
2017-12-06,-0.001201140151581147,-0.6250269257815083,9.747557179539487e-05,0.1096880759485837,0.49418987652410384
2017-12-07,-0.0012183672591722615,-0.6177631786635223,9.762495796146592e-05,0.1101564139673996,0.4982464061289936
2017-12-08,-0.001223588146302952,-0.6152489892496645,9.77002669335186e-05,0.10988543741191176,0.4994266386131292
2017-12-11,-0.001240543545204387,-0.5994471314522581,9.792412527702693e-05,0.10990582260062944,0.5026425516871096
2017-12-12,-0.0012424394166367877,-0.5908257052803041,9.808708839080829e-05,0.10944411448343216,0.5011261450211472
2017-12-13,-0.0012463313883170559,-0.5932410860714317,9.80700130552923e-05,0.10952757471887092,0.5034030066277955
2017-12-14,-0.001245524666659803,-0.5969951353456202,9.774865672559034e-05,0.1091912995798714,0.5054444274176288
2017-12-15,-0.0012439265875271593,-0.5994533632983267,9.789288064937163e-05,0.10948061378050201,0.5054587459359488
2017-12-18,-0.0012337348372651962,-0.5870526674317584,9.729377890085659e-05,0.10954749217573116,0.5011173215069316
2017-12-19,-0.0012463662022524804,-0.5924379614314907,9.587553893124266e-05,0.10797972218579134,0.5132748552547474
2017-12-20,-0.001241855375247742,-0.5983812063078944,9.581514975545007e-05,0.10783828098884779,0.5123619624088467
2017-12-21,-0.0012208415481266876,-0.6349740091167759,9.572310138538379e-05,0.10893055194485023,0.5157824836674417
2017-12-22,-0.0012258634270388535,-0.6246777507881298,9.586526246351473e-05,0.10902534977674218,0.5143155549812067
2017-12-25,-0.0012199823034204239,-0.6076029967143217,9.5820736570677e-05,0.11001109289903492,0.5046229578262413
2017-12-26,-0.0012204097608557738,-0.6081452151782615,9.623376724341375e-05,0.11043285407886229,0.501405967600967
2017-12-27,-0.0012053514819372166,-0.6136626769004007,9.582794547668619e-05,0.1103692112733933,0.4999895621817
2017-12-28,-0.001204364739044474,-0.6208258996877245,9.563280419656989e-05,0.10997043787619037,0.5024501384428686
2017-12-29,-0.0012028472765623927,-0.6235387439705884,9.627322290993788e-05,0.11071533086064873,0.5041129045400286
2018-01-01,-0.001197312474726227,-0.6526777737196515,9.62293474536459e-05,0.11415184669958668,0.5055839714888232
2018-01-02,-0.0011863834478253441,-0.6923473329261528,9.697655741727692e-05,0.11454338748635974,0.5035614287741319
2018-01-03,-0.0011861045070024796,-0.6933664017805337,9.704706974052966e-05,0.11461789936682444,0.5032989608022709
2018-01-04,-0.0011808019751812881,-0.6827862501234858,9.716511611908942e-05,0.11530543931588064,0.495099099612345
2018-01-05,-0.001183877037799705,-0.6842916456043409,9.763620541341893e-05,0.11556137331532686,0.4909678889561333
2018-01-08,-0.0011821981769175377,-0.6942426145819757,9.756480496658768e-05,0.11636745740837318,0.4917834529627394
2018-01-09,-0.0011774534204998964,-0.6893601120142057,9.719912506322341e-05,0.11614763707283277,0.4930886339564131
2018-01-10,-0.0011837974059592377,-0.7243716197113629,9.691312795559057e-05,0.11799889160961133,0.4952816845754746
2018-01-11,-0.0011742600159951049,-0.7341340113061311,9.701008463299872e-05,0.11815723629376558,0.49362592854248155
2018-01-12,-0.00115813527753143,-0.7691119734259061,9.779468404023992e-05,0.1176283593724748,0.49270362276191804
2018-01-15,-0.0011734251373080112,-0.7428110610040637,9.703773422017518e-05,0.1170111337509547,0.49776222255976454
2018-01-16,-0.00117064541030846,-0.7246939393717984,9.74033622372668e-05,0.11666062463963951,0.49405755969042586
2018-01-17,-0.0011822243089845152,-0.7092971987996692,9.77879418952833e-05,0.1174111583059241,0.4927315008118528
2018-01-18,-0.001175726368936149,-0.6893729950257563,9.671481691124458e-05,0.117085698417184,0.4900095670105945
2018-01-19,-0.0011744136370560388,-0.6939166122359884,9.702558127695746e-05,0.117342134198357,0.48810782427999766
2018-01-22,-0.0011725105713260356,-0.6818720349801932,9.721499036584107e-05,0.11817264889132716,0.48460757539646393
2018-01-23,-0.0011747526622796947,-0.6787216022707748,9.705502667410726e-05,0.1183766520063949,0.48589264875039273
2018-01-24,-0.0011310402074454174,-0.7626791855759405,9.660057880207576e-05,0.11530711196391594,0.4928241962655968
2018-01-25,-0.0011283455439805566,-0.7192873803245234,9.844792542209273e-05,0.1170866612748078,0.47615763024626956
2018-01-26,-0.0011264513066632815,-0.7129454164112758,9.854380864004682e-05,0.11708848607016122,0.47365596531781395
2018-01-29,-0.0011204607347348925,-0.7066638243957231,9.84250729889526e-05,0.1165450215474271,0.4730724396057373
2018-01-30,-0.001122488500612867,-0.7061083528138699,9.840891699263098e-05,0.11663303481368785,0.4734383837470837
2018-01-31,-0.0011208392225792619,-0.7071789321702625,9.848331699798682e-05,0.11645543791363082,0.4730213339691389
2018-02-01,-0.001100368606779195,-0.7281948548069492,9.797113791702471e-05,0.11639431004345907,0.468929606021523
2018-02-02,-0.001102220316575895,-0.7491689635980847,9.826049779014268e-05,0.11553290292485863,0.47545108242816914
2018-02-05,-0.0011019815089405175,-0.7468411977339539,9.793657793242795e-05,0.11517374051984244,0.47452233603024463
2018-02-06,-0.0011116837568050364,-0.7456118284390078,9.858980666172353e-05,0.11627558008029631,0.4759826127693796
2018-02-07,-0.001107425538256228,-0.7441684390489425,9.820632134531665e-05,0.11629144023324942,0.4769230058868791
2018-02-08,-0.0011071872182105574,-0.7174749911844198,9.885692923786502e-05,0.11604449150383427,0.47089331735561146
2018-02-09,-0.001109095471994454,-0.7231972330229803,9.868536987201403e-05,0.11613288260486009,0.4722767447662308
2018-02-12,-0.0011047231230790428,-0.7246071142762024,9.88525399172703e-05,0.11673244428585751,0.4677313009081099
2018-02-13,-0.0010986660739111891,-0.7332086676445717,9.938876169182179e-05,0.11684146849312248,0.4674156189853882
2018-02-14,-0.001051237819803246,-0.7788516589297083,0.00010284125742777372,0.12071108113924814,0.4437984969072881
2018-02-15,-0.0010440884473020945,-0.7696199631033205,0.00010317389578335985,0.1210455070888849,0.44071464525618853
2018-02-16,-0.001082624484570178,-0.7872723223175747,0.00010361437895247852,0.11999680234201697,0.4519244547900634
2018-02-19,-0.0010738554419973604,-0.7787988346736396,0.00010376596620394952,0.1200454030619694,0.4444689165641804
2018-02-20,-0.0010722008619274527,-0.8188158466606554,0.00010445409846620256,0.11932562203737494,0.4495140260561239
2018-02-21,-0.0010609730629818552,-0.8250439062043963,0.00010423993374208277,0.11911335667104649,0.4507218337576435
2018-02-22,-0.0010604541659706476,-0.8231487437217331,0.000103833149621544,0.1186636251119557,0.4519596028102332
2018-02-23,-0.0010525562865576785,-0.8289304456441289,0.0001046138169789154,0.11950014959547946,0.4441941185945921
2018-02-26,-0.0010512819079082129,-0.829329145379148,0.00010465757853747486,0.1194162385851623,0.44261597457564095
2018-02-27,-0.0010600246879231736,-0.8425467707995957,0.00010453991744809793,0.11906151013866545,0.4500086362118796
2018-02-28,-0.0010638813135674234,-0.8411364673298012,0.00010481794772018209,0.11894344296954021,0.4506019572001858
2018-03-01,-0.0010520626252018641,-0.845560357989048,0.00010437485568857211,0.11892579328654455,0.4478809052219499
2018-03-02,-0.0010079086268787148,-0.8515349134956458,0.00010776127036403022,0.11940199219589899,0.4251596145527683
2018-03-05,-0.001006451351242398,-0.8587314279432161,0.00010801690435130652,0.12187675569237423,0.4242840613598714
2018-03-06,-0.0009985160851975227,-0.8847127418900774,0.00010843432678283351,0.12130967601911241,0.4256881869579957
2018-03-07,-0.0009958924257813786,-0.8929926800357912,0.00010866023936859029,0.12119897403625828,0.42555809065564354
2018-03-08,-0.0009896800842587594,-0.8917638093511281,0.00010846562675751145,0.12086610453293242,0.4235279360023335
2018-03-09,-0.0009875280724037448,-0.8941586083379519,0.00010820629125119925,0.12035715845996946,0.42315727479005927
2018-03-12,-0.0009891385540498558,-0.8941841885045021,0.00010838375077737057,0.12033111906693336,0.4231390691117377
2018-03-13,-0.0009952224220116236,-0.8930737493147016,0.00010863941926244418,0.12016054252739714,0.4242889244923711
2018-03-14,-0.0009944182373723225,-0.891082654360793,0.00010855924756634195,0.12041375186538797,0.4226302564816058
2018-03-15,-0.000994588990314617,-0.9004469329086782,0.00010900103514591638,0.12011510687760728,0.4228753271019232
2018-03-16,-0.0009896801736792196,-0.8994476697511322,0.00010963550959303177,0.12062783615330042,0.422413928770356
2018-03-19,-0.000977729904322315,-0.90705001977243,0.00011035654100365557,0.12070804591054007,0.4207545019751975
2018-03-20,-0.0009735600744369015,-0.9092361967565429,0.00011047330370512699,0.12111928647977756,0.42200545394036093
2018-03-21,-0.0009802553676852136,-0.9060353067356118,0.00011374231196544884,0.1242007856315406,0.41090947763128394
2018-03-22,-0.0009521319518770434,-0.8811026796649333,0.0001148351243288033,0.12556156691797227,0.39529797272880174
2018-03-23,-0.0009553703790568503,-0.8943007556864173,0.00011618110297030072,0.12653754363487507,0.39462003370334786
2018-03-26,-0.0009497661752179876,-0.9022145623377087,0.00011592142968211175,0.12528652342333538,0.3948818482674322
2018-03-27,-0.0009286922941905022,-0.9223520616206138,0.00011581191807253984,0.12553035955482922,0.3908160552582911
2018-03-28,-0.0009298226255985947,-0.9392428432083526,0.00011700353327180222,0.12662711124363088,0.3909068903434185
2018-03-29,-0.000908820751613141,-0.9420755595705891,0.00011578227134686464,0.12527130576251627,0.3899519061812936
2018-03-30,-0.0009034054918880703,-0.940957942167212,0.00011598542687157992,0.12509389402931959,0.3879957487281126
2018-04-02,-0.0009286956323008334,-0.9241540660270207,0.00011821678486303209,0.12647364447532747,0.3802364867619433
2018-04-03,-0.0009395831094141997,-0.9173594052617526,0.00011824009476421463,0.12674387121437247,0.3802961359088658
2018-04-04,-0.0009436672877409617,-0.9142566085369299,0.00011962462067067755,0.12709280467258247,0.3795464179437906
2018-04-05,-0.0009467903509905282,-0.9139903137302587,0.00012008022775384477,0.12712243411480129,0.37995214191751103
2018-04-06,-0.000946396747822615,-0.9081255210248984,0.00011911481989733154,0.12768477363040312,0.37638609498339903
2018-04-09,-0.0009508557339930209,-0.9072127843610083,0.00011933655976225827,0.12753702504709175,0.37754561473580406
2018-04-10,-0.0009506691367465912,-0.915280407087425,0.00011904533085686511,0.12731050192370763,0.37993705763411667
2018-04-11,-0.0009441380735844498,-0.941341158152245,0.00011784582884220175,0.1269610175362839,0.3895336760616078
2018-04-12,-0.000941996701749085,-0.9456415212010809,0.00011830909793319269,0.1272518089066751,0.3883823831187291
2018-04-13,-0.000932583400857463,-0.9662007198768949,0.00011845262702027893,0.12796929050426986,0.3913675091421247
2018-04-16,-0.0009425518110512986,-0.9621364404015047,0.00011829538206979647,0.12752361645277663,0.394179354228247
2018-04-17,-0.0009390464198373036,-0.9636964500813076,0.00011809798653151992,0.12759024968498703,0.39321602033957437
2018-04-18,-0.0009144454545045783,-0.9745606092711137,0.00011815378644127463,0.12745764418812366,0.39124427364683345
2018-04-19,-0.00090587532573017,-0.9635111052169885,0.00011817977206422152,0.12737368359265117,0.3886823357029998
2018-04-20,-0.0008754512092877451,-0.9650364925378401,0.00011789839191991777,0.12516474324178067,0.38948654932889837
2018-04-23,-0.0008658409641680216,-0.963652240193547,0.000117976789719374,0.12301061211837813,0.3892953214914132
2018-04-24,-0.0008544993650698438,-0.9705214118158318,0.0001179776413705988,0.1232830677927074,0.38674380421586574
2018-04-25,-0.0008572761124003804,-0.9722700533753352,0.00011798194342834958,0.12257957429135913,0.39010219983902716
2018-04-26,-0.0008385095751478127,-0.9773373894527793,0.00011797868426454128,0.12316129895120681,0.38355255878116823
2018-04-27,-0.0008374214726008146,-0.9809758734752962,0.00011767097647083514,0.12325676773954544,0.3852731342602692
2018-04-30,-0.0008334106882486273,-0.9891509072411938,0.00011894064351387059,0.12363213452109492,0.38329374183234577
2018-05-01,-0.0008359789630370293,-0.9935871607078715,0.00011887671370592593,0.12337724509511672,0.3865342485379607
2018-05-02,-0.0008426666961702243,-0.9832017728897432,0.00011924557990643417,0.12334242665985783,0.3859083820467494
2018-05-03,-0.0008470941570305527,-0.9808813051362425,0.00011919031881772674,0.12372306558151633,0.38514640173146875
2018-05-04,-0.0008057969601978038,-0.9789931637242253,0.00011983494387084873,0.12277828470713947,0.373825666109425
2018-05-07,-0.0008155678402748186,-0.9589778444706027,0.00011971754526070293,0.12312123785766306,0.37104923482658403
2018-05-08,-0.0008099086096522237,-0.9471231128018042,0.0001200751999065587,0.12372963663052797,0.3649796931538932
2018-05-09,-0.000818156201109305,-0.9386470306684125,0.00012009588473569029,0.12362862997654367,0.3652532929509813
2018-05-10,-0.0008142395757478188,-0.9397579746530357,0.00012020975516845823,0.12303201098382073,0.3661948717006439
2018-05-11,-0.0008135764291326785,-0.9393819219724029,0.00012001663866627259,0.12287529246551009,0.36617043551105666
2018-05-14,-0.0008134441815718478,-0.9458136368448058,0.0001196554101246447,0.12297345018818925,0.36881605239185944
2018-05-15,-0.0008139567147838304,-0.9745994076005038,0.0001189628436101575,0.12103443084958955,0.38713790498095046
2018-05-16,-0.0008133730554505268,-0.9744878818032976,0.00011887680073259819,0.12103645182892792,0.38726902941750274
2018-05-17,-0.0008247333559280503,-0.9675946713134627,0.00011905464728042495,0.12089026666374862,0.3894176201471652
2018-05-18,-0.0008254067194497911,-0.9651885586048734,0.00011805571522370603,0.12026059995211386,0.3886932370894155
2018-05-21,-0.0008246319196854097,-0.9650557897352107,0.00011802784553350167,0.12026544744694596,0.38859804317108315
2018-05-22,-0.0008218928052649767,-0.955818845136081,0.00011850915879936637,0.11967398491205433,0.3845504829399772
2018-05-23,-0.0008311861204545568,-0.9467649110990648,0.00011783896085148515,0.11874382987462809,0.38442975658240186
2018-05-24,-0.00082689904628589,-0.9444466810531977,0.00011772874447866683,0.11859251185306466,0.3828208217321031
2018-05-25,-0.0008178102719370302,-0.9478157767153994,0.00011787406650014596,0.11864104191639642,0.3802491597818033
2018-05-28,-0.000815090542833915,-0.9479471084584505,0.00011755381543022296,0.11829802073322905,0.38090413642241117
2018-05-29,-0.0007818838849240022,-0.9639448607303445,0.00011207914431088187,0.11555061709306917,0.3785045769286297
2018-05-30,-0.0007814847078116813,-0.965680525917378,0.00011123544700393028,0.11441995460396143,0.3785209767511507
2018-05-31,-0.0007791011514651699,-0.9718698480081899,0.00011098377018168592,0.11434495154611259,0.37921438218129744
2018-06-01,-0.0007941501073014997,-0.9990982043277788,0.00010917453464737806,0.11348096689256731,0.3936532273495119
2018-06-04,-0.0008064812420804707,-1.0242053016906723,0.00010896686060540008,0.11430225665168771,0.39760626112057007
2018-06-05,-0.0008171179911660666,-1.0132324788451401,0.00010875763160048238,0.11402756434776828,0.39608021629067913
2018-06-06,-0.000813709384915364,-1.0082302486530432,0.0001081696426958198,0.11299771850098508,0.3938246764122111
2018-06-07,-0.0008122658623268652,-1.0105124998880957,0.00010803193415280896,0.11340972697276144,0.3935437749748044
2018-06-08,-0.0008090403600029536,-1.0115751928634409,0.00010792115594905185,0.11340399877535885,0.3933170766388433
2018-06-11,-0.0008112267597227393,-1.0124025928888978,0.00010837090165240829,0.113460366238828,0.39242553293964255
2018-06-12,-0.0008105786808174377,-1.0130746059394684,0.00010844771939026692,0.11369535055330315,0.39134330719427224
2018-06-13,-0.0008149840941370707,-1.0170824600641635,0.00010726987529010977,0.11258038451843454,0.3983068151791497
2018-06-14,-0.0008525474007770929,-0.9929736532538538,0.00010757557170021928,0.1112277285862701,0.40255363490027585
2018-06-15,-0.0008407996339382462,-1.038000046591331,0.00010909463320601506,0.1128133797006703,0.4034380507246519
2018-06-18,-0.0008370565385016653,-1.0400514366670564,0.00011013796465531016,0.11284479434108904,0.40188142354314904
2018-06-19,-0.0008294379996552244,-1.0440163375906544,0.00011022568156730422,0.11291658608315644,0.40022841289552913
2018-06-20,-0.0008277179251942087,-1.017800784916742,0.0001086229756088011,0.11202599224523146,0.3958699788044918
2018-06-21,-0.0008247314717098285,-1.0198084761639454,0.00010853461571097605,0.11202358536803664,0.395440759235542
2018-06-22,-0.0008192123120934731,-1.0228158802228118,0.00010855370145041485,0.1118366351030816,0.39640532816214535
2018-06-25,-0.0008158508147131804,-1.0231425589438925,0.0001090793192824191,0.11229439808192511,0.3946725799381636
2018-06-26,-0.0007913441372566772,-1.0313603816866994,0.00010965192760034002,0.11220344637541653,0.3912477011411354
2018-06-27,-0.0007817599101546118,-1.0433764920736535,0.00010909214153304939,0.11133531905075318,0.3919485684840329
2018-06-28,-0.0007890060298074696,-1.0419301955917197,0.00010945037856256033,0.11131777139625222,0.39252223573539713
2018-06-29,-0.0008038817936855997,-1.0506789246611594,0.00010972240943552207,0.11076025491382879,0.3959476534649816
2018-07-02,-0.0007999541956465153,-1.0631883853594721,0.00010967011037660351,0.10882989690187672,0.40219441170654857
2018-07-03,-0.0007999603888091524,-1.0611671591228269,0.00010962018461989202,0.10818615424136678,0.4046240391347544
2018-07-04,-0.000796390625160429,-1.0617188355819178,0.00010986657262435556,0.10815027590931298,0.40382380481068725
2018-07-05,-0.0007969182510824188,-1.0624135339634029,0.00011006243267979007,0.10837576123726604,0.40138117448367727
2018-07-06,-0.0007945868741169586,-1.0534177329884775,0.00011037613359785031,0.1084510092488215,0.3979556261866576
2018-07-09,-0.0007876719510624695,-1.0556807822692167,0.00011033495415437708,0.10871840680277162,0.3960476170921585
2018-07-10,-0.0007815580565149959,-1.0536129311617541,0.00011006547770078924,0.10834499928081776,0.39532512282343724
2018-07-11,-0.0007797921076668366,-1.064564140482016,0.00011078433557671507,0.10888690809482918,0.39537489715917506
2018-07-12,-0.000778638772642376,-1.0665938291208696,0.00011137660039461552,0.1090259655641765,0.3940620142928326
2018-07-13,-0.000759142774607872,-1.0768828151938792,0.00011106856655839131,0.1085630123426543,0.3938808445436973
2018-07-16,-0.0007599176602808998,-1.0783352895965996,0.00011070490215828547,0.10840673799024655,0.39451185407113754
2018-07-17,-0.0007627833369024295,-1.0826457595860843,0.00011106566750731843,0.10876187709624856,0.39470154794962786
2018-07-18,-0.0007595290771786475,-1.0800987393135741,0.00011112521795852824,0.10886958378665197,0.39335758436466384
2018-07-19,-0.0007562631127471938,-1.0847295286354455,0.00011050891297461535,0.10794910666259401,0.3944039954969094
2018-07-20,-0.0007500555370378442,-1.0942885454710085,0.00011020217423827912,0.10701439188082694,0.39692688292691647
2018-07-23,-0.0007442319390766553,-1.0945102753731746,0.00010897566107596825,0.10704243842361003,0.3980610974571407
2018-07-24,-0.0007421026216295962,-1.0862823148611307,0.00010894843284917918,0.10734864897668385,0.3942244311224673
2018-07-25,-0.0007435367124480458,-1.0863435065903562,0.0001087323522518258,0.10720893137515983,0.3963597578582312
2018-07-26,-0.0007540988325259968,-1.085350269640042,0.00010777071839646548,0.10722355584343361,0.3993842255964102
2018-07-27,-0.0007305609350327343,-1.084427575549276,0.00010731500712371791,0.10653992721014374,0.39708064839624146
2018-07-30,-0.0007276084420108757,-1.0781775751756257,0.0001073106198225242,0.10639986467394527,0.3943506241393985
2018-07-31,-0.0007298000151158943,-1.0737606653751017,0.00010727183546853045,0.10642598597035904,0.3932825838855838
2018-08-01,-0.0007275279458157774,-1.0758676743591524,0.00010776450361681595,0.10643945886951998,0.39300269652699926
2018-08-02,-0.0007230470003432781,-1.0786599196796582,0.00010818617207010523,0.1066465569898027,0.3897372271621141
2018-08-03,-0.0007139036204438043,-1.0782437040182034,0.00010824816505934337,0.10644683166790603,0.38858593055643253
2018-08-06,-0.0007129217351776643,-1.0807852547604035,0.00010859297655927601,0.10659183448027974,0.3872423368364065
2018-08-07,-0.0007104637979516903,-1.0838924271363068,0.0001084742474352391,0.10644350455312686,0.38785542043543497
2018-08-08,-0.0007111221692196854,-1.079628410183366,0.00010865922676262389,0.10680727293012467,0.3852689071805038
2018-08-09,-0.000706817633224755,-1.080430056335255,0.00010840840990358015,0.10665764226016472,0.38440102643764407
2018-08-10,-0.0007178967541484225,-1.0577634006800434,0.00010833494960094787,0.10509364720520388,0.38022253391721705
2018-08-13,-0.0007136070772182192,-1.0820291817602568,0.00010938533767714949,0.10545983321748917,0.3843017558118583
2018-08-14,-0.0007148707779244928,-1.0860621452010837,0.00010935722324864525,0.10571644209273258,0.38364741763870347
2018-08-15,-0.0006903768378299672,-1.1032980840333892,0.00010919825728832966,0.10528583673262744,0.3845356731339452
2018-08-16,-0.0006979402350994259,-1.093920024019868,0.00010934991539843991,0.10478601789794594,0.38376127187311526
2018-08-17,-0.0006980825260655359,-1.1021278204906513,0.00010995487367588203,0.10551543058151465,0.3833255152162617
2018-08-20,-0.0006836337924341779,-1.1008192009329378,0.00010889835822399496,0.10463084029352326,0.3849806597612614
2018-08-21,-0.000683708518863436,-1.1008896468037572,0.00010880585957771688,0.10434919582498524,0.38539352803918303
2018-08-22,-0.000681065197564014,-1.0994833453849546,0.00010855746168988505,0.10429378780947043,0.3855717544271696
2018-08-23,-0.0006592765423459069,-1.1062675426951962,0.00011010885639112255,0.10413480447053707,0.38069426343695156
2018-08-24,-0.0006513399450691366,-1.1475996599236271,0.00011122027709799674,0.10490703710016151,0.3895324448881361
2018-08-27,-0.0006489518951473881,-1.1480433540719264,0.00011232894307649939,0.105379730697568,0.3828100006781979
2018-08-28,-0.0006589627591246747,-1.150851740808934,0.00011230402814795315,0.10557991328989848,0.384638179322613
2018-08-29,-0.0006393230936678118,-1.1324506021489338,0.00011353537310413764,0.10581244952145075,0.3717786607847552
2018-08-30,-0.0006448323183811018,-1.138431525086805,0.0001132363758920375,0.1051726931525051,0.3763655881310972
2018-08-31,-0.0006400067207369863,-1.1332687825895216,0.00011320898704726368,0.1053146172703219,0.3731843581165637
2018-09-03,-0.0006396351477381912,-1.1320839990332687,0.00011305026957666101,0.10517560683343218,0.3733614869471331
2018-09-04,-0.0006383306925529422,-1.1392902147224864,0.0001123240672849356,0.10422454510903456,0.3803390082755378
2018-09-05,-0.0006345214487545278,-1.1339097693510443,0.00011213127342283137,0.1042049863912864,0.3778961859095141
2018-09-06,-0.0006358937872725436,-1.1335299077374401,0.00011204941217232218,0.1041247454600462,0.3785172728498857
2018-09-07,-0.0006172598363188861,-1.1390521512894012,0.0001122882258674452,0.10384993856493549,0.3789904311261729
2018-09-10,-0.0006164424602519267,-1.1350356617323527,0.00011227322961389337,0.10428395201409683,0.3756259417352916
2018-09-11,-0.0006123942726785833,-1.1337177307258741,0.00011233478744753899,0.10438405676087041,0.3737622877490022
2018-09-12,-0.0005797310560048347,-1.1760143780938601,0.00011089373411706988,0.10272806530069929,0.3928234300693586
2018-09-13,-0.0005802165419738212,-1.1584826051754713,0.00011089422560205985,0.10293053394830158,0.38507285150807113
2018-09-14,-0.0005755320073787197,-1.1555690687128788,0.00011124311969270122,0.10305429835272531,0.381916155765733
2018-09-17,-0.0005754678270275485,-1.1608397950924911,0.00011124502265467059,0.10305242764153213,0.38373087184325094
2018-09-18,-0.0005664015455385783,-1.1631172942676211,0.00011159886440863466,0.10293198064681192,0.38374052236354317
2018-09-19,-0.000562093963895715,-1.16195023545787,0.00011172155268272897,0.10308088212903994,0.38155192382400616
2018-09-20,-0.000564300934385683,-1.1631194509597205,0.00011183689058809984,0.10303642754100319,0.3824129602680074
2018-09-21,-0.0005626922235939962,-1.1624760296930463,0.00011233772180085958,0.1034773828146728,0.3798383480169253
2018-09-24,-0.0005621249434612699,-1.1606731616471277,0.00011234233802983716,0.10368964812567842,0.37811100829593847
2018-09-25,-0.0005606810290535841,-1.1634050857399107,0.0001119056157326498,0.10337998820547391,0.38044646869348464
2018-09-26,-0.0005512051748928304,-1.16132928289447,0.00011153244500748021,0.10317040154820435,0.37957214728649113
2018-09-27,-0.0005543284524709413,-1.1783548913206106,0.00011204684326208652,0.10373086533933579,0.38163550048585293
2018-09-28,-0.0005529156488223665,-1.1819938033851392,0.00011224059116874931,0.10380002139214327,0.38228745214311477
2018-10-01,-0.0005512733290445,-1.1819910467975483,0.00011192699294017406,0.10380585986066494,0.38225139054959356
2018-10-02,-0.0005610971396156551,-1.1772704839158241,0.00011267820742009359,0.10460830220986943,0.37828684132504553
2018-10-03,-0.0005503389625629328,-1.1723089818492483,0.00011183536269039725,0.10463036415414981,0.3761886688710394
2018-10-04,-0.0005309716344922783,-1.1510902572962398,0.00011212383990969752,0.10497509104458226,0.36590555348405374
2018-10-05,-0.0005182315114763244,-1.1579022164400419,0.00011167658056934647,0.10494080640938352,0.3667508456292865
2018-10-08,-0.0005149743086087313,-1.1537828622816715,0.00011290738321521403,0.10622303746188837,0.3591045183118443
2018-10-09,-0.0005169747623731462,-1.1570113602525396,0.0001128045150719492,0.10689412407327627,0.3566099813439566
2018-10-10,-0.0005134692534522884,-1.160461785245241,0.00011267731889686092,0.1069187094311515,0.3572267059813936
2018-10-11,-0.0005634098337675924,-1.180387427749015,0.00011679804085622257,0.11111040194602471,0.3534519333217834
2018-10-12,-0.0005657925834331436,-1.179286153342798,0.0001170023540571887,0.11130058525208744,0.3526285566823384
2018-10-15,-0.0005637127984803151,-1.1783892646666831,0.0001168590747428328,0.11103301827894177,0.35294594911182675
2018-10-16,-0.0005481255115324601,-1.195323088484669,0.0001166144629269121,0.11099448134326928,0.35789197962270924
2018-10-17,-0.0005481554640976785,-1.1933607765185588,0.00011705161154122346,0.11108465956116802,0.3564001839922375
2018-10-18,-0.0005452786297942174,-1.1726280503761697,0.00011746360870265727,0.11065980137174623,0.3508678048968885
2018-10-19,-0.0005410409387616722,-1.1720869918191439,0.00011737478245933083,0.11062632071935434,0.35030337687860624
2018-10-22,-0.0005429218669170485,-1.1742843807981194,0.00011736214443955859,0.11051858117849617,0.3513335348333819
2018-10-23,-0.0005466123972283072,-1.1736361750395403,0.00011755889465005002,0.1110702911097571,0.3497031862419552
2018-10-24,-0.0005450693535467105,-1.1669482950768053,0.00011659512087744827,0.11090027313539445,0.347286904319993
2018-10-25,-0.000541745529630513,-1.163745410337015,0.00011566278720469514,0.11096326746216983,0.3469749514735242
2018-10-26,-0.0005389993343123407,-1.162127031974538,0.00011402723402127717,0.11111404740181771,0.3469346332396708
2018-10-29,-0.000540359732790179,-1.1596958189949338,0.00011394892481208019,0.11072475391634136,0.34773443226214307
2018-10-30,-0.0005202497018467797,-1.1580773071388455,0.00011405261598123454,0.11029211377129094,0.3470291692086718
2018-10-31,-0.0005216297831619793,-1.162926180331438,0.0001137101211950767,0.11012654577975735,0.3502203327525435
2018-11-01,-0.0005156446489099435,-1.185512933213051,0.00011409546051440032,0.10978471077385686,0.3565442487759356
2018-11-02,-0.0005217021262876884,-1.1859413029634012,0.00011388707997693964,0.1095721900814687,0.35759624600620143
2018-11-05,-0.0005180197168867868,-1.186533312966983,0.00011451326533680359,0.10978125019989175,0.3569929901222866
2018-11-06,-0.0005032424900978103,-1.175268118233366,0.00011472137587991805,0.10956906288263302,0.35097443817797
2018-11-07,-0.0004898481981414911,-1.161233075252321,0.00011435087891374842,0.10890066476488845,0.34671106446468736
2018-11-08,-0.00048746703702237735,-1.1586474016286956,0.00011430933125114769,0.10884876119543428,0.3461594837409947
2018-11-09,-0.00047602577132631514,-1.167170238020745,0.00011481757877922954,0.10806104717473063,0.34761271001277805
2018-11-12,-0.00047495644123704095,-1.1664273132129854,0.00011532839692253114,0.10854180581872856,0.34522309987310174
2018-11-13,-0.0004694645400380484,-1.184435095422769,0.00011456180836868125,0.10868634081548169,0.3508328659652814
2018-11-14,-0.00046728774093835243,-1.191083943907537,0.0001148028240315706,0.10880105643353608,0.3523737656529271
2018-11-15,-0.00046783148861244606,-1.1923996049941608,0.00011472644160590088,0.10878051476159355,0.3530196150107683
2018-11-16,-0.0004612606786660689,-1.19278326858886,0.00011388899888504715,0.10810470314381981,0.3569640757417084
2018-11-19,-0.00045302780662155844,-1.1899654572754614,0.00011388998397893867,0.10792065305119798,0.3555230244929224
2018-11-20,-0.00045513990855816893,-1.18965884412834,0.000114723906975506,0.10815278490583938,0.35343391278948366
2018-11-21,-0.00045597911582895224,-1.1883688162261343,0.00011475450589430185,0.10820045951060155,0.353118369263429
2018-11-22,-0.000456762972540426,-1.1863377566750815,0.00011436870343409624,0.1078468596164132,0.35403237324960757
2018-11-23,-0.0004563630522394867,-1.1826407919554347,0.00011478025078733588,0.10795020428643935,0.35289238104848974
2018-11-26,-0.00043901527110690983,-1.176169219188147,0.00011383870716816028,0.10693188718134301,0.35284782901045597
2018-11-27,-0.0004421745253039742,-1.1795320469620107,0.00011338605725958172,0.10687172872988723,0.3554551057635449
2018-11-28,-0.0004426488214619592,-1.1840314762894444,0.00011281785323414285,0.10667541020936426,0.35834342380380857
2018-11-29,-0.00041614226614785765,-1.176485861354935,0.00011137675560362164,0.10635259182398561,0.3576398542544127
2018-11-30,-0.0004082294743545961,-1.171446698020444,0.00011142580297959042,0.10621753229260851,0.3547177266414594
2018-12-03,-0.00041018026152860965,-1.178207448316444,0.00011114070546514179,0.1056403843291743,0.3603853358697998
2018-12-04,-0.0004223098805810454,-1.1765275227269432,0.00011056146876444275,0.10580273721709502,0.36060655109823947
2018-12-05,-0.0004273861339140414,-1.1728714337726376,0.00011069415109461063,0.1058276547625996,0.36028356037109777
2018-12-06,-0.00044079872762907066,-1.170632005924595,0.00011128232250171405,0.10554112447661729,0.3612873572126133
2018-12-07,-0.0004436012497438869,-1.1761487246572915,0.00011153164988813514,0.10570524988456217,0.3634742155697438
2018-12-10,-0.00043751937416223986,-1.168004572955557,0.00011157327904069873,0.10523549252822727,0.36278741706345996
2018-12-11,-0.00042408318238730156,-1.1738304458602067,0.00010985027792228485,0.10493470258453567,0.3655215718656456
2018-12-12,-0.00042677878663982375,-1.1678079307597513,0.00010980640821762812,0.10440868503537597,0.3651235142179089
2018-12-13,-0.00042363829370544543,-1.1652537114179364,0.00010961404309784667,0.10418458051350792,0.3646632274837941
2018-12-14,-0.00042256693114200327,-1.1661666004569589,0.00011035391817024524,0.10396524156317853,0.3645756101779627
2018-12-17,-0.0004249062594661044,-1.1684156136446904,0.00011030972065072223,0.1040483953241032,0.36556268168922
2018-12-18,-0.000424426210711017,-1.1676311474691845,0.00011007428230933166,0.10445758404392749,0.36288280091952174
2018-12-19,-0.0003996005992955462,-1.1510159072760986,0.00011081310905466594,0.105398748465633,0.35098684257881074
2018-12-20,-0.00035638266541626205,-1.1412206274662047,0.0001120152853417472,0.1078216014115938,0.3330429985921739
2018-12-21,-0.00035479215202925316,-1.1433064544350038,0.00011198954125352353,0.10777656909038424,0.3336551388016389
2018-12-24,-0.00036919274660642584,-1.1416785921752346,0.00011252211867385142,0.10864318035936593,0.3311715702447505
2018-12-25,-0.0003682427727970147,-1.1431634274238083,0.00011249718729532387,0.10865338816588026,0.3316370586683397
2018-12-26,-0.00037484584279604265,-1.143704722692815,0.0001118473778682546,0.10869150389089544,0.33221880652217795
2018-12-27,-0.0003797292533852583,-1.1479544345412247,0.0001127538278962867,0.10913914442288455,0.33147827340629554
2018-12-28,-0.00037909288789511337,-1.1484361753509182,0.00011225740111643991,0.10917265950598082,0.33232098943029764
2018-12-31,-0.00038104793585424693,-1.1462639577247864,0.00011226938873360302,0.10912477630747401,0.3322796355422929
2019-01-01,-0.00038096061282848486,-1.1305663003000483,0.00011196601165644305,0.10966370371971297,0.3249462423858296
2019-01-02,-0.00038290182723640145,-1.1292760623767553,0.00011185392507916548,0.10962573232897574,0.3246760693503412
2019-01-03,-0.00040253267127881356,-1.1484491407785251,0.0001100480663398939,0.11001238003078569,0.333546310260291
2019-01-04,-0.0004111800083721921,-1.1307593003356184,0.00011039172271018522,0.11004385866550527,0.32763645966948296
2019-01-07,-0.0004081562066880212,-1.1308191345383838,0.00011075629755576895,0.10964380081090434,0.32855352294314344
2019-01-08,-0.00040871182080539823,-1.1295456032434488,0.00011066128958691848,0.10957418496729028,0.328464292863879
2019-01-09,-0.00041253906329963405,-1.133120241586053,0.00011059962571870838,0.1087007040377768,0.33319558835913177
2019-01-10,-0.0004145219919959468,-1.128654292918267,0.00011105275724590492,0.10898628807219135,0.3302546819817548
2019-01-11,-0.0004146131850117022,-1.1164188291166384,0.00011029288608221195,0.11099997174369122,0.32013953193916667
2019-01-14,-0.0004254040265078689,-1.155830444075244,0.00010866656015260019,0.11021512201663562,0.33759160585132475
2019-01-15,-0.000426030205997651,-1.1562288859453087,0.00010860502086109687,0.11005854798610833,0.33845351707041815
2019-01-16,-0.00042695978636206826,-1.1580857675265719,0.00010900340110603363,0.11031830843863663,0.3370177632797401
2019-01-17,-0.0004153532428942521,-1.1552041540728575,0.00010844245504245577,0.11017590661568369,0.3361335538867313
2019-01-18,-0.00041270301105389255,-1.1556629778575283,0.00010905689087939966,0.1109778637508442,0.3322572254643822
2019-01-21,-0.0004202818816140285,-1.151640663689327,0.00010995456725152114,0.11117690952582178,0.33208102258472005
2019-01-22,-0.000415484465533134,-1.1324353589426148,0.00011008573465470331,0.11195307217224522,0.32090733296382634
2019-01-23,-0.0004114981558827449,-1.132779198981602,0.00011030930352087626,0.11192125984310622,0.32078791828442477
2019-01-24,-0.00040302932839303754,-1.126749834051977,0.00010982164046783498,0.11142674703217169,0.3193530795729915
2019-01-25,-0.0003917862096105722,-1.1520327673384867,0.00011115286519526222,0.11140123065319318,0.3247457462926494
2019-01-28,-0.0004001089592411654,-1.1744715564429349,0.00011072279662951562,0.11164560941210429,0.3319552676762687
2019-01-29,-0.0004046359038477013,-1.1758571358392207,0.00011067618479602453,0.11176812483798937,0.33272005781522906
2019-01-30,-0.00041665252377406654,-1.1725378408122704,0.00010891960633626854,0.11192740690098482,0.3333549637090085
2019-01-31,-0.00038354770292470724,-1.149229290145676,0.00010784930950202461,0.11209758324136541,0.32376775297403415
2019-02-01,-0.0004106814881787831,-1.1243508051937676,0.00010578082275981515,0.110115821819712,0.3282688358162329
2019-02-04,-0.0004211170852174128,-1.1379446069830448,0.00010536021460976509,0.11048364154449297,0.3324829178076465
2019-02-05,-0.00042593811370214514,-1.1354053930733992,0.00010527338797165145,0.11043183611453733,0.3323738252386672
2019-02-06,-0.0004258041608554096,-1.1391398938234536,0.00010550871093501089,0.1106246189378122,0.3328002880801184
2019-02-07,-0.0004306038734232996,-1.1157868424977977,0.00010483992215910269,0.11089596177849723,0.3248020499023998
2019-02-08,-0.0004295340737034768,-1.1144206308602105,0.00010539392137451535,0.111174355066917,0.322277835668902
2019-02-11,-0.000426614677771054,-1.111846345037886,0.00010515370663994267,0.11043889297898703,0.324268017771587
2019-02-12,-0.00044016994121756745,-1.1171980148092548,0.00010539518388172826,0.11000028162610438,0.3281833640732308
2019-02-13,-0.0004379149459077825,-1.1191956949228723,0.00010565377897916714,0.1099523333755211,0.32858873371898123
2019-02-14,-0.00043950340864370215,-1.107140563521233,0.0001056945383312619,0.11039290601687256,0.3216798142997356
2019-02-15,-0.00044152882726881357,-1.109817731076813,0.00010593697976225067,0.11061486061286517,0.32235782352438136
2019-02-18,-0.0004470445839654096,-1.108101227109168,0.00010628716605531718,0.11057611665146161,0.32287319471112086
2019-02-19,-0.0004660356867917659,-1.1273797675744324,0.00010692019126817137,0.1106605210314853,0.3321399382996457
2019-02-20,-0.0004614669939274345,-1.130292643156356,0.00010682035815577229,0.11073620451174933,0.3324189573016484
2019-02-21,-0.00047524578470805364,-1.1107803613412346,0.00010767786379735005,0.11257625244047154,0.3218051049509927
2019-02-22,-0.00047371238182136667,-1.104920931923486,0.00010715281399600129,0.11249312675571617,0.32106919197462436
2019-02-25,-0.00047536859205980704,-1.1024838393732181,0.00010717392915201422,0.11252347447398398,0.32043454731261645
2019-02-26,-0.00047226637375194004,-1.1047089762223699,0.00010718171232933582,0.11285360216151968,0.3207380304189288
2019-02-27,-0.0004837023460803928,-1.1028516207878423,0.0001070824837323223,0.1131557958269183,0.32091875936792114
2019-02-28,-0.000488119186450644,-1.1064497493366257,0.00010716179040232914,0.11333312795238422,0.3220276242514789
2019-03-01,-0.0005001675914600621,-1.125258675896005,0.0001086279425321648,0.11476078423780216,0.32500840008556864
2019-03-04,-0.0004980790491992416,-1.121964550485437,0.00010848356371376536,0.1149460767566752,0.3229617331822916
2019-03-05,-0.0004986554591180443,-1.122190446797586,0.00010873688838045553,0.11508828908417866,0.32206702123991626
2019-03-06,-0.0004986995159041558,-1.1215899574316546,0.00010870342022276578,0.11508904803327308,0.3217950168810477
2019-03-07,-0.0005012197757477263,-1.1161777928203205,0.00010871887736606521,0.11459754447033546,0.31996688940019635
2019-03-08,-0.0005014105989141771,-1.1202757677819015,0.00010679329603946679,0.11259127265302649,0.32928533729547005
2019-03-11,-0.0005326878062708469,-1.1493834550369262,0.00010633388625967573,0.112163784012796,0.34316135083089605
2019-03-12,-0.0005339841270759146,-1.1378655599164358,0.0001053013779666574,0.11103189277129212,0.3448792313556711
2019-03-13,-0.0005377099059063324,-1.1415311225387603,0.00010544258501599982,0.11198674872860287,0.3448944255132881
2019-03-14,-0.0005613210948586845,-1.1372681303762657,0.00010696106144241238,0.11264709917562099,0.3448723928397667
2019-03-15,-0.0005561995701180544,-1.1256947177143617,0.00010544829080378194,0.11144550103084643,0.3461579111612326
2019-03-18,-0.0005560658074790338,-1.1242584887759615,0.00010567918781169446,0.11141418796604823,0.3458966176722109
2019-03-19,-0.0005543151872881586,-1.128473520715993,0.00010555238699605098,0.11138484600703433,0.34671578231040145
2019-03-20,-0.0005518796928836821,-1.142593324577632,0.00010233964817397223,0.10972529069595555,0.3600427715406169
2019-03-21,-0.000540753334813719,-1.149132538471953,0.00010218257420178043,0.10938510044166838,0.361880779708723
2019-03-22,-0.0005507593951499725,-1.1372676699800717,0.00010200514655408234,0.10905998010266148,0.3594462029262484
2019-03-25,-0.0005436904060116672,-1.1441512193387693,0.00010260047823916353,0.1091039416815207,0.3591660940614224
2019-03-26,-0.0005379696737188685,-1.1473789672852373,0.00010323108410217248,0.10904781336944613,0.359000093074612
2019-03-27,-0.0005385147292951622,-1.1471957641870554,0.00010325526194803977,0.10879102030709067,0.3601694493239377
2019-03-28,-0.0005454219662931463,-1.1521007494213866,0.00010472212234425408,0.11041168623621209,0.35646175032280303
2019-03-29,-0.0005370746992648385,-1.1467978473146436,0.00010485452548089637,0.11050809753061094,0.3523378723172854
2019-04-01,-0.0005365670940502303,-1.1374583779494425,0.00010335695986630851,0.10971484853320826,0.3517848883460295
2019-04-02,-0.000536376568757786,-1.1318425201784725,0.00010331066882294767,0.10963375822267409,0.35007719390392555
2019-04-03,-0.0005425337048207245,-1.1235349432767023,0.00010331958709877886,0.10947708563081728,0.3482958822031028
2019-04-04,-0.0005439771958235531,-1.118905943549726,0.00010374715640670067,0.1096012817212725,0.34613200189078075
2019-04-05,-0.0005477130217409663,-1.119366135215282,0.00010389212772727192,0.1095387230726214,0.3469046420225915
2019-04-08,-0.0005554651759184656,-1.1308518858129593,0.0001041341918319844,0.10953879683693081,0.35006048363039666
2019-04-09,-0.0005597708710426897,-1.138099370759135,0.00010461578517263793,0.11057747378029348,0.34713940555053546
2019-04-10,-0.0005559050346403982,-1.138474202725549,0.00010377916400458165,0.11195896585958497,0.3428525632957985
2019-04-11,-0.0005772268994865275,-1.1428115080747727,0.00010432983550086333,0.11254686795621124,0.3464540045642708
2019-04-12,-0.0005816264868783222,-1.1434880181568168,0.00010419156512750999,0.11313568150376244,0.34325266879881733
2019-04-15,-0.0005924050109793293,-1.144128890098759,0.0001042763760555915,0.11277557364699428,0.3463695401615351
2019-04-16,-0.0006000496681413323,-1.1482174955488402,0.00010453210508864041,0.11313418648005075,0.34746599893305097
2019-04-17,-0.0006041984825898752,-1.1410992473860693,0.0001042495717913116,0.112806850230479,0.3473108900659626
2019-04-18,-0.0006036773250445725,-1.138222020297012,0.00010429330780570375,0.11316449158139429,0.3437071673882447
2019-04-19,-0.0006024688774877277,-1.1448308339906714,0.00010421235175348051,0.11347909694517384,0.34490689143014863
2019-04-22,-0.0005967738323530794,-1.1441041478811034,0.00010407834827159155,0.11334011319695265,0.34432438924688835
2019-04-23,-0.0005990495627736579,-1.144051622097427,0.00010392097308404648,0.11291400576784835,0.3455514650955175
2019-04-24,-0.000603677780384886,-1.1459509043292346,0.00010332999611614967,0.11300739226415418,0.3465678546379042
2019-04-25,-0.0006163132350954998,-1.157786972347805,0.00010324854761233045,0.11300199533482654,0.35091371942383687
2019-04-26,-0.000617047809494512,-1.1650681513292325,0.00010311764783547622,0.11278981924624738,0.3547138693756122
2019-04-29,-0.0006195306487714712,-1.1640135818332595,0.00010283372710943026,0.11348818959714259,0.35225356606504077
2019-04-30,-0.0006179359245213818,-1.1648464791870443,0.00010281483083374434,0.11338531591588961,0.353154383759288
2019-05-01,-0.0006277909657828746,-1.1509588013410217,0.00010344180879937665,0.11380983284712293,0.3477029074266177
2019-05-02,-0.0005941429397827375,-1.112166239040019,0.00010296553139911484,0.11496107345903896,0.3268138855602116
2019-05-03,-0.0005962960021537753,-1.1143691227727197,0.00010286106716976326,0.11471257508397983,0.32935681092915403
2019-05-06,-0.0006013173029079511,-1.1148344711221507,0.00010283837173871779,0.11462357619418033,0.33038623940203926
2019-05-07,-0.0006021114709756896,-1.1131089346958758,0.00010324055304945033,0.11497055779993848,0.32936109842466565
2019-05-08,-0.0006044172431733667,-1.1130887746104223,0.00010286174793744062,0.11497998551034233,0.329768789622672
2019-05-09,-0.0006060527756794349,-1.1174007995261834,0.0001027919396176181,0.11530549242615364,0.33043552470236137
2019-05-10,-0.0005989863509336376,-1.1233352478817689,0.00010299699393039612,0.11551596324931872,0.3318285143076515
2019-05-13,-0.0006161319164483862,-1.0962060008073455,0.00010355085530149685,0.11632069546792548,0.3229988220142591
2019-05-14,-0.0006195955010054445,-1.0950095831756945,0.00010350218390602028,0.11622022276404008,0.32379297031188103
2019-05-15,-0.0006171443062004626,-1.093457333916789,0.00010347726449758526,0.11626215077696804,0.3229546034726335
2019-05-16,-0.0006263633895582507,-1.0944347726078267,0.00010642912807439269,0.1172990667347787,0.3249453360122023
2019-05-17,-0.0006265863437056188,-1.100777866886126,0.00010701579054584402,0.11778242981513198,0.3282930673508778
2019-05-20,-0.0006271188409745021,-1.1000347399144643,0.00010699956921674058,0.11797367615843476,0.3279548957887748
2019-05-21,-0.0006187491644474555,-1.1034904975229751,0.00010735231119721475,0.11795794272263024,0.3276498979039406
2019-05-22,-0.00061901393990734,-1.1030019713050625,0.00010748977821769455,0.11797079986393894,0.32740572786783484
2019-05-23,-0.0006156701280932035,-1.1184750367932987,0.00010762876841546561,0.1184934347192496,0.3309134323443981
2019-05-24,-0.0006094532699775114,-1.1232884088272046,0.00010799838672597849,0.11923789680972384,0.33118181937181645
2019-05-27,-0.0006081594356602048,-1.1247612571575927,0.00010823707588449702,0.119518651422608,0.3312516708478265
2019-05-28,-0.000605898211088167,-1.129182276392686,0.00010815892496233482,0.11942017625312806,0.331759936068424
2019-05-29,-0.0006084504285437896,-1.128031872305214,0.00010790764331492661,0.1192259104843843,0.33211447922680104
2019-05-30,-0.0006120504326691456,-1.130511559154445,0.00010791769120075675,0.11928321606230197,0.33365776119066737
2019-05-31,-0.0006656532607866904,-1.1113803436619065,0.00010745084001550207,0.12004994275489486,0.33506703001877935
2019-06-03,-0.000678547054229273,-1.1378225866997083,0.00010733359733792876,0.12131343118136449,0.3458829110039068
2019-06-04,-0.0006860233696880601,-1.1030455843041418,0.00010539149627402809,0.11980720809816041,0.34322534236984426
2019-06-05,-0.0006870024397935123,-1.1025131009610036,0.00010539266901057487,0.11985302786711108,0.3433720425085134
2019-06-06,-0.0006874015876771563,-1.101298249490482,0.00010553027092888442,0.11995627365328206,0.3429651396435949
2019-06-07,-0.0006810747645970188,-1.1053758844997663,0.00010551524079592889,0.11977020318231528,0.34492453337830664
2019-06-10,-0.0007092871382257164,-1.092953861389212,0.00010475987067223397,0.12017431408033354,0.3463855760999973
2019-06-11,-0.0007107941269730879,-1.0940838071406578,0.00010475133067965755,0.12042404532116084,0.34600803494839494
2019-06-12,-0.000714782519406936,-1.0933576215784684,0.00010475679997617344,0.12042532115745194,0.34665260738405446
2019-06-13,-0.0007169366284620648,-1.085494474260463,0.00010498263682173485,0.12057129432689499,0.3444076500265827
2019-06-14,-0.00071371091169023,-1.0679784547233084,0.00010511832531961717,0.12159997141053135,0.34017363971461434
2019-06-17,-0.0007101546740909322,-1.0686962672086784,0.00010508153896747665,0.12156141037267261,0.3399367728945154
2019-06-18,-0.0007089143937519149,-1.0757737582671874,0.00010419759372073771,0.12256797120512691,0.34132361899938213
2019-06-19,-0.0007122500834687367,-1.062650199758485,0.00010336742732749187,0.12509092758589485,0.33630505783040565
2019-06-20,-0.000744462622855217,-1.1091615540341886,0.00010253172663482963,0.1254513589064661,0.3646649662825351
2019-06-21,-0.0007073992478996158,-1.1112322767259546,0.00010255500818528825,0.12690599858582713,0.35252820474295077
2019-06-24,-0.0007195428430418521,-1.1223356108562532,0.00010333026823264683,0.12839266054464854,0.354462237810109
2019-06-25,-0.0007183026528720317,-1.1352822270028957,0.00010297743306673941,0.12845426894382242,0.3574571840044509
2019-06-26,-0.000732806144028465,-1.1291273720601835,0.00010362109028844813,0.12908547506875603,0.35695733255254347
2019-06-27,-0.0007301122016241385,-1.1313617268625382,0.00010355890474291515,0.12905245854555922,0.35687967623185135
2019-06-28,-0.000730466217745834,-1.1174115515315013,0.00010286790254515957,0.1285089123902344,0.35613704271832725
2019-07-01,-0.0007541919290843601,-1.1258735288674404,0.00010483294384986476,0.13117502971073233,0.3556922400335196
2019-07-02,-0.0007685193464134981,-1.105323600587604,0.0001085103972381723,0.135820536913078,0.33979187544107237
2019-07-03,-0.000766842887475276,-1.106708083133758,0.0001087044007045747,0.13606448771078336,0.3398654042280247
2019-07-04,-0.0007613004952510851,-1.0950013665259637,0.00010841078352103495,0.1358835747135564,0.33593561695824126
2019-07-05,-0.0007737835645994886,-1.1068579247580745,0.0001083356451196052,0.13597797893955202,0.34268109004005065
2019-07-08,-0.0007785278022105609,-1.094857497321793,0.00010927906753001165,0.13804130323436173,0.3388133494063791
2019-07-09,-0.0007805533691912573,-1.083259537689933,0.00010975940181670356,0.13987669901282768,0.3355777076733889
2019-07-10,-0.0008004633757155857,-1.0826125205526809,0.00011210899492019661,0.14152974811387067,0.33297795153207677
2019-07-11,-0.0008153017815702526,-1.0705154501447454,0.00011236202682719829,0.1420995079398646,0.3315203282125073
2019-07-12,-0.0008167936113675383,-1.072443775628369,0.00011265308817027098,0.14254842907486542,0.33021685735853623
2019-07-15,-0.0008024666281706413,-1.072555019537294,0.00011347482503814711,0.14257012907339112,0.3255420149683139
2019-07-16,-0.0008084373037913815,-1.084189755019521,0.0001137562846141778,0.14237275085376475,0.329458887604992
2019-07-17,-0.0008159024866733289,-1.0986751962984147,0.00011502441810024848,0.14413285724049119,0.3299440862867754
2019-07-18,-0.0008369515410676918,-1.0985377128433145,0.00011468770236944029,0.14482917754215283,0.3348105721756717
2019-07-19,-0.0008334875233722853,-1.0941300673258731,0.00011668274491776959,0.14709870644820447,0.3252341526183843
2019-07-22,-0.0008348109435802955,-1.0858912748691976,0.0001165717924716096,0.14723007152497802,0.32434550605128076
2019-07-23,-0.0008369990083108794,-1.091169427010453,0.00011676758003390256,0.14705158650581548,0.32578031986975964
2019-07-24,-0.0008380820850738205,-1.0875832751187189,0.00011673470982657755,0.14719063855077244,0.3251905372922608
2019-07-25,-0.0008446146214840385,-1.0864903019357157,0.0001170070312725667,0.1478088033743179,0.32610082052829636
2019-07-26,-0.0008401521828012271,-1.0834064313029534,0.00011699985857230827,0.14783901266121569,0.32483649410181237
2019-07-29,-0.0008454907339954347,-1.0780843802266171,0.0001174519819063928,0.14838776723602043,0.32432181395296256
2019-07-30,-0.0008356538950789951,-1.1059281644691985,0.00011804282300327587,0.1522296115476894,0.3260440585246671
2019-07-31,-0.0008269463982957356,-1.0552084706091382,0.00011926913899496304,0.15518426977851008,0.30762888026970825
2019-08-01,-0.0008971101842058863,-0.9591086392163153,0.00012220667209324274,0.15883091261412852,0.29429728107087716
2019-08-02,-0.0009145081345632903,-0.9098433940109936,0.0001207356348712625,0.15782061443891857,0.29575058650482744
2019-08-05,-0.0009387003562016801,-0.8909704766626854,0.00012093896427368773,0.15937090258485154,0.29593842790682445
2019-08-06,-0.0009479836149224494,-0.8805119240624341,0.00012023728777436545,0.158953890643247,0.2983339008809285
2019-08-07,-0.0009606139600326519,-0.8709001219232517,0.00012177541632528739,0.1607296257746093,0.2943684566051257
2019-08-08,-0.0009611380761457612,-0.8693851263890562,0.00012198253851800672,0.16161017983144427,0.29516463108941915
2019-08-09,-0.0009662865039898803,-0.8716601260545211,0.00012211207197022238,0.1617741269109089,0.29591353508615725
2019-08-12,-0.000984932878301724,-0.8306760688507734,0.00012160676753942189,0.16201753901289562,0.29487868567850006
2019-08-13,-0.0009945225245440847,-0.7814505784841477,0.00012056973480131477,0.16194238784016993,0.2931462164314269
2019-08-14,-0.0010040519537259764,-0.7621438518823302,0.00012057745690827163,0.1621584091984897,0.29243016445446257
2019-08-15,-0.0010014143066279374,-0.7582875429066036,0.00012031079108365754,0.16185181138494528,0.291257113673841
2019-08-16,-0.0010090673228171868,-0.763439593215077,0.00011990901101871312,0.16198881318728134,0.29457002847763225
2019-08-19,-0.0010205841865763062,-0.7654911752445919,0.00012004207082452262,0.1630511372983464,0.29871356121406045
2019-08-20,-0.0010255762863558987,-0.767435859913131,0.0001202439053736042,0.16338866079052988,0.2994098379784418
2019-08-21,-0.0010287083277411122,-0.7640672208868735,0.00011993174204450007,0.16314058497446332,0.30003749306308014
2019-08-22,-0.0010287930851930747,-0.764689404141929,0.00011987772290081881,0.1645869133502548,0.2985692492395149
2019-08-23,-0.0010641576276242072,-0.760335879034683,0.00011854024384410883,0.16539102028935782,0.3123441703976906
2019-08-26,-0.0010612095371295453,-0.7515329192141624,0.00011857339328306348,0.16506043797658546,0.31104779268405647
2019-08-27,-0.0010692608066875096,-0.7484705266176019,0.00011829861553955685,0.16514180462046407,0.3137359300986188
2019-08-28,-0.0010654972793378232,-0.7524485929567366,0.00011838271358892041,0.16532244877139662,0.3124992978574289
2019-08-29,-0.001064883684292815,-0.7619272438887168,0.00011889415171917762,0.16571224647234115,0.31176264497494643
2019-08-30,-0.0010620627708579468,-0.7491687484713617,0.00011837597112685975,0.16689920632567395,0.3100753138670047
2019-09-02,-0.0010573380475339875,-0.7589683526172784,0.00011845704733871363,0.16732807473519584,0.31028568479320096
2019-09-03,-0.0010386895072434978,-0.7429694354562941,0.00012019554988815786,0.1697708979708477,0.2962958267812562
2019-09-04,-0.0010395443815414916,-0.7406566017978695,0.00012011739865805962,0.1676889791597907,0.2978461306407377
2019-09-05,-0.0010894461449396464,-0.7017305268946951,0.0001226476605362,0.17175012062989523,0.2985914099342244
2019-09-06,-0.0010960028065571815,-0.6692399600232652,0.0001234538755482215,0.17224958829605874,0.294293584026014
2019-09-09,-0.0010940703797659825,-0.6689888301533782,0.00012268966243101498,0.17229475983790196,0.29510608323256016
2019-09-10,-0.001099315212558403,-0.6685054490367538,0.00012137024307712599,0.17182462909387636,0.3004814254180117
2019-09-11,-0.0010870052989796547,-0.6562341148672428,0.00012181632908060375,0.17261159596273368,0.2941773529719459
2019-09-12,-0.0010906535687028593,-0.6604567140337267,0.00012169984721805012,0.17129228057554638,0.2956293151285503
2019-09-13,-0.0011010114480506663,-0.6612954268450688,0.00011998566413887284,0.1705541188010601,0.30333825206832554
2019-09-16,-0.0011107811607945048,-0.6375556554777766,0.00011867170036054552,0.1698964197518506,0.30681936978023205
2019-09-17,-0.0011110579927505453,-0.6310734675055154,0.00011847743150553105,0.1698697255708981,0.3069379756115256
2019-09-18,-0.0011154909978910448,-0.6304243739398785,0.0001179491733746635,0.16980289806097296,0.30973520688571643
2019-09-19,-0.0011099907142648208,-0.6345535586247133,0.00011730067379414673,0.16898458874679748,0.3105592134782956
2019-09-20,-0.001129716079821212,-0.6346158786817935,0.00011776106936070151,0.16934889457237648,0.31376125835111446
2019-09-23,-0.0011430396301561007,-0.6577564997012234,0.00011772009796284227,0.17010459239683198,0.3183465993543726
2019-09-24,-0.0011513266219279363,-0.6499654956776679,0.00011748444706327716,0.16989312838085063,0.32188140885393723
2019-09-25,-0.001172800370747964,-0.6730086205903214,0.00011600771432481908,0.16865388292976466,0.3388362302825241
2019-09-26,-0.0011759857931379217,-0.6709335390300897,0.00011611600483053191,0.16861199564883694,0.33955858830861474
2019-09-27,-0.001182599905246834,-0.6679147035286485,0.00011591969961221023,0.1685293595807591,0.3421089966512717
2019-09-30,-0.0011521933843436838,-0.6669283641230788,0.00011543987478045835,0.16743671302833396,0.3334333805851274
2019-10-01,-0.0011516562738782792,-0.6685847493805328,0.00011535580076418769,0.16735732994703964,0.33380657852183526
2019-10-02,-0.001160821763217101,-0.6572661040102772,0.00011549175959065526,0.1683690574613344,0.3348853700995087
2019-10-03,-0.0011573347474197284,-0.6562968893862159,0.0001152437942862847,0.16805573487456096,0.3355809168574849
2019-10-04,-0.0011550941401607408,-0.6594005297447282,0.00011527591481069208,0.1684101992282234,0.33459851377232386
2019-10-07,-0.0011632683163498893,-0.6840726406225217,0.00011500612424172218,0.17041410640688362,0.3393198133367502
2019-10-08,-0.0011611734657474072,-0.6719063810650978,0.00011578273167065708,0.17128691467993257,0.3346359691883607
2019-10-09,-0.001152957584445222,-0.6729366681787263,0.00011548460533702236,0.1719619625261276,0.3323815018867443
2019-10-10,-0.0011645020413528395,-0.6542270738305769,0.00011483689106689793,0.17103869545978406,0.33463518223779987
2019-10-11,-0.0011751272851360179,-0.64053218438073,0.00011460952434595965,0.17004415561244968,0.33655293318865354
2019-10-14,-0.001186573092324172,-0.6430101308349514,0.00011536363486697231,0.1699412675962225,0.3376047776650457
2019-10-15,-0.0012039974603006067,-0.6408473552627372,0.00011634777347465565,0.17001226794665425,0.3397297037666859
2019-10-16,-0.0012048532842153495,-0.6358963197599514,0.00011618657338703534,0.17075673838371633,0.3401239572855309
2019-10-17,-0.0012107375247497301,-0.6369044550472658,0.00011671592505700781,0.17045942335731912,0.3392113943454441
2019-10-18,-0.0012091764401484738,-0.6325737082881495,0.00011699776902383394,0.1708739440841048,0.3365436700878809
2019-10-21,-0.001224953651626766,-0.5750697994448735,0.0001160726340665665,0.1719860742938414,0.3405318766587825
2019-10-22,-0.0012315852438497987,-0.5681632555849756,0.00011640423098435196,0.17217841009584306,0.34181804621596756
2019-10-23,-0.0012350710854356656,-0.5650209957079818,0.00011630884112639972,0.1719537067472824,0.34312808670382766
2019-10-24,-0.0012350753071412963,-0.5648198055185925,0.00011654253953234153,0.1723333351752169,0.3423337654414129
2019-10-25,-0.0012342126989006762,-0.5700785521971606,0.00011654590016291036,0.17286472513587514,0.3424588619018545
2019-10-28,-0.0012402459000381855,-0.5743547707456048,0.00011569217367647223,0.1736135456800201,0.3464932291368168
2019-10-29,-0.00125085938043886,-0.5080950190204416,0.0001150014567800973,0.17661539844986365,0.347792307964112
2019-10-30,-0.001252204745186781,-0.5029047119046993,0.00011462363802920005,0.1759172751599231,0.349134812764744
2019-10-31,-0.0012573945431266372,-0.49957622174772587,0.00011412237920823437,0.17582932835955212,0.35381532163289786
2019-11-01,-0.0012587810577768819,-0.4880330430037789,0.00011379923347387966,0.17531656856049485,0.35485731748718485
2019-11-04,-0.0012596238751610765,-0.4902071716873942,0.00011377945538294017,0.17530157138509642,0.35545668712113065
2019-11-05,-0.0012754317196795864,-0.5157307202440088,0.00011485802304111953,0.17749785633875523,0.3572846682346582
2019-11-06,-0.0012763387630452126,-0.5163952151874167,0.00011472423692163491,0.17748461321085257,0.3580834810958182
2019-11-07,-0.0012965237892149065,-0.5211572175905448,0.00011344696036623724,0.17801342649033705,0.36930067707940495
2019-11-08,-0.0012968410851231056,-0.530236945984313,0.00011365662798413668,0.17816129204624642,0.36930579368367034
2019-11-11,-0.0012971486157186112,-0.5301775242695996,0.00011370218966962495,0.1782327118032671,0.36921638744020946
2019-11-12,-0.0012979071608359288,-0.5279711058084151,0.00011371432962883775,0.17878212164442076,0.36897269449830505
2019-11-13,-0.0012993411029445824,-0.5201952331923735,0.00011395024534633753,0.17871545049492005,0.3678316492492666
2019-11-14,-0.0013003709545743663,-0.5208818743726478,0.00011425895152128436,0.1791130301188212,0.36620807454923054
2019-11-15,-0.001303054722174369,-0.5122167442774639,0.00011439543697458882,0.17839887675031738,0.36562502156049614
2019-11-18,-0.0013228932445677353,-0.5560347559936337,0.0001145070416395333,0.17975861181064823,0.3716798279952198
2019-11-19,-0.0013225367940825198,-0.5543037243431964,0.00011443386854787003,0.17982125756774378,0.3716078568501756
2019-11-20,-0.0013189149199227346,-0.5509665899566378,0.0001143008547473727,0.18087967469922991,0.3694252494614294
2019-11-21,-0.0013220129499093808,-0.5470815533840614,0.00011489797933649667,0.18114542215326823,0.3681396637009339
2019-11-22,-0.0013219824225204075,-0.5470854361954154,0.00011486726391222917,0.18097908768972595,0.3684220937821304
2019-11-25,-0.0013203863311879562,-0.557588010819744,0.00011506436661744789,0.1822378020656975,0.36748844370917955
2019-11-26,-0.001320879279132069,-0.5435659467239444,0.0001148656927235625,0.18264792526172266,0.36726341067576207
2019-11-27,-0.0013266290901713716,-0.5600198933862952,0.00011492446182577982,0.18478829541013203,0.3683756340549752
2019-11-28,-0.001350465258927306,-0.5643789193331912,0.00011563439023782542,0.18404836239971306,0.3734616029640262
2019-11-29,-0.0013394318498056797,-0.5561718288595989,0.00011618796650799025,0.18711349989519152,0.3677053820488272
2019-12-02,-0.0013393135729095104,-0.5537883357184934,0.00011612636725631841,0.18711252127590097,0.3675632773848704
2019-12-03,-0.0013306421421876167,-0.5399067580230148,0.00011448202956938785,0.18813099973076702,0.370523750321316
2019-12-04,-0.0013290784239223378,-0.5329260452765944,0.00011434887067717326,0.18854895448127712,0.3693893351021724
2019-12-05,-0.001332031649635498,-0.5384068864401451,0.00011444025539599326,0.18776366877322875,0.3698532300013361
2019-12-06,-0.0013555977100233106,-0.5868852852840927,0.0001137079812549337,0.18696106523923803,0.38261429685804693
2019-12-09,-0.0014115357879638532,-0.5683413133923332,0.00011093739692207763,0.1807360144691419,0.41207760312209885
2019-12-10,-0.0014125776449885746,-0.5610857927751127,0.00011081930000638507,0.18077989480869003,0.41257261338908413
2019-12-11,-0.0014067514734961558,-0.5617287346939203,0.0001103951538122236,0.18022924924718683,0.4128152306478997
2019-12-12,-0.0013868473128731784,-0.5775585215209309,0.00010917648543397854,0.1800930248892545,0.41067936481055944
2019-12-13,-0.0013834498163459354,-0.5673234651783885,0.00010921300827802411,0.18012648701115774,0.4098723640848666
2019-12-16,-0.0013745424134885098,-0.567602666029577,0.00010876531846387047,0.1799762727990643,0.40837632403885527
2019-12-17,-0.0013764550003412487,-0.5743160538308247,0.00010897535714749983,0.1804601557998423,0.40777711281162543
2019-12-18,-0.001373814655734908,-0.5722523054629673,0.00010894587405750653,0.18066793390021316,0.40697912688040294
2019-12-19,-0.0013739973122695376,-0.572694538251898,0.00010894374686347503,0.18064834487413903,0.40710274747845465
2019-12-20,-0.0013746063731347735,-0.5681161476049399,0.00010901358027438338,0.18077488989681623,0.4070054749925113
2019-12-23,-0.0013759780569517607,-0.5750471360585919,0.00011026431596077591,0.1818372800522764,0.40107601489679734
2019-12-24,-0.0013726273601718996,-0.6041727335722318,0.00011022838306933491,0.18332419783276518,0.40254484942832214
2019-12-25,-0.0013739911319351093,-0.5945887182540865,0.0001102293237700501,0.18459478377681765,0.4026374284627462
2019-12-26,-0.0013707799212959192,-0.6027122985925282,0.00011057386595287321,0.18518022436039194,0.4004539190973715
2019-12-27,-0.001370566356198991,-0.5694150716178215,0.00011061735762867804,0.18662503457092733,0.3985115951664584
2019-12-30,-0.0013670433607413843,-0.5745184039247937,0.00011063008127688784,0.1860144381805076,0.39776872402316676
2019-12-31,-0.0013767511494231907,-0.575202335843424,0.00011089022558614813,0.18500417696763688,0.39999477095283653
2020-01-01,-0.0013811026360441077,-0.5748880634233637,0.00011083380777219321,0.1847262260373677,0.4016781036008743
2020-01-02,-0.0013788986154641848,-0.5805025497589898,0.00010989937864635213,0.18465926653240267,0.4034206215388786
2020-01-03,-0.0013898925811604958,-0.5759825609884806,0.00010968260892523005,0.18536937396764033,0.4075852413002342
2020-01-06,-0.001385544327624289,-0.5979063250150415,0.00011110031992937068,0.18771191376554539,0.4000696127863479
2020-01-07,-0.0013734670347143485,-0.5709160261529825,0.00011089645353041701,0.1876457603545242,0.39600171876586
2020-01-08,-0.0013781989513247967,-0.5702483678786083,0.00011076421224247523,0.18780860173548883,0.39799650392804187
2020-01-09,-0.0013757230079664896,-0.5817859002432963,0.00011102718456631519,0.18847155903940555,0.39662474301693984
2020-01-10,-0.0013742687038379789,-0.5829113696988043,0.00011078517988206065,0.188504228659743,0.39773006577162606
2020-01-13,-0.0013783061295558655,-0.5795473404518716,0.0001109818226220827,0.18889042650608234,0.3980102133718343
2020-01-14,-0.0013863686830542026,-0.49668781809827733,0.00010978444266449645,0.18974788582746374,0.40255047731073
2020-01-15,-0.0013877228811705116,-0.5004588532321615,0.00010980393502601201,0.18975287078282596,0.40310264424649866
2020-01-16,-0.001383387011922183,-0.49918238476419535,0.0001097547752571286,0.1898111073318793,0.4018474233906496
2020-01-17,-0.0013949766487498104,-0.49367337314318466,0.00011082089891364662,0.18972294074601204,0.4013152730664189
2020-01-20,-0.0014345124324522986,-0.563386497102474,0.0001107801151623593,0.18978682509837452,0.4149132908417079
2020-01-21,-0.001431563673942818,-0.5789319931162596,0.00011079065789516759,0.19016394242640214,0.4136797887720097
2020-01-22,-0.0014336494544399192,-0.5804381578677423,0.00011115723407414083,0.19027099992354887,0.41259587200583425
2020-01-23,-0.0014339943060492927,-0.5739336758122522,0.00011124184543295777,0.18970292947619258,0.41218900973126205
2020-01-24,-0.0014349385981381828,-0.562993066040828,0.00011097131753066385,0.1896153872318824,0.41313484389149724
2020-01-27,-0.0014389162884395458,-0.5561448326013988,0.00011085371825334123,0.1895104897639384,0.41443992274767916
2020-01-28,-0.0014454583939869708,-0.5532335234823773,0.0001109545542319053,0.18985579907799982,0.41584601314295355
2020-01-29,-0.001444685559612199,-0.5545199904885525,0.00011079784141318933,0.19219546902632387,0.415394818877709
2020-01-30,-0.001443568331451487,-0.5483711888719911,0.00011079559571331768,0.19294763533956583,0.4149720165470002
2020-01-31,-0.0014307054007174761,-0.5374855181321688,0.0001099581267950264,0.19342264144615093,0.4141265063899826
2020-02-03,-0.0014257054754752752,-0.529728083651466,0.00010964997541248716,0.19245789997360188,0.4150508705308159
2020-02-04,-0.0014379568848205814,-0.5147522479682562,0.00010894664026373839,0.1924582970529896,0.4207830517154403
2020-02-05,-0.001430875532522286,-0.5103416286266291,0.00010894611696941588,0.19280150359945217,0.4184130343345345
2020-02-06,-0.001426060424740042,-0.46136993880360844,0.00010828458254837566,0.1930348565906719,0.41752997121773383
2020-02-07,-0.0014235353000809094,-0.47302332526282753,0.00010783423777611326,0.1918906775179958,0.41838173889800045
2020-02-10,-0.001414266171586758,-0.47988291073808526,0.000107264781185224,0.19094970128387068,0.41809773164872055
2020-02-11,-0.0014171090084019822,-0.4907470663082665,0.0001071213050050323,0.19099477473910192,0.41918118121163384
2020-02-12,-0.00141571227476237,-0.49249364441949717,0.00010706367768021169,0.19111045420093367,0.4190049113797564
2020-02-13,-0.0014207563967068566,-0.4920831825497276,0.00010715533954665975,0.19108061168032595,0.42008446597629845
2020-02-14,-0.0014184674203108565,-0.49240414038937064,0.00010753506740757713,0.19112835527259983,0.4177276861069127
2020-02-17,-0.00141637085094608,-0.48849853336473326,0.00010761046261824945,0.19127587287864498,0.4164055376058775
2020-02-18,-0.0014122186984807928,-0.42757169166916875,0.00010692463718979571,0.1907936215094282,0.41592283812253183
2020-02-19,-0.0014112365841682222,-0.4065846268088723,0.00010712470550886277,0.19106402253569052,0.4143502897777023
2020-02-20,-0.0014138851806415886,-0.39862145165812995,0.00010711762785519054,0.18949975399037416,0.4149033234306788
2020-02-21,-0.0014256347978547574,-0.4126305805324313,0.00010726555635896222,0.19007727891431678,0.418767926154481
2020-02-24,-0.0014342121589967778,-0.3823604516991087,0.00010672340744088999,0.19098933130272006,0.4233253810123542
2020-02-25,-0.0014378561222646376,-0.34319451320579375,0.00010850101102402491,0.19407872845662122,0.41563404129886583
2020-02-26,-0.00143648213926433,-0.3413644297259468,0.00010848092266227483,0.1938362161533889,0.4152413398352145
2020-02-27,-0.0014333600533570057,-0.33318135223432366,0.00010854457722052559,0.1950947409782516,0.41360755502170965
2020-02-28,-0.0013608937961850072,-0.44181848717135075,0.00012032095133601799,0.21672190358878518,0.34298080138382125
2020-03-02,-0.0013568466246209425,-0.4204481685283753,0.00011928847243363446,0.2087160664598092,0.34613875842293074
2020-03-03,-0.0014131928714867263,-0.46777947234225853,0.0001176326307962796,0.2098133055710485,0.3730142332673122
2020-03-04,-0.0014137666216722127,-0.4673527991820303,0.00011762585801445103,0.2093582677649357,0.37314925383704955
2020-03-05,-0.0014364502578307439,-0.4590633330203503,0.00011875998235323117,0.21203670303021196,0.3758252374410591
2020-03-06,-0.0014122435287808482,-0.45196272496968104,0.00011924680195574644,0.21350624072712857,0.36599458812988406
2020-03-09,-0.0013302990836368397,-0.3662231399423923,0.00011816617830360085,0.21526192175402153,0.3429952248498801
2020-03-10,-0.0012835217409936804,-0.312198937717738,0.00011113206011427416,0.21475910669880152,0.3591406104230098
2020-03-11,-0.0012609712583826495,-0.26745555823178757,0.0001098392275379656,0.2151863391135249,0.35627175841829006
2020-03-12,-0.0012923133475035015,-0.593533237303044,0.0001113177570931895,0.18935953297887756,0.3946663018329798
2020-03-13,-0.00134221785971065,-0.5583511776775588,0.00011240649479975086,0.19414706859972028,0.4023639366383198
2020-03-16,-0.0013190575545070347,-0.6012739542218873,0.00011234328920163179,0.1932649144892534,0.39690438682196094
2020-03-17,-0.0008451611266089398,-0.2568989316609074,0.00011228837943560305,0.21612056190804915,0.21976106246736316
2020-03-18,-0.0008507655126169761,-0.2843292255057138,0.00011227797975448664,0.2082473499996603,0.23530053804134132
2020-03-19,-0.0008554245639593513,-0.3319462776417328,0.00011271796532339905,0.2070448362864366,0.24330504918845142
2020-03-20,-0.0006945145429269302,-0.4306436033505731,9.674862905114485e-05,0.20806301579216646,0.2299045222406798
2020-03-23,-0.0008068843670267552,-0.19788481183569484,9.45294304248714e-05,0.2040795582517155,0.25314874028883183
2020-03-24,-0.0008355793943429666,-0.2986054545404324,9.836646256675042e-05,0.21162592075211586,0.2602953629824486
2020-03-25,-0.0008313125370770045,-0.22365193369813574,9.955473189301633e-05,0.21288184309821503,0.24906663801810125
2020-03-26,-0.0008285266215924574,-0.2555752925305439,9.927161559903889e-05,0.19320684236724336,0.2528102687173499
2020-03-27,-0.0008323202571319081,-0.253727428504681,9.945688473684796e-05,0.19329850877936564,0.25335931581489357
2020-03-30,-0.0008313100495823632,-0.23735059055932994,9.894958385954538e-05,0.19024112016462055,0.25221836424581245
2020-03-31,-0.0008741560109015534,-0.13430490980504511,0.00010025950668688509,0.19186538027244562,0.2552722395860203
2020-04-01,-0.0008736831343708815,-0.13462757420923088,9.855623112616417e-05,0.1861068723661372,0.25741457839068305
2020-04-02,-0.0008784727675229542,-0.13374875876632175,9.79827621736884e-05,0.186064280967701,0.261866806272287
2020-04-03,-0.0008779325212307911,-0.13544545215087317,9.758882385441783e-05,0.18417573168004586,0.2622201044085437
2020-04-06,-0.0008775259510294961,-0.1598506577792927,9.928524016175433e-05,0.1871583617528558,0.25721023506832597
2020-04-07,-0.0008808089597877123,-0.14754299051090497,9.881875963530812e-05,0.18356049071848005,0.258007862380073
2020-04-08,-0.0008812988554111885,-0.150394033692189,9.90724728119177e-05,0.18395383456373843,0.2574185511887015
2020-04-09,-0.0008933905118893809,-0.1842595826028005,9.963603924316592e-05,0.18445871701038788,0.26385574754868224
2020-04-10,-0.0008948850201459166,-0.1807192952387771,9.9793240257528e-05,0.18438148420372547,0.263877408095088
2020-04-13,-0.0008963187682632131,-0.16142561825512464,0.00010050073799154136,0.18570674043155166,0.26046135926061165
2020-04-14,-0.0008966510858190081,-0.1627234453515094,0.00010049742022776045,0.18555875950390852,0.26080704742494
2020-04-15,-0.0008908253164132695,-0.18678757360473597,0.00010054863249321565,0.1833835145316759,0.25921161387954716
2020-04-16,-0.0008725702487080041,-0.181117268441164,9.977868369098747e-05,0.18401188726284462,0.2546465356500006
2020-04-17,-0.0008857194512081246,-0.15081444036829328,0.00010003390293503827,0.18421607506540028,0.25639848411454924
2020-04-20,-0.0008809712606969284,-0.14969378757185986,0.00010036647627635404,0.1852247534963328,0.25256262948782016
2020-04-21,-0.0008670622976629698,-0.1835826234619291,0.00010028063349501329,0.18433036565917432,0.2480314188865177
2020-04-22,-0.0008754490676427698,-0.18101953433765694,0.00010068568484065222,0.18524532198214738,0.2498684058457291
2020-04-23,-0.0008751728451599991,-0.18691574764410246,0.00010086061222014427,0.18555098699250896,0.24959901392268202
2020-04-24,-0.0008655348086725656,-0.2026875690424741,0.00010091613974246087,0.18562203466962254,0.24606985308842333
2020-04-27,-0.0008673683831828319,-0.19556356927567498,0.00010103717681063749,0.18584493273935582,0.24589796231827332
2020-04-28,-0.0008673459009388456,-0.18257733772501378,0.00010118106491557711,0.18573689025775533,0.24458408420221267
2020-04-29,-0.0008619609848070613,-0.2012085517995434,0.000101199288987953,0.1850823584807048,0.24366231578863795
2020-04-30,-0.0008764072506058107,-0.17722407012687558,0.00010102132132952883,0.18494337530036212,0.2477089074723262
2020-05-01,-0.0008775682802944049,-0.15989508611690495,0.00010113204298045221,0.183714203564991,0.24676714274964717
2020-05-04,-0.0008763494763536666,-0.15719710001509168,0.00010107657168973636,0.18361327424813825,0.24623920951104583
2020-05-05,-0.0008753590354419354,-0.15322597531847904,0.0001010208025622475,0.18340490475744495,0.2456671567478127
2020-05-06,-0.000879316969853218,-0.16899544816369227,0.00010108873817544853,0.18260183780478448,0.24889860805615438
2020-05-07,-0.0008836810118136348,-0.1796178248405212,0.00010104262072131426,0.18239189518737056,0.2521124697051421
2020-05-08,-0.0008864084074269887,-0.16828143815065155,0.00010101666261272346,0.1815845386029035,0.2522391276669319
2020-05-11,-0.0008861154228745462,-0.17464033597112005,0.00010098258487440386,0.18064834221989817,0.25301860057431
2020-05-12,-0.0008860166271160853,-0.17733669201827013,0.0001009957826092486,0.18063972955701266,0.2530439762213714
2020-05-13,-0.0008890248531369725,-0.1674699912101023,0.00010101387555078791,0.18030626423517826,0.25329486566963044
2020-05-14,-0.0008915066537534051,-0.16039571958351972,0.00010111038154262758,0.18050378881248288,0.2536148551082268
2020-05-15,-0.0008930880518694926,-0.15859284806553142,0.00010115979487787837,0.18064133827144366,0.25410290801082336
2020-05-18,-0.0008962239807613513,-0.13491335821814615,0.00010122187454384245,0.1793673148382491,0.25330102681136624
2020-05-19,-0.0008903966257189229,-0.14782183259616616,0.00010171051784975342,0.17972177497400982,0.2504727264490172
2020-05-20,-0.0008856342014196248,-0.14058156711213537,0.0001017058749963549,0.17912863598595796,0.24802580683532616
2020-05-21,-0.0008912727429610068,-0.13409181243823454,0.00010227621236560308,0.18038601034830049,0.24819195123048587
2020-05-22,-0.0008913901503653444,-0.13065102637895543,0.00010234251722454556,0.18042697782015613,0.2477751020154566
2020-05-25,-0.0008927078670279119,-0.1291431924687675,0.00010234134204031666,0.18038291257744046,0.24826338552037408
2020-05-26,-0.0009006368446011991,-0.08680695140532535,0.00010269763381742195,0.17913785035453592,0.2470164402619358
2020-05-27,-0.0008960974368151387,-0.0921434665991665,0.00010302071420417917,0.1792830946817858,0.24465330621418846
2020-05-28,-0.0008958662417056684,-0.0933909229842525,0.00010303754902252388,0.17866692047759666,0.24470433539906022
2020-05-29,-0.0008963323452915043,-0.09486580474523282,0.00010305169275282369,0.17870061312076418,0.2449532965804776
2020-06-01,-0.000896190852640156,-0.10077039301447571,0.00010298512950833981,0.17765535121107376,0.24558631679961218
2020-06-02,-0.0009002221776153497,-0.0916621373601414,0.00010302682083521097,0.17699011985110477,0.24609298717432382
2020-06-03,-0.0009130462924003306,-0.06991437458551913,0.00010316584470293066,0.17717573959598318,0.24906286055564386
2020-06-04,-0.0009069309882065962,-0.07094001780122844,0.00010364852748834313,0.17789240734195083,0.24485890101105567
2020-06-05,-0.0009187500609921811,-0.042306091089278186,0.00010435013118180122,0.17844727360940985,0.24526581132336034
2020-06-08,-0.000909728596713978,-0.0014218251957013317,0.00010403592867041469,0.17948185258381,0.24017569528712923
2020-06-09,-0.0009217960919182346,-0.0004541337063072026,0.00010410813624380994,0.17907005112503302,0.24475482059125042
2020-06-10,-0.0009238796183422863,0.005846556298723993,0.00010332637725503904,0.178692103098855,0.24812570959570457
2020-06-11,-0.0009194852695404046,-0.015897180451269532,0.0001034724446118912,0.17792347713115128,0.2464347151012073
2020-06-12,-0.0009142198708428804,-0.013084845636163023,0.0001033271224826392,0.17757392209090544,0.2449464142082991
2020-06-15,-0.000913838598894089,-0.015463007341200985,0.00010332932898991405,0.17744326716296158,0.2448419016133302
2020-06-16,-0.0009139336533825347,-0.014139764424336898,0.000103333134399741,0.17710012648099513,0.24475998155235545
2020-06-17,-0.0009078032558229206,-0.008385559987058755,0.00010270149604847209,0.1757248869095255,0.24426865201788017
2020-06-18,-0.0009014590363820649,-0.020428375183079828,0.00010174619954257833,0.1741516235485224,0.24547377592059216
2020-06-19,-0.0009039514954467165,-0.02024195255469108,0.00010186038780264062,0.1743914028684904,0.24606827076062898
2020-06-22,-0.0009044803056676798,-0.024387277449307576,0.00010187035229026345,0.1739982000769458,0.24653521690851243
2020-06-23,-0.0009019047185329307,-0.02476425601713378,0.00010184579306349175,0.17360878499953877,0.24556724997151969
2020-06-24,-0.000901590251622362,-0.03065404964400581,0.00010173835350284525,0.17271686123817703,0.246215262462122
2020-06-25,-0.0009018528994465443,-0.032865305181593585,0.00010171213031826173,0.17248057959236743,0.2464782337299437
2020-06-26,-0.0008986402566163484,-0.03180009421047392,0.00010133731146745546,0.17176013411882082,0.2464027232858883
2020-06-29,-0.0008951945561938225,-0.03829282666602141,0.00010132799931591749,0.17179145173898555,0.24542165059905963
2020-06-30,-0.0008930458566554367,-0.04110352432072495,0.00010129761917861667,0.17171339412093778,0.24469922154744828
2020-07-01,-0.0008947532052148502,-0.03591354621622289,0.00010135665219195118,0.17145147121253015,0.24488275565778983
2020-07-02,-0.0008927520424362846,-0.02739419502043794,0.0001011313211862683,0.17134304987413543,0.24456531519532765
2020-07-03,-0.0008907670107941438,-0.02198978029016213,0.00010068101983922368,0.1706031932717019,0.24513293947669657
2020-07-06,-0.0008858090077653127,-0.02713849226091747,0.00010071272633401051,0.16974258414796692,0.24332162440893113
2020-07-07,-0.0008860435504679759,-0.025083074350113588,0.00010016814378217637,0.16871041729197045,0.24527114794469917
2020-07-08,-0.0008826636399329761,-0.026942810057356714,0.00010026518701537319,0.16899141762515596,0.24355154247968458
2020-07-09,-0.0008813371773200579,-0.022307410434946717,0.00010024980573808214,0.16912811731292962,0.24282301155764585
2020-07-10,-0.0008816571741510747,-0.020351914633747747,0.00010021314528737475,0.16903112945413246,0.24296822435660492
2020-07-13,-0.0008798932746633099,-0.01964729680295546,0.00010015769934106724,0.1688475875815511,0.2424252466679898
2020-07-14,-0.0008805272545694897,-0.019268864503819927,0.00010019866578833049,0.1689058025159352,0.24247476424424275
2020-07-15,-0.0008798309646679272,-0.021029030595830223,0.00010010984389328776,0.16850762948227416,0.2425153590768916
2020-07-16,-0.0008778773935555379,-0.017825924233883017,0.00010042245198082285,0.16902792479704162,0.24044028607717194
2020-07-17,-0.0008819237267213081,-0.020323785470117872,9.986928340346622e-05,0.16811269578190263,0.24418270857077484
2020-07-20,-0.0008676414404396242,-0.05249829334828754,9.937235407542247e-05,0.16758428729766822,0.24198077314242172
2020-07-21,-0.0008686050942079062,-0.06591471943096372,9.949373738761338e-05,0.16705585260646677,0.24278625465186132
2020-07-22,-0.0008623970023965985,-0.08798281836153532,9.990404459407288e-05,0.16770249351973715,0.24020665543147235
2020-07-23,-0.000861585216732932,-0.09072944687997636,0.00010003716977211555,0.16783347796014061,0.2396235986926073
2020-07-24,-0.000860066824930775,-0.09370414238937325,9.973980122136565e-05,0.1673471641484845,0.24025932381185688
2020-07-27,-0.0008498558236372093,-0.13544274890858876,0.00010056768527030318,0.16787986020736306,0.2351936885551521
2020-07-28,-0.0008502890228530482,-0.13677703988364898,0.00010062475137999467,0.16797395501696794,0.23527936001134464
2020-07-29,-0.000848358434150774,-0.14361756990393504,0.00010066256558858673,0.16814483882079137,0.2350380116758919
2020-07-30,-0.0008449909266331768,-0.14995919466119023,0.00010078631899574973,0.16829127610475555,0.2335878807428916
2020-07-31,-0.0008447021868153459,-0.15707306589958064,0.00010086672927742646,0.16861269128061124,0.23391632406144747
2020-08-03,-0.0008432601961027612,-0.15919610017858593,0.00010088505969246033,0.16787765285325112,0.2333143965428549
2020-08-04,-0.0008464365438181256,-0.16150710518994038,0.00010162207233652992,0.16909786557160206,0.23228204728386537
2020-08-05,-0.0008421420153445103,-0.17020326816280817,0.00010152540737159418,0.16740789033080505,0.23135603965289953
2020-08-06,-0.0008437567135206464,-0.16456261209040352,0.00010173143509018825,0.1676921422198147,0.2308442656633123
2020-08-07,-0.0008474697300079936,-0.18398425481935937,0.00010213471861593298,0.16786080624227714,0.23287023641277171
2020-08-10,-0.0008479427872538285,-0.18289080230327354,0.00010213168393711148,0.16791271278429346,0.23289873726154686
2020-08-11,-0.0008619084095321894,-0.14814568545408452,0.00010875392414047132,0.1780786335741902,0.2141122800580647
2020-08-12,-0.0008631399533962145,-0.14807673298760837,0.0001087881718165839,0.17833525340175066,0.2143256677232489
2020-08-13,-0.0008525078541579867,-0.1607122277839913,0.00011023297250332618,0.18040764372274024,0.2068092455413666
2020-08-14,-0.0008548378886514453,-0.15670656515027426,0.00011017964079749032,0.18031972733840426,0.20754465900254493
2020-08-17,-0.0008607323633048745,-0.15971563614765033,0.00011070488146379458,0.18125119392561595,0.20844900012558387
2020-08-18,-0.0008626115273012653,-0.16149328459625217,0.000110795157511346,0.18128736696276707,0.20903518671968102
2020-08-19,-0.0008713205760207511,-0.16016827005821915,0.00011283447354420185,0.18468318133482983,0.2061498364053591
2020-08-20,-0.0008731767065418329,-0.16040939708603574,0.00011249701002349254,0.18404970813255467,0.2078569897299789
2020-08-21,-0.0008693856487510572,-0.16211757768482032,0.00011265237212820555,0.18507890501852364,0.20598009367559778
2020-08-24,-0.0008534568407823973,-0.17428543968636562,0.000112085158778325,0.18389687389909928,0.2028234125888343
2020-08-25,-0.0008517260621479219,-0.18413170197637524,0.00011187853594607429,0.18381307785013262,0.20344461500884758
2020-08-26,-0.0008527750717672478,-0.18865105624055883,0.00011225997937049156,0.18407877500003528,0.20318501717486304
2020-08-27,-0.0008543064705172214,-0.18850466266735771,0.00011253814369563872,0.18429992288660535,0.20295805817291812
2020-08-28,-0.0008598102883043562,-0.2147583729756329,0.00011273023721681465,0.18365978007875286,0.20650906767705002
2020-08-31,-0.0008588357713916056,-0.21192581516211761,0.00011267862602375788,0.1841713012257243,0.20633402308570004
2020-09-01,-0.0008559348810186671,-0.21342640378991729,0.00011305584778451132,0.18411392088924672,0.2044827506948138
2020-09-02,-0.0008540727414438592,-0.23134070225768966,0.00011361614125382909,0.18439859714813076,0.20397663872651006
2020-09-03,-0.0008570127831551183,-0.2309839929912546,0.00011347062131989324,0.18446368659205706,0.2053943327496568
2020-09-04,-0.0008525301946511058,-0.23279794603070675,0.0001136775287543894,0.1845593094946494,0.20335379473470494
2020-09-07,-0.0008521808633561029,-0.2332440552104018,0.00011372997609103181,0.18460370258810582,0.20318108743406416
2020-09-08,-0.000847467653365421,-0.23942307355574516,0.00011377540103207123,0.18408117340578314,0.20191762507575017
2020-09-09,-0.0008463712060462389,-0.24752308497830292,0.00011389545842605929,0.18405366241242874,0.20189113787577884
2020-09-10,-0.0008462429554301414,-0.24413957030676767,0.00011408823935583884,0.1840247967863296,0.20104896001442096
2020-09-11,-0.0008356105711596136,-0.23156359707499186,0.00011397999730639185,0.18367108966048207,0.19623140945394635
2020-09-14,-0.0008333285999396884,-0.24043692534501465,0.0001140449409254777,0.18340564188878497,0.19579135951326987
2020-09-15,-0.0008310526777749899,-0.24051002070720923,0.00011414023063347589,0.18345087097888763,0.19475827175664362
2020-09-16,-0.0008331756991186385,-0.23064147243097832,0.00011353704264478257,0.1824816230279574,0.19642586403301487
2020-09-17,-0.000833745010106578,-0.23178720371352812,0.00011354191291540185,0.18251009614305808,0.1967448452037891
2020-09-18,-0.0008309794124873283,-0.2331215501901393,0.00011342760723763894,0.18218096035233458,0.19618311992787496
2020-09-21,-0.0008320108439329868,-0.2808612667623243,0.0001140361834213293,0.18060554242737453,0.19928851232492883
2020-09-22,-0.0008337200496709501,-0.2839595192365244,0.00011412943186871938,0.18058740837868148,0.1998584313599957
2020-09-23,-0.0008324321756298999,-0.3182878132413231,0.00011489130688481447,0.18072841303688703,0.20068569122535707
2020-09-24,-0.0008331290355242682,-0.3190071702767046,0.0001147476657272566,0.18040115031340864,0.2014319274493528
2020-09-25,-0.0008345787335855791,-0.3207488835361132,0.00011487677820569645,0.18020635494247098,0.20181738293032025
2020-09-28,-0.0008303975093772336,-0.3328776224424605,0.00011519435919262037,0.18060755136039236,0.2012371812116226
2020-09-29,-0.0008294344439545385,-0.33799503346227366,0.00011545073892878264,0.18121807203854343,0.20134590610621073
2020-09-30,-0.0008333135303442876,-0.3295676845314792,0.00011522121252632422,0.18041211251826667,0.20191886995284458
2020-10-01,-0.0008320253841678008,-0.3340469757500952,0.00011523957321080253,0.18032374797519563,0.20188246729164439
2020-10-02,-0.0008315682537495723,-0.3332813532322104,0.00011524797185335086,0.18034464546864293,0.2015491797519009
2020-10-05,-0.0008271542167353561,-0.34406070980877074,0.0001150782551204476,0.1799690621697338,0.20087294538702472
2020-10-06,-0.0008275419872599921,-0.3476903826446028,0.00011538208419669104,0.18045799544258065,0.20050237978327956
2020-10-07,-0.0008261232969448316,-0.3489929936457699,0.00011545786454485736,0.1804559334424052,0.20004227337559366
2020-10-08,-0.0008256908611749421,-0.3486410063581048,0.00011540352719224748,0.18042587028632964,0.20009575410741154
2020-10-09,-0.0008207319900825755,-0.3830100808551544,0.00011581432061413431,0.17952346355193277,0.20067000665616808
2020-10-12,-0.0008203713744980017,-0.38420542584632494,0.0001157685909240099,0.17946126903335963,0.20080445294445692
2020-10-13,-0.0008142777804435059,-0.41098554081984295,0.00011623853496458292,0.1794308566244851,0.2000399249515311
2020-10-14,-0.0008103497929359761,-0.4136630724893949,0.0001165095892207027,0.17931008061988546,0.19849349117653703
2020-10-15,-0.0008094315298143957,-0.4087240684215729,0.00011660991042943282,0.17910426379339117,0.1975951713027737
2020-10-16,-0.0008092770295267608,-0.4063521331450014,0.00011665201685637847,0.17900553181734682,0.19722878060914706
2020-10-19,-0.0008068665128432867,-0.4050371316438036,0.00011672187771121517,0.17870840318638287,0.19567849600503662
2020-10-20,-0.0008050212855421244,-0.4080344830557866,0.0001167237195655893,0.17878783073630466,0.19523531149012574
2020-10-21,-0.0008038422454524153,-0.41237472649951534,0.00011678190324510406,0.17867550100461196,0.19509317280468486
2020-10-22,-0.0008009801440383369,-0.4088217125348178,0.00011655419007600751,0.17830297535487702,0.19430141549268976
2020-10-23,-0.0008004655585841571,-0.4082378958201621,0.00011661556952389856,0.17830964328583485,0.19393764273003322
2020-10-26,-0.0007898834299671711,-0.4112832414396991,0.00011691486289170191,0.17785560242810197,0.1901624305749534
2020-10-27,-0.0007899499843176249,-0.4078927859963035,0.00011682996435816588,0.17769589839103792,0.19005538186958582
2020-10-28,-0.0007890776275694148,-0.4338099662812266,0.00011719258078604713,0.17708486242372087,0.19204586526904643
2020-10-29,-0.0007882026899769185,-0.43403319786092454,0.00011706059129093036,0.1768386823177362,0.1927215771482308
2020-10-30,-0.0007841829600594107,-0.4404291817093139,0.0001169375945449433,0.17693010681079402,0.1921357726991625
2020-11-02,-0.000785643017525674,-0.437932165626681,0.00011705476667837298,0.1770900853185153,0.19197675893046362
2020-11-03,-0.0007826347108523457,-0.4486201472993822,0.00011696096459455335,0.1761853404204149,0.1922271464889661
2020-11-04,-0.000780730371302564,-0.44507566505391083,0.00011701051445032775,0.17616194710880473,0.19127026974343808
2020-11-05,-0.0007785106325660866,-0.47627583160561404,0.00011775768427145993,0.1764050502860193,0.19253395677519236
2020-11-06,-0.0007769655680258149,-0.4785516730876539,0.00011753979585787603,0.17609513007113098,0.19238403853788622
2020-11-09,-0.0008025454558617563,-0.48351241128445566,0.00012094696757199611,0.1814838168113399,0.19235884987036478
2020-11-10,-0.0008025708294911807,-0.4830974482349743,0.00012095573160189993,0.18154050547334669,0.1922365616222954
2020-11-11,-0.0008034240143162497,-0.4815370109347475,0.00012094109539988952,0.18153638668406005,0.19238241600517103
2020-11-12,-0.0008042882497026507,-0.4804489781090444,0.00012075974804076751,0.1813836573127269,0.19269448704334957
2020-11-13,-0.0008028455789643502,-0.48048570086720244,0.00012083416051288467,0.18144643307755268,0.19202097280458497
2020-11-16,-0.0008031587913428208,-0.47959535137636616,0.00012075385579174688,0.18108838148403905,0.19201656570702264
2020-11-17,-0.0008054361697189963,-0.4769945572767176,0.00012078500760942769,0.18100278920354526,0.19246313666902093
2020-11-18,-0.0008067501387983696,-0.4737360688367749,0.00012086529383415327,0.1810762798629599,0.1922904292849773
2020-11-19,-0.0008044095424744031,-0.4759687098388238,0.0001213911048065821,0.1809639144112172,0.19060019212728174
2020-11-20,-0.0008040097272225533,-0.4765525980050371,0.0001214371504818656,0.18099026395900275,0.19061688704418833
2020-11-23,-0.0008059015614682139,-0.4880413242508108,0.00012221460291481163,0.18211981284429257,0.1908308084184276
2020-11-24,-0.0008040715618045878,-0.47187363833198726,0.00012278393228424233,0.18277138667560378,0.18700244423320278
2020-11-25,-0.0008041007815395111,-0.47139765260230004,0.00012278803789447204,0.1827401505518791,0.18696003404961692
2020-11-26,-0.0008042636587252488,-0.4710694519103191,0.0001227806957977184,0.18273588268202984,0.18699829323249895
2020-11-27,-0.0007967366388601431,-0.4728103740800878,0.0001231446774432932,0.18329367232747046,0.18386410926852692
2020-11-30,-0.0007964607875971471,-0.47314998991337537,0.0001239030567360815,0.18377087327575253,0.18278328596900195
2020-12-01,-0.0007824647556945587,-0.49872818164869437,0.0001248632927403909,0.18478709031739635,0.17859122852579945
2020-12-02,-0.0007837823721946041,-0.5001541483081807,0.0001250910816521117,0.1848709813911601,0.1788820113281745
2020-12-03,-0.0007847056519287329,-0.5020846969909146,0.0001250669668186651,0.1843009360962142,0.18000192129909254
2020-12-04,-0.0007862316202318096,-0.5005803828396191,0.00012504426014210655,0.1841890928938363,0.18014802331910595
2020-12-07,-0.0007890741116209272,-0.4973566335716336,0.0001253669047699317,0.18468163066635224,0.1798269925010082
2020-12-08,-0.0007893290893623716,-0.49771166199350403,0.00012530866563006192,0.18472294882129758,0.1799967101274741
2020-12-09,-0.0007936402841942059,-0.5043610083024725,0.00012586519608533513,0.18537266086309762,0.18082291847054166
2020-12-10,-0.0007916227365193072,-0.5048988874206215,0.00012584044489384505,0.18526147720913883,0.18037669482081053
2020-12-11,-0.0007917801881939237,-0.5042388259195446,0.00012583807747881,0.1851973970589725,0.18033765210824604
2020-12-14,-0.0007929703328575534,-0.5018536909128325,0.00012583241127550417,0.18521086529286734,0.18048325527960174
2020-12-15,-0.0007926072826860834,-0.513116196434659,0.00012607323061785634,0.18568932182920284,0.18107693410768722
2020-12-16,-0.0007927930291750606,-0.513898113604045,0.00012610763548314772,0.18581833601089276,0.1811724025328787
2020-12-17,-0.0007912442818636857,-0.523175496879045,0.0001262198424181858,0.18567022830002664,0.18156382021001738
2020-12-18,-0.0007912025667711434,-0.52347108332249,0.00012621934758138574,0.18535446491816399,0.18168977631472283
2020-12-21,-0.000788508148616649,-0.5279012912081354,0.00012664110456041342,0.18543225924233367,0.1812172814924099
2020-12-22,-0.000781941551675733,-0.5351051411581376,0.00012676832320092778,0.18524331293359764,0.1799767796981505
2020-12-23,-0.0007868402494455732,-0.5357982267460746,0.0001266061739097074,0.18479362260865168,0.1819643973349473
2020-12-24,-0.0007899165535070127,-0.5381870376948784,0.00012656901137762813,0.18470877506044944,0.18311243979772085
2020-12-25,-0.0007874595938918011,-0.5388705223363858,0.00012660276154635838,0.1846224245743096,0.18246046045116404
2020-12-28,-0.0007883413409993884,-0.5370550631594907,0.0001265574163065173,0.18457889989165643,0.18261985772764722
2020-12-29,-0.000786993461221447,-0.538801490288737,0.00012659250064375564,0.18416193366477931,0.18218523450515478
2020-12-30,-0.0007856986871364565,-0.5419915172520173,0.00012656675927288536,0.184030447032649,0.1823126889035539
2020-12-31,-0.0007872666802153311,-0.5414888837414044,0.00012653923010883965,0.183989416983568,0.18276733275268686
2021-01-01,-0.000787043243173537,-0.5409987531939012,0.00012650134356060778,0.18393835339411765,0.18272426440986944
2021-01-04,-0.000790677519335068,-0.5445576962393528,0.00012735609665194298,0.18506064912329243,0.18226060401726585
2021-01-05,-0.0007911093984694278,-0.5462279423154675,0.00012735233772962412,0.18491232048139958,0.18250509866879672
2021-01-06,-0.0008008618242001974,-0.5408050346652261,0.00012745155002848456,0.18538323817375657,0.18418355259629493
2021-01-07,-0.0008025752525419264,-0.5391761252866579,0.00012763228053181926,0.18502409977589507,0.18458426117278526
2021-01-08,-0.000833893553441905,-0.5309210092279834,0.0001287220116535313,0.18741183184423865,0.18983474539629208
2021-01-11,-0.0008331374583636286,-0.530548011913638,0.0001287221517154844,0.1870788789514118,0.1899979631998212
2021-01-12,-0.0008327220297583392,-0.5327750098719516,0.00012872657594447293,0.1869522470693436,0.1902627697716669
2021-01-13,-0.0008280778169182942,-0.533391525004881,0.0001289214411407406,0.18723021412663818,0.18887332890443365
2021-01-14,-0.0008255594251137123,-0.5350658826146574,0.0001287826135506527,0.1869647593706211,0.18859013194353147
2021-01-15,-0.0008140705957341602,-0.5511999542082777,0.00012908839834340456,0.18723249346590862,0.18598039947643474
2021-01-18,-0.0008148427236517611,-0.5504306984759336,0.00012914937450108244,0.18726984673216365,0.18608643885169973
2021-01-19,-0.0008157517607104241,-0.550945284033988,0.00012960312330373102,0.18741765101761146,0.18552263477926456
2021-01-20,-0.0008183684222834209,-0.5489093115954559,0.00013015319162131228,0.1882009754663481,0.18431985769780668
2021-01-21,-0.000809459761974335,-0.5553732294102913,0.0001301585957576341,0.18789515395895864,0.18265018748622774
2021-01-22,-0.0008096280576448103,-0.5624943527296674,0.00013030211463117565,0.18771409083584567,0.18320287026198367
2021-01-25,-0.0008079779646854328,-0.5652332989355984,0.00013014097456239216,0.18743400574546612,0.18316282024157127
2021-01-26,-0.0008083213411280157,-0.5635184445154873,0.00013041303399208642,0.18775870830776856,0.18292252151223687
2021-01-27,-0.0008071296094907908,-0.5692516182639189,0.00013051275494694553,0.18745960567401196,0.18315094652483033
2021-01-28,-0.0008059556878938245,-0.5700312513020998,0.00013068999621275418,0.1875794350872343,0.1828289549017369
2021-01-29,-0.0008046624897801423,-0.5705401687864298,0.00013058402618447223,0.18759233890273833,0.18267434393871174
2021-02-01,-0.0008046311116391492,-0.5590391405646075,0.0001308351961687417,0.1875033126728464,0.18090298284094108
2021-02-02,-0.0008036896209164487,-0.5558000488715832,0.00013120525096884015,0.1880099433271714,0.1794396534435444
2021-02-03,-0.0008034789414063416,-0.5557656753518133,0.00013121721977434742,0.18803003957549685,0.17934807367395078
2021-02-04,-0.0008018766504526253,-0.5817878783964846,0.00013167141730856453,0.18824289076082698,0.18158252734538127
2021-02-05,-0.0008014004641723491,-0.5931691774350243,0.0001316495304641454,0.18779443710931673,0.18290803010970158
2021-02-08,-0.0007999600332316398,-0.6019019376255209,0.00013179753062413901,0.18833075915580275,0.18342474558274002
2021-02-09,-0.0007954316549909468,-0.5994687883794212,0.00013166373167798704,0.1879159433555359,0.18213998575631674
2021-02-10,-0.0007905005538606192,-0.6061281678058017,0.00013194516749447487,0.1881683186507962,0.18173714444972544
2021-02-11,-0.0007889686326707393,-0.6113679374387815,0.00013137205002276264,0.18742497874406255,0.18327612684599504
2021-02-12,-0.0007887498036683914,-0.6131892976193604,0.00013124791314937846,0.18743461955844662,0.18366245298416983
2021-02-15,-0.0007891024934293865,-0.6131448687097184,0.00013126578703442335,0.18742675615503035,0.1837300214177774
2021-02-16,-0.0008237852776224985,-0.581816751697597,0.00012803434983285343,0.18314185679652034,0.19815796263422236
2021-02-17,-0.0008257978150779035,-0.5887942605772363,0.00012817000279004675,0.18435743312107686,0.19864210162148876
2021-02-18,-0.00079422916044816,-0.582447880027283,0.00012827121077407306,0.18330321572990876,0.18838131126018853
2021-02-19,-0.0007859690230479692,-0.5935301434467602,0.00012781943763444267,0.18304729951944335,0.18742782955369441
2021-02-22,-0.0007752096339744722,-0.5885314534043457,0.00012783582125334956,0.18281021769304392,0.18385344870346176
2021-02-23,-0.0007835531466373884,-0.5873170154284673,0.00012839585332892868,0.18268715132770336,0.18518148291903747
2021-02-24,-0.0008037145053409579,-0.5966223429680779,0.00012907277013547307,0.18228798233772645,0.18991228780842317
2021-02-25,-0.0008082280510705708,-0.5956121066147475,0.00012942225982320787,0.18266126200589128,0.1876941699393725
2021-02-26,-0.0007686458679025968,-0.6696868267889758,0.00013040948525855844,0.1828123885792783,0.1808422721441545
2021-03-01,-0.0007485017737026057,-0.5590509139750508,0.00012989296986257447,0.18978981340593726,0.1556693886429188
2021-03-02,-0.0007199593550890721,-0.5643811527214587,0.00012873455673344627,0.18779222207307672,0.15098273630426629
2021-03-03,-0.00073113995066599,-0.5519185165032992,0.0001285557314565471,0.18797212223196355,0.15350374514287457
2021-03-04,-0.0010608954308964284,-0.7408910132892184,0.0001351751147000836,0.18131077329453035,0.24057001888806318
2021-03-05,-0.0010815985644310891,-0.7505007383295275,0.00013850486398738523,0.1844127532447784,0.23127210301476464
2021-03-08,-0.0010753299629406266,-0.7398551445694976,0.00013892915800882638,0.18534664448826277,0.2262654845510762
2021-03-09,-0.0015092426839856043,-0.7913103758996178,0.00016737023459265278,0.17967667929859657,0.2774473975186963
2021-03-10,-0.0013715257203784316,-0.8462208442849906,0.0001751349297885435,0.18046121576547144,0.24985277080868484
2021-03-11,-0.0012833511644439162,-0.7864806091094731,0.0001737661200584875,0.17669684763120716,0.22737912125774662
2021-03-12,-0.0012687316974650921,-0.822971502480107,0.00016931165099384648,0.17599231681627217,0.23522732746332653
2021-03-15,-0.0012868813524021324,-0.8853414310538343,0.00016959791846651596,0.1868314909754338,0.23466900549076108
2021-03-16,-0.001280491408671584,-0.8824364003638998,0.00016951300962165695,0.18675010481277615,0.2334386685521751
2021-03-17,-0.0012712661357671426,-0.8952890207876978,0.00016979495383284533,0.18874456887346736,0.23262034638599027
2021-03-18,-0.0011887217623198032,-0.9586065505640212,0.00016552865397035743,0.1864823393356032,0.2317389936028188
2021-03-19,-0.0011710967422805686,-0.9759916520693529,0.00016894954462859862,0.19024281271134563,0.23014446612905615
2021-03-22,-0.0011439161738153935,-0.977038435781193,0.00017115980785963346,0.19062712146894267,0.22082699814278062
2021-03-23,-0.0011304532777387313,-0.9986653259184518,0.00017211204439663126,0.19227709857038516,0.22097137340618034
2021-03-24,-0.001126640627040724,-0.9770374284878643,0.0001696837213569529,0.1894203418064196,0.2216437504673585
2021-03-25,-0.0011132086347841181,-1.0045444245758066,0.00017018101333084504,0.1913907168650679,0.2234412438772716
2021-03-26,-0.0011109192083247862,-1.0028556339288626,0.00016986496946137065,0.19108791284762827,0.22311135540577098
2021-03-29,-0.0010895722568299163,-0.9809948226713481,0.00017076107037794028,0.19181067499995746,0.2122622635672483
2021-03-30,-0.0010941218756640612,-0.9979664716652861,0.0001714113393699506,0.19250737265034154,0.2143046085871847
2021-03-31,-0.001097685834849603,-1.0390632096038896,0.00017024615067064055,0.19127229014837854,0.22301937201217958
2021-04-01,-0.0011048605744258836,-1.0388717480294338,0.00017053961015814988,0.19196433845254807,0.2229668345938024
2021-04-02,-0.0011030859652871026,-1.038974845813482,0.00017070393599605597,0.19471514698070544,0.22203100272613052
2021-04-05,-0.0011939292585106394,-1.065914593829238,0.00017496767587070304,0.19333301996368932,0.2345957029210558
2021-04-06,-0.0011592695918450063,-1.101116024148156,0.00017465767561853507,0.1926953819194626,0.23623965616728482
2021-04-07,-0.0011867241459851351,-1.1172574970652738,0.0001744961575627954,0.191788641293755,0.24344988523020927
2021-04-08,-0.0012118944231553027,-1.0968383607964933,0.00017567277703216792,0.19368863904163225,0.24590540215273404
2021-04-09,-0.001186985052697917,-1.1003903927129626,0.0001748006968274965,0.19273218300621156,0.24438113395444727
2021-04-12,-0.0011846567690959714,-1.0973982783804581,0.00017472025540685374,0.19265786722071251,0.24363093693715665
2021-04-13,-0.0012070911004098694,-1.082887045005805,0.0001752279604124105,0.19291830310181432,0.24715585956576858
2021-04-14,-0.0012043171546825052,-1.083846106428021,0.00017520676483302373,0.19285185752307424,0.24699967707227877
2021-04-15,-0.0012260176153580668,-1.104158600923886,0.00017295130331137435,0.192979817934939,0.256726083742675
2021-04-16,-0.0012266213109525395,-1.1024073952368623,0.00017309590126210375,0.19392583223665566,0.25607325005862247
2021-04-19,-0.001190434790169524,-1.1221137930340253,0.00017404925070624527,0.1935296136081393,0.2526500863891784
2021-04-20,-0.0011959118301404276,-1.1702549591364848,0.00017308188445537128,0.19460576851271313,0.2602164494289364
2021-04-21,-0.0011997634427757403,-1.1719122007789846,0.0001731761281013486,0.19484286039736665,0.26091555025871627
2021-04-22,-0.0012000642346404573,-1.1746506379586048,0.00017332186309651178,0.19534408717715557,0.2605616490550602
2021-04-23,-0.0012056132685548298,-1.1802782021892313,0.0001745024215830186,0.19748304780394077,0.2557277765828584
2021-04-26,-0.001197358350512758,-1.1737716392158575,0.00017588727960411604,0.19781935421736155,0.24977750969432388
2021-04-27,-0.001188875253312138,-1.1917470183218861,0.0001755769068786391,0.1983143484858509,0.2517220417554096
2021-04-28,-0.0011938680437165474,-1.2048518983622034,0.0001756765943449598,0.19991778189780457,0.25156096916408477
2021-04-29,-0.0011953128348731377,-1.203475138533554,0.00017564100421171337,0.1999778693423346,0.2516303482625234
2021-04-30,-0.0011819834021574902,-1.2240862283856913,0.00017536052960314818,0.19973349337233465,0.2540289740547321
2021-05-03,-0.0011921041479271395,-1.231401439517081,0.00017497778575309992,0.19967268157320328,0.25739613537955397
2021-05-04,-0.0011853623090726994,-1.2402567884296682,0.00017507795910604333,0.19936936630059332,0.2571495368604354
2021-05-05,-0.001165510398425279,-1.2811714787637782,0.00017288119760463911,0.20036409248442313,0.26230069798554456
2021-05-06,-0.0011568740634487732,-1.294069206517492,0.00017359083873532636,0.20103581291039468,0.2608588200800137
2021-05-07,-0.0011610585066230692,-1.295338073495142,0.0001736385890991564,0.1991218542006337,0.2637202486587329
2021-05-10,-0.0011504350561628166,-1.2925667980920728,0.00017308008310696984,0.19829061598606207,0.2631320246308039
2021-05-11,-0.0011475060726481101,-1.2997630483849463,0.0001726731177065059,0.19816275012919451,0.2644845143982536
2021-05-12,-0.0011433173737436788,-1.2910115484771427,0.00017221683774173966,0.1963176516007593,0.2669698230334838
2021-05-13,-0.0011229567235191854,-1.3678103185871837,0.00017046151859050244,0.1966688895192771,0.2783170328192818
2021-05-14,-0.0011219636021262142,-1.3704893211345857,0.00017034550637342192,0.19617685837853927,0.2804539629642955
2021-05-17,-0.0011308545473662174,-1.380645156110862,0.00017057216740412539,0.19729557128817007,0.2814442617893269
2021-05-18,-0.001126479909171682,-1.3817517769631795,0.00017043227458165845,0.197009763238706,0.28092612699985653
2021-05-19,-0.0010983900389763806,-1.3924568445650487,0.00016885416186496291,0.19875807885872265,0.27732217578743346
2021-05-20,-0.0010840328754104713,-1.417559305669791,0.00016857684436394097,0.19946112989659925,0.27924941448998897
2021-05-21,-0.0010453588817139743,-1.4474321714157412,0.00016840725043732404,0.19836903513533047,0.2805380932688688
2021-05-24,-0.0010654640276958863,-1.4497389754412902,0.0001676880753653838,0.19716081465874208,0.2864121003811507
2021-05-25,-0.0010345935296988307,-1.4955443610267065,0.000166011680043009,0.19556106934554188,0.294136586313268
2021-05-26,-0.0010234933174182114,-1.4931312222450015,0.00016584517149900502,0.19550704472890945,0.292005173070337
2021-05-27,-0.001018291328732008,-1.4920936590528369,0.00016571120878647606,0.19527837791640767,0.29139038131334105
2021-05-28,-0.0010049725872660312,-1.4923377161353764,0.00016843725377208168,0.19520358608541274,0.28692389920429684
2021-05-31,-0.0010064480050263136,-1.4884796264148519,0.00016879607571751323,0.1972894722808574,0.2853933818278297
2021-06-01,-0.0010294636762208564,-1.5051781780278162,0.0001690354397840337,0.19716048822395033,0.28992099209047784
2021-06-02,-0.0010312962810824402,-1.5024102476988777,0.0001692665591534272,0.19766106709094342,0.28934151374041717
2021-06-03,-0.0010416888927954888,-1.5246298830799079,0.0001682436368943851,0.19664397621459329,0.30020696020535365
2021-06-04,-0.0010410421084360568,-1.535270067146483,0.00016739369271969956,0.19640637782421308,0.30461607661281065
2021-06-07,-0.0010442724400365896,-1.5333383281372026,0.00016808427062331498,0.19675113049689688,0.3048079137393064
2021-06-08,-0.0010343026769657742,-1.5374573553482833,0.00016804114757277465,0.1963026719559957,0.3044981229631505
2021-06-09,-0.0010373107251780448,-1.541136250195188,0.00016819646623798343,0.19684825949724877,0.30373216994130403
2021-06-10,-0.0010251352451282343,-1.5423411031786403,0.0001664910681428732,0.19738926949739596,0.30180611731259965
2021-06-11,-0.0010261685633157548,-1.5589824979047167,0.00016569437337796036,0.1974896742677871,0.3068281708046138
2021-06-14,-0.0010252696028651787,-1.560552053207607,0.00016594332677981644,0.19819482552038942,0.3060917682697455
2021-06-15,-0.001019574334606373,-1.5669221200017933,0.00016598157964292325,0.1975841434497496,0.30689936526085604
2021-06-16,-0.0010523883150930806,-1.5570180065667247,0.0001619022145960346,0.19764844153252015,0.3124510615078592
2021-06-17,-0.0010513653328792037,-1.621138920118525,0.00016234768910634837,0.1894689705829541,0.33325590279350226
2021-06-18,-0.0010464904798642865,-1.6398855283037255,0.00016146856833266788,0.18849402710289315,0.3363288452618204
2021-06-21,-0.001035996286030732,-1.6553906404876944,0.000162343653096611,0.1892450761546013,0.33405501351995226
2021-06-22,-0.0010056998597082387,-1.6624498257629856,0.00016102141043457203,0.18975477681827638,0.33031297219056
2021-06-23,-0.0010077692810351196,-1.6524319271394676,0.00016147397304109716,0.1900373481746142,0.32722085431844394
2021-06-24,-0.0009990792621272278,-1.6643228566159056,0.00016103556493758336,0.19000570971707276,0.32884617439876274
2021-06-25,-0.0010091388240967137,-1.6633208890601412,0.00016086195288986068,0.18914086283059053,0.33137606853068213
2021-06-28,-0.001008636388640343,-1.6645280175591186,0.00016045310931789633,0.1890196341342178,0.33176053566500086
2021-06-29,-0.001009028196024182,-1.6724362217683875,0.0001605487149541351,0.18893677918748417,0.33354577981205247
2021-06-30,-0.0010187364906107236,-1.6655656949803808,0.00016028236748373773,0.1887041368799929,0.3331743991630727
2021-07-01,-0.001018697834425261,-1.6668022742255517,0.00016020264720234914,0.18861496748946519,0.3335974979090379
2021-07-02,-0.0010189414883111595,-1.6717127536882819,0.00016013715667978783,0.18886587170093425,0.33470684775352266
2021-07-05,-0.0010271904021996652,-1.6751271931332794,0.00015955819704274106,0.18807759922884484,0.3382292219068568
2021-07-06,-0.001029671373394879,-1.6708193226959396,0.00015895480955557427,0.1873707480101209,0.33825939746019407
2021-07-07,-0.0010302137739606446,-1.6663115144057699,0.00015913620925974646,0.1873914911358083,0.3371374691640755
2021-07-08,-0.0010273979656043259,-1.6658054124198012,0.00015910960567265062,0.18859684324977416,0.3334503902854524
2021-07-09,-0.0010236897485510874,-1.6563504807149654,0.00015860946980669746,0.18803551608075775,0.3322382086105389
2021-07-12,-0.0010114962483262354,-1.654223173653689,0.00015827562734352444,0.18801849493156506,0.33043345626173526
2021-07-13,-0.0010039930031154342,-1.6503911299114042,0.0001582622776947575,0.18768876820706554,0.329477384714136
2021-07-14,-0.0010197140798999546,-1.6174957395022445,0.00015775605926311338,0.18892701870731515,0.32634021711434946
2021-07-15,-0.0010136814045016479,-1.6175624559904485,0.00015728231538868857,0.18867541282404302,0.3257002172798582
2021-07-16,-0.0010068919505700933,-1.6188916245631113,0.00015782977591114822,0.18909567303750696,0.3234473684815443
2021-07-19,-0.0010176772000695144,-1.5999415040999427,0.0001576486538191248,0.1882129601523345,0.32241723186008964
2021-07-20,-0.0010110758710526995,-1.593551849800426,0.00015778182055294445,0.18815799527518523,0.3201583386365232
2021-07-21,-0.0010105517442066708,-1.6089206532937397,0.00015698931232425878,0.18871179380127212,0.32231975892619813
2021-07-22,-0.0009926081468022,-1.6089588176042402,0.00015552511056943783,0.1869207274581084,0.3233833201527141
2021-07-23,-0.0009842392141644393,-1.6223749595226753,0.0001552653156691459,0.1897772063968694,0.3198550240173662
2021-07-26,-0.0009535648020609046,-1.6255954937174333,0.0001540651332893137,0.18928129204007793,0.3186494365621446
2021-07-27,-0.000949633670508784,-1.6170420140458424,0.00015428625637832022,0.19040775088332987,0.31290434850763205
2021-07-28,-0.0009508327396148145,-1.6175044095938316,0.00015433583097768693,0.19045755211600343,0.31312646680570577
2021-07-29,-0.0008938291667874301,-1.6676805235309602,0.00014105291823914484,0.1723280895260928,0.3566612022219363
2021-07-30,-0.0008901475977937564,-1.675011610613823,0.00014108214592693422,0.17224492767987434,0.35753837703340063
2021-08-02,-0.0009065003570076212,-1.6625042901339917,0.00013846221425563844,0.1689906319596539,0.36667472651572985
2021-08-03,-0.0009035643650109489,-1.66540265709434,0.0001383844178573207,0.16886012013291263,0.3670923634144737
2021-08-04,-0.0008828888963361211,-1.6520269184665577,0.00013709765856592608,0.16738671760925286,0.3651723052582191
2021-08-05,-0.0008781912997026188,-1.649709716027151,0.0001365386166782137,0.16734216941130323,0.36353524368460854
2021-08-06,-0.0008751349077059646,-1.6791459512072573,0.0001328413733314969,0.16216772671988736,0.38469215963855163
2021-08-09,-0.0008920434219891082,-1.7015485084078068,0.00013289548524047625,0.16235471093974072,0.39122146535956537
2021-08-10,-0.0008986399255594335,-1.693759969752389,0.0001329085468875912,0.16231761775625572,0.39143359817850043
2021-08-11,-0.0009124369375335666,-1.7054151229341126,0.00013275898088183433,0.1621920458347657,0.396621055350755
2021-08-12,-0.0009112619778096351,-1.7049994555780903,0.00013271488340791535,0.16223691557135475,0.3963688031885041
2021-08-13,-0.0009150337621290668,-1.7065024363410188,0.0001327192908604275,0.16235531151361562,0.3972002514816424
2021-08-16,-0.0009092783698743125,-1.7027604171862103,0.0001328811267545032,0.16217877575458006,0.39542228820805314
2021-08-17,-0.0008965810382876861,-1.6749468542988035,0.00013328705133553484,0.1632982393401501,0.38419655950066756
2021-08-18,-0.0009006504100225899,-1.6762061895791187,0.00013374738884492623,0.1633545158104243,0.38398102242586507
2021-08-19,-0.0008993558236482084,-1.6687132017749344,0.00013383004536381466,0.16302721399067835,0.3831842412748425
2021-08-20,-0.000889092199506399,-1.6425253968197264,0.00013396254867012537,0.1635788797713767,0.37570671692212776
2021-08-23,-0.0008854740677433808,-1.6506836435044785,0.00013453021237583277,0.1626825028269164,0.37816923369389654
2021-08-24,-0.0008950551699900206,-1.6463631857798589,0.00013471569524513646,0.16229887598212164,0.37931411705553797
2021-08-25,-0.0008972379443735397,-1.6452545822357942,0.0001348905154840248,0.16253330102307978,0.37875588523543247
2021-08-26,-0.0008942752824845155,-1.6487999219233465,0.00013494667999013515,0.16308242592556385,0.37832502177822924
2021-08-27,-0.0008954736849952334,-1.644162704275126,0.00013314070353309044,0.1627641593401043,0.38302669773883313
2021-08-30,-0.0008976158479894118,-1.6491357116015812,0.00013306989990383283,0.16279844721104295,0.3841965760738876
2021-08-31,-0.0008951419697430177,-1.657595531832654,0.0001326293525130861,0.16277818982841652,0.3849034368604709
2021-09-01,-0.0008964466139485226,-1.649342627238648,0.0001326612642773358,0.1631928456824337,0.38302120679045926
2021-09-02,-0.0008993659644385942,-1.6488062478005625,0.0001327054423774998,0.16312915342970863,0.38341982363809246
2021-09-03,-0.0008928027239265722,-1.6586710390864172,0.00013304555005131738,0.16364512516074564,0.3824718073963952
2021-09-06,-0.0008914866092075748,-1.6578730493611369,0.00013311032450125972,0.16364452893005382,0.38187969044086856
2021-09-07,-0.0009007931453657143,-1.6780417907002216,0.00013345241107031136,0.16379538388044396,0.38772052429935444
2021-09-08,-0.0008956955466611945,-1.6785006643169236,0.00013306012354261085,0.1676163162353874,0.3762733319377055
2021-09-09,-0.0008919711918476951,-1.6752026748865119,0.00013255436433170766,0.16764174115268643,0.37621760709518404
2021-09-10,-0.0008898439565226755,-1.6432264725202652,0.00013203257272826428,0.16877468222105751,0.3669083378194572
2021-09-13,-0.0008906875475760269,-1.6530513680838692,0.00013179272665962314,0.16874172748802402,0.3690996475207383
2021-09-14,-0.0008919687724094938,-1.6551378851468492,0.00013194343724600384,0.16930658913957086,0.36877096952075994
2021-09-15,-0.0008904846571642323,-1.649544371051805,0.00013198152111239974,0.16945348421000853,0.36678839271957087
2021-09-16,-0.0008992736577725757,-1.6717988199684177,0.0001331373701689092,0.17035576682435435,0.37010303028346625
2021-09-17,-0.0008729994484774216,-1.688031202121,0.00013279748327602346,0.17088032429351432,0.3712640345407675
2021-09-20,-0.000879112682675832,-1.6644354688091856,0.0001331580130805175,0.17113056260853643,0.3661911141137102
2021-09-21,-0.0008746138174796273,-1.6684565130470026,0.00013332814651235454,0.17138893186017265,0.36531150117145195
2021-09-22,-0.0008760780704009227,-1.6608098402563787,0.0001339028884318369,0.17256362899894523,0.36317794132669423
2021-09-23,-0.0008907106967235288,-1.6516997132506392,0.00013289107683640827,0.1722570743279624,0.36514730268933837
2021-09-24,-0.0008857435859077214,-1.6458720929834787,0.00013285483903087788,0.1722459089940661,0.36386889879769757
2021-09-27,-0.0008883733247867797,-1.6473997039027772,0.0001331877040801933,0.172329987300856,0.3635550136831044
2021-09-28,-0.0008887564882237462,-1.6216856071146153,0.00013287449184210283,0.1739550775089438,0.3577160184246475
2021-09-29,-0.0008865329152111611,-1.612421115554267,0.00013287404896917502,0.17327905724990056,0.35747081968678374
2021-09-30,-0.0009071854196706394,-1.5897955070029082,0.00013348835100176316,0.1756651962802458,0.3536873976245237
2021-10-01,-0.0008986927245583521,-1.5833379521376512,0.00013313608749574102,0.17583775966478726,0.3521261469168925
2021-10-04,-0.000899424430459689,-1.6063209309314987,0.00013268468399571482,0.1758278147574485,0.35665129682075536
2021-10-05,-0.0008957225700150506,-1.6207254983118022,0.0001324222220070984,0.17593387380238565,0.3585816045441079
2021-10-06,-0.0008919630113146286,-1.6098550741316957,0.0001328702907338769,0.1764468764581268,0.35542143418935357
2021-10-07,-0.0008993634805867775,-1.599379157595691,0.0001329355437974366,0.17645172840971846,0.35469171879935
2021-10-08,-0.0009000399030963453,-1.5935435664265774,0.0001328701377143137,0.1767769035328256,0.3532570080754357
2021-10-11,-0.0008972221632156975,-1.5889507835576764,0.0001328400413773294,0.17678516417741857,0.3515900572982247
2021-10-12,-0.0009002808881527964,-1.5854949478448814,0.00013296678996340915,0.17689957035680523,0.35096455968001294
2021-10-13,-0.0009148957747880477,-1.5993459036912157,0.00013261910012985916,0.1773785918010135,0.3574960209062956
2021-10-14,-0.0009098910574331504,-1.5960815074627597,0.00013242584513449728,0.17752942637346233,0.3566212921137769
2021-10-15,-0.0009235865703671023,-1.5705159716175938,0.00013313864579934877,0.18107497318267,0.34747525295973014
2021-10-18,-0.0009358724025295027,-1.588382945156742,0.00013322240249595993,0.1815775233933206,0.3498118037108652
2021-10-19,-0.0009354034666313881,-1.590829941102612,0.00013266581918211447,0.18103769834713332,0.35043314394207914
2021-10-20,-0.0009332415689217266,-1.5991775698609356,0.00013223796281024288,0.18057311881817195,0.35326285341916686
2021-10-21,-0.0009279311437396243,-1.6107086134286792,0.0001320418908556713,0.1827727018592902,0.35219753252705555
2021-10-22,-0.0009408091282919692,-1.6210018832300312,0.00013205855865667553,0.18282923806543175,0.35523150623211464
2021-10-25,-0.0009422534414212462,-1.5763225879420557,0.00013107173375179754,0.1839451310547448,0.3474669382746707
2021-10-26,-0.000930420170600002,-1.5807609100845337,0.00013180196996028258,0.18557285093504824,0.3444185274406356
2021-10-27,-0.0008659428567861964,-1.5652085879996651,0.0001244290263183665,0.17515954488616445,0.354693593261853
2021-10-28,-0.000841528782801288,-1.5738800044031256,0.00012226925392429578,0.17522205502124413,0.35213705196502276
2021-10-29,-0.0008364991346925148,-1.5570220693726402,0.0001220642793126313,0.1733794433431687,0.3536452305981258
2021-11-01,-0.0008172569388292765,-1.5606759770043441,0.0001225943979274601,0.17407808792864976,0.3496920097556817
2021-11-02,-0.0008144421431660383,-1.5607977701371762,0.00012227714959781656,0.17383707064420867,0.3497497190117801
2021-11-03,-0.0008149412676048951,-1.5709933096939397,0.0001223865464462453,0.17464810987971277,0.3511713162303376
2021-11-04,-0.000828254853518433,-1.5754530221872336,0.00012048692134506758,0.1744373945001307,0.3572817537689785
2021-11-05,-0.0008322914090113283,-1.590805045982528,0.00011976101229565436,0.1741051884301301,0.36411694414311346
2021-11-08,-0.0008317075677504889,-1.5889927728374822,0.00011980162469821971,0.17413336970172322,0.36436996569273017
2021-11-09,-0.0008310533480493837,-1.5902535502119752,0.00011926428054868392,0.1742766787355979,0.3649305822344011
2021-11-10,-0.0008129705847655888,-1.532810584192531,0.00011970182100161145,0.17480892153010852,0.3498541688408915
2021-11-11,-0.0008159418204107885,-1.568302769569533,0.0001177990094065906,0.17243832679884785,0.3634726388005822
2021-11-12,-0.0008189640474136397,-1.5629273527523073,0.00011784167381757815,0.17223900516253707,0.36288369917061336
2021-11-15,-0.000818387774938941,-1.5626455137391044,0.00011777708278758046,0.17223426798173455,0.36292451101603496
2021-11-16,-0.0008317287446306219,-1.5543398169400124,0.00011705317441951978,0.1698996566059012,0.3706161983843722
2021-11-17,-0.0008357750718566601,-1.5568248695204092,0.00011707636771394065,0.16979665491997525,0.3721481426107991
2021-11-18,-0.0008527602290527157,-1.5141785325595118,0.00011569664877465472,0.1684783856422963,0.3740763936643017
2021-11-19,-0.000854724127645232,-1.5120262997413119,0.00011553875945495914,0.16854673523539393,0.3744876139550338
2021-11-22,-0.0008783826814599605,-1.5331764388457976,0.00011329461337450518,0.16963867763594537,0.3881800106920722
2021-11-23,-0.0008763281247616031,-1.542353274793238,0.00011319084117540383,0.1694150226798628,0.39128649573151975
2021-11-24,-0.0008689980847956996,-1.5459701659763265,0.00011224342942583246,0.16778477565871144,0.39418763191727757
2021-11-25,-0.0008680255270795204,-1.5461744016743268,0.00011237551540912497,0.16777762292813167,0.3938314406765596
2021-11-26,-0.0008452992905615197,-1.5464000126555832,0.00011006704087638354,0.16641820076921768,0.392466593539169
2021-11-29,-0.0008403418815206967,-1.5471526138812526,0.0001097374536584312,0.16648292080981497,0.39207852709611946
2021-11-30,-0.0008206922730955237,-1.5205579371527316,0.00011063421311934028,0.16787893954518399,0.3804022875877784
2021-12-01,-0.0008143414026001836,-1.5291228012896843,0.00010997663200648148,0.16723437053553003,0.3807603192877276
2021-12-02,-0.0008100001300940538,-1.5176112287665908,0.00010969014910438204,0.16723865962646906,0.3776786637614963
2021-12-03,-0.0008191552421619836,-1.5064778202458116,0.00010951825283437758,0.16744104783352246,0.3766953949341846
2021-12-06,-0.0008158350349449207,-1.4975629315054917,0.00010876287450370758,0.16835863577335494,0.3735371859820985
2021-12-07,-0.0008146475480638965,-1.5068390550822017,0.00010863861808242592,0.16842362002387593,0.37451290136295423
2021-12-08,-0.0008138011791531501,-1.4965504214513823,0.0001087786057779025,0.16837451095333897,0.37260512518473765
2021-12-09,-0.0008156379131724065,-1.4895976248916276,0.00010863116291266392,0.16804589368926282,0.3733257381977293
2021-12-10,-0.000814060673438964,-1.4888380657353446,0.0001085429273626594,0.16801993710910929,0.3726214242331516
2021-12-13,-0.0008154283990041184,-1.482710029231819,0.00010858667123601234,0.1678444810400513,0.37154971542678406
2021-12-14,-0.0008156849303889297,-1.4831168599328792,0.0001083070665711226,0.1673903013256635,0.3743978565877586
2021-12-15,-0.0008142868738942705,-1.4774996997019003,0.00010849053718048,0.16759464793910248,0.37248865628053685
2021-12-16,-0.0008112006629457027,-1.4751205369655707,0.00010818245168119099,0.16681729478263924,0.37699332727647783
2021-12-17,-0.000810600633421107,-1.4705148677964863,0.00010810292324079244,0.16688281297139834,0.37592123058524474
2021-12-20,-0.0008096747255118741,-1.4712947005599624,0.00010821405043446995,0.1667367158988597,0.37601021102044985
2021-12-21,-0.0008097074389540608,-1.4709507485981592,0.00010821693322071747,0.16671879647208684,0.3759717230765397
2021-12-22,-0.0008018230207389938,-1.460997686080364,0.0001062983409260639,0.16374097137311133,0.38189319628428886
2021-12-23,-0.0007989860872899392,-1.464067337607253,0.0001061114707094274,0.16383664941094397,0.3813385113019101
2021-12-24,-0.0007810634379477707,-1.4763803220870217,0.00010555589713095081,0.1625407217973139,0.3830729665262188
2021-12-27,-0.0007784991022508448,-1.4862955388610324,0.00010517202513100446,0.16315341657074958,0.3839748666595898
2021-12-28,-0.0007204041160190221,-1.5007242091381352,0.00010195133732715141,0.15690656365401107,0.39001317364028
2021-12-29,-0.0007215644592625752,-1.5198829911547342,0.00010162258562130801,0.1575282206246441,0.39252648109333055
2021-12-30,-0.0007215008602444548,-1.518122089873483,0.00010086685024113476,0.15780324258382894,0.39296114353045164
2021-12-31,-0.0007233326566088957,-1.5285348873779798,0.0001008156182334582,0.15779094091081894,0.39505652816461445
2022-01-03,-0.0007371992250255449,-1.5336401349084576,0.00010066351774567795,0.15857699459614838,0.3991773432876379
2022-01-04,-0.0007372594601453724,-1.5187453711174865,0.00010044862107420465,0.15884315477765257,0.39716035658881754
2022-01-05,-0.0007346946695351761,-1.5203544777619298,9.940974012258243e-05,0.1585997602582575,0.3974014177279992
2022-01-06,-0.0007379109558605446,-1.5202131301640986,9.836618400064628e-05,0.15818634612531599,0.4024891737955115
2022-01-07,-0.0007305342188890221,-1.5212096561180433,9.735749528284299e-05,0.15599748631094146,0.40643740008878015
2022-01-10,-0.0007265766959337128,-1.518218456462248,9.775853780203276e-05,0.15661357395283218,0.4042080812367238
2022-01-11,-0.0007285607728825951,-1.510925059373994,9.690480465771377e-05,0.15658941085809056,0.40819533992693136
2022-01-12,-0.0007265164623825233,-1.5143163890154512,9.674929962674161e-05,0.15596025775154437,0.4086817211921382
2022-01-13,-0.0007276298239590887,-1.515438808414733,9.671830320849156e-05,0.15597900251646984,0.40905229045387237
2022-01-14,-0.0007211006563286717,-1.5084938350348107,9.638070250504168e-05,0.15675348316864357,0.4067356251211126
2022-01-17,-0.0007218651249514859,-1.5090487749471089,9.641206427894153e-05,0.15674651271463708,0.4068628058329342
2022-01-18,-0.0007120645594519391,-1.4964770519494763,9.644735508708328e-05,0.15696433318040057,0.40342651591514944
2022-01-19,-0.0007006795537455735,-1.5482505582557309,9.638247638062825e-05,0.157641684823712,0.4094851889878107
2022-01-20,-0.0007034991190553193,-1.5592197925799096,9.474844153484797e-05,0.15574330947390802,0.4178585242775473
2022-01-21,-0.000687636033407449,-1.5689904166634228,9.405526215940796e-05,0.15597476188608564,0.41506370700154804
2022-01-24,-0.0006966656136979763,-1.4994669917235024,9.335528769723515e-05,0.1547095480440977,0.4045603889775574
2022-01-25,-0.0006971644348281559,-1.4923255385335874,9.335250021068578e-05,0.1557014075688622,0.401551598180492
2022-01-26,-0.000718973225789805,-1.4760567450598725,9.266355252477874e-05,0.1562946228488619,0.4034646091337002
2022-01-27,-0.0007092961114905612,-1.5075379323022537,9.226849135774673e-05,0.15389973136751964,0.4069436059696593
2022-01-28,-0.000698111997333166,-1.5114362100112309,9.203876461347612e-05,0.15442159499615626,0.4034908952928108
2022-01-31,-0.0006946048493919298,-1.5156509231522335,9.173128644972317e-05,0.1530666642711791,0.4062982611234588
2022-02-01,-0.0006934809146042149,-1.5163865389320248,9.170517530374609e-05,0.15287976189918526,0.40619036245302076
2022-02-02,-0.0006934600657843226,-1.5162288663865389,9.169801390989564e-05,0.15271125368789315,0.4066758053242112
2022-02-03,-0.0006855537394292964,-1.5084091288776889,9.144830739867426e-05,0.15235814224167518,0.40127064551683744
2022-02-04,-0.0006676747231835788,-1.4917378058564776,9.110455557979513e-05,0.15272784997846392,0.3940288772564887
2022-02-07,-0.0006724256140412053,-1.498132133275516,9.134243089516732e-05,0.15274658002284716,0.395650681248094
2022-02-08,-0.0006743745352090339,-1.490111560453199,9.194510132188783e-05,0.15382147500205434,0.394144838803141
2022-02-09,-0.0006760208005835986,-1.506489733429587,9.039841566001175e-05,0.1511743281317925,0.40643221458629897
2022-02-10,-0.0006807884230504007,-1.5010776346975296,9.004724721007632e-05,0.15086824096900775,0.40649225527933497
2022-02-11,-0.0007125514924852809,-1.4771844017918179,9.034774241307163e-05,0.15255607075594463,0.4042790596238973
2022-02-14,-0.0006980381521626009,-1.4579634519171356,9.426532124830435e-05,0.15292513387229878,0.38591716125488784
2022-02-15,-0.0007711708551221782,-1.3330785727990921,9.330459612256514e-05,0.15270632558481642,0.39176881559538945
2022-02-16,-0.0007703338319526915,-1.352227520825667,9.337424497667595e-05,0.1529579053831096,0.39455272847298206
2022-02-17,-0.0007785291656002239,-1.3521151892564414,9.436762982648059e-05,0.15386422055285162,0.3932137042164793
2022-02-18,-0.0007720848667793368,-1.3475747598409886,9.424740275760463e-05,0.15370372401803636,0.39003891531845636
2022-02-21,-0.0007627281175050314,-1.3508177337421086,9.483123660066732e-05,0.15355742137609038,0.38748627055495455
2022-02-22,-0.0007574521575989149,-1.4249715394604365,9.399654690553692e-05,0.1563047513679992,0.39815685456959937
2022-02-23,-0.0007572645603685618,-1.4210341109299034,9.400887552944778e-05,0.1572440700656395,0.39421087126706
2022-02-24,-0.0007529848776531673,-1.3642155104382105,9.289957037327534e-05,0.1501646870586361,0.3894894379956956
2022-02-25,-0.0007666147398438024,-1.3345724987165486,9.374628210894071e-05,0.149529847513561,0.3836229106034893
2022-02-28,-0.0007330591536513073,-1.3721036452819535,8.858687500445887e-05,0.15070198092034676,0.3909477567559798
2022-03-01,-0.0007955212695256535,-1.3260262121180104,8.948345475467207e-05,0.15075199722707514,0.39310053103142284
2022-03-02,-0.0008012926879756474,-1.3268817226767822,8.951873495400575e-05,0.15117015751517213,0.39442418709743476
2022-03-03,-0.0008000662119300472,-1.3237001332574145,8.986446216659086e-05,0.15175198180830984,0.39143746862200735
2022-03-04,-0.0008337191733757761,-1.277952534940093,8.954554730729016e-05,0.151265887297055,0.39029302247770825
2022-03-07,-0.0008508683503267989,-1.2261532532498367,9.163121202728403e-05,0.15247512022924736,0.37982562213350335
2022-03-08,-0.0008755870760975225,-1.1966513448092448,9.415229439601626e-05,0.15691939710023625,0.3690832848377903
2022-03-09,-0.0009670314325151824,-1.0584156801915545,9.575691556666835e-05,0.158546373294975,0.3631621698317089
2022-03-10,-0.0009670685671333504,-1.045114367995352,9.56660273879647e-05,0.1586157643526097,0.3621701475523682
2022-03-11,-0.0009524324196785476,-1.063991547541788,9.58676832288434e-05,0.15957514565044392,0.3578953353430223
2022-03-14,-0.0009531466790611354,-1.0625885492118319,9.371906028787287e-05,0.15987720764634322,0.36618758122303496
2022-03-15,-0.0009710125626836092,-1.0644845714986315,9.316108190800589e-05,0.1606391846273266,0.37477708602247484
2022-03-16,-0.000951881924927406,-1.0777772843423121,9.29389664678366e-05,0.16042272138830752,0.36838381283710675
2022-03-17,-0.0009260288840910766,-1.0145575111407772,9.17761997423583e-05,0.15818376699285547,0.3615295485134703
2022-03-18,-0.0009223694134168452,-0.9990220709957307,9.171939946264865e-05,0.15856767196018637,0.35784037025123094
2022-03-21,-0.0008722339451570266,-1.0109682660026587,9.117108496008778e-05,0.1602083891440991,0.34024590850061487
2022-03-22,-0.0008745984933244025,-1.0123705298471999,9.101206175532443e-05,0.1601677016245878,0.34225777854563966
2022-03-23,-0.0008810023080038137,-1.018122834541917,9.044246908902668e-05,0.16064729361646213,0.34776281476221294
2022-03-24,-0.0008727954288906465,-1.0171889525979125,9.073959579664952e-05,0.16149329035822424,0.3423566468669548
2022-03-25,-0.0008669830377458548,-1.01839371497564,8.981974040816942e-05,0.1614308759964737,0.34273332444187077
2022-03-28,-0.0008580349592328569,-1.0446620413951642,9.08419293219347e-05,0.16278578831064858,0.3375737716335302
2022-03-29,-0.0008570427057807607,-1.0365562950289973,9.092436201201857e-05,0.16151549371564156,0.33541329577429446
2022-03-30,-0.0008549459236429613,-1.0327200045693312,9.045304368736123e-05,0.16038957754897334,0.33834909331620966
2022-03-31,-0.0008541493697611466,-1.0318386653189038,9.064657821703713e-05,0.16041580742751252,0.3367656291240009
2022-04-01,-0.0008455359230643665,-1.0349908121002553,8.960242080761884e-05,0.1602133526837693,0.3392996863958224
2022-04-04,-0.0008325673050485962,-1.0305802101112829,8.999932116404443e-05,0.1602225275793028,0.3317092445143355
2022-04-05,-0.0008288723303964301,-1.0236757894606738,8.947869250590514e-05,0.15989477220022313,0.33273577594142667
2022-04-06,-0.0008130322920927652,-1.014640316852964,8.951702104689595e-05,0.1607096126150713,0.32653654243827823
2022-04-07,-0.0008017749644620468,-0.9977358760890876,8.970280848142096e-05,0.16111540245600608,0.3201058125349695
2022-04-08,-0.0007982322486763372,-0.9935606025075129,8.972917038026528e-05,0.16111491485715063,0.31805796269360187
2022-04-11,-0.0007949616562694824,-0.9886273179719571,8.972610810293534e-05,0.16117911741556873,0.31626690337307206
2022-04-12,-0.0007967405852150837,-0.996182880605609,8.962350459639356e-05,0.16105380707160166,0.31861186168240574
2022-04-13,-0.0007936988856300475,-1.0028340480323659,8.968859124194234e-05,0.16154050784765078,0.3171981437788104
2022-04-14,-0.0007914761060149572,-0.9958319466844815,8.96391120770709e-05,0.16095505858661963,0.3168732441574581
2022-04-15,-0.0007916009004779716,-0.9957319864917713,8.968249214428682e-05,0.16101260719853946,0.316554815025071
2022-04-18,-0.0007916363056965771,-0.9956040196938492,8.962514512197142e-05,0.16089178858659187,0.3167870296386486
2022-04-19,-0.0008004565909831455,-1.0048996651498692,8.952984066643371e-05,0.16143278885041068,0.32198911184625467
2022-04-20,-0.0007897701014948255,-0.9913495071526592,8.900623394417934e-05,0.16052219606072396,0.32004985113006335
2022-04-21,-0.0007883486354588612,-0.9908171267969237,8.873666407102541e-05,0.16009065099273256,0.3199759269569026
2022-04-22,-0.0007923219843275029,-0.9931571863666854,8.898172864592263e-05,0.15791517905739036,0.32394052019387864
2022-04-25,-0.0007880916043386125,-1.0104066290240665,8.909598014929768e-05,0.15756296448025375,0.3243450447360511
2022-04-26,-0.0007868739147342713,-1.0058791676989696,8.921608033998963e-05,0.15982592726361747,0.3199266566821979
2022-04-27,-0.0007880377342347995,-1.0124851364734773,8.924919662850409e-05,0.15943082099622666,0.32164202178090484
2022-04-28,-0.0007936901978258947,-1.0010838419492165,8.906103287212494e-05,0.15869037267079716,0.32153548203320714
2022-04-29,-0.0007834877458038762,-1.0085871848004584,8.813523448322796e-05,0.15919884635542916,0.31655050369981286
2022-05-02,-0.0007903850789079666,-1.0131432765998067,8.620720394802233e-05,0.15872939792007038,0.3296286179606984
2022-05-03,-0.0007875454104285151,-1.0062784154611257,8.617276449693944e-05,0.15943510195288796,0.3266564252165661
2022-05-04,-0.000787012884771978,-1.004463170967481,8.559309338526642e-05,0.1588827175697824,0.32925155998039135
2022-05-05,-0.0007745947397994103,-0.9892727346088981,8.509515384140761e-05,0.15903769370978235,0.32625608525969285
2022-05-06,-0.0007754136074448472,-0.9945525425078204,8.506716242380538e-05,0.15888656995669656,0.3268332769243618
2022-05-09,-0.0007803151572051733,-1.0106384668130624,8.505903643339691e-05,0.15798424947081965,0.3329145030954045
2022-05-10,-0.00078219903693449,-1.0143632982387962,8.506124360233224e-05,0.15799537071030934,0.33475347483210816
2022-05-11,-0.0007721787936760618,-1.0062468919943761,8.411396911362514e-05,0.157789637769152,0.3356179726718814
2022-05-12,-0.0007721729999049557,-1.0227360903159848,8.410999071207159e-05,0.1559033064456291,0.34106867313077527
2022-05-13,-0.0007702237836160175,-0.997314926705004,8.47570234501798e-05,0.1563796646791126,0.33413875651209457
2022-05-16,-0.0007732094722365255,-1.0008409362020558,8.471480358802868e-05,0.15641912546029144,0.3363373223784881
2022-05-17,-0.0007808284434484799,-0.9739365043081086,8.472392049295053e-05,0.1550116825384224,0.3337764515996495
2022-05-18,-0.0007711853272250114,-0.9767005420785426,8.421500361413317e-05,0.15525050299296392,0.33153326911683
2022-05-19,-0.0007553774416671304,-1.0220178349152298,8.455637841106988e-05,0.1557061900657281,0.32831112914764715
2022-05-20,-0.0007538914395678919,-1.0220631524815897,8.448169328249115e-05,0.15559174276489415,0.3282551805577443
2022-05-23,-0.0007453174267997715,-0.9991614046399202,8.428774740021992e-05,0.1547152901832098,0.3207522820289793
2022-05-24,-0.0007451317192839849,-0.9952006695774979,8.429310562252685e-05,0.15530593288415936,0.3186216970450737
2022-05-25,-0.0007440451811758159,-0.9981734843858276,8.433886600437249e-05,0.15540399906306276,0.3182825570661403
2022-05-26,-0.0007370483767982709,-0.9889565699557228,8.430299563825247e-05,0.15566005085196577,0.3148057490809484
2022-05-27,-0.000734931010465818,-0.9787185196338826,8.4346934669711e-05,0.15513037057539406,0.3133964597126049
2022-05-30,-0.0007375838161064242,-0.9792893472217434,8.474830938521766e-05,0.15510988607167422,0.3129495589265664
2022-05-31,-0.0007417096601755738,-0.9676303707320405,8.43907011689955e-05,0.15587925000755123,0.3112239572353238
2022-06-01,-0.0007240520987854113,-0.9318816242349068,8.477655579168594e-05,0.1563493693067157,0.2993149686959966
2022-06-02,-0.0007271584504543582,-0.9400284662248928,8.477817647748599e-05,0.1556597586531663,0.3036844460568452
2022-06-03,-0.0007018496734531467,-0.9574956687059758,8.556167337674686e-05,0.15600901331471143,0.294840478307422
2022-06-06,-0.0007025100388392727,-0.832091817920792,8.403474911922282e-05,0.15982809447162039,0.2791410507454949
2022-06-07,-0.0007081825562727133,-0.8187525091266442,8.404811300297711e-05,0.1603548680403925,0.2799777157845027
2022-06-08,-0.0007145863536296342,-0.8058020243139977,8.352003884924839e-05,0.1594232059590498,0.2837300921511131
2022-06-09,-0.0007264362025666113,-0.8022055427514252,8.359743251749546e-05,0.1580612399578122,0.2891940540622745
2022-06-10,-0.0006925895100547905,-0.7006855133676375,8.5333047422334e-05,0.16025564122591474,0.25777919269854244
2022-06-13,-0.000692715246816582,-0.7005025045473732,8.08944919018184e-05,0.15751887668218695,0.2873320470866402
2022-06-14,-0.0006748139706760459,-0.6875002460861688,7.937330367849929e-05,0.15802271828024422,0.28616244736105956
2022-06-15,-0.0006603417247950458,-0.6888475988793428,7.635626255625827e-05,0.15811604210007835,0.2916268932941506
2022-06-16,-0.0006571810457162943,-0.7081817579980662,7.617512353722619e-05,0.15539571039442193,0.29394582937707414
2022-06-17,-0.0006550555173203687,-0.7221475477238851,7.632433619995268e-05,0.15502665677042912,0.2950466936831053
2022-06-20,-0.0006546260599863871,-0.7245606318593305,7.62833974574493e-05,0.15500636055044836,0.29542262159412425
2022-06-21,-0.0006560863329828379,-0.7071220713483795,7.632992966825562e-05,0.1542891734945399,0.2930242104984119
2022-06-22,-0.0006536547158570584,-0.706119209291822,7.605478389367443e-05,0.15430280032741456,0.29324450569218075
2022-06-23,-0.0006479394638845963,-0.7185117519607884,7.62729653503988e-05,0.15487784266146237,0.29161935145547524
2022-06-24,-0.0006461752439624601,-0.7153505741981953,7.629335434544233e-05,0.15476895835735513,0.29065920449274363
2022-06-27,-0.0006449195239429815,-0.7175199450993464,7.605974163047574e-05,0.15443608557562183,0.2905692509590553
2022-06-28,-0.0006420382146432173,-0.7085468151665031,7.598778619157747e-05,0.15441167713695828,0.28914342849841745
2022-06-29,-0.0006442813081676433,-0.7080092682257912,7.600835589660229e-05,0.15409178871446366,0.2902250697203683
2022-06-30,-0.0006312207679149298,-0.7117587103717188,7.604693205909039e-05,0.15507153053676026,0.28367876760616384
2022-07-01,-0.0006217051396758009,-0.7183962938071419,7.537597639737925e-05,0.15417470185720944,0.2808397790450414
2022-07-04,-0.0006227184007276881,-0.7174099537512457,7.545495792767266e-05,0.1541844499682419,0.28105124049035735
2022-07-05,-0.000617294456224644,-0.7813428825864059,7.583587023780751e-05,0.15237863744630187,0.28672872215529266
2022-07-06,-0.0006238048879145443,-0.7923152577651238,7.554262799929683e-05,0.1530213889655669,0.2941044580690678
2022-07-07,-0.000623603660233812,-0.7937415663681753,7.548851027928983e-05,0.1528352995834381,0.2940887586658628
2022-07-08,-0.0006214056759242726,-0.800310051588556,7.549451694495164e-05,0.15298594463691043,0.2942932775485604
2022-07-11,-0.0006188074178930972,-0.8105348092163731,7.540031693022724e-05,0.15159398402618143,0.2944780130144684
2022-07-12,-0.0006198216440473569,-0.8139486367876259,7.53846894130213e-05,0.15148010809743157,0.29538020080683236
2022-07-13,-0.0006255988185875727,-0.8212787702172563,7.527797819560734e-05,0.15115301412976068,0.2996213105370096
2022-07-14,-0.000625941637284465,-0.8417845787587015,7.549464620783212e-05,0.1504223170404291,0.30311219529318856
2022-07-15,-0.0006202232923914101,-0.8216049921203611,7.565892187496447e-05,0.1501547691597879,0.2979238323108988
2022-07-18,-0.0006211835979343526,-0.7990348010132825,7.557301955845296e-05,0.15017590180909743,0.2944664428569461
2022-07-19,-0.0006221770075567286,-0.7968113647501622,7.540333987131695e-05,0.14968449604353892,0.295436716922431
2022-07-20,-0.0006248174597248882,-0.798443351084538,7.548266089257242e-05,0.1498953094193358,0.2964928498966799
2022-07-21,-0.0006352169160613897,-0.7869397902087903,7.549109888503479e-05,0.15034185391120594,0.29832385024267594
2022-07-22,-0.0006197893404906228,-0.7728657134865475,7.491395193396172e-05,0.15054942557342468,0.2933727227395574
2022-07-25,-0.0006191670862896939,-0.7737096202010089,7.50320242330752e-05,0.15064313860798778,0.2930335120377421
2022-07-26,-0.0006139712562057234,-0.7382209270141862,7.397935697513807e-05,0.14892021342162162,0.2898607814006863
2022-07-27,-0.0006162339088698872,-0.7311360008627203,7.295127453481345e-05,0.147548500838714,0.2949013932374337
2022-07-28,-0.0006124451725045636,-0.7258205318164752,7.210999103932723e-05,0.14674803567532246,0.30012475613752143
2022-07-29,-0.0006074822821696922,-0.7136234037511866,7.177904181793534e-05,0.14613749272724452,0.2980699621139191
2022-08-01,-0.0006076345203820326,-0.7134765652301627,7.170617096124212e-05,0.14588411571137616,0.2993212390389065
2022-08-02,-0.0005924419819473941,-0.6955120211402046,7.062838737714402e-05,0.14537750012137982,0.2960441794862365
2022-08-03,-0.0005924911343979527,-0.693756340427162,7.05237641059947e-05,0.14495457970716777,0.295935960145708
2022-08-04,-0.0005932690488842842,-0.7208616891673417,7.091519474713971e-05,0.1454375996866785,0.29857088968809686
2022-08-05,-0.0005935654514625967,-0.7211521240613896,7.029420608621016e-05,0.14518165495129876,0.3035524009215371
2022-08-08,-0.0005939760105765639,-0.7216265853830027,7.010952023187195e-05,0.1451785868673081,0.3058843992881557
2022-08-09,-0.0005929950992579016,-0.7280472747588238,7.008875059871206e-05,0.14545985561966013,0.3059590179574122
2022-08-10,-0.0005959483298061801,-0.6815474681402542,7.006422429177822e-05,0.14366061529721522,0.3001546609028992
2022-08-11,-0.0005958875186766889,-0.6833655019837421,6.998952889709798e-05,0.14380964047201272,0.300587893172071
2022-08-12,-0.0005988053701672663,-0.6769046337538732,6.999680851131722e-05,0.1437770995865719,0.30070488965270303
2022-08-15,-0.0005949962058194238,-0.6939061912377903,7.035190011890048e-05,0.14430328584577595,0.2991050731321986
2022-08-16,-0.0005896557056408052,-0.6839704299259468,7.047044239609814e-05,0.14438567940678773,0.292888939887318
2022-08-17,-0.0005904526913788969,-0.6883950270859742,7.033849467325271e-05,0.14404025945231708,0.295284904925735
2022-08-18,-0.0005879232422602206,-0.6912845670542808,7.024414251614874e-05,0.1440433022916559,0.2944389650252832
2022-08-19,-0.0005878053859742215,-0.6924892836580693,7.014888824135031e-05,0.14350684580532094,0.296567210387628
2022-08-22,-0.0005881876265063573,-0.6974308447187927,7.012096882183406e-05,0.14304722456925378,0.2983621736459352
2022-08-23,-0.0005894640353442043,-0.6951510782893892,6.990498399430767e-05,0.1421295273293423,0.3002993993902916
2022-08-24,-0.0005889606315509533,-0.6952002836543261,6.99426160118796e-05,0.14221996171023044,0.29980533150843514
2022-08-25,-0.0005859677951855226,-0.6745694112732545,6.914616181923692e-05,0.14115332564580257,0.2990537101746753
2022-08-26,-0.0005918091792883563,-0.6687983477498398,6.945888763176986e-05,0.14176093957724328,0.2997322882880108
2022-08-29,-0.0005884524968517964,-0.6624783416910098,6.955362753771248e-05,0.14189065163743209,0.2966778097985697
2022-08-30,-0.0005879671140118259,-0.6681389057424799,6.963621934555545e-05,0.14202416297619497,0.29707730795921916
2022-08-31,-0.0005905717152691197,-0.6666579803932693,6.92374729099465e-05,0.1418413597792941,0.2993252940979081
2022-09-01,-0.0005860103255719394,-0.6576179168687538,6.878541294804972e-05,0.14086260239769763,0.3012314969992248
2022-09-02,-0.0005859741723817233,-0.6596647114795492,6.853368661978874e-05,0.1400635770372685,0.3049592858737863
2022-09-05,-0.0005831536434486601,-0.6418594011192678,6.749393899034701e-05,0.1380697978247965,0.3066478852804798
2022-09-06,-0.0005793438607900017,-0.6290746080286023,6.735907983448226e-05,0.13711099981955663,0.30637469639501036
2022-09-07,-0.000579797560453364,-0.6353790396800195,6.739114025243657e-05,0.13739027773796322,0.3076244125597133
2022-09-08,-0.000583221795257682,-0.6268326068115899,6.722195962407596e-05,0.13710368424291314,0.3085508304053458
2022-09-09,-0.0005822890668389744,-0.6372139489539312,6.710541550078097e-05,0.13588300812188822,0.3104059549191692
2022-09-12,-0.0005757589935673127,-0.6499660216681824,6.696215999731452e-05,0.1351410688162591,0.31004433877369275
2022-09-13,-0.0005758117759105122,-0.6691375484523299,6.70670005677697e-05,0.13372522246381258,0.3144550375228339
2022-09-14,-0.0005737579928153136,-0.6692010001207205,6.711708746906612e-05,0.13390922445867648,0.31295240516943523
2022-09-15,-0.0005794515641597358,-0.6737595163674678,6.74036918762211e-05,0.1348426384659049,0.3150794679600961
2022-09-16,-0.0005763445652337315,-0.6742842743123982,6.750862726746875e-05,0.13547135628787166,0.3122682328257095
2022-09-19,-0.0005681244453858655,-0.6703483607061329,6.686260255802229e-05,0.13440712995577353,0.31106322518388463
2022-09-20,-0.0005696944531433801,-0.6731662482882502,6.696963398629009e-05,0.1345884234933296,0.31126387720814275
2022-09-21,-0.0005727315103560705,-0.6621581033646926,6.688265385424302e-05,0.13410243171544892,0.31073726306317806
2022-09-22,-0.0005613448589000073,-0.6539361314825491,6.649778323411198e-05,0.13440720626931243,0.3060587961237127
2022-09-23,-0.0005606523549037701,-0.6886902333022078,6.671911156629185e-05,0.13339965438046675,0.31231796824072844
2022-09-26,-0.0005469800911769288,-0.6763186299665016,6.561850582116766e-05,0.1325607761330837,0.3152300246348474
2022-09-27,-0.0005434526821268144,-0.6787063125318084,6.557355719954286e-05,0.13271088742659373,0.31359573139691566
2022-09-28,-0.000552693487031493,-0.680319020342609,6.397899444169871e-05,0.13277024840966314,0.32852219783820813
2022-09-29,-0.0005427434027875622,-0.6949797034888114,6.315029907629684e-05,0.13203354368724118,0.3267017395128896
2022-09-30,-0.0005329087576582533,-0.6879701494851804,6.268501907933477e-05,0.13148469072578056,0.321513729100672
2022-10-03,-0.0005476515824399198,-0.6939082011235846,6.143132359695884e-05,0.13182361440501306,0.339316566898641
2022-10-04,-0.0005459450314648733,-0.7162838612999405,6.0906598695645546e-05,0.12968096525052986,0.3489434912096582
2022-10-05,-0.0005396044402784256,-0.7099034689500929,6.0608085549133566e-05,0.129600505677902,0.34809530592533444
2022-10-06,-0.0005398337851877903,-0.7023291930074455,6.065581424529267e-05,0.1298589977636412,0.3475527574019427
2022-10-07,-0.0005384743575786063,-0.7000034553071716,6.088837558734845e-05,0.130342298306399,0.3443722707034169
2022-10-10,-0.0005386583000955602,-0.6970872631662686,6.153888123285086e-05,0.13162399027786795,0.33940868678726466
2022-10-11,-0.0005374950551984678,-0.6980962008037559,6.149733220824977e-05,0.1313838190708416,0.33926515397307466
2022-10-12,-0.0005375361977931574,-0.6889192190684876,6.162893138110902e-05,0.13134190632304507,0.3364970734207424
2022-10-13,-0.0005422324116827812,-0.6754387785565319,6.165921004176964e-05,0.13099176673073654,0.33678871874976335
2022-10-14,-0.0005365953205654243,-0.6943268253319206,6.197140418007059e-05,0.13124305599734126,0.33417964704132075
2022-10-17,-0.0005397144792232878,-0.685860034284808,6.221377023955322e-05,0.13071512879709865,0.3350739476865422
2022-10-18,-0.0005391287209861668,-0.6787322077287476,6.224564955353837e-05,0.13136669442657475,0.3322367810528758
2022-10-19,-0.0005442109849374186,-0.6821980304659646,6.198446091785207e-05,0.13110957295966313,0.3385274448751865
2022-10-20,-0.0005457613289117791,-0.677258105440574,6.201561444029183e-05,0.13084406951602842,0.33854952754997303
2022-10-21,-0.0005489646800968082,-0.6880568815997331,6.2270159232015e-05,0.13130537379054494,0.34120336800383644
2022-10-24,-0.000543436915403863,-0.6922136553430815,6.244810208663783e-05,0.13107657634831074,0.3377543066040021
2022-10-25,-0.0005378125138459218,-0.6780568170423781,6.238857213154198e-05,0.13056311293737963,0.33329025393623923
2022-10-26,-0.0005373739845729391,-0.6814352832842913,6.238049612290428e-05,0.1294875940592115,0.3341877762463302
2022-10-27,-0.0005325369265614884,-0.6855704546184896,6.229420292844591e-05,0.12952592893626064,0.3317116746025176
2022-10-28,-0.0005318552649166362,-0.7076124497572072,6.193732114676322e-05,0.1286897499288472,0.3380456158108117
2022-10-31,-0.0005324229733362981,-0.7088589695856988,6.183649504040981e-05,0.12848851419199,0.33984538955626875
2022-11-01,-0.0005328488514789089,-0.7164829417093742,6.195749776634297e-05,0.12882070077158703,0.341179984042134
2022-11-02,-0.0005330317923606928,-0.7139047988969129,6.20861380950142e-05,0.12906102323591628,0.3398432892176443
2022-11-03,-0.0005237369635085793,-0.6957726705701365,6.189024470445057e-05,0.1293677302533599,0.3343765585556747
2022-11-04,-0.0005271634490926151,-0.7455578319316529,6.280293920549572e-05,0.13006665881523652,0.34281402069189004
2022-11-07,-0.0005305567143238883,-0.7247991715963824,6.298400822265275e-05,0.12938157768764527,0.3402392009334415
2022-11-08,-0.0005340828010658306,-0.7479816530730117,6.346295097685536e-05,0.12991645576042476,0.34515202247039556
2022-11-09,-0.0005237992462273676,-0.739369900179184,6.32537008494806e-05,0.12905658042002208,0.3388397064356159
2022-11-10,-0.0005359232952910903,-0.7518944451749903,6.211902160803328e-05,0.1282469923047556,0.3635023948489271
2022-11-11,-0.000536539233486571,-0.7515064755631937,6.223010279900346e-05,0.12851085257384082,0.3631962584493822
2022-11-14,-0.0005381884453649777,-0.7452283963474946,6.191281477724575e-05,0.12608901997836047,0.36320201663262053
2022-11-15,-0.0005422955792653298,-0.7376359325802504,6.208753520075122e-05,0.12600301730325744,0.3649267023360425
2022-11-16,-0.0005393146906928091,-0.7417274951209463,6.201046062257005e-05,0.12599480255747325,0.3637797817805195
2022-11-17,-0.000541978349343305,-0.749057117072614,6.158493253566102e-05,0.12510534198130832,0.3711027795084556
2022-11-18,-0.0005461476955955003,-0.7419425488457102,6.154009141417191e-05,0.12523965180169083,0.3722051160445523
2022-11-21,-0.0005451839292453856,-0.7479216133021014,6.132366439095597e-05,0.12419590146370772,0.37346966009371163
2022-11-22,-0.0005388850887794582,-0.7465980787068467,6.131989006052645e-05,0.12414716737903807,0.3713022070736124
2022-11-23,-0.0005389525160432213,-0.7465357514480183,6.137654467097921e-05,0.12399225357998674,0.37230569625907584
2022-11-24,-0.0005392719272631509,-0.7447542497139588,6.137880911898082e-05,0.1241280619259503,0.37210521125867846
2022-11-25,-0.0005387006753913675,-0.7445927066045184,6.137914938652542e-05,0.12420013183290685,0.3719122159292302
2022-11-28,-0.0005398991226822595,-0.7431141409228913,6.13183029759035e-05,0.12427984176880924,0.37274653595072393
2022-11-29,-0.0005368984920561847,-0.7422991080290693,6.138832446578435e-05,0.12463458489197493,0.3701528166601106
2022-11-30,-0.0005391059254068618,-0.743596372282132,6.08673349085137e-05,0.12473362795217342,0.37470420129448145
2022-12-01,-0.0005377668966652869,-0.7379010168904578,6.056536364567038e-05,0.12290011392376442,0.3827151495560791
2022-12-02,-0.000531737173554309,-0.7427577854356822,6.048360398388758e-05,0.12313550374873591,0.3802756519819833
2022-12-05,-0.0005354225661924491,-0.7437591867640518,6.040667563029238e-05,0.12361619857381657,0.38291797919568704
2022-12-06,-0.0005363396311211514,-0.7401369633594077,6.041113734523346e-05,0.1235096962487757,0.38244246273601534
2022-12-07,-0.0005376117417259492,-0.7410548965197036,6.04171920247463e-05,0.12356856673244009,0.38361406265100206
2022-12-08,-0.000537545965899266,-0.7412634269002363,6.037322056585451e-05,0.12337291502093765,0.38363265102268873
2022-12-09,-0.0005305172900932941,-0.7422352431029324,6.033865342313637e-05,0.12373721758062689,0.37861618637722183
2022-12-12,-0.0005310565620563753,-0.7445470823134951,6.043335831927601e-05,0.12385814899893861,0.3791623762051308
2022-12-13,-0.0005324092133407721,-0.7587972876014092,6.054284503398614e-05,0.12330129185897355,0.384696656711879
2022-12-14,-0.0005331536769571679,-0.7584784029202145,6.0594166982388396e-05,0.12329645203872114,0.38466398602649887
2022-12-15,-0.0005275748545676908,-0.7821237869288868,6.087635065222349e-05,0.12339052991851647,0.38437574456068
2022-12-16,-0.0005228848425138594,-0.7828294362727771,6.1154696524659e-05,0.12408199950710457,0.3796971657474907
2022-12-19,-0.0005221515633076147,-0.7826033351603048,6.120123751215016e-05,0.12400009539000484,0.3786018749293648
2022-12-20,-0.0005189010213528779,-0.796838700645546,6.153988181988951e-05,0.12451230592577904,0.3773601297343909
2022-12-21,-0.0005133388384864525,-0.7980620027560243,6.127148919282238e-05,0.12392137925855488,0.37633964512590934
2022-12-22,-0.0005207257646802463,-0.7902718452684981,6.126771921341827e-05,0.12397007771015511,0.3786150515300375
2022-12-23,-0.0005185558035239742,-0.7941038021576927,6.136171179087381e-05,0.12400724800192384,0.37782469682664055
2022-12-26,-0.0005155252697982882,-0.7922428349951389,6.136953174754854e-05,0.12384383544896267,0.3754813671968734
2022-12-27,-0.000514110298037657,-0.795395774419213,6.148211363383161e-05,0.12419856153652348,0.3742950418665859
2022-12-28,-0.0005142518968962331,-0.7980218440321751,6.144922970668128e-05,0.12410491024904327,0.37528237051268354
2022-12-29,-0.0005122152935444426,-0.7958684681640347,6.152441840049119e-05,0.12402333449794573,0.3728570147601913
2022-12-30,-0.0005122274044849553,-0.7963938050933944,6.16224317596235e-05,0.12439501266245848,0.3727853734341451
2023-01-02,-0.0005118633489849019,-0.7987336828793732,6.157438786745638e-05,0.12435156061587505,0.3734624063531433
2023-01-03,-0.0005178079159738709,-0.783766400015833,6.166804014358669e-05,0.12414021815605593,0.3713219341709678
2023-01-04,-0.0005183404695196779,-0.7858059481781967,6.163817311733601e-05,0.1238547823706219,0.3736158360056058
2023-01-05,-0.0005188205031959875,-0.7979702564476098,6.179771543719201e-05,0.12381818793243411,0.3755106865084191
2023-01-06,-0.0005233272456393581,-0.7978192188446567,6.106299748625617e-05,0.12219109940482903,0.3878100548850544
2023-01-09,-0.0005233417415045226,-0.7862068875114021,6.124324738499905e-05,0.12154745241569294,0.3861699289772521
2023-01-10,-0.0005263351593583095,-0.7815235936973244,6.138915230136983e-05,0.12159617536759731,0.3866899896823107
2023-01-11,-0.0005208095891964115,-0.791685480016016,6.137728174046069e-05,0.12201233856252931,0.38685111714154263
2023-01-12,-0.0005212859407045088,-0.7931843977111963,6.12906168549008e-05,0.12160575772463016,0.3902373227529107
2023-01-13,-0.0005042530251271437,-0.8128760973295049,6.140556040869932e-05,0.12170110542813514,0.3845442896926129
2023-01-16,-0.0005120728444728565,-0.7889673252209047,6.141103644537773e-05,0.12238699155648812,0.3847366833418522
2023-01-17,-0.0005170247115215649,-0.7856650978016797,6.144823788778815e-05,0.12230167809561157,0.38694771939800277
2023-01-18,-0.0005099463699469464,-0.7841065814231108,6.142337997934851e-05,0.12301637936620861,0.3820807532380114
2023-01-19,-0.0005195805382576801,-0.7618815673599775,6.178590642142105e-05,0.12365872361125256,0.37820585424535247
2023-01-20,-0.0005207038889329966,-0.7592671085730395,6.170956994731981e-05,0.12357754580999313,0.37798539062726433
2023-01-23,-0.0005206023469592041,-0.7591027164709627,6.182834152997077e-05,0.12370517119139668,0.37796536506760936
2023-01-24,-0.0005233059235105423,-0.7604951041824559,6.175684031144809e-05,0.12353021283269489,0.3800758989470545
2023-01-25,-0.0005235938611992899,-0.7591645883996634,6.168379517651674e-05,0.12341025059987788,0.3805213859262998
2023-01-26,-0.0005226522878739535,-0.7609960895218966,6.186002842851556e-05,0.12376948578393603,0.37902081151359535
2023-01-27,-0.000522868233314759,-0.7606416619605207,6.184833340635864e-05,0.12381720453029478,0.37875961823006976
2023-01-30,-0.0005213417728212185,-0.7634593504629997,6.183401139782614e-05,0.12392578358037848,0.3789522265294356
2023-01-31,-0.000509494677814624,-0.7788078506821393,6.160401657379026e-05,0.12319679059179034,0.3794279366998906
2023-02-01,-0.0005108726807899415,-0.7854124395762723,6.11544535271533e-05,0.12308965852753175,0.3851850606984907
2023-02-02,-0.000513466493181034,-0.7756139568149967,6.2070650535014e-05,0.12481604615482544,0.37781235837475324
2023-02-03,-0.0005187226877508849,-0.7947112605608212,6.212205049287555e-05,0.124149408423237,0.38926143099400967
2023-02-06,-0.0005151483249639305,-0.7720841687317088,6.216995357457349e-05,0.12329752590909294,0.3840543024191816
2023-02-07,-0.0005154969265635878,-0.7707067891687404,6.220153958865105e-05,0.12330019529746362,0.3840854067057883
2023-02-08,-0.0005142546412573686,-0.7702142777312668,6.213093655957286e-05,0.12332794397086876,0.3839068526419399
2023-02-09,-0.0005166476055638638,-0.7662133066662318,6.218381732697338e-05,0.12345347987063797,0.3834061456249953
2023-02-10,-0.0005138742501545664,-0.7659629560959235,6.221506479273774e-05,0.12359054969019549,0.3815812588144456
2023-02-13,-0.0005148104864935291,-0.7603875305985385,6.26410150685928e-05,0.12606093592448053,0.3794046320584634
2023-02-14,-0.000511501831533463,-0.7737177468462614,6.255236556587077e-05,0.12650335490969233,0.38113194666901873
2023-02-15,-0.0005122484301515718,-0.7807158933988796,6.371753309045528e-05,0.12655398344507984,0.3788554538846478
2023-02-16,-0.000495279237183402,-0.8107919032680202,6.364972655695837e-05,0.1262349725262984,0.3810545426381474
2023-02-17,-0.0004931535737675495,-0.8129343048445902,6.349288355662152e-05,0.1259178554588616,0.3815926669767826
2023-02-20,-0.0004931916555535747,-0.8157061778080962,6.335390230476496e-05,0.12567324280506395,0.38326172699983363
2023-02-21,-0.00047665787293848914,-0.8497011451399327,6.323142408028213e-05,0.12563621308843634,0.38736200531832954
2023-02-22,-0.00046243737569933374,-0.8851692642773462,6.289559409993427e-05,0.12524968050736707,0.39331017394780077
2023-02-23,-0.0004475685830812035,-0.9115058566233175,6.128879528128963e-05,0.12199901625390294,0.4053303116776684
2023-02-24,-0.00040090446068101145,-1.0188783426824652,5.948359684401189e-05,0.11891143315527501,0.4327277811001706
2023-02-27,-0.00040109018282235816,-1.0208627942710957,5.942845119666149e-05,0.1187910866056868,0.43392417972385977
2023-02-28,-0.0004063075975054307,-1.012962530245024,5.93428708002699e-05,0.11874530310163173,0.4358054988206024
2023-03-01,-0.0003957138402305733,-1.0231632239291688,5.929072343215269e-05,0.11757959690605983,0.43365787762322494
2023-03-02,-0.0003868081135373091,-1.0227714727586563,5.897715248851538e-05,0.1164412155848767,0.43316131796956925
2023-03-03,-0.00039229099954875713,-1.0147290876420736,5.8731783502786295e-05,0.11678402063802393,0.4365016613930741
2023-03-06,-0.0003972180326713911,-1.0171250623044663,5.87555810505001e-05,0.11699194327508818,0.4363252444604586
2023-03-07,-0.00040008655419755814,-1.0249367099728253,5.8635015427383475e-05,0.11613520263932722,0.44465963043330603
2023-03-08,-0.00041140058573535857,-1.0111867021086636,5.8696206833513555e-05,0.11580934758774421,0.4489451185437725
2023-03-09,-0.0004126196523620464,-1.009602932016593,5.8817250663398156e-05,0.11605576473058309,0.4479331635781767
2023-03-10,-0.00042221353800889937,-1.005682841881791,5.8393062106570986e-05,0.11626991547160195,0.4526674545828556
2023-03-13,-0.0004360136747390995,-1.0044937435221875,5.845538167467261e-05,0.11691610140518198,0.45880584127987967
2023-03-14,-0.00043523552028634966,-1.0064719105694984,5.87842033933556e-05,0.11722093749074053,0.4584313189812509
2023-03-15,-0.00045659003592662234,-0.9525572479744726,5.7766217491301873e-05,0.11470355156216135,0.45802930948749065
2023-03-16,-0.00045085824879888075,-0.9647195692542234,5.749614204275086e-05,0.11485974727653422,0.45793960548402846
2023-03-17,-0.000458789479064974,-0.9672747634005346,5.897180419917389e-05,0.11801427843771022,0.4490847990085355
2023-03-20,-0.0004600389469498198,-0.9632485142810685,5.8905804723642614e-05,0.1175988470785803,0.4487489657264375
2023-03-21,-0.0004645260877018238,-0.9546173604908886,5.993586769716469e-05,0.11932623055725536,0.44027616125223945
2023-03-22,-0.0004726695496069734,-0.9516688094396533,5.9528224031352595e-05,0.11943279504060747,0.445925265119146
2023-03-23,-0.0004712870206121096,-0.9606333722731447,5.9610997470212086e-05,0.11872477136016478,0.447741140221521
2023-03-24,-0.0004704052045190613,-0.9758846741729187,5.955001315680148e-05,0.11805314205288167,0.45095127175078464
2023-03-27,-0.00047765082380911563,-0.9747279506840331,5.904923118565705e-05,0.11757885613469066,0.45514064422000367
2023-03-28,-0.0004778583637556638,-0.9763793189296324,5.892915835548949e-05,0.1171504077812485,0.45780537080096484
2023-03-29,-0.0004785337729507603,-0.9774795443502191,5.888394699304228e-05,0.11705264802801076,0.458763253109884
2023-03-30,-0.00047850243746353426,-0.9788328277225012,5.8873582563528596e-05,0.1169747408691664,0.45947903273500645
2023-03-31,-0.00047710114317519074,-0.9774861611539025,5.894992701482587e-05,0.11720281869464147,0.45784004448460747
2023-04-03,-0.000478056851153031,-0.979575284901586,5.90025497271796e-05,0.11750795600261633,0.4576739337728154
2023-04-04,-0.00048148882584453,-0.9828477752104071,5.948963345178635e-05,0.11851768611494562,0.4562918316292227
2023-04-05,-0.00048054184154876656,-0.9848547808651975,5.943838395761364e-05,0.11844866471842534,0.4565252040450396
2023-04-06,-0.0004764152943098794,-0.9821755830953462,5.9403171826432226e-05,0.1183123439982844,0.4537140721453169
2023-04-07,-0.0004752360692055835,-0.9845952491933704,5.9365959559532416e-05,0.11841888561881068,0.45275258058330325
2023-04-10,-0.0004759284116891713,-0.9853714150030339,5.949895124942447e-05,0.11856090604929688,0.45336339377644597
2023-04-11,-0.0004757431086573502,-0.9859169776018003,5.953214203587227e-05,0.11929219587865782,0.4514192167586759
2023-04-12,-0.0004819325808011891,-0.963503900315368,5.90973206395613e-05,0.11849669576151595,0.45313207724410853
2023-04-13,-0.0004785450810333187,-0.980410522875926,5.917678799202326e-05,0.11838757626600215,0.4547658591622462
2023-04-14,-0.00048103787657308394,-0.9867643622185063,5.9464682950525016e-05,0.11910603120134755,0.4555988671780289
2023-04-17,-0.0004757559791882533,-0.9978727016529136,5.9550421995010825e-05,0.11941128797897628,0.4575113621815642
2023-04-18,-0.00047620478941771006,-0.9975703417168394,6.009733511274691e-05,0.12024970828096808,0.45748477085061756
2023-04-19,-0.00046825897895328306,-0.9982002915208379,6.039529612126151e-05,0.11995270932329286,0.4519827378056599
2023-04-20,-0.00046856099276441687,-0.9984266533094341,6.039254529558096e-05,0.11994511032157092,0.4522284142865304
2023-04-21,-0.00046583916105776804,-1.002307062108438,6.0595560760322466e-05,0.12012163215805668,0.4505466321171754
2023-04-24,-0.0004682855878899632,-1.0047232158512729,6.0627174697088177e-05,0.1200736850270796,0.45129152889523294
2023-04-25,-0.00047397953698308546,-0.9961556401253572,6.047705674727283e-05,0.11973695471775886,0.4517795271022176
2023-04-26,-0.0004762521731776488,-0.9801278866969937,6.039992917500723e-05,0.11989800169195512,0.44789790853180855
2023-04-27,-0.00047340001992503267,-0.9784162478129365,6.029316910817605e-05,0.11992433361255189,0.4461953823590541
2023-04-28,-0.0004747634571256963,-0.9778831706169331,6.0567105352471956e-05,0.11989311897324692,0.4446399797722117
2023-05-01,-0.00047466295220204046,-0.964497107318155,6.03168022804748e-05,0.1204644410352137,0.4410509659126335
2023-05-02,-0.00048738575535156245,-0.9615125368682931,6.002802996221672e-05,0.12062230547677952,0.4460938893176757
2023-05-03,-0.00048620637712495674,-0.9616032330931534,5.995147218556202e-05,0.1203259978588304,0.4470641502089103
2023-05-04,-0.00047797760754331143,-0.9851898657798428,6.0073719736641385e-05,0.12107046551089609,0.44993364520859525
2023-05-05,-0.0004909469779907499,-0.9558426037103136,6.096602634597088e-05,0.12229558931405995,0.44277783661511994
2023-05-08,-0.0005003204749061953,-0.931935476785644,6.07922240988437e-05,0.12222830624530318,0.4449670190537385
2023-05-09,-0.0005011675910129442,-0.9266426587954413,6.098871600576626e-05,0.12253587971062914,0.4426079590808495
2023-05-10,-0.0005001752275135159,-0.923678671433179,6.115069535119878e-05,0.12331706495764964,0.4407469975732976
2023-05-11,-0.0004955910429063814,-0.9332145508610658,6.120595581307182e-05,0.12314978317731436,0.43980798463713433
2023-05-12,-0.0004967033791460405,-0.926766618341007,6.119965876242073e-05,0.12319571518010117,0.43961927042832916
2023-05-15,-0.0004989256006737556,-0.9286100493659476,6.111912218053507e-05,0.12289077326248608,0.44157381944207397
2023-05-16,-0.0005015041894975062,-0.9320461179719529,6.13292892157108e-05,0.12360554419909206,0.44132772209325266
2023-05-17,-0.0005013760860242537,-0.9327262478340186,6.130738961800415e-05,0.12335776017891151,0.4416610096553155
2023-05-18,-0.0004972594045245249,-0.9456373471411468,6.152016716191911e-05,0.1234042647525756,0.4439449627177149
2023-05-19,-0.0004976206916345256,-0.9712385531576543,6.113420047507082e-05,0.12277520040983268,0.451502360757708
2023-05-22,-0.0004978393306017077,-0.9636194968248208,6.107290636712652e-05,0.12296658275953024,0.44931245696154265
2023-05-23,-0.000502637747668067,-0.9562290500986368,6.0738314383622136e-05,0.12226041539283444,0.4525241979949003
2023-05-24,-0.0005032425494340271,-0.9572515405712859,6.0846509808596224e-05,0.12239248545742727,0.4524553896444726
2023-05-25,-0.0005026940345326264,-0.9608732142252104,6.0706126413645025e-05,0.12229242191494337,0.45495882669135934
2023-05-26,-0.0005026452529149195,-0.9615548015181032,6.07279001091776e-05,0.12227253330495746,0.4552071969013157
2023-05-29,-0.0005024032942032176,-0.9629518812022333,6.074290152592236e-05,0.12260544689763087,0.4549762845694417
2023-05-30,-0.0005079170920434199,-1.021648974552658,5.8760868623037714e-05,0.11991989568375923,0.4834264633899841
2023-05-31,-0.0005052787183502421,-1.014130103394495,5.9903154806241616e-05,0.12008333773895688,0.46582796411542204
2023-06-01,-0.0005133202291439235,-1.0140243426520712,6.043336801443035e-05,0.11893298217072455,0.46715112744803255
2023-06-02,-0.0005214877003498324,-1.0076203358557863,6.24283497732878e-05,0.12004174896731942,0.4617691442394629
2023-06-05,-0.0005249246231481669,-0.9959030690852682,6.260539731923143e-05,0.12138886498576738,0.4593254715811491
2023-06-06,-0.0005256498598271534,-0.99101090115234,6.259076555485796e-05,0.12172432732222745,0.4581025852187588
2023-06-07,-0.0005318590741819472,-0.9845461454588293,6.26354243066492e-05,0.12205447080263136,0.4580361223386127
2023-06-08,-0.0005305820765024729,-1.0002656805242784,6.27037034728154e-05,0.12258591997895231,0.46150154372705676
2023-06-09,-0.0005322871368180101,-0.9985644110552678,6.285938748880718e-05,0.12258962962956324,0.46104605756516037
2023-06-12,-0.0005347608977191816,-0.9929482926219496,6.282014394625648e-05,0.12248307330672703,0.4617549587243429
2023-06-13,-0.0005411062218897459,-0.9842194775572486,6.263522342617169e-05,0.12220574155845318,0.46180806885312997
2023-06-14,-0.0005412764688793797,-0.9798348798279669,6.290901068630682e-05,0.12242188962819212,0.46091265615493426
2023-06-15,-0.0005420841920881899,-0.9842341271931684,6.261679954397791e-05,0.12240554734143229,0.4631683527148013
2023-06-16,-0.0005423236083455562,-0.9859984213248818,6.25498650454552e-05,0.12244472507715261,0.46352396565017295
2023-06-19,-0.0005510862532364591,-0.9796522720557314,6.243625142407677e-05,0.1218404746494669,0.46836199581928106
2023-06-20,-0.0005502220326986192,-0.9866135168047897,6.30284824740362e-05,0.12248431672266814,0.4684511881654744
2023-06-21,-0.000550162570321762,-0.9847321604921642,6.30738196330981e-05,0.12253257131503191,0.4677608476474824
2023-06-22,-0.0005634027913384845,-0.9397632486050771,6.284320481572792e-05,0.12360718809892327,0.4655441105250747
2023-06-23,-0.0005600122555129853,-0.9323404749952595,6.289760394719312e-05,0.12313662004931791,0.46056468285128327
2023-06-26,-0.0005599933894980386,-0.9324113706346859,6.297016459725256e-05,0.12329720832657291,0.4605401280390503
2023-06-27,-0.0005615794239607902,-0.9292540953466817,6.306461906170877e-05,0.12348860722826957,0.4601017497135965
2023-06-28,-0.000562694780145431,-0.9255573556385243,6.320328530197598e-05,0.12428846127796357,0.45960478678507777
2023-06-29,-0.0005585955116813892,-0.9234452637707471,6.302566853484459e-05,0.12448380443441671,0.45822109633017394
2023-06-30,-0.0005590611653514818,-0.9233721028937636,6.298300559994983e-05,0.12449617800523384,0.45863978716520537
2023-07-03,-0.000560965825547357,-0.9078803175479122,6.28319483633529e-05,0.12491349555507274,0.45609981052408044
2023-07-04,-0.0005626113093564339,-0.9194877548266467,6.259037862856063e-05,0.12467816997194461,0.46030521517361
2023-07-05,-0.0005599976388815466,-0.9270187625954369,6.252656044039389e-05,0.12533751214874425,0.4612671953152392
2023-07-06,-0.000558084196756761,-0.9216103469243421,6.255916606499155e-05,0.1255017395059854,0.46033107687749353
2023-07-07,-0.000555762231906157,-0.924174798918208,6.238803813618506e-05,0.1244481162745399,0.4612220154920281
2023-07-10,-0.0005452968252907894,-0.9398032121074537,6.23199806007002e-05,0.12415042060345857,0.46231571507661084
2023-07-11,-0.0005560601127232502,-0.9423122446087618,6.249588642632006e-05,0.12359435651845066,0.46698738049128596
2023-07-12,-0.0005527206700110029,-0.9338075374898545,6.233574993603937e-05,0.12288465425499635,0.47032782637880843
2023-07-13,-0.0005488496519624371,-0.9288838541334714,6.243785693036303e-05,0.12328222608984321,0.4673633407677007
2023-07-14,-0.0005451491935476141,-0.9324000052015515,6.249221288627146e-05,0.12317291028633781,0.4665471173369399
2023-07-17,-0.0005475174202882094,-0.9347598199000396,6.283794631782787e-05,0.12320201818901004,0.46338909578804677
2023-07-18,-0.0005481062259324633,-0.939265135197041,6.316002144085616e-05,0.12375702706551994,0.46170228041083927
2023-07-19,-0.0005482009992333917,-0.9396194987579168,6.30709006219259e-05,0.12352741108263542,0.461026571323802
2023-07-20,-0.0005551184428559794,-0.9478447373078992,6.347019005519763e-05,0.12322897017268081,0.462113513891517
2023-07-21,-0.0005527256427197692,-0.9540824535657337,6.355400483218273e-05,0.12338679191306787,0.4626782326199961
2023-07-24,-0.0005538878209656274,-0.9375413445873106,6.333468370199674e-05,0.12328784374434745,0.4605155621170972
2023-07-25,-0.0005520087983724827,-0.9380374619647034,6.384490743806968e-05,0.1236415670850623,0.4549365358872902
2023-07-26,-0.000552392300295836,-0.9381475068840346,6.395375377275167e-05,0.12374790419997363,0.4534769894919245
2023-07-27,-0.00056216622166824,-0.9340141415920789,6.363438667570673e-05,0.12390837775955187,0.4584354710073829
2023-07-28,-0.0005564674653456925,-0.9667427954887353,6.343126526356487e-05,0.12517123559853144,0.4644764471105447
2023-07-31,-0.0005557958424547795,-0.9668486571753818,6.352255165426157e-05,0.1252627637927709,0.46380936555168495
2023-08-01,-0.0005513954882108262,-0.9778885683751707,6.333497965438184e-05,0.12446406582311675,0.4689119496497738
2023-08-02,-0.0005565073041715748,-0.9605955327767126,6.305620776448955e-05,0.12375739150598304,0.4710666398956851
2023-08-03,-0.0005509420730055096,-0.9605303251638162,6.299542935983808e-05,0.1241041509121479,0.4684798311001859
2023-08-04,-0.000539085269276756,-0.9540706704469099,6.283532609211749e-05,0.12475394421451036,0.4626303600474819
2023-08-07,-0.0005429035997209395,-0.9478728626940632,6.301361844009349e-05,0.12486546302062361,0.4636174195581255
2023-08-08,-0.0005412366151111184,-0.9561511069343467,6.295141882135177e-05,0.1247503382210287,0.46273952127183526
2023-08-09,-0.0005416157920410092,-0.9517251961105224,6.30702472051015e-05,0.12532069112364028,0.4601548712735928
2023-08-10,-0.0005412265899123523,-0.9494712802339398,6.273663073601965e-05,0.12530319673793333,0.45936746334725587
2023-08-11,-0.0005413892071481057,-0.9435928273395517,6.277615952380502e-05,0.12513195258304552,0.45855795463384064
2023-08-14,-0.0005420432616895369,-0.941434160720452,6.28873667873984e-05,0.12491699810660524,0.45859661657764084
2023-08-15,-0.0005385584560693621,-0.9431757872357416,6.255736359133678e-05,0.12431475383750279,0.46001514279430566
2023-08-16,-0.0005415798019527678,-0.9482795128808335,6.23891637472385e-05,0.12415660983955559,0.46319437036885125
2023-08-17,-0.000541544703772123,-0.9450429367841284,6.228156665374572e-05,0.12395496237273887,0.4631604089478104
2023-08-18,-0.0005373608816236293,-0.9488252600325524,6.25897420885599e-05,0.12413390757472677,0.46169448803496527
2023-08-21,-0.000538212715696316,-0.9576390158207216,6.272324712326569e-05,0.12461225852586229,0.45918589955265754
2023-08-22,-0.0005385871028067038,-0.958673170072163,6.278344361850384e-05,0.12484409746214556,0.4574311765659955
2023-08-23,-0.0005373072961560017,-0.9587441362779896,6.228591320669125e-05,0.12484828230981974,0.45984823715995493
2023-08-24,-0.000538952581424178,-0.974020767527638,6.21876147669231e-05,0.12541002293508294,0.46070136461863664
2023-08-25,-0.0005361183582965163,-0.9772926514532795,6.202379006554512e-05,0.124921456563527,0.46183533889444595
2023-08-28,-0.000532784550495831,-0.9828340695969356,6.207062293987893e-05,0.12492762726357978,0.4623144291919823
2023-08-29,-0.0005359828515437655,-0.9807205868166329,6.214587497579906e-05,0.1260519261693988,0.46271592645127213
2023-08-30,-0.0005378078275884125,-0.9756377767930807,6.214536904157942e-05,0.12598302704748043,0.4627247237594899
2023-08-31,-0.0005393258320225722,-0.9639332024555203,6.211150348161171e-05,0.12718942993824667,0.45855707750492747
2023-09-01,-0.0005389963144727837,-0.9522135592079853,6.220078515609367e-05,0.12711568682318208,0.4566423731143907
2023-09-04,-0.0005347663791898359,-0.9414269480116539,6.180495475992464e-05,0.12635581536985302,0.4541314318876004
2023-09-05,-0.0005378173157296123,-0.9399657030044479,6.169634979299242e-05,0.125544073036617,0.45837632376599136
2023-09-06,-0.0005409728261363358,-0.9403559394006079,6.173362341725373e-05,0.12512210388055375,0.4605236685773112
2023-09-07,-0.0005398003096724467,-0.9402585592374118,6.159288517837383e-05,0.12496430658089683,0.46031573567679773
2023-09-08,-0.000534853363967584,-0.9542423062618008,6.164085274226233e-05,0.1254887388339104,0.4618983791579322
2023-09-11,-0.0005483988634354476,-0.951306466641479,6.174266775284448e-05,0.12430698078761401,0.4672637067086064
2023-09-12,-0.0005506568651146278,-0.9263894775164736,6.172484920505096e-05,0.12583610511836166,0.4604503915812105
2023-09-13,-0.000564394074378974,-0.9420555535457354,6.235864690669283e-05,0.12609224302563704,0.4592757152304231
2023-09-14,-0.0005672439990386826,-0.9377787004008956,6.244344133360077e-05,0.12600672356419598,0.46010884005358543
2023-09-15,-0.0005575583685269235,-0.9420159152318424,6.418506613738021e-05,0.1263492646754614,0.4476127456519753
2023-09-18,-0.0005697037445776408,-0.9258846022254111,6.549778118947064e-05,0.1275610048363204,0.44903867853866775
2023-09-19,-0.0005757054440500629,-0.9215190661159977,6.57422054476021e-05,0.12746213604274073,0.4507510477223471
2023-09-20,-0.0005609289907837447,-0.9248164796925309,6.745100884650629e-05,0.12725810247039576,0.43652680227937146
2023-09-21,-0.0005584974755303571,-0.9114050244105265,6.722637550724212e-05,0.12783362454205846,0.43319977601351856
2023-09-22,-0.0005688600677010799,-0.9189404267683325,6.747142937160812e-05,0.12758460161383228,0.43575602273331604
2023-09-25,-0.00056740294609961,-0.9171566551640362,6.734404162632825e-05,0.1274593190926713,0.4367275779714048
2023-09-26,-0.0005678633513563963,-0.9176028642746495,6.69957359483166e-05,0.12673596214799862,0.44033275455874143
2023-09-27,-0.000568989937619507,-0.925821596083375,6.633389497261876e-05,0.12517246159039216,0.4488584898413268
2023-09-28,-0.000562407397261736,-0.9153343662313685,6.680693294678256e-05,0.1262858495450219,0.4406372259907788
2023-09-29,-0.0005650629358000699,-0.9188862616856185,6.685575525743803e-05,0.1267310849661192,0.44165151637667277
2023-10-02,-0.0005617612562072186,-0.9306054998043669,6.647811772511883e-05,0.12594886712658449,0.44876235467949543
2023-10-03,-0.0005654314884698654,-0.8939423675370072,6.639613402465402e-05,0.12607268846247816,0.446830516899674
2023-10-04,-0.0005626285736555774,-0.8999333921775827,6.637301138784375e-05,0.12669143878903136,0.4460936251431111
2023-10-05,-0.0005632625097829024,-0.9029649822440379,6.628036016760995e-05,0.1264411471598087,0.4476558128155883
2023-10-06,-0.0005557904528662531,-0.9092467358674245,6.62867720607124e-05,0.12579320185750903,0.44238757244168836
2023-10-09,-0.0005552598287438654,-0.9128852985010991,6.726765619070317e-05,0.12782976536972382,0.4358216459506894
2023-10-10,-0.0005374933300578567,-0.9019433867870161,6.685327025998825e-05,0.12785218281824381,0.4271164756863701
2023-10-11,-0.0005401725926183162,-0.8977147787394166,6.674385663606969e-05,0.1281318537273581,0.4284672392847889
2023-10-12,-0.0005389336413695114,-0.9032390511664972,6.656201144239754e-05,0.12825163040954754,0.4297261061103189
2023-10-13,-0.0005695572285494303,-0.8476996334245392,6.913941487943533e-05,0.13440222501746077,0.4109400084083915
2023-10-16,-0.0005790321990917592,-0.8330921953265303,6.943364289126773e-05,0.13451444626904369,0.4121179732671092
2023-10-17,-0.0005766152365909663,-0.8268102145068902,6.902927329162011e-05,0.13451870289656437,0.4102542800263307
2023-10-18,-0.0005748968818741818,-0.7846535170008406,7.041259906570807e-05,0.1365684583105995,0.3909729844689791
2023-10-19,-0.0005719223023238655,-0.783212253294518,7.073010388076804e-05,0.1372281419753575,0.38674005726769023
2023-10-20,-0.0005708045560533969,-0.7850768026536159,7.0535646575341e-05,0.13688055591160092,0.38807703636037916
2023-10-23,-0.0005841132843287096,-0.7939705426550336,7.08476278533638e-05,0.13672617408632548,0.39125199506937913
2023-10-24,-0.0005851201727963681,-0.7374345827837128,6.950595836670828e-05,0.13523772750438168,0.38498885172998054
2023-10-25,-0.0005726865200657611,-0.7644072649239182,6.934760668730083e-05,0.13637394166151567,0.3848588519817847
2023-10-26,-0.0005678756490876558,-0.7410284851984194,6.83227978229662e-05,0.13519415589376077,0.3805266421335465
2023-10-27,-0.0005678498602576584,-0.7488045413345646,6.853735717954444e-05,0.1354244971563549,0.380550774333959
2023-10-30,-0.0005554532941500126,-0.7292215408327716,7.005555961908765e-05,0.136103393192579,0.3506978303357755
2023-10-31,-0.0005549958775366802,-0.7328051825492932,6.996400375079225e-05,0.13563481299811914,0.35229626298114014
2023-11-01,-0.0005416400552264829,-0.7469679668573853,7.066217463953101e-05,0.14006013653989136,0.34753026608398585
2023-11-02,-0.0005393648391067531,-0.7304958048982961,7.082114597680225e-05,0.13951333308378128,0.3445315639637554
2023-11-03,-0.0005419176959107293,-0.696321114139417,7.122814255792718e-05,0.1384724510588685,0.3421555336481886
2023-11-06,-0.0005476620572295118,-0.6948964427275601,7.126397867323784e-05,0.13888039927154705,0.34114890723551117
2023-11-07,-0.0005386763273234198,-0.7097815973755068,7.12847479022948e-05,0.13847764145472913,0.33897375067377367
2023-11-08,-0.0005370337148757074,-0.7016113041720069,7.207155891703126e-05,0.14117905650987408,0.3334608335779452
2023-11-09,-0.0005243659864650418,-0.7177990795229594,7.173367644217487e-05,0.14168005761798577,0.3290926432627046
2023-11-10,-0.0005237899470592378,-0.7180941798958789,7.217149383128501e-05,0.142737452549965,0.325147696320943
2023-11-13,-0.0005230196576372111,-0.7108296826957872,7.238170025816327e-05,0.14303341814248421,0.3222044677552428
2023-11-14,-0.0005165616262884583,-0.6997506353224856,7.206973387010514e-05,0.14240712434329245,0.323524192308387
2023-11-15,-0.000516040510216093,-0.6960234677344914,7.19327583396179e-05,0.14205598864044724,0.3216535576608477
2023-11-16,-0.0005267684612767994,-0.686775720380888,7.203543647592545e-05,0.14206675076423567,0.3245680987691979
2023-11-17,-0.0005215158700299962,-0.6859958945636291,7.301600374262167e-05,0.1420693556177009,0.3184958769433742
2023-11-20,-0.0005202694380717651,-0.6708451570218034,7.350181935808129e-05,0.14443763970610485,0.3025323319247244
2023-11-21,-0.0005245050378861298,-0.6684386323245827,7.404275420507264e-05,0.14495213535330642,0.3021325468903946
2023-11-22,-0.0005156201874727486,-0.6624639042255857,7.418611698403751e-05,0.14441222442029764,0.29319806096604195
2023-11-23,-0.0005141033007267208,-0.6680076963302569,7.419661727288659e-05,0.1447006761788713,0.2937724448011564
2023-11-24,-0.0005086213597099568,-0.6744811824029949,7.400635214740429e-05,0.14404988807946356,0.2918676938465228
2023-11-27,-0.0005104988710439127,-0.6732308057503454,7.414560498151694e-05,0.1445192548610403,0.2923865835791615
2023-11-28,-0.0005234020428384113,-0.6765731142261062,7.44716048930292e-05,0.14397934948299043,0.30091540362799774
2023-11-29,-0.00052270611096662,-0.6710523147145493,7.411338776745352e-05,0.14369190825486247,0.29976030304244083
2023-11-30,-0.0005203629805645522,-0.646325769192938,7.379900865203439e-05,0.14440765079485784,0.2931733316724382
2023-12-01,-0.0005307701920272171,-0.6466256973441025,7.332541147619535e-05,0.1447528047204086,0.301205400447922
2023-12-04,-0.0005478940588048935,-0.6286450173065584,7.358611977478419e-05,0.14602281368927358,0.3071834484699958
2023-12-05,-0.0005509427881371209,-0.6371355387851116,7.309480153289594e-05,0.14482134722985357,0.3121432479166196
2023-12-06,-0.0005508217993235066,-0.6373642590407936,7.331004168773025e-05,0.1448957640798541,0.31212286913209164
2023-12-07,-0.0005598718615034152,-0.6116164212629658,7.263995140137974e-05,0.14379378601116252,0.3161133024783179
2023-12-08,-0.0005665225080062313,-0.6106825931530275,7.29810132369561e-05,0.14449613826908472,0.31819129359366805
2023-12-11,-0.0005602230650277022,-0.6215250288229277,7.322403313332862e-05,0.1446114302976511,0.3164020843488361
2023-12-12,-0.0005654661321066272,-0.611717842057238,7.344469359436705e-05,0.14472871030412487,0.31740220337499025
2023-12-13,-0.0005974553738596302,-0.5663796805877869,7.2642870811227e-05,0.14458017053964858,0.32357474509948203
2023-12-14,-0.0005893763974376656,-0.5048119846472574,7.263629834323689e-05,0.14218405489600186,0.31782250796195377
2023-12-15,-0.0005870176282642586,-0.5095868969811973,7.287228012676953e-05,0.14269016449593117,0.31574723515015213
2023-12-18,-0.0005834002448672895,-0.5065475012707408,7.300692986115932e-05,0.1431558694866881,0.31201135079914266
2023-12-19,-0.0005837217564072178,-0.5093127572053587,7.30237003090218e-05,0.1428993266884238,0.31288396596686663
2023-12-20,-0.0005757002817013593,-0.5176999921011916,7.30704795857249e-05,0.14331553064209543,0.3089867670895997
2023-12-21,-0.0005641853339466264,-0.5473146564601482,7.330127182971238e-05,0.14437642513522797,0.3088132185016972
2023-12-22,-0.0005624219530537891,-0.5460221329170947,7.331358631086436e-05,0.14464492235571771,0.30608501755232465
2023-12-25,-0.0005642291732791781,-0.5275093065102922,7.307139870843234e-05,0.14482264301630293,0.30421767433612124
2023-12-26,-0.0005581976185793521,-0.5185373440631997,7.344738276722252e-05,0.14580175352673924,0.2921170279318269
2023-12-27,-0.0005563046563657982,-0.5294196162615263,7.334095780916602e-05,0.1472272415070515,0.2934363700572501
2023-12-28,-0.0005624476416392551,-0.5266041471600102,7.328623412984277e-05,0.146993322873714,0.29641488134564364
2023-12-29,-0.0005653942295416585,-0.5257341356201625,7.32880583472764e-05,0.14684524486451342,0.2979068345875693
2024-01-01,-0.0005638833111897684,-0.5200957169593245,7.336024505096275e-05,0.14747366588367294,0.293173641708535
2024-01-02,-0.0005828094125442673,-0.48804625140000246,7.30118482191786e-05,0.1448968982578198,0.3020921926343838
2024-01-03,-0.0005772441497147764,-0.5040081211625622,7.311336489604963e-05,0.1448111849809666,0.30069614121856336
2024-01-04,-0.0005725552553506639,-0.5076828598113532,7.303609033783865e-05,0.1447266923853881,0.29881050464725933
2024-01-05,-0.0005827249732183117,-0.5069703154337821,7.29635874773265e-05,0.14385561635638391,0.3042883829704912
2024-01-08,-0.0005631242389046575,-0.5405974360053253,7.302253884690055e-05,0.1443489014076306,0.30182006070363165
2024-01-09,-0.0005623744218208321,-0.5390341120965286,7.324797904055221e-05,0.14435064483133364,0.30106371173554414
2024-01-10,-0.0005625231825635826,-0.5391855578863101,7.32450945070943e-05,0.14442491375690378,0.30113031224605513
2024-01-11,-0.0005614642629293269,-0.5403520458159419,7.314609951044185e-05,0.14428586370537202,0.30069599400190883
2024-01-12,-0.0005633053292680876,-0.5425098427653723,7.307269434955471e-05,0.1442602734996191,0.3032184261488464
2024-01-15,-0.000564983273183737,-0.5397151287563458,7.278225719638373e-05,0.14368170979337652,0.3053175701958425
2024-01-16,-0.0005649143354905447,-0.5421410840150623,7.282005139627966e-05,0.14210485249474658,0.3091538001718689
2024-01-17,-0.0005657254105542226,-0.5523088343535867,7.320549557527786e-05,0.1422040573749523,0.3106552524103795
2024-01-18,-0.0005658604534884074,-0.556938604700993,7.330013141538983e-05,0.14233052573204383,0.31112809750661163
2024-01-19,-0.0005616031843922759,-0.5585759723411854,7.389496944490946e-05,0.14216314188470053,0.3053010944891742
2024-01-22,-0.0005478282622250355,-0.5867752615581251,7.274493815249149e-05,0.14002033842000797,0.3112349963947776
2024-01-23,-0.0005365253864482661,-0.5328073774796701,7.254780971505581e-05,0.14077281308615255,0.28958913169226763
2024-01-24,-0.0005448748733344462,-0.5415143568957632,7.236920202647259e-05,0.14146964631022854,0.293113326175674
2024-01-25,-0.000547115830537881,-0.5371019397691829,7.229742562126075e-05,0.14122129107872028,0.29307831378475735
2024-01-26,-0.0005492677699215514,-0.5360461470070743,7.244062801786695e-05,0.14111209364325175,0.2930973908986244
2024-01-29,-0.0005487839888597527,-0.5369696772640116,7.219003797918058e-05,0.1407849080327522,0.29372584787978295
2024-01-30,-0.0005526735355165168,-0.5384117549181322,7.217985918964601e-05,0.14037459484268036,0.2959503709229071
2024-01-31,-0.0005479211031629103,-0.541565400223031,7.200107368399802e-05,0.1403930332651551,0.2950216335651188
2024-02-01,-0.0005532156519177429,-0.539758856768737,7.215023050699228e-05,0.1406871802102424,0.297110652013839
2024-02-02,-0.000555735269879045,-0.5233358177935465,7.149296270806248e-05,0.1407235564114283,0.30082833851203883
2024-02-05,-0.000555641368722561,-0.5228776243820046,7.140803302607122e-05,0.14056593542330723,0.3023163953660015
2024-02-06,-0.0005552193384892345,-0.5238515912715604,7.14232101547812e-05,0.1404385145082649,0.30313906429564375
2024-02-07,-0.000555283547895974,-0.523734440299709,7.141757412450298e-05,0.14042654855146103,0.30315430074629635
2024-02-08,-0.0005543092666825867,-0.5232025231715759,7.154243446869321e-05,0.140458982027965,0.30218054899483016
2024-02-09,-0.000556399404012168,-0.5172490439079851,7.150458788171383e-05,0.14046158190381536,0.3024762249115629
2024-02-12,-0.0005577569158659754,-0.5140115228448925,7.160488007932555e-05,0.14069088264668986,0.30244353334679264
2024-02-13,-0.0005613965307345734,-0.5224959535275808,7.173495314198618e-05,0.14085781827674432,0.30598480564711916
2024-02-14,-0.00055908955412587,-0.5212293201183273,7.169846668815281e-05,0.14099650312244721,0.3045652497525796
2024-02-15,-0.0005600593649806975,-0.5228404622574852,7.192068621329347e-05,0.14107826268204093,0.30466687300161566
2024-02-16,-0.0005679514985611933,-0.5025358293191751,7.24016602275422e-05,0.14256478233948303,0.30546914137628944
2024-02-19,-0.0005678986907354907,-0.5070334496073735,7.237750628794133e-05,0.14293210016502345,0.3058995278749015
2024-02-20,-0.0005682210392879743,-0.5082460375339508,7.315887886137424e-05,0.1430167564623044,0.30167921384549434
2024-02-21,-0.0005647798240830838,-0.5149565944960466,7.320175321516497e-05,0.14321689045851083,0.30154429002994154
2024-02-22,-0.0005596258938151564,-0.49047018605986903,7.300481849566123e-05,0.14410437824366557,0.29109465168436544
2024-02-23,-0.000563100108079884,-0.488233932261947,7.304815978511088e-05,0.14411172506053027,0.2926936420984453
2024-02-26,-0.0005604175130878772,-0.4902104235882616,7.290952505965892e-05,0.14376863050483413,0.2924576399141121
2024-02-27,-0.0005392289274401424,-0.49827368892741775,7.404816268003425e-05,0.14323935793043965,0.2778768907174456
2024-02-28,-0.0005188627156316598,-0.4958608837768496,7.378950825518091e-05,0.141769312950311,0.2663784784237394
2024-02-29,-0.0005195126999946247,-0.49274473789845896,7.374362562687199e-05,0.14172128106367343,0.26614271446180693
2024-03-01,-0.0005133732282126553,-0.529678677554235,7.582578207213423e-05,0.14734467611597699,0.2676627506496012
2024-03-04,-0.0005216323293498091,-0.522648479488798,7.755705370943076e-05,0.14980526750493284,0.2660185798421454
2024-03-05,-0.0005092391553134726,-0.5183837683914851,7.51491885117297e-05,0.14541090709128965,0.2698875124635004
2024-03-06,-0.0005068949532313137,-0.5297275585619794,7.55180531262997e-05,0.1462687228199997,0.2705770591320238
2024-03-07,-0.0004970531197007791,-0.5488374799130816,7.437477254518687e-05,0.1438601379824,0.27578557581679985
2024-03-08,-0.00048127319780782865,-0.5591726765594327,7.543731082356501e-05,0.1437586694473524,0.26522405038237173
2024-03-11,-0.0004853173767299237,-0.5318135425151425,7.533345269312442e-05,0.14517779504398232,0.26114535865434896
2024-03-12,-0.0004992253728798729,-0.4988861657689457,7.558234350102376e-05,0.1466950502321833,0.2619214864006074
2024-03-13,-0.00048642260918540104,-0.5176384461862902,7.670375948426396e-05,0.147504414565491,0.25680062538024206
2024-03-14,-0.000484184950846722,-0.5121980803584577,7.634840328266733e-05,0.14790791389998373,0.25509808873742645
2024-03-15,-0.0004838789999785777,-0.5140196044592531,7.62618302890573e-05,0.14768409095804946,0.2557353755642059
2024-03-18,-0.00048155603223545265,-0.506627488791505,7.616431626666086e-05,0.14769128283116495,0.25301337668922497
2024-03-19,-0.0004862374457774197,-0.5066583112210955,7.58667722810051e-05,0.1466879326482886,0.25644957729764783
2024-03-20,-0.0004903643280180813,-0.5027861061156491,7.60066245266985e-05,0.14708010390420753,0.25694230438623034
2024-03-21,-0.00048230842545578077,-0.4969603210304831,7.518028332876961e-05,0.14545688392125292,0.25522568110757204
2024-03-22,-0.0004712885478712998,-0.5179049239176324,7.52198824545181e-05,0.14553226518209514,0.2521137799244154
2024-03-25,-0.0004692490028894774,-0.5219952667251342,7.488247597632764e-05,0.14499474543881552,0.25288671995088885
2024-03-26,-0.0004731798228643039,-0.5190403703091361,7.516098804559137e-05,0.14502483216262121,0.25363941554006486
2024-03-27,-0.0004784045089182137,-0.5063029514318669,7.507357849323407e-05,0.14543307537835992,0.2541222470148241
2024-03-28,-0.0004805123728454222,-0.4975830354123276,7.559905680524366e-05,0.14661994607555373,0.2506792812257792
2024-03-29,-0.000481511999031974,-0.4923377524588316,7.563976397831643e-05,0.14734549212867598,0.24985601439200456
2024-04-01,-0.0004761526262353835,-0.4397869600360469,7.611700073496611e-05,0.1494661078398419,0.23534168402203415
2024-04-02,-0.00046456719056315026,-0.43679377042383166,7.612706660563356e-05,0.14961111485236744,0.2269856915175935
2024-04-03,-0.00046256552410155357,-0.44489734921653273,7.63408395652831e-05,0.14995772458066828,0.22579496154155532
2024-04-04,-0.0004621586766803123,-0.4339816456197866,7.661936885528597e-05,0.15048715929203402,0.2225337840669418
2024-04-05,-0.00045250915452183275,-0.42457938838417525,7.788676143318693e-05,0.15315033255065263,0.20983266804694922
2024-04-08,-0.00044958232315657715,-0.43139002000466237,7.798839388747565e-05,0.1531649027331742,0.20877029756901266
2024-04-09,-0.00045195358942416535,-0.423005094475724,7.758857815905281e-05,0.15262378772741925,0.2098495317796829
2024-04-10,-0.00045284751106950517,-0.4240547168433438,7.727206372970728e-05,0.1519620009525459,0.21558796709882355
2024-04-11,-0.00044880851224799915,-0.4280644730786649,7.94223392483372e-05,0.1557864864424185,0.20818434090107107
2024-04-12,-0.0004246821283341404,-0.4894364626145673,7.953244161536787e-05,0.15536852090121359,0.20616056540835903
2024-04-15,-0.00040317703693683305,-0.4984939759263439,8.115515266548906e-05,0.15867513716604476,0.19065141693744136
2024-04-16,-0.0004036338231989808,-0.4876563599185333,8.122731191549589e-05,0.15796139509113247,0.1892425570656704
2024-04-17,-0.0003977501613275507,-0.48781369279412223,8.192321883785788e-05,0.15869723915562178,0.18396806297991464
2024-04-18,-0.000367366483788605,-0.5217639506013397,8.223590543337635e-05,0.15804383664193597,0.178116120810078
2024-04-19,-0.0003669303062460479,-0.5154755645254024,8.215955427344105e-05,0.15821821137858727,0.17544430051732374
2024-04-22,-0.0003671926156336924,-0.5073245602797878,8.443502780325923e-05,0.1626125792618892,0.16607062456915578
2024-04-23,-0.0003474501473673537,-0.5496501401563928,8.392494102227291e-05,0.1618014717183886,0.1693697182103029
2024-04-24,-0.000349853770476869,-0.5479182103052401,8.405400431032027e-05,0.16181609876825867,0.17016579056000247
2024-04-25,-0.0003447598627650165,-0.5606482618909951,8.388178365817427e-05,0.16173472448247903,0.1708518497336966
2024-04-26,-0.00034775777455719293,-0.5620705319640903,8.369697175649544e-05,0.16152353473674805,0.17242112358934458
2024-04-29,-0.00035622328751350575,-0.5332211558611395,8.380326888657839e-05,0.16172344456453455,0.1708790428004422
2024-04-30,-0.00036316480999759,-0.554452962424336,8.47918790965594e-05,0.16355926601973228,0.1756807066845013
2024-05-01,-0.00036799067506098525,-0.5485925967748251,8.500837045748498e-05,0.16414785183011069,0.1760910412848551
2024-05-02,-0.00036128821154268997,-0.5374478521411127,8.481774017270026e-05,0.16298602234212972,0.17238842081303707
2024-05-03,-0.0003593365753574838,-0.5298757261641031,8.485258373856768e-05,0.16365904030194853,0.17017560119844233
2024-05-06,-0.00035417192269943587,-0.5258399557576408,8.486198416975325e-05,0.16366297621863993,0.16608318684568213
2024-05-07,-0.000362081029768674,-0.5109806573476449,8.485567993527899e-05,0.163690937552226,0.16738834923912693
2024-05-08,-0.00036257096909437717,-0.5102289117722818,8.486901729943158e-05,0.16393202208989074,0.16723601204217264
2024-05-09,-0.000370674838621367,-0.5049383850827365,8.561950069331616e-05,0.1655086609917731,0.16797755530504033
2024-05-10,-0.00036344693448116716,-0.511924950883835,8.561731657696171e-05,0.16543555993793252,0.16572741452772333
2024-05-13,-0.0003551847977713704,-0.5121625028104531,8.638543709738023e-05,0.16631102861650776,0.15914639135996322
2024-05-14,-0.00035757867795125915,-0.5109463968793668,8.646462505948023e-05,0.1666457422429367,0.15964404077743
2024-05-15,-0.00036089375733675916,-0.5228952895865926,8.656933055242551e-05,0.16653326956372436,0.1645857558877586
2024-05-16,-0.00036079440056183365,-0.5203139149774373,8.720635970398371e-05,0.1666999731674992,0.16285663501358882
2024-05-17,-0.00035257965681634914,-0.5300160128853093,8.82334846233818e-05,0.16916170758198681,0.15826121345193478
2024-05-20,-0.0003543549182927376,-0.5194824261861011,8.84500676053141e-05,0.17183323517510415,0.1556916288499809
2024-05-21,-0.0003399024262055889,-0.5363197909774579,8.796986184229349e-05,0.17055670518560312,0.1546058818736712
2024-05-22,-0.00033784151454715637,-0.5492839146841528,8.90884886505607e-05,0.17264559893364495,0.1531949475886848
2024-05-23,-0.00035241537316980183,-0.549315523434159,8.997567134637516e-05,0.1747520986376514,0.15687438035950996
2024-05-24,-0.00033753380778433535,-0.566753616199975,9.007869737302483e-05,0.17440983347067965,0.15515329910130726
2024-05-27,-0.0003331148446557645,-0.5601218022932118,8.984342841092459e-05,0.173905770754438,0.15220670017912896
2024-05-28,-0.00031951401752651726,-0.5822164734804458,8.989639027164354e-05,0.17428673929288185,0.15013470662383044
2024-05-29,-0.00031911404281003103,-0.5960120680198908,8.998536258442233e-05,0.173387997628482,0.15395979694058337
2024-05-30,-0.0003036604231410788,-0.6225126882333047,9.050892189653037e-05,0.17463345898715585,0.15440018641666098
2024-05-31,-0.0002986082271243017,-0.6354332767203943,9.05276120505973e-05,0.17519906014859743,0.15429483435324265
2024-06-03,-0.0003070491688859832,-0.6200771448675954,9.060542082409054e-05,0.17472915417624138,0.15284834897280153
2024-06-04,-0.0002921572321904701,-0.6474778416069866,9.05412621083697e-05,0.17458653980004524,0.1518650489093012
2024-06-05,-0.00029452503547362503,-0.6524775915642296,9.080179260193217e-05,0.17508228189139768,0.15332617549805294
2024-06-06,-0.00030283398645495046,-0.6306655527712274,9.093384003749024e-05,0.17587949438576073,0.15232068816611555
2024-06-07,-0.00032008513420375673,-0.7320717399721623,9.318866489584073e-05,0.17854419847599381,0.1800094242330249
2024-06-10,-0.0003130059135108156,-0.7243532943884712,9.350375397961506e-05,0.17868048832327607,0.17521612173493828
2024-06-11,-0.00031088413771683716,-0.7304659996174832,9.356879250969293e-05,0.17925779188769217,0.1757774701343825
2024-06-12,-0.0003109453019651633,-0.7298511966434515,9.356701278722501e-05,0.17925481424163942,0.17592713148499983
2024-06-13,-0.00029551650277904,-0.7544920077474371,9.350288607622329e-05,0.17949731660868984,0.17472836366162614
2024-06-14,-0.0002997491974901528,-0.7421696640437968,9.44549543891815e-05,0.1816031277966293,0.17188446590114392
2024-06-17,-0.0003063005507582448,-0.7386998015479543,9.529435567452805e-05,0.18183100861196483,0.17255042877029503
2024-06-18,-0.000304122030994711,-0.7387527933259215,9.536604979585092e-05,0.18173146714129818,0.1718570263760476
2024-06-19,-0.0003040664182965717,-0.7388071757781367,9.54447456032248e-05,0.1819225372502721,0.1718293093190023
2024-06-20,-0.0003093174991517719,-0.7252881804677951,9.591189775605221e-05,0.18272842914234202,0.169374864703845
2024-06-21,-0.00031500387334631297,-0.7134317302015083,9.713569592800634e-05,0.18440813327647768,0.16590710827298705
2024-06-24,-0.0003158644012386041,-0.7172477230317604,9.723551645413316e-05,0.18383788191733252,0.16583421615625982
2024-06-25,-0.0003154805460674797,-0.7145496191418886,9.756145177384966e-05,0.18606276518521234,0.16404636041428122
2024-06-26,-0.00031898103288676804,-0.7195365242865712,9.767740832880448e-05,0.18626684422450004,0.1664187407632869
2024-06-27,-0.0003248404370340563,-0.7109460604726073,9.790546591227826e-05,0.18696664357912293,0.16580072488370112
2024-06-28,-0.00032353913818249623,-0.7072305488977793,9.795321172456789e-05,0.18845529561237703,0.15807400783342607
2024-07-01,-0.0003218829310479271,-0.7144754874480073,9.782595926381274e-05,0.18872802662865693,0.15811105308694218
2024-07-02,-0.0003174715570935096,-0.7179536851835551,9.83228592086967e-05,0.18922509695505407,0.1573381001603068
2024-07-03,-0.0003181348185451909,-0.7296451307197303,9.854807331648327e-05,0.18889835811937758,0.16062848943900376
2024-07-04,-0.00032108991918525145,-0.7217177065569871,9.822889116034796e-05,0.18832888296963746,0.1610243626888641
2024-07-05,-0.00032990024623972603,-0.7232865530289309,9.840121487650681e-05,0.18943876247761315,0.16526120326483085
2024-07-08,-0.00033865299831392957,-0.7027398530206022,9.910728746285435e-05,0.1907876066249691,0.16290550607361698
2024-07-09,-0.0003391691924224028,-0.6991019565687562,9.916615968266698e-05,0.19132053119177572,0.1623163299519056
2024-07-10,-0.0003393072694783829,-0.703227657270193,9.901589555281942e-05,0.1910411131687213,0.16378302488610097
2024-07-11,-0.0003487576134808798,-0.7155536232784905,9.941959569696397e-05,0.19152915225384828,0.16986229282897614
2024-07-12,-0.00034915059663323707,-0.7088527410392675,9.944132968758624e-05,0.19121128658022146,0.16874000306050485
2024-07-15,-0.00032425379337875943,-0.7240739089092101,0.00010047022555765169,0.1908198765702973,0.16222194461527184
2024-07-16,-0.0003374694459414434,-0.7048981839079144,0.00010140603308959688,0.19249120373038206,0.16028826763457882
2024-07-17,-0.00033894483057408963,-0.6974242799183427,0.0001015833204350434,0.19264459160495637,0.15902324724215178
2024-07-18,-0.0003341329128090327,-0.6952705367250818,0.00010161442950765274,0.1934837395782108,0.15440099256837103
2024-07-19,-0.00033790631701782357,-0.7100353088105837,0.00010241988116163194,0.1956131849440653,0.1561481718747687
2024-07-22,-0.0003438261493175713,-0.7086344950692285,0.0001030216373156446,0.19552926754544,0.15697181296352247
2024-07-23,-0.00035752089847913604,-0.7096696506968241,0.00010414001719763145,0.1953082432059842,0.1585119567709552
2024-07-24,-0.00035875054511800414,-0.7085097009502361,0.00010408511665564085,0.19551933622267578,0.1588030834094626
2024-07-25,-0.00036148952603289595,-0.6924021708891438,0.00010536299801108641,0.19887218367180698,0.154084245412612
2024-07-26,-0.0003701364170954265,-0.6855388725100744,0.00010498919999148374,0.1987360001836096,0.15575950512815284
2024-07-29,-0.0003695803883519465,-0.6866152338255004,0.00010626669422001152,0.19955793725000437,0.15582411291974085
2024-07-30,-0.0003747105031094561,-0.6833719929697135,0.00010642618927936325,0.20034585925002826,0.15570600432171133
2024-07-31,-0.00037515227095217857,-0.712298834175869,0.0001068650565152115,0.2006163543582836,0.1610909042719183
2024-08-01,-0.0003672631917449827,-0.7236421419261326,0.00010666178997237426,0.20013233967244254,0.15985829463609547
2024-08-02,-0.000363553422024283,-0.71472704657391,0.00010711703864174028,0.19991925381727707,0.15664261606005137
2024-08-05,-0.0003485346467554293,-0.7330385256288825,0.00010755608069339028,0.2011112818417384,0.15311039601375132
2024-08-06,-0.00035669080247600416,-0.7283296772645642,0.0001072822867710779,0.2012040977533311,0.15500840680002903
2024-08-07,-0.0003604915507563108,-0.7254195008516124,0.00010698996440647428,0.20080939771776402,0.15585047680190733
2024-08-08,-0.00035271214144799224,-0.7402128289015606,0.0001076054742089562,0.2020000120912284,0.15421195079341554
2024-08-09,-0.00034892079176679846,-0.7353278682233655,0.00010913997815523803,0.20128836880939782,0.15040227007986695
2024-08-12,-0.0003714661495402704,-0.7004644068120649,0.00010979970731534693,0.2020228323432546,0.14892575478002623
2024-08-13,-0.000370245971262393,-0.6970090002333292,0.0001098632789416902,0.20233857178084733,0.14777423484008934
2024-08-14,-0.0003814568187866222,-0.6594858972170908,0.00011008109117352375,0.2017055835684054,0.14385135257957116
2024-08-15,-0.0003729911582429934,-0.6629010089019967,0.0001104140365872848,0.2016897155674873,0.14154657554313477
2024-08-16,-0.00036406383330861436,-0.686362620579585,0.00011215119771711285,0.2054135484569591,0.13974315139152838
2024-08-19,-0.00036647037018278073,-0.6702019445987046,0.00011241234021965771,0.20562918930932736,0.1377718398569685
2024-08-20,-0.0003698798206904668,-0.6782416234210605,0.00011233945153363762,0.20590645901663404,0.13932732342671994
2024-08-21,-0.0003679634212174361,-0.6807914667847684,0.00011224274895088798,0.2058365192354384,0.13912061389186892
2024-08-22,-0.00036809618413044325,-0.6896800490441708,0.00011247476007361128,0.20664345379239163,0.1395133294189902
2024-08-23,-0.0003691962887161802,-0.6934262270745526,0.00011245755316569661,0.20536209866001273,0.1428538627021867
2024-08-26,-0.0003719667742862527,-0.6877195000479044,0.00011272879969232616,0.20535776053290306,0.14264141600661362
2024-08-27,-0.0003725263154175237,-0.6852159723837977,0.0001127875392722968,0.20533042666806414,0.14238395980098917
2024-08-28,-0.00037156662513364986,-0.6922161092125201,0.00011325160469261536,0.2074185771423972,0.14257588194325943
2024-08-29,-0.0003726139556398468,-0.6836970162459124,0.00011325071720034524,0.20710053634275713,0.14169086021615507
2024-08-30,-0.00037869731038617965,-0.6860587494098167,0.0001130588531119846,0.2071746452360873,0.14409022100264046
2024-09-02,-0.0003803856948969819,-0.6862950680168429,0.00011319321713798146,0.20714910087302196,0.1443522862294243
2024-09-03,-0.0003800446123278723,-0.6923702493554921,0.00011284787120378438,0.2058423897316695,0.1455649373390978
2024-09-04,-0.00037811422112986,-0.6906154148046466,0.00011284723718440491,0.20566980911038235,0.14493982842773312
2024-09-05,-0.0003768971122754751,-0.6935309174170465,0.00011319803195452819,0.2060480766717416,0.14464924356439068
2024-09-06,-0.0003746596490161262,-0.6979292460496148,0.00011344179313778327,0.20663963709594382,0.14415170764429708
2024-09-09,-0.000376277253163303,-0.692057844520992,0.00011381154974394934,0.20656603570234477,0.14115753324732394
2024-09-10,-0.0003793335753908155,-0.6850970130898696,0.00011376082646570357,0.20610602795572236,0.14070595690750953
2024-09-11,-0.00038089265675386974,-0.6824776270200329,0.0001143926338399172,0.20632746092510726,0.13837437317153467
2024-09-12,-0.00036551787751414066,-0.7077238882595689,0.00011494445546513173,0.2070343034641768,0.13598563863783897
2024-09-13,-0.00036383093287757975,-0.6980137770341265,0.00011469825352336873,0.20548805718045277,0.13508033095138305
2024-09-16,-0.00037006932866022804,-0.7109200238495668,0.00011439624158146355,0.20505153098520532,0.13917550100795162
2024-09-17,-0.0003561284623565041,-0.7348137723764034,0.00011443565189063076,0.2049732215277589,0.1397697527428492
2024-09-18,-0.0003599703020469447,-0.7195870566343897,0.0001145614285537542,0.20586077257638774,0.13524192801484103
2024-09-19,-0.0003655890373588825,-0.7400474073470529,0.00011546686730963029,0.20710999040115688,0.1367409997921918
2024-09-20,-0.00036446849488948026,-0.7383392536146927,0.00011604926627542696,0.2079609044736487,0.1349241076712776
2024-09-23,-0.0003645536918925123,-0.7369960399138098,0.0001160525963586996,0.20827223429420727,0.13448878013898535
2024-09-24,-0.00037129429896207557,-0.7373719702569146,0.00011737277780936345,0.21077519168919984,0.13625754285267955
2024-09-25,-0.00037103908334522984,-0.7361161922595265,0.00011622100824044501,0.20898858185613348,0.13867979989476453
2024-09-26,-0.00038930784478108794,-0.7434837826040137,0.00011677685887347948,0.20757628537270065,0.14395055856272
2024-09-27,-0.00038071051403058863,-0.7504519541351296,0.00011754076106980663,0.20813375749498642,0.1412896309962246
2024-09-30,-0.00038709067183521125,-0.7551918484267468,0.00011829963468146339,0.20844908284219163,0.1420358333401862
2024-10-01,-0.0003504367310523953,-0.816273693964895,0.00011516353887331875,0.20310012401505023,0.14838914855769936
2024-10-02,-0.00034335847161692226,-0.8284080194383632,0.00011524275594995256,0.20331904341958568,0.1489013565105396
2024-10-03,-0.0003463523068268759,-0.8151255055435341,0.00011645933219832799,0.20373989189880723,0.1485823459323523
2024-10-04,-0.0003472085858300743,-0.8707336791952822,0.00011380016446533365,0.20232124333840998,0.16150173703253257
2024-10-07,-0.0003526980853449742,-0.8683200283208365,0.00011340161183370835,0.20140226588775206,0.16393024258099953
2024-10-08,-0.000352607458103653,-0.8752919073873356,0.00011357009032631565,0.20151563629511182,0.1649009544405634
2024-10-09,-0.0003497374160526635,-0.8914862483336615,0.00011348244111183817,0.20154025923867583,0.16724545800786284
2024-10-10,-0.00035223562948125304,-0.8839794576565991,0.00011380738513226297,0.20235672208065733,0.165963079190787
2024-10-11,-0.00036480029294890876,-0.8830021098669667,0.00011468024930508391,0.20251602887646733,0.16860833043523937
2024-10-14,-0.00036642464035383914,-0.8810594714418545,0.00011567286794563549,0.203437020500839,0.1686030466839189
2024-10-15,-0.0003712709767864381,-0.8522254286353113,0.00011552325221777774,0.20264774660999246,0.16478890080591568
2024-10-16,-0.0003689609826852262,-0.8490312698373741,0.00011558355140196428,0.20225301932284678,0.16390664940229094
2024-10-17,-0.0003642908736064683,-0.8416090050390039,0.00011564862128881319,0.20308840064462313,0.16040350786203406
2024-10-18,-0.00038145347072256403,-0.8359294417635121,0.000116672038008681,0.20319210873748642,0.1641165661555074
2024-10-21,-0.00037570517557370157,-0.8539854701073131,0.0001160108558780109,0.20469619943375003,0.16470903107717327
2024-10-22,-0.0003797221077253177,-0.8985104332467774,0.0001160175303806485,0.20806343263004679,0.16872526833317314
2024-10-23,-0.00037622887162633463,-0.9158482023006543,0.00011663492561512993,0.20872070453813873,0.17130929455759014
2024-10-24,-0.0003850189263664343,-0.9040739324154484,0.00011752500427356315,0.21029865752159255,0.17191041389472095
2024-10-25,-0.000392498704529294,-0.8965719398010022,0.000116906661752289,0.20935460675552262,0.17432886732126673
2024-10-28,-0.000417700833103922,-0.8765474255317324,0.00011907567660534664,0.2096442721118381,0.17776583669280765
2024-10-29,-0.0004195697610847391,-0.8738978583783705,0.0001188185515227797,0.20919928540398133,0.17843832070900834
2024-10-30,-0.000423058041631365,-0.88147142348514,0.00011856819947278254,0.20903472091993106,0.18102893762106487
2024-10-31,-0.00043881994453035087,-0.9036675356898762,0.00012055182904092382,0.21243595984060254,0.17845203332630344
2024-11-01,-0.00043577608578552964,-0.9106413081401687,0.00012023032772456384,0.21310386650214355,0.17952420190480123
2024-11-04,-0.00042706852988530475,-0.9187735648979342,0.00012021557276663573,0.2126130314501159,0.1792281482671303
2024-11-05,-0.0004259738965178185,-0.9271610589273125,0.00011995682267187137,0.2128608371781181,0.18031495870501768
2024-11-06,-0.0004180041720153393,-1.0681521675127477,0.0001212032468736765,0.2118730110092671,0.2042239724117243
2024-11-07,-0.00042885170335281106,-1.074856215387844,0.00012108594138426131,0.20872551291811794,0.2139722670417714
2024-11-08,-0.0004256013713555671,-1.0825714950742837,0.0001204175971614137,0.20627084814472688,0.21507786191806477
2024-11-11,-0.0004266495009074367,-1.0798046059333317,0.00012270760444603338,0.21019354512582453,0.20854702980137796
2024-11-12,-0.00042242923905774603,-1.050995504458865,0.0001232174224028469,0.20997131192937932,0.21005317589119832
2024-11-13,-0.0004204067487433547,-1.0573660015745248,0.00012357284567632719,0.21036970272556957,0.2099964987026055
2024-11-14,-0.0004189873236110413,-1.0469117651584865,0.0001235786903810864,0.21114032560109078,0.20535783593578827
2024-11-15,-0.00042009161751745637,-1.0435616848634428,0.00012436300506402654,0.2118727730640761,0.20491010752527594
2024-11-18,-0.00042270894898330475,-1.0630803127027506,0.00012553959772257885,0.21301442276342286,0.20615537482220114
2024-11-19,-0.00040374932655421364,-1.0714145172317504,0.00012747044608361698,0.21281049590167886,0.20037992570422425
2024-11-20,-0.0003930015034081985,-1.028381306994235,0.00012702676843518996,0.21137886934701194,0.18927712473720903
2024-11-21,-0.00039752733248430284,-1.0106776970368365,0.00012819949335400406,0.212973466455728,0.1866871419849493
2024-11-22,-0.0004108853691011658,-0.9829344958957036,0.00012865667097468334,0.21354012402177983,0.1830768107756855
2024-11-25,-0.0003556841746775498,-0.9452091620836042,0.0001334434517976457,0.222269999008547,0.15231875599916
2024-11-26,-0.000342186953454488,-0.9397796317747017,0.00013329211938565102,0.22130633778820952,0.14917445161058185
2024-11-27,-0.00034027604288097837,-0.923146951215533,0.00013298738882608626,0.21956332362816106,0.14743297378635223
2024-11-28,-0.0003388151997132373,-0.9283900073636864,0.00013298915029005934,0.2198448737539953,0.14793527533347828
2024-11-29,-0.0002486804241132172,-1.041149667969521,0.00013702872665718365,0.22262356825395227,0.1507634754684931
2024-12-02,-0.0002749291743112329,-1.13733486018462,0.00013730885684936787,0.2255688124492904,0.16229102990831623
2024-12-03,-0.0002799026613563231,-1.1272745730327345,0.000136884742013785,0.2248589009555065,0.16217968132516336
2024-12-04,-0.00028501136772204135,-1.126257581518376,0.00013678096807252584,0.2246159347576278,0.1635792107337828
2024-12-05,-0.00029757724440184966,-1.0964271467231121,0.0001370965794616833,0.2257125493361239,0.15946440466546763
2024-12-06,-0.0003140979641411424,-1.0811495382552265,0.00013773114310450905,0.22539564207504015,0.16089991651886804
2024-12-09,-0.0003137861984013314,-1.0802889444419042,0.00013816566982786653,0.2262253917887802,0.16022811508812163
2024-12-10,-0.0003224600181578076,-1.0507304698587636,0.00013905665509733763,0.22759815064810324,0.15535302120856975
2024-12-11,-0.0003143543414711059,-1.062051269671171,0.0001390483781004485,0.22771215204336834,0.15507489304722977
2024-12-12,-0.00032855142120304814,-1.0516213460760406,0.00013951223333249932,0.22900666881424722,0.15520139653146536
2024-12-13,-0.0003425874047965802,-1.058925457074652,0.00013962585136274475,0.22960944898754998,0.158678824980232
2024-12-16,-0.00033507187678437974,-1.0676912345561511,0.00013983691760295622,0.2296200416397807,0.15880738052190535
2024-12-17,-0.00033397811523375946,-1.070915298763527,0.00014014140183868232,0.22968708682130226,0.15925772578656472
2024-12-18,-0.00036956084149381626,-1.0519169771777408,0.0001398900707044111,0.23112444537636986,0.1628379545130696
2024-12-19,-0.00035281808651593935,-1.0320990780758348,0.00014024023623781522,0.23333338118138994,0.15707055800159564
2024-12-20,-0.0003637389560414324,-1.0150437501338134,0.00014067165685091143,0.2327433730724364,0.1593355325029172
2024-12-23,-0.0003664015179742469,-1.0144853803929426,0.00014142197345647835,0.23302624532676497,0.16054448789341125
2024-12-24,-0.00036436710777286045,-1.0172773350610445,0.00014232474575607654,0.23426776771904942,0.16059906379846556
2024-12-25,-0.0003740113793021306,-1.0188003966215144,0.00014197201544356882,0.2333997818857485,0.16391293833520193
2024-12-26,-0.00037387683722772723,-1.0249509338363265,0.00014207606989507772,0.23424834839581046,0.1643971270498228
2024-12-27,-0.0003794093764297619,-1.0218244457726824,0.00014185432880221228,0.23435324915610306,0.16519901101347612
2024-12-30,-0.0003751435910442834,-1.0295139570486853,0.00014203010995879922,0.23374517671584147,0.16540055324617786
2024-12-31,-0.00037812349753511604,-1.0068691701934522,0.00014253322922785021,0.23333522464824508,0.1606601055442345
2025-01-01,-0.00037812349753511593,-1.0068691701934522,0.00014253322922785024,0.23333522464824502,0.16066010554423438
2025-01-02,-0.00038576219497502137,-0.9965211446299402,0.00014313364913974463,0.2374813826360695,0.15463238119905975
2025-01-03,-0.0003924685557979142,-0.9741111054897766,0.00014299061210445212,0.23811812278078734,0.15162008220563616
2025-01-06,-0.0004108490246321765,-0.9191526313492641,0.0001421090452452353,0.23322748031557877,0.14804130757849832
2025-01-07,-0.0004101956653322331,-0.9184150286347047,0.0001423252901876568,0.23391998934455327,0.1474762521260371
2025-01-08,-0.0004194142509663492,-0.9009797691464589,0.00014195037779485167,0.23265988819095845,0.14693468622953842
2025-01-09,-0.0004237073902501349,-0.9145383132210463,0.00014176559122465785,0.23267017655680142,0.14968972072813014
2025-01-10,-0.00039351966878737503,-0.9426421449116038,0.00014271199349062666,0.2352986249107065,0.14761523251077335
2025-01-13,-0.0003852734656925957,-0.9608961727832501,0.00014352818095261633,0.23674720682010028,0.1480931118208748
2025-01-14,-0.0003850078330392178,-0.9622317563689717,0.00014321764151387588,0.23458020097846655,0.14923244301630134
2025-01-15,-0.00037623933853619945,-0.9744153025605553,0.00014297396853809192,0.2354846410244207,0.15043706087211706
2025-01-16,-0.0003837981261448701,-0.9659204053655347,0.00014256432606660828,0.2356055326238781,0.15054888052977988
2025-01-17,-0.0003948719094376091,-0.9637400773564329,0.0001431990683158352,0.23559424306353766,0.15213543505153715
2025-01-20,-0.000387693438229265,-0.9651164500858033,0.0001434277391169709,0.23537928237331113,0.15052406535291385
2025-01-21,-0.0003772847694842943,-0.9963184350812462,0.00014519130865153527,0.22997009916582348,0.15269162897061572
2025-01-22,-0.0003754416622310033,-0.9985958442670064,0.00014578496060251313,0.23007118795543574,0.15104143809326998
2025-01-23,-0.0003792772235666341,-0.996713514895193,0.00014567808697779446,0.2301059780649239,0.1504405398040778
2025-01-24,-0.00037932511684984823,-0.9896380431187762,0.0001456954454710364,0.22801826777243628,0.15122271711223767
2025-01-27,-0.0003534899264691867,-1.0321664760168454,0.0001442432727725361,0.2251442438525536,0.15221543105148216
2025-01-28,-0.0003537971079103012,-1.0276718449078406,0.0001444367319332731,0.225348185487244,0.15123148903537065
2025-01-29,-0.0003537406747631194,-1.0309050466943677,0.00014441262982770804,0.22544776687361437,0.15182444180288357
2025-01-30,-0.00034094978353845943,-1.0339157700059365,0.0001453746392950219,0.22597401649392707,0.14709840692861154
2025-01-31,-0.0003465610654995437,-1.0272436114855128,0.00014571404342842237,0.22556092041770343,0.14727886038033333
2025-02-03,-0.00036202877791905493,-0.999599754243117,0.00014393912551232383,0.22273732923076686,0.14537088790050634
2025-02-04,-0.00036436717434173093,-0.9974044659670637,0.00014384825479884565,0.21868425499193428,0.14818222488516852
2025-02-05,-0.0003659838502452845,-0.9972568848800545,0.00014309226270621054,0.21865549751328445,0.1490564036337092
2025-02-06,-0.00036560395268900526,-0.9971131376595042,0.00014308623861065918,0.21860207835077566,0.1490128736337757
2025-02-07,-0.00036262698470106885,-0.996214779285495,0.00014312838382008,0.21870069511195733,0.14844552158407176
2025-02-10,-0.0003673212383235191,-0.9813621639984289,0.0001444300311250604,0.22019633052219612,0.14497134417322355
2025-02-11,-0.0003690874838542191,-0.9735720796003882,0.0001450947568748126,0.22017252270407736,0.14347543194898082
2025-02-12,-0.00036469644340162755,-0.9771506462074651,0.00014367394281201068,0.21947508611359245,0.1433661855101659
2025-02-13,-0.0003657596798402338,-0.9814996022999816,0.00014313985456702026,0.2194485221516064,0.1459489854643965
2025-02-14,-0.00036439138761601084,-0.9094533552317838,0.0001457881709999581,0.22129049757484642,0.13184924863656344
2025-02-17,-0.00036252692470522125,-0.9108826787184292,0.0001458514173175042,0.22128669228311373,0.1317410838297186
2025-02-18,-0.0003219914554715202,-0.9161095462280711,0.0001460553713154183,0.22192500785351077,0.12367599235429261
2025-02-19,-0.0003299536145708235,-0.8992504117357457,0.00014511451629201395,0.22009567954912884,0.12360412567160661
2025-02-20,-0.000325705037226025,-0.885768992927202,0.0001461857800675792,0.21931554106179876,0.12126728950122123
2025-02-21,-0.0003226892217774215,-0.8809270860728013,0.0001457802659215675,0.2200757866619935,0.1195434578074549
2025-02-24,-0.00032567394377152313,-0.8759547896013788,0.0001457612419152276,0.22049326691371365,0.11908213553888514
2025-02-25,-0.00030013100922828955,-0.8954634624452171,0.00014564299118538952,0.221347497902436,0.11619717244304595
2025-02-26,-0.00029997118287569723,-0.8951243062793678,0.00014558850712394718,0.2213464582473325,0.11620593021158199
2025-02-27,-0.00029265010248724345,-0.9234392824544216,0.000145735856259932,0.22014329820711465,0.1205961571838412
2025-02-28,-0.00028450329571419914,-0.931283167114873,0.0001451452153971622,0.21984804499153576,0.12022229744191248
2025-03-03,-0.00028865123323752566,-0.9416685880831452,0.00014654629634048877,0.2195720073873681,0.12298832743457411
2025-03-04,-0.0002717142938796944,-0.9410713728583312,0.00014625692074518942,0.22024310430017818,0.11959786979386955
2025-03-05,-0.00030210460058588493,-0.8800076383933195,0.00014310591822962383,0.20913012210357151,0.11721650278110007
2025-03-06,-0.00030914006416413647,-0.8618170061686823,0.00014359186051250385,0.20951412160110822,0.1151801783895694
2025-03-07,-0.00030061487419387597,-0.8652811136749176,0.0001431766743900096,0.20884443430745542,0.11455473916536207
2025-03-10,-0.0002796683075618014,-0.888504932962545,0.00014213401551817236,0.2084041700706288,0.11418182383130615
2025-03-11,-0.0002769868136381029,-0.8880564226133343,0.00014242034107450253,0.20905139728712174,0.11339328540682725
2025-03-12,-0.0002783825583695442,-0.8875976621782683,0.00014285932463435698,0.2092088957692535,0.11358450283142174
2025-03-13,-0.0002846251400645094,-0.8772972826130567,0.00014379070945671042,0.21055704710723905,0.11158849699137086
2025-03-14,-0.00028320343932008947,-0.8739834525841159,0.00014365367684718771,0.20988198317608178,0.11080272869581065
2025-03-17,-0.00028137483763254035,-0.8791953934788305,0.00014308491655027516,0.2087177701475523,0.11218666890215456
2025-03-18,-0.00028999577054523084,-0.8713368203309538,0.0001432258617141806,0.20911271030177675,0.11187577829435591
2025-03-19,-0.0003255112372044889,-0.8776597433240793,0.00014288521722333436,0.20742105158284938,0.11888425571345751
2025-03-20,-0.0003339901749018158,-0.8635947988324307,0.0001424573854591817,0.20681562037565254,0.11883773828505817
2025-03-21,-0.00033189818642334753,-0.865714842878305,0.000142517177076649,0.2070144852482817,0.11856485231407066
2025-03-24,-0.00034284686709137803,-0.8693211908952105,0.00014159070304048036,0.2065047184775323,0.12137856066674158
2025-03-25,-0.0003631952395075497,-0.8734572366426004,0.00014062286961666082,0.20465226790708332,0.1277272254394085
2025-03-26,-0.0003662798405045461,-0.8679932075852028,0.00014068872813972858,0.20487155839715385,0.12757556822015648
2025-03-27,-0.0003618235886942807,-0.8646042115065409,0.00014153216349928563,0.20574374364552478,0.12508852240587898
2025-03-28,-0.0003721097980844862,-0.8625518495239002,0.0001425407589333778,0.20620874255334878,0.12194311012680326
2025-03-31,-0.00039607983057051035,-0.8397918927238449,0.00014132948576613553,0.20476124835914478,0.12372521849931317
2025-04-01,-0.00041834658302564154,-0.792989001190902,0.00014188167073134715,0.2062046320993293,0.12113044056775468
2025-04-02,-0.00046452597934743494,-0.7825984973920275,0.00014112235321179595,0.20359902499123564,0.13108492696954355
2025-04-03,-0.0004473821420672082,-0.677243231933149,0.00014241576497569077,0.20058598157816188,0.11464794072386586
2025-04-04,-0.00046102083332414626,-0.7360271274785494,0.0001431377509695243,0.19869042834436043,0.12890606129533022
2025-04-07,-0.0004898814432742617,-0.7565326312460982,0.0001422714984075211,0.19822351597121424,0.14378154611229887
2025-04-08,-0.00047161107545099314,-0.7657193005818403,0.00014158656800712454,0.19850333292621916,0.14129912483914764
2025-04-09,-0.0004340890299252364,-0.8200104166706659,0.0001431705463116862,0.2007665894692753,0.13931930517962676
2025-04-10,-0.0003523434084219255,-0.9534442740176781,0.0001376365757041353,0.19131098069127625,0.14660302079118714
2025-04-11,-0.0003252539324184025,-1.0029068623741466,0.0001365991065224326,0.187798641111215,0.15161308696352493
2025-04-14,-0.00029433268832317413,-0.9982532830048345,0.00013530747435289703,0.18858584167718734,0.14594634495577785
2025-04-15,-0.0002920298601969221,-0.997894099178046,0.0001356450887171377,0.18878059389490182,0.1453871289785027
2025-04-16,-0.0003058595653884277,-1.0414852884475585,0.0001374284694800125,0.19126976929123315,0.15341561736498788
2025-04-17,-0.0002889861567349014,-1.0227872416729502,0.00013709929568796723,0.19055265420578085,0.14712024899037446
2025-04-18,-0.0002846873135722748,-1.0239700486768868,0.00013709880658602884,0.19034097848484055,0.14691833020684097
2025-04-21,-0.00022950130248165275,-1.1173309440096062,0.0001370393710589164,0.1912146877698055,0.15321956384119195
2025-04-22,-0.00021492940922427698,-1.1338435459852367,0.0001375265155641632,0.1920917225442727,0.15268956065479367
2025-04-23,-0.00019413470247659992,-1.1749440058805334,0.00013837670171746867,0.1926879462825146,0.1566572904544623
2025-04-24,-0.00021218677402188264,-1.1695625770506828,0.00013757235798420373,0.19312514175484108,0.15752551336718534
2025-04-25,-0.0002115415090521739,-1.1672103960980453,0.00013807534665628444,0.1937708137855907,0.1560319900435485
2025-04-28,-0.00020845380406238876,-1.1724348452810276,0.00013791715974835207,0.19348009129644578,0.15720281943115433
2025-04-29,-0.00020858307777775793,-1.1646309265511618,0.0001384407629549944,0.19412596998049572,0.1549732497350329
2025-04-30,-0.00020740941725518383,-1.16452151120878,0.00013817667122569232,0.19380907783623108,0.15522717287412824
2025-05-01,-0.00021903749794531955,-1.185164294466785,0.00013864180231184346,0.19429173161475366,0.16092559584309818
2025-05-02,-0.0002211842592295459,-1.1677870597323994,0.00013816962277251343,0.1931971799302485,0.15690156497039043
2025-05-05,-0.000204022826615786,-1.1954197163444054,0.0001400828076979643,0.1957769247375335,0.15662924071984807
2025-05-06,-0.00022971646586306555,-1.2032592840483474,0.00014089987584432864,0.19692537688893266,0.16013977364503074
2025-05-07,-0.00021973024539897847,-1.210144642663072,0.00014152869644517936,0.197939160363335,0.15876591878869206
2025-05-08,-0.00023471774499186107,-1.2299849208703346,0.00014170773752730085,0.19810571460629292,0.16548178440113825
2025-05-09,-0.00023223566954960005,-1.2245141902528465,0.00014081206811188,0.1967567537241373,0.165871194798621
2025-05-12,-0.00022850277382215796,-1.2679920843811487,0.00014105948018935537,0.19526641101453712,0.17752008233372418
2025-05-13,-0.00023100307262151072,-1.2644930061277164,0.00014106304310029742,0.19450134984874323,0.17778800863392596
2025-05-14,-0.00023002675119256858,-1.2430063601126238,0.00014295993337148515,0.19693928785213102,0.1697114838255851
2025-05-15,-0.00025799213185055073,-1.2221653596300528,0.00014357327611586385,0.19761517028144776,0.16854086525731926
2025-05-16,-0.0002506175624310633,-1.2289545956613446,0.000143956821097591,0.1988754633298164,0.1662433410972275
2025-05-19,-0.00025079354560692734,-1.2408513824168803,0.00014431452999799903,0.1977793550241809,0.1692857573722627
2025-05-20,-0.00024387467608617765,-1.245516231713879,0.00014500858424133147,0.19875704868285418,0.1679544216161798
2025-05-21,-0.00022342075251985432,-1.2625936968482108,0.00014399675546989231,0.19741395078693844,0.1694151448586435
2025-05-22,-0.00022854332015372324,-1.2591064294408603,0.00014451307018000387,0.19772874346465463,0.16933593877660613
2025-05-23,-0.00022529934115114768,-1.2810020509854172,0.00014491715797729183,0.19723693427098363,0.17398626651881832
2025-05-26,-0.0002265281291452923,-1.2785210945396375,0.00014489086438287214,0.19724381299460533,0.1736874048459206
2025-05-27,-0.0001514508221782679,-1.2324919790137483,0.000144853417468194,0.19809880890965087,0.15155053770299676
2025-05-28,-0.0001561654056389661,-1.2433006984100858,0.0001443765787167154,0.19754438186806803,0.1549639868678726
2025-05-29,-0.00015401751848861708,-1.2442645077436478,0.00014450595869480682,0.1973324703713703,0.1556286893310569
2025-05-30,-0.0001486756504378011,-1.2506446550355121,0.00014441221655869097,0.19731843800882753,0.15606506091540062
2025-06-02,-0.00013021100972185844,-1.284658504217662,0.00014514611594567163,0.19761436376641628,0.1601274574559155
2025-06-03,-0.00012960537936873454,-1.2969833331768506,0.00014481222433691053,0.19704092161189948,0.1633708773600242
2025-06-04,-0.00012612438709130118,-1.2963691517210363,0.00014409883455371466,0.19677586437176328,0.1637992614137299
2025-06-05,-0.00013387309674151227,-1.2930011047964876,0.0001441238378352803,0.19692984800095084,0.1633068817459008
2025-06-06,-0.00015326409744411367,-1.2946603857612011,0.00014344843315513056,0.1974170325964041,0.16517644149208444
2025-06-09,-0.00014913961015175137,-1.3049829199896368,0.00014295938318872086,0.19678353534501838,0.1678991948738614
2025-06-10,-0.00014183013198435483,-1.3104813408986224,0.00014215848253732282,0.1955675793276466,0.17005787048292798
2025-06-11,-0.00014044100913753995,-1.3104756702165834,0.00014208352578461473,0.1956047573100091,0.17031006148188732
2025-06-12,-0.00014512220671598563,-1.313466449920797,0.00014217886757704362,0.19557415552784171,0.17177265709454903
2025-06-13,-0.0001353869909226912,-1.3031422982682301,0.00014279163880100796,0.1962145307221052,0.16753245953693086
2025-06-16,-0.00014011295732305648,-1.296717271001392,0.0001433129310160693,0.19688527088393934,0.16569860843272288
2025-06-17,-0.00014143130138763853,-1.294936781285875,0.0001425680310990681,0.19631009559173052,0.165674419976911
2025-06-18,-0.00014765512366499153,-1.300375382745293,0.00014329658231110413,0.1961484240860138,0.16715023844108845
2025-06-19,-0.00014954954820734385,-1.3015757802681764,0.0001433625556433321,0.19613018158170248,0.16751949893769014
2025-06-20,-0.000148013762455625,-1.2949469580248674,0.00014333418501410905,0.19619457055543388,0.16544101225571617
2025-06-23,-0.0001487985777386017,-1.293444525083356,0.0001433304729142005,0.19616116272480152,0.16522176079900708
2025-06-24,-0.00012917750776930893,-1.2309056012453592,0.00014605184269123438,0.19714755718721902,0.14938239406895115
2025-06-25,-0.00012545599961933626,-1.2365350069407364,0.00014546892418437432,0.19636668226477785,0.15120558096700465
2025-06-26,-0.0001233421841421579,-1.2178725367671377,0.00014582244456134118,0.19574513019889342,0.1483095518646047
2025-06-27,-0.00013096411838064843,-1.2174007925148407,0.0001468814734789109,0.19716515831845494,0.1469868044453998
2025-06-30,-0.0001258548124415847,-1.210599963445057,0.00014676288417267698,0.19703772719949492,0.1451826923413171
2025-07-01,-0.000123006739850883,-1.217206186986163,0.0001467745754361624,0.19733624920218973,0.1458074734757635
2025-07-02,-0.0001216447792801369,-1.2204785402622051,0.00014667215115034537,0.19739353203998564,0.14618136833507578
2025-07-03,-0.00010475832857995048,-1.2295006627382636,0.00014620666838053968,0.19637164185946077,0.14794067140847378
2025-07-04,-0.00010574926800565937,-1.2337507142339579,0.00014603885531863468,0.1962128545836065,0.1490457429336971
2025-07-07,-0.00010578101570811479,-1.2251110799668268,0.00014599473825388157,0.19610839409467334,0.14769837194396118
2025-07-08,-9.864308926772086e-05,-1.2170032113257467,0.00014569021590130928,0.19565791370993138,0.14594451849660117
2025-07-09,-0.00010072472548479865,-1.2169407506878933,0.0001453057382523295,0.1956697153795273,0.1461196200302871
2025-07-10,-0.00010050477955293784,-1.218366505306809,0.00014527414648428123,0.19566928286181334,0.14639040193790398
2025-07-11,-8.913918902562975e-05,-1.2171051832104811,0.0001453786418133179,0.196038119274498,0.14472685593386803
2025-07-14,-9.152702912421601e-05,-1.2190774927001031,0.0001444430934494453,0.19459938670833687,0.14700522776893832
2025-07-15,-7.999369202193386e-05,-1.228565099508911,0.00014449201389164773,0.19427521585530466,0.14881779465375633
2025-07-16,-8.113447544927687e-05,-1.2315580040904408,0.00014434401198541824,0.1948759066117188,0.14890417271873457
2025-07-17,-7.578233668330737e-05,-1.238513906778322,0.00014410739222736667,0.19442335944127526,0.15048567718055395
2025-07-18,-6.812007421687777e-05,-1.221043499077845,0.00014402026690231643,0.1945758902094086,0.14584630231165185
2025-07-21,-8.072276278789246e-05,-1.2260497435409339,0.0001446704001921482,0.19508807753244548,0.14766358945822788
2025-07-22,-8.543500204983527e-05,-1.2373108871605187,0.00014462863981860036,0.19505358950139443,0.15026846544441042
2025-07-23,-0.00012098121205916774,-1.2183840605571934,0.0001443618208165199,0.19512140790685886,0.14937667321177972
2025-07-24,-0.00010196869176173348,-1.2219387633699412,0.00014464574132515623,0.19510925467984966,0.14834785199849465
2025-07-25,-9.497151145431027e-05,-1.2325663586497133,0.0001453653788411552,0.19477848873168963,0.1502314067312691
2025-07-28,-0.00010121217639126556,-1.2285109259757772,0.00014492198920945272,0.19323025202162944,0.15211732192691418
2025-07-29,-0.00011010235950310157,-1.2274979583235548,0.00014406242174153544,0.19313205603527134,0.15206032469200248
2025-07-30,-9.953804169721886e-05,-1.2638151735898153,0.0001438692808580782,0.19259905523236565,0.15995830540444533
2025-07-31,-0.00010002525583442089,-1.2580302940051296,0.00014411549545398925,0.192667294175238,0.15870134197632702
2025-08-01,-0.00011100921931057875,-1.29931494023915,0.0001432805318469171,0.19294065279534228,0.1686642201470805
2025-08-04,-0.00011458410689380693,-1.3011485125371447,0.00014304410496019233,0.19287904706051778,0.1695672293460867
2025-08-05,-0.00012034867163630539,-1.2892253256806625,0.0001420024984637072,0.19153679671356463,0.16960920129394153
2025-08-06,-0.00012608360824129463,-1.2917699451097198,0.00014183384985340985,0.19154122274938956,0.17033533630783015
2025-08-07,-0.00012544150576497315,-1.291657033290042,0.00014219320518428497,0.1917436203622404,0.1698851187317204
2025-08-08,-0.0001269915119748208,-1.2891492534595792,0.0001423645100901196,0.1917515485867393,0.16955253473719123
2025-08-11,-0.00011821782883427901,-1.2934225351695776,0.0001426780774562566,0.19220112663080696,0.1685362070888291
2025-08-12,-0.00012433135203692626,-1.2848262020212773,0.00014298003923857722,0.1931384230449006,0.16445035251545426
2025-08-13,-0.00012281327387730586,-1.2883844174955708,0.00014274926775023776,0.19321333628377937,0.16510786924202125
2025-08-14,-0.00012376887326516532,-1.2924318984002183,0.00014267614153457968,0.1926850287557052,0.1669644665117418
2025-08-15,-0.00012601930490949183,-1.288281151509767,0.00014209375203092067,0.19212439195636746,0.16676941412456514
2025-08-18,-0.00012792401017501287,-1.2959413422859636,0.0001419286731546226,0.19199804492557337,0.1686463951317917
2025-08-19,-0.00012013705672332277,-1.2984593318475566,0.00014216478685830222,0.19183984462616505,0.1685974649480395
2025-08-20,-0.00012247960333129057,-1.296164918736069,0.00014239937008073323,0.19216985685554708,0.16782794067285212
2025-08-21,-0.00012309649476177626,-1.2958597604673412,0.00014263232331033666,0.19256029478673195,0.16756391680695326
2025-08-22,-0.0001246425507023466,-1.2976868344128922,0.0001419096011301117,0.19160418446041386,0.17052926781170508
2025-08-25,-0.00012526361268006258,-1.2972770562142668,0.0001417572130730531,0.19142004928032022,0.17082262056307407
2025-08-26,-0.0001318872510999533,-1.2918612248285144,0.00014156306695677027,0.191287799588268,0.17042960171013855
2025-08-27,-0.0001301932677359645,-1.2939374661729204,0.00014151521446843554,0.19123615376880798,0.17079251464595502
2025-08-28,-0.000125390821663072,-1.3021487592659553,0.00014160388006503912,0.19089340815071756,0.1727357555397565
2025-08-29,-0.0001254696591033794,-1.3065560653604613,0.00014172711489240648,0.19110065236168858,0.17327808910257558
2025-09-01,-0.00013248256868847704,-1.2924429114765241,0.00014134184410342514,0.1907481185416289,0.17166484919188796
2025-09-02,-0.00011098629794062364,-1.25880196171072,0.0001435238954540169,0.1945208976845354,0.1571995878901039
2025-09-03,-0.00011756439108683536,-1.2606739676877923,0.00014342256333639601,0.19454115666336116,0.15817045576700695
2025-09-04,-0.00011665968195378123,-1.2616364336644117,0.00014318489818303148,0.19424295254302157,0.1585356353082188
2025-09-05,-0.00011198636164655535,-1.2725201268312452,0.00014307503136803417,0.19339250278268766,0.16215895468811292
2025-09-08,-0.00011432320600293956,-1.264347799393223,0.0001428667021471666,0.19335133794806,0.16067922799669687
2025-09-09,-0.00011965608247119523,-1.267206779170357,0.00014242633102356996,0.19277068240349232,0.16255311724208288
2025-09-10,-0.00012061597824125151,-1.267163340174204,0.0001423033395421145,0.1927778682420868,0.16263305799322325
2025-09-11,-0.00011465341468329928,-1.2585860557281154,0.00014216623934469686,0.1926375701882781,0.16043545491886957
2025-09-12,-0.0001148995939154184,-1.2590798564214696,0.0001424637432797675,0.19274924603846189,0.16015080752922584
2025-09-15,-0.00011573884188154897,-1.2639238472807324,0.00014260554300897648,0.19267201521130117,0.1616249171222517
2025-09-16,-0.00012155792024975144,-1.2563704687158808,0.0001425468391935932,0.19201655101197798,0.1615710619918589
2025-09-17,-0.0001194598364139099,-1.2539744674266453,0.00014269826587494247,0.19214785598748096,0.1606148092368792
2025-09-18,-9.561575325223873e-05,-1.2748732122004518,0.0001432369737234524,0.19187777597086064,0.16435708419536355
2025-09-19,-9.073411445548013e-05,-1.2727027000902376,0.00014368313993219417,0.19236897833398847,0.16289251604373134
2025-09-22,-8.510881953106345e-05,-1.2795409511174805,0.00014461132464858186,0.19381246747436437,0.16132575979325758
2025-09-23,-8.245875627673543e-05,-1.2801631341223572,0.0001462611157846028,0.19379603125992054,0.16126358898077753
2025-09-24,-8.367933603442345e-05,-1.2853028464614407,0.00014625811146090476,0.1933048795814493,0.16330076483117506
2025-09-25,-8.157583906579055e-05,-1.2737847054968265,0.000146276237671664,0.19318612006766722,0.1609773824038152
2025-09-26,-8.047967111315234e-05,-1.2721332970799093,0.0001461799060946575,0.19323149783734334,0.16045470352393776
2025-09-29,-8.08749869819511e-05,-1.2876088469907632,0.00014638340483663612,0.19344726624555367,0.16352839475566439
2025-09-30,-7.968324195129063e-05,-1.2848145158193534,0.00014635432593801184,0.19340986162077164,0.16288871701621666
2025-10-01,-7.978799461527066e-05,-1.2846773312874262,0.00014618159760132384,0.1933576015450651,0.16291698656756037
2025-10-02,-7.695789288585607e-05,-1.2991491518311822,0.000146000337187404,0.19360298880175705,0.16534435201152275
2025-10-03,-7.19095634422659e-05,-1.3135666967183255,0.00014550675490528005,0.1934071791885739,0.16797108519138004
2025-10-06,-6.252926300062811e-05,-1.308802343903592,0.0001464861571233227,0.19470782086140698,0.164393809690914
2025-10-07,-6.697517728008627e-05,-1.2999585325316607,0.00014600249763579667,0.19442108926792123,0.16301583265887543
2025-10-08,-8.381709144010486e-05,-1.2875136931815951,0.00014829796757165402,0.19560296667187754,0.15918208248531063
2025-10-09,-8.682212230083563e-05,-1.301308342738555,0.00014885060281002554,0.19614605730159465,0.16154421903980543
2025-10-10,-8.445873845072105e-05,-1.2924670966676899,0.0001488349407838218,0.19607606390873888,0.15935759358666024
2025-10-13,-8.285287478428747e-05,-1.2899798905234348,0.00015029193901273618,0.19798213023544042,0.15612392512728468
2025-10-14,-8.775026364942677e-05,-1.2878929474558378,0.00015069736466530025,0.19807833935716182,0.1558442311817536
2025-10-15,-7.813812782430282e-05,-1.3021246517046992,0.00015103158203468747,0.19839719932113742,0.15727573751202895
2025-10-16,-9.439417027198314e-05,-1.3098962470372282,0.00015147943850234892,0.1993952482189525,0.15880691424071325
2025-10-17,-0.00010925789206650117,-1.3086179112103837,0.00015242338552874554,0.20080494372165528,0.15782985686262352
2025-10-20,-0.00011446244465449832,-1.3136868232808359,0.00015465141598403184,0.20374692117501605,0.15539020220072863
2025-10-21,-4.1901122368700856e-05,-1.3867991380075955,0.00016708645620760353,0.21837875476606933,0.14627163452775205
2025-10-22,-4.159369075485455e-05,-1.3883704034011357,0.00016701324265571674,0.21844558225955307,0.14643416122283026
2025-10-23,-3.922855209291759e-05,-1.3882557188427185,0.0001671474441811807,0.21848942436399335,0.1462586766837154
2025-10-24,-2.9722417094426994e-05,-1.3243108641118335,0.00016625849402373822,0.22027065285946854,0.13210453702591485
2025-10-27,-2.793992617891464e-05,-1.3009798866966373,0.0001690313941684844,0.22528834210464854,0.12263745870968401
2025-10-28,-2.415815586931072e-05,-1.297595938090887,0.0001696321130876538,0.2277664720477666,0.11993552480277725
2025-10-29,-3.3498203774569596e-05,-1.2921149682043722,0.00016713424863893457,0.2255749991529017,0.12142454470421404
2025-10-30,-2.395743608148938e-05,-1.2388781040551866,0.00017093068663682435,0.22923164763225895,0.1082448407040989
2025-10-31,-2.0832109304618104e-05,-1.2357659966399037,0.0001707576845686524,0.2290567498713721,0.10776575615627937
2025-11-03,-1.981559668388693e-05,-1.2349638945059656,0.0001707262142396425,0.22900411252254288,0.10764965091708878
2025-11-04,-1.4215454031406024e-05,-1.256795841810251,0.0001712414263369528,0.22926737051070625,0.11057753619336919
2025-11-05,4.130215097148849e-06,-1.2477396556831293,0.00017032101899100487,0.22904106101436006,0.1087106968493955
2025-11-06,1.063948823194026e-05,-1.2441900450601646,0.00017016306562684305,0.22903711397473234,0.10796004036671969
2025-11-07,1.0318128826252703e-05,-1.2592347961045307,0.00016995757477387125,0.22917978514537696,0.11015957725588799
2025-11-10,1.1489285981931202e-05,-1.2716966996196692,0.00017141236421721036,0.23109121516501963,0.1103826835341657
2025-11-11,1.9936139091671862e-05,-1.2913323170603324,0.00017096331294633329,0.23081869137466873,0.11348285051299234
2025-11-12,-5.266355768878508e-05,-1.3358203759795941,0.00016899015217357235,0.22681175503316447,0.12670563172344684
2025-11-13,-6.346289607966851e-05,-1.3309147743175902,0.00016943381214567604,0.2274998339960456,0.12548531305091193
2025-11-14,-7.666063085875074e-05,-1.3514697316924151,0.00017007405643483918,0.22918454866631235,0.12772560879708827
2025-11-17,-7.357426075982366e-05,-1.3583037830721394,0.00017038150759006736,0.22953268632402457,0.1283274997266226
2025-11-18,-6.773601247938298e-05,-1.3539166280446167,0.00017130342520589272,0.2296436083564439,0.1271017288019467
2025-11-19,-6.711809307513304e-05,-1.3428321141041792,0.00017127863890915642,0.23024023268261487,0.12471657039904349
2025-11-20,-6.656723227374767e-05,-1.343223993494139,0.00017137137508304006,0.23018314554376995,0.12484040245318417
2025-11-21,-6.621940899350036e-05,-1.344646169536757,0.0001714510008149395,0.23003496662545264,0.1250191553440385
2025-11-24,-6.28547706626876e-05,-1.3539098994529484,0.00017171736959630064,0.23056987354244698,0.125922497850544
2025-11-25,-6.058598997217496e-05,-1.3511830475492497,0.00017177064141118276,0.23072093852807424,0.12532670199045004
2025-11-26,-6.483843392729345e-05,-1.351141804452535,0.00017168621865630307,0.23018497210787756,0.1260920851580447
2025-11-27,-6.309641409542568e-05,-1.3700584793981117,0.00017106761251275133,0.22976765541528596,0.1294946948553405
2025-11-28,-6.351913001357808e-05,-1.37300348829492,0.0001712358000370659,0.22979494020071986,0.12995348940642115
2025-12-01,-4.6556502581298226e-05,-1.3704511573909992,0.00017023520509285226,0.22900651547470166,0.12951149022560993
2025-12-02,-3.2075306474170146e-05,-1.3653926888487113,0.00017091132417234475,0.22894498973263216,0.12798333551496976
2025-12-03,-2.827709159807033e-05,-1.3568091046518937,0.0001709443973031919,0.2287336849412162,0.12674551864333083
2025-12-04,-2.82032301782423e-05,-1.3543605901355635,0.00017079531829807578,0.22885717558565882,0.1261735625405046
2025-12-05,8.8091527754499e-06,-1.3512556491779382,0.00017117011355180083,0.22755717704447592,0.1257125628416501
2025-12-08,-1.4873030496280785e-05,-1.3826173159752646,0.00017227866796564896,0.22952240576512092,0.12895053724949834
2025-12-09,-1.343702749811537e-05,-1.381646691953096,0.0001725994258499036,0.23080584957956266,0.12730586396507748
2025-12-10,-1.4196788612118192e-05,-1.3787810276301338,0.00017257622826414852,0.23127883471180502,0.12630188231740258
2025-12-11,-1.3150969568888088e-05,-1.3818009349625289,0.00017268067446748016,0.22979383658325248,0.12813991564697713
2025-12-12,-7.677326905928178e-06,-1.3783629348629982,0.00017245960230134906,0.229831084261981,0.1274669622332012
2025-12-15,-6.789517269364351e-06,-1.3774414899734637,0.00017242583032393564,0.2296883620263423,0.12743601198303733
2025-12-16,2.024600801415257e-06,-1.3748476369157554,0.0001727834855696095,0.22954493891013045,0.1269334513916861
2025-12-17,7.110967440836918e-07,-1.3633980109412627,0.00017342553549127673,0.23017709239977355,0.12460675906798768
2025-12-18,5.6369435395603375e-06,-1.3779480539602074,0.00017294767392779447,0.2306232975950227,0.12642285651914442
2025-12-19,6.4312071217549345e-06,-1.377452001928822,0.0001726236027596343,0.2305805282247303,0.1263962822408583
2025-12-22,2.0302665484010193e-05,-1.3983137641717245,0.00017302197677363304,0.2312879373606363,0.1287891356151134
2025-12-23,2.807880840943584e-05,-1.4053864958249904,0.00017313991279472094,0.23098177386543817,0.1300884455136615
2025-12-24,4.300683790683421e-05,-1.4373195125087286,0.00017295063550117892,0.23287643823778884,0.13325018510640774
2025-12-25,4.182835976492783e-05,-1.4391005255378504,0.0001729175877292737,0.23283026678094565,0.13359676654216268
2025-12-26,4.710521778601775e-05,-1.4520860612760105,0.0001731133762976305,0.2337384535618833,0.1347476412773816
2025-12-29,5.778732331165785e-05,-1.4786086742921107,0.0001785013585124057,0.24100123589809655,0.1317065900576907
2025-12-30,4.234716410683459e-05,-1.505885807091217,0.00017836726435323643,0.2412539720280045,0.13581001661787673
2025-12-31,3.8961605807106e-05,-1.5037321588205137,0.00017802789243233803,0.2409162553339934,0.1358857784147538
2026-01-01,3.969565035768061e-05,-1.511925327010356,0.00017800861174928053,0.24206579770492967,0.13604646395120112
2026-01-02,5.062477088597526e-05,-1.5121453391616564,0.0001799440465999734,0.24195957370679136,0.1360041966752804
2026-01-05,4.337003160657737e-05,-1.514026966834181,0.00018181171454129046,0.24423219068323754,0.13425603597315383
2026-01-06,4.457021912605816e-05,-1.504209089866455,0.00018206865535266235,0.2444213977153501,0.13254859603565494
2026-01-07,5.182773083348347e-05,-1.5095887592042567,0.00018211859445255017,0.24467541007124666,0.13302100138745243
2026-01-08,5.772295972271849e-05,-1.4995216962292046,0.00018190833230284924,0.24809194032888654,0.12828991255737876
2026-01-09,5.3256094476165884e-05,-1.4940436285547287,0.00018197009953950746,0.24814970848255552,0.12746127375188532
2026-01-12,5.8090869593518946e-05,-1.506323621214837,0.0001826707677510479,0.24869903287491302,0.1287554349927289
2026-01-13,5.656958277170708e-05,-1.5173918757378084,0.0001826257399863413,0.2501577991478435,0.1290377108588039
2026-01-14,4.600170855391581e-05,-1.509468999569362,0.00018392428872733156,0.25203696186535696,0.12652873407587673
2026-01-15,4.278523782398451e-05,-1.5183073523405994,0.00018375170549804145,0.25208839644014147,0.12783871763715526
2026-01-16,4.121499832166316e-05,-1.5189290870033372,0.00018366293715829665,0.25209757942164857,0.1279546742412575
2026-01-19,4.287639462192185e-05,-1.5115422932666198,0.00018337651245653797,0.2518264240189624,0.12707221983476624
2026-01-20,8.574263234364674e-05,-1.5867960105564782,0.0001842440645712702,0.25315129603494296,0.13638630392070838
2026-01-21,9.442223240368789e-05,-1.6195450099003503,0.00018503740674166464,0.25504060891914176,0.13953668257374285
2026-01-22,0.0001059077821256831,-1.6429766859224135,0.00018529669810095855,0.2589389917380349,0.13925637821767523
2026-01-23,0.00010662077442129365,-1.6503126752104755,0.00018634666564196174,0.2588997072825305,0.1403719489093399
2026-01-26,0.00010705506604698068,-1.6527198665614315,0.00018639356638291342,0.256433005840356,0.1430727000439347
2026-01-27,0.00010750742457143493,-1.6856840467009073,0.00018719736549860895,0.25596070635988394,0.14844004221992124
2026-01-28,0.00010795285519095589,-1.6872087087078933,0.00018998572704212566,0.2599618789196325,0.144783067630335
2026-01-29,0.00011056663534256663,-1.6923343475941066,0.0001898244453194813,0.25982010881549095,0.14566288788364967
2026-01-30,0.0001058314452660304,-1.8914347481908917,0.00021756880203696634,0.29426009463865294,0.1425405786075018
2026-02-02,8.079864156850325e-05,-1.9505560522440164,0.00022159144775749958,0.29742493211465465,0.14775908299147633
2026-02-03,3.844647907584863e-05,-2.08582097235998,0.00022662398915777225,0.3052397426103747,0.15893398477445497
2026-02-04,3.9572944072782765e-05,-2.0824685212095346,0.00022655852786019763,0.30481397136780164,0.15889796722978944
2026-02-05,4.6259727032417415e-05,-2.119608576928167,0.00022736969705812,0.30518800138295726,0.1631074340337607
2026-02-06,4.6505819961024795e-05,-2.1521207274555807,0.0002287465138614244,0.3076512701013764,0.16515677412975804
2026-02-09,3.9232989673720816e-05,-2.202021614674088,0.0002289582225340567,0.30748004786455346,0.17178407621340963
2026-02-10,4.684590855069123e-05,-2.198483416924156,0.00022985953265614828,0.3080645207335465,0.1707225384969353
2026-02-11,5.4010575763591216e-05,-2.2019598916747833,0.00022996347146286164,0.30825412705616534,0.17090687096232748
2026-02-12,9.081986210270204e-05,-2.2140378139809718,0.00023243532611201992,0.31171835326372893,0.16891244909015335
2026-02-13,7.216905852278852e-05,-2.2092153207035667,0.00023360221446517938,0.313292035026611,0.16707733333836505
2026-02-16,7.51107696574798e-05,-2.196320824376602,0.0002336963425923822,0.315396615967765,0.16348594692641105
2026-02-17,5.887921546394491e-05,-2.220346548930824,0.0002367041913565815,0.3184094059507375,0.16420400591338113
2026-02-18,6.790769008329456e-05,-2.2036286512532084,0.00023870905335500984,0.3206439381366601,0.1600103172789651
2026-02-19,4.503336048149775e-05,-2.19724193085694,0.0002399491247962119,0.31968565826799755,0.16017928795026348
2026-02-20,0.00011250673069155186,-2.3648576160390773,0.0002411992707167842,0.32919291204089474,0.17232899846182315
2026-02-23,9.956434629668504e-05,-2.384574909122639,0.0002418743600405794,0.3311014201394939,0.1732411256564209
2026-02-24,9.98077884314842e-05,-2.388584778514168,0.00024292756008615463,0.3319021991704499,0.1730666155689209
2026-02-25,9.150018303282346e-05,-2.376975568572319,0.00024535673314276824,0.33286071142270385,0.17120063107524242
2026-02-26,7.336509009529936e-05,-2.3625200530593315,0.00024653994005690693,0.33320485957853374,0.16953940060630235
2026-02-27,6.893961416896994e-05,-2.36423865722191,0.00024683147892940295,0.3336588903275104,0.16947660751723426
2026-03-02,9.45881375038781e-05,-2.2824170322202604,0.0002475700253837092,0.33106615782672205,0.16170449076592408
2026-03-03,0.00010469014030594932,-2.395687858062174,0.00025023069034638135,0.3311049114036075,0.17527937517424386
2026-03-04,0.00010431763609534739,-2.3965210049827173,0.00024983603944602313,0.3307696487593833,0.17560323659663557
2026-03-05,0.00011416589799210564,-2.4134410605687506,0.0002498158478005395,0.32916981609893137,0.17904744447088627
2026-03-06,0.00012167137134824123,-2.4293337377146775,0.0002509427961275068,0.33027484557030135,0.18006332988717044
2026-03-09,0.00012363170441628406,-2.430981420702219,0.0002508755429817249,0.33052075859321267,0.18002053912186122
2026-03-10,0.00011160018090787495,-2.403155768792569,0.00024999242832415543,0.3273657824126472,0.17933346039067022
2026-03-11,0.00012886687433983897,-2.3942904614586977,0.00025109238856857783,0.32573848760563184,0.17962234192021131
2026-03-12,0.00011952714567280709,-2.416081774239168,0.00025115894500253095,0.32481116049183584,0.183489583238713
2026-03-13,0.00011898905764101473,-2.417411634020478,0.0002511592715305638,0.3223715547670891,0.18608525761976769
2026-03-16,0.00012863390355034128,-2.4096090444988834,0.0002503966556892605,0.3215970744567108,0.18581662796795484
2026-03-17,0.00015851952360440043,-2.411204824843616,0.0002529174794971917,0.321735009668701,0.18560536589387888
2026-03-18,0.00016395871579708568,-2.448290381325619,0.0002552351034261073,0.3243542866349874,0.18792847234087529
2026-03-19,0.0001469940205070649,-2.490891424939634,0.00025830341517063353,0.3282739706034471,0.18991093796787673
2026-03-20,3.599042492539325e-05,-2.4775205335884847,0.0002552008968468369,0.33100360557413216,0.18827620269809764
2026-03-23,-4.899542562214026e-05,-2.6646823959853383,0.00025545920782701177,0.33924365122150185,0.20375056649882795
2026-03-24,-4.298507368446041e-05,-2.6564504558706394,0.0002551009618524497,0.34496847064860026,0.19670661508343823
2026-03-25,-7.343683348929702e-05,-2.6456420438399295,0.00026109740117211843,0.35173201339643445,0.18840876993024436
2026-03-26,-0.00014063640990540357,-2.677474726481026,0.0002645690210341801,0.35450355743750844,0.19153606814835022
2026-03-27,-0.00011371003291249035,-2.5562966024356726,0.0002665994292272238,0.35660139012139874,0.17581555651386693
2026-03-30,-9.781473222434978e-05,-2.592160703774268,0.0002737473006304943,0.37299828823615744,0.17021989343191146
2026-03-31,-0.00011764349873344922,-2.63847412517105,0.00027906186645919876,0.38555706792333794,0.1690128577898642
2026-04-01,-0.00018609435680888418,-2.629921601750702,0.00028429319609646824,0.37803272080177514,0.17466997089283387
2026-04-02,-0.00016341868865380035,-2.66329402147372,0.00028307332046855323,0.37676004402952484,0.17763517740097123
2026-04-03,-0.00014353777813808148,-2.623528018292424,0.00028247752779791957,0.37676030964868334,0.17231817620783585
2026-04-06,-0.00014377547561309195,-2.618438731898073,0.0002825562507253397,0.3766506536230945,0.17187688966668913
2026-04-07,-0.00014663826598283698,-2.622899441644768,0.00028246296249963336,0.37679690829967705,0.17239627710741134
2026-04-08,-0.00022483699925744614,-2.4319461156995428,0.00028757869412930756,0.37058098848069415,0.16096136220800816
2026-04-09,-0.0002558766914824,-2.418397049466854,0.00028891663302347913,0.3702127380423674,0.1614583518272371
2026-04-10,-0.0002768894956509521,-2.373502916453226,0.00028937979200643,0.3728403214597338,0.15659897002133982
2026-04-13,-0.0002459777976458678,-2.3808996237573337,0.0002924942287857527,0.3723617178498543,0.15596720706266665
2026-04-14,-0.0002495198597757929,-2.4019181635681623,0.0002921231159270814,0.36975830985719793,0.16060233670682278
2026-04-15,-0.00024234650911889217,-2.399297019209893,0.0002928555406303514,0.3699355492049745,0.15971400943924918
2026-04-16,-0.0002519445795249263,-2.403037710506988,0.00029210748896157473,0.36938070709061105,0.1609071550220168
2026-04-17,-0.0002629767805157825,-2.4059784706761134,0.0002919019507945199,0.3689354551713273,0.16229444561463535
2026-04-20,-0.0002478516435421256,-2.390802519930412,0.0002929032696511506,0.3699081498185598,0.15842894732799184
2026-04-21,-0.00022467946940127144,-2.4511997853367884,0.0002970905353405755,0.37524875257679563,0.16151304171733305
2026-04-22,-0.00024902075149313977,-2.4079476692643764,0.0002966058134982863,0.3744530864011425,0.15877455406399998
2026-04-23,-0.0002217640372946743,-2.4013177889559874,0.0002963044842589313,0.3732521575557588,0.15745347901652418
2026-04-24,-0.00024317350795021006,-2.388703692244586,0.0002958122140855089,0.37268013475106604,0.15755806396055205
2026-04-27,-0.00024008472108989916,-2.3603748967886737,0.000297390312810342,0.37445160635683794,0.15187113631980254
2026-04-28,-0.0002432264498038397,-2.374608445196336,0.00029793430993438206,0.37512010247240796,0.15311807833564528
2026-04-29,-0.00022848996262935203,-2.3446619595187714,0.00029913022245576403,0.37928517486368457,0.14512207359878682
2026-04-30,-0.00022522246675789592,-2.370695443504835,0.00029927068058761683,0.38019876094197497,0.1474775548091226
2026-05-01,-0.0002215560309539706,-2.3955545666189026,0.0002972166986095288,0.378076421371295,0.1514588441868584
2026-05-04,-0.00020270696468542763,-2.437478891390232,0.00029786157738620017,0.37704005943543434,0.15650044141378094
2026-05-05,-0.00020873377399515135,-2.4283712481845705,0.00029794595460012695,0.37722616654065333,0.15578853737787857
2026-05-06,-0.0002126841986408672,-2.4730662679988176,0.00029901769844834425,0.379695658405341,0.1595072467851273
2026-05-07,-0.00023262283563131464,-2.461189642499114,0.00029868702650124896,0.3789434427229801,0.1597039845548922
2026-05-08,-0.00022413257687675187,-2.4705096955054957,0.00030565401655266157,0.3835837318449459,0.15935601212777173
2026-05-11,-0.00022948634940814783,-2.4616999020827546,0.0003061662731202242,0.3846534734207614,0.15837566013120918
2026-05-12,-0.00022287087728441738,-2.429733234729164,0.0003056615805566921,0.3862216437975132,0.15406696709431789
2026-05-13,-0.0002233922863276908,-2.4280421420544256,0.00030580884603922834,0.3863967483859426,0.15379670407118962
2026-05-14,-0.00027003218692191926,-2.399982473597573,0.00030869715658021595,0.38678918642861065,0.15377222001286106
2026-05-15,-0.0003061039961750313,-2.4255654670757005,0.0003052676194026951,0.38647822105050594,0.16011543235600334
2026-05-18,-0.00031420276288339206,-2.4303620378358564,0.0003049081502365188,0.3864836723895182,0.1601670856855888
2026-05-19,-0.00033479586639187755,-2.43406397049519,0.00030543068879091627,0.3868150270511358,0.16263132455671514
2026-05-20,-0.0003917550241878913,-2.3777041714317013,0.0003073661716417199,0.3903918235779132,0.16037265681401103
2026-05-21,-0.0003847045898273504,-2.3705231159503946,0.00030624580796575823,0.390870819086524,0.15924749082238665
2026-05-22,-0.00039199277933399656,-2.374511421830364,0.0003090858471284719,0.39141247554348746,0.1585594857639402
2026-05-25,-0.00037937624464461214,-2.381764702911261,0.00031069629002917473,0.39173851603202126,0.15861216747326423
2026-05-26,-0.0003477925515859579,-2.386133260230938,0.0003127250914686663,0.3913416219189205,0.1566986005115586
2026-05-27,-0.0003428497450651602,-2.3907306469804164,0.00031332091513340174,0.39233808441103024,0.15605491919237158
2026-05-28,-0.00034246302523741274,-2.39197669767956,0.0003135519857801463,0.39279241491143135,0.15587620976844807
2026-05-29,-0.00034905070934407534,-2.403024004697418,0.000314285340072064,0.3941942043373973,0.15583899835711357
