date,r2,alpha,b_real,c_dollar
2010-12-21,0.7110832073032827,4.8094095739423945,-0.2004674984761932,0.04452312113441148
2010-12-22,0.706060151925228,4.927174440990127,-0.19973056573725734,0.01846505590172509
2010-12-23,0.7003020872930579,5.087767656443562,-0.19836124568234964,-0.017185811710927923
2010-12-24,0.6946793052438556,5.214431445536374,-0.197526803148897,-0.045240174956250545
2010-12-27,0.6895486785988094,5.359909414893674,-0.19642517876722326,-0.07750085921552397
2010-12-28,0.6796921213224258,5.614210400761469,-0.1938893153019397,-0.13409371264720282
2010-12-29,0.6736150252222542,5.790512628948384,-0.19277589740110532,-0.17315974587983285
2010-12-30,0.6684248208402002,6.062440797211564,-0.19032417181793668,-0.23361900938411662
2010-12-31,0.6640446562127607,6.270525403578314,-0.18886810467887583,-0.2797692248489638
2011-01-03,0.6595255028699851,6.548513166039073,-0.186533771424964,-0.3415564033427114
2011-01-04,0.6582986538217976,6.755057787199886,-0.1847057835460665,-0.38746490336034833
2011-01-05,0.6559619869117321,6.979915636681508,-0.18247972333047177,-0.43750336246169574
2011-01-06,0.6545418262868732,7.1372547504046855,-0.18101451987561812,-0.47247457516034896
2011-01-07,0.6550831738105469,7.261085103698047,-0.17979540806966315,-0.4999777943222814
2011-01-10,0.6569908627341832,7.389522163032459,-0.17850799616641186,-0.5284980372272943
2011-01-11,0.6582629254854795,7.520084735097957,-0.17714409913518936,-0.5575036475783848
2011-01-12,0.6590555680328088,7.680480538400098,-0.1754471142823627,-0.5931769784016645
2011-01-13,0.6607718655449369,7.8047801393230944,-0.17405053360554515,-0.6208265001553768
2011-01-14,0.6622336079446576,7.929530370858058,-0.17238099628402018,-0.6486450227609277
2011-01-17,0.6638381519490506,8.052125712248234,-0.17069928027402845,-0.6759912759960482
2011-01-18,0.666509926863158,8.138673470936459,-0.16946977700166557,-0.6952621722650687
2011-01-19,0.6681422702575421,8.228967272180975,-0.1683651893275933,-0.7153463403760476
2011-01-20,0.6677215565172891,8.389572073114607,-0.166134825716877,-0.7512044899285755
2011-01-21,0.6675054136911742,8.535907564507028,-0.16402992203798,-0.7838959087050732
2011-01-24,0.6708701711687479,8.606775738498177,-0.16255495181470359,-0.7997524098133548
2011-01-25,0.672998700606414,8.62151774858232,-0.16161964509086713,-0.8031136659439502
2011-01-26,0.6744140289462219,8.680530567629706,-0.16002658315950144,-0.8163943397093791
2011-01-27,0.675251140573105,8.692768596546307,-0.158977176100949,-0.8192534637238678
2011-01-28,0.6750602642981278,8.727926025329632,-0.15763785628228644,-0.8272417605183688
2011-01-31,0.6739378185295698,8.763429915197037,-0.15651681473379592,-0.8352785483372052
2011-02-01,0.6733895543659368,8.842293996503924,-0.15485442025128016,-0.8530070414290265
2011-02-02,0.6725896606416357,8.93112637280581,-0.15300395463073085,-0.8729791119177723
2011-02-03,0.670753409911373,9.08422377972589,-0.1505917849783614,-0.907265918223521
2011-02-04,0.6676930905630764,9.246384670656878,-0.14784175733966215,-0.9436360589314534
2011-02-07,0.664169471548064,9.404840294848889,-0.1451824099085506,-0.9791756467885304
2011-02-08,0.6589465524225,9.615807355315548,-0.14162518711996072,-1.0265172184996287
2011-02-09,0.6543896348365914,9.791248145102006,-0.13852817425777667,-1.0659071607829582
2011-02-10,0.649622605999757,9.962076792000683,-0.13508530025102694,-1.1043457618098826
2011-02-11,0.6455016411184045,10.100661274614392,-0.1320044023524556,-1.135579237951553
2011-02-14,0.6409570378938347,10.222308452672971,-0.1293461328170527,-1.1629812338655054
2011-02-15,0.6370344050497714,10.362138175115927,-0.1265283550814819,-1.19443084791507
2011-02-16,0.6330358533899656,10.507251955921104,-0.12354124254200768,-1.227086710078256
2011-02-17,0.6301621496594716,10.646830248762505,-0.12100277188603603,-1.2584253901003402
2011-02-18,0.6287983920298367,10.778680703426543,-0.11873428882554682,-1.2879984244601956
2011-02-21,0.6274840896739418,10.893568322637655,-0.11659079089093503,-1.3137926222183653
2011-02-22,0.6268268529622115,10.984656693544188,-0.11490947104310695,-1.3342248093670215
2011-02-23,0.6263821454301586,11.083854814701857,-0.11302806257686697,-1.3564855514645946
2011-02-24,0.6270522656587096,11.160304293721122,-0.1113672126104251,-1.3736790958615928
2011-02-25,0.62863398698058,11.246690279465406,-0.1094018646341601,-1.3931285236013213
2011-02-28,0.6303916789190425,11.334404244294804,-0.10738158788740573,-1.412886073633015
2011-03-01,0.6342779071941609,11.452797640069313,-0.10504768634044176,-1.4394720953412097
2011-03-02,0.6373024552615902,11.555080890439758,-0.10288148754586643,-1.462468240580092
2011-03-03,0.6402924698811892,11.6564877457302,-0.10079157898001286,-1.4852660418006527
2011-03-04,0.6452626684675196,11.755916305355143,-0.09875215230095571,-1.5076068196464967
2011-03-07,0.6485165477608026,11.845667286650686,-0.0968185235286651,-1.5277959409978854
2011-03-08,0.6515683513816297,11.931315263564397,-0.09449956349963509,-1.5471625138983904
2011-03-09,0.6554501491955735,12.004108671597288,-0.09226008923469434,-1.5636685027328572
2011-03-10,0.659166665029201,12.058345031865965,-0.09017350271521304,-1.5760508576437384
2011-03-11,0.6611992475381472,12.111610218541507,-0.08756379686244885,-1.5883398462138913
2011-03-14,0.6629483938023094,12.169802002717258,-0.08482869042672693,-1.6017534025429854
2011-03-15,0.6635332473274946,12.198222289614087,-0.08271749658022257,-1.608463257014092
2011-03-16,0.6646084641560362,12.238296863091694,-0.08021222527273636,-1.617841209188527
2011-03-17,0.6665941028966778,12.281929586300755,-0.0773157612211397,-1.6280908382581583
2011-03-18,0.6702336534001805,12.343686024927802,-0.0744459596235683,-1.6423265871038866
2011-03-21,0.6739736566836615,12.416938416556631,-0.07153694436269722,-1.659114856080579
2011-03-22,0.6765172273786205,12.489207784089881,-0.06844385710215059,-1.6757351588717715
2011-03-23,0.6793533924717972,12.589514254820287,-0.06497088995330139,-1.698627211149811
2011-03-24,0.6825152152662506,12.66649098032978,-0.06165652560962113,-1.716336698760371
2011-03-25,0.6858951818738486,12.735410272342689,-0.05894910422714468,-1.732120341124618
2011-03-28,0.6890166188694606,12.800689783590876,-0.05614287367808109,-1.7471260488446068
2011-03-29,0.6923323318699646,12.868555257399608,-0.053356589284526086,-1.7626995912824706
2011-03-30,0.697423685881649,12.944067731256522,-0.050244538639117244,-1.7800286521743873
2011-03-31,0.7034562698492043,13.02411251958755,-0.047009283718489565,-1.7983804448697034
2011-04-01,0.7102340332634878,13.106603459037029,-0.04333741062411937,-1.8173807189822468
2011-04-04,0.716387588537855,13.172858770940152,-0.040278390852021735,-1.8326517672583993
2011-04-05,0.7247842247013033,13.253630962307497,-0.0367707728136821,-1.8512070111326961
2011-04-06,0.7323629412285072,13.324911825728233,-0.03319921242871158,-1.8676835986064992
2011-04-07,0.7417196808174995,13.411412292237868,-0.029286053635952845,-1.887595701601746
2011-04-08,0.7511213961667567,13.483276980287037,-0.025974914042139016,-1.9041390587065445
2011-04-11,0.7598824324732613,13.538258673078653,-0.02253728537532146,-1.9169849516164408
2011-04-12,0.7673207511921714,13.584991200061939,-0.01932469283947203,-1.9279663711459947
2011-04-13,0.7762384307240784,13.637972135085445,-0.015790825480097775,-1.9403946675680905
2011-04-14,0.7820780374955949,13.666729901967273,-0.01378049212807661,-1.947132372992559
2011-04-15,0.7872879385762727,13.6948549934281,-0.011842358783559784,-1.953712616380467
2011-04-18,0.7940181354678225,13.740273800671016,-0.01006286651659316,-1.964055605393722
2011-04-19,0.8004495481224552,13.774478327201237,-0.008561620519055638,-1.9718700118296222
2011-04-20,0.8058075095611061,13.79822100986742,-0.007054557651772028,-1.9773869648871012
2011-04-21,0.810476632134165,13.802498240807765,-0.0058334528856671675,-1.9785410632373785
2011-04-22,0.8136083555874096,13.802755513148611,-0.004992645399835752,-1.9787291055171141
2011-04-25,0.8151942744622094,13.81663653073359,-0.004928168213319636,-1.9817997459414647
2011-04-26,0.8166458103391111,13.821244465181376,-0.004854161177626267,-1.982824711815466
2011-04-27,0.8190346354890007,13.845278719262224,-0.004144266399943149,-1.9882514491789134
2011-04-28,0.8214534415724889,13.869678587225732,-0.004000940978763315,-1.9936635830310898
2011-04-29,0.8241934195481264,13.910720164942024,-0.0040002474112090305,-2.0027274490755533
2011-05-02,0.826628399441812,13.928878635401116,-0.0039206089372318224,-2.0067492815860737
2011-05-03,0.8289201607464437,13.95373908610356,-0.004037324010263077,-2.012228186466737
2011-05-04,0.8306303275510987,13.971613611503656,-0.004252004742642668,-2.0161509780800784
2011-05-05,0.8311583983180418,13.970829870097921,-0.004266413005677823,-2.0159930130808488
2011-05-06,0.8313965909520638,13.977383791676246,-0.004336974546097383,-2.0174333716644517
2011-05-09,0.83140118167429,14.003879081303474,-0.004656407518284722,-2.023219726012977
2011-05-10,0.8313414658665124,14.01680545477755,-0.004619128307233784,-2.0260623321285425
2011-05-11,0.8316120993308352,14.040303320591066,-0.004798477670222276,-2.031226360062072
2011-05-12,0.8326032214591306,14.099423955845756,-0.005100285451680876,-2.0442719051703224
2011-05-13,0.8337156947943314,14.158838703757013,-0.005410858474166294,-2.057383770490723
2011-05-16,0.8341993270991602,14.194759915939308,-0.005706895720086005,-2.065283788697881
2011-05-17,0.8345098837360949,14.23202093499507,-0.006011299882463385,-2.0734784648796163
2011-05-18,0.8350472862831506,14.270204155233793,-0.006301595721385892,-2.081884055368171
2011-05-19,0.8365938032062283,14.328403088377138,-0.006590347879251293,-2.0947424591995762
2011-05-20,0.8379206023099985,14.393649252941064,-0.007119127720025237,-2.10910227229116
2011-05-23,0.8369706156334917,14.447102120697679,-0.007461233438195221,-2.1208588663380303
2011-05-24,0.8380143639583241,14.53901060143404,-0.007887029132848382,-2.141150819023532
2011-05-25,0.8423495180901855,14.675534660605116,-0.008244303162654988,-2.171380576350806
2011-05-26,0.8461931642082352,14.795499845207027,-0.009016658318545562,-2.197852498047263
2011-05-27,0.849290919177098,14.898902316798997,-0.009545482439002696,-2.2207000294029355
2011-05-30,0.8504895941984549,14.969389202657322,-0.010236092352955552,-2.2361966830312676
2011-05-31,0.8529619140410047,15.052336652729203,-0.010769457673012281,-2.2545102582602787
2011-06-01,0.8541400315425112,15.103280223388378,-0.011364732702254972,-2.265695499856382
2011-06-02,0.8558502600331038,15.165047008770298,-0.012124784568318423,-2.279254763721658
2011-06-03,0.8573056083724224,15.215511409700413,-0.012659048313545126,-2.290353927292565
2011-06-06,0.859579715871832,15.281974349573716,-0.013113217096484135,-2.3050296618297805
2011-06-07,0.8622956360202999,15.345370978878378,-0.013763893135386063,-2.3189922450940337
2011-06-08,0.8629534993028707,15.378598035732466,-0.014074801568233049,-2.326302860070164
2011-06-09,0.8642653254873656,15.43497335568461,-0.014363395260332187,-2.3387660020109746
2011-06-10,0.8654477266370265,15.500073310221019,-0.014689802919939177,-2.3531619300155175
2011-06-13,0.8672341283834698,15.565949633717786,-0.015195836064022097,-2.3677097277033106
2011-06-14,0.8700492785000603,15.639635956371972,-0.01566757752861631,-2.384011812546546
2011-06-15,0.870821139497893,15.702528598272297,-0.016151806123727894,-2.397883275167058
2011-06-16,0.8726173823733533,15.804441653023874,-0.0166052253070791,-2.4204394205579387
2011-06-17,0.8753183312602901,15.914995482351081,-0.016940634161173113,-2.444951187507761
2011-06-20,0.8746900583600672,15.968652103013167,-0.017211796937787134,-2.4568041462033117
2011-06-21,0.8750084930063594,16.030164786196124,-0.01775042204541695,-2.4703616712402163
2011-06-22,0.8753572466890918,16.095581682638,-0.018210600414075788,-2.484804703867882
2011-06-23,0.8741923892655898,16.114608689104998,-0.018561248618386178,-2.488939963920931
2011-06-24,0.873573919089869,16.13850387902348,-0.019108925601531802,-2.494141627431037
2011-06-27,0.8725826542807023,16.144759286564934,-0.019273763350812392,-2.4954908608792628
2011-06-28,0.8719341126127635,16.15750782622206,-0.01948154345108602,-2.4982849252265336
2011-06-29,0.8711508886707805,16.166255953409213,-0.019620060514565232,-2.500208098213172
2011-06-30,0.8701383216827621,16.152186144047874,-0.019589188867457967,-2.4971041620883456
2011-07-01,0.8686240841966322,16.124249583474963,-0.019510171983864386,-2.49093355282418
2011-07-04,0.8670790380422795,16.092433952301242,-0.0193587261740977,-2.48391042041485
2011-07-05,0.8659908425764123,16.075633925420274,-0.019141649620132248,-2.4802156349350417
2011-07-06,0.8648312225485719,16.06717807903504,-0.018837760253695334,-2.4783748037717843
2011-07-07,0.8638037524957455,16.061836691467736,-0.01864090268559862,-2.477213361715271
2011-07-08,0.8627598155498741,16.050431361272167,-0.018495958343240422,-2.4746742491459743
2011-07-11,0.8612634957212922,16.05017319908267,-0.01878064663231528,-2.4745090537558325
2011-07-12,0.8593125518540888,16.047178859847246,-0.01918072123590539,-2.4736999819846517
2011-07-13,0.8587300049364786,16.03521933635887,-0.018992235345486427,-2.4710079469250985
2011-07-14,0.8587342148914193,16.01361503720462,-0.017984798488418136,-2.466314206856731
2011-07-15,0.8586397896241542,15.988779134011365,-0.017510734924469626,-2.4607935564939662
2011-07-18,0.8572062920491672,15.969054275544885,-0.017667748252234577,-2.456266616558399
2011-07-19,0.857895073891082,15.939348558382493,-0.017633002362488936,-2.4495814352868637
2011-07-20,0.859889512150681,15.916326589806191,-0.017169050796559115,-2.444450244639747
2011-07-21,0.8630069805307309,15.879058994235272,-0.016603076433051103,-2.436183856031974
2011-07-22,0.8651674457652733,15.85531208380739,-0.016092143357326352,-2.4309155474206054
2011-07-25,0.867474609589208,15.833011377884025,-0.016030397047895648,-2.425874806741152
2011-07-26,0.8698711585177024,15.809682159521946,-0.016058185871987693,-2.420597992805277
2011-07-27,0.8720611221737099,15.782400389450155,-0.016178324681287784,-2.414418778326704
2011-07-28,0.8727113364995194,15.754261853993688,-0.01708934062926805,-2.407906049703221
2011-07-29,0.8725523698550843,15.726741412056683,-0.018466825985144,-2.4014496361607387
2011-08-01,0.8715427885173826,15.718098926275218,-0.01986123409178281,-2.3992042194436003
2011-08-02,0.8693167337052536,15.718612365431536,-0.02239001679961622,-2.3987630552733403
2011-08-03,0.8672346610446594,15.724102566829254,-0.02456770809533876,-2.3994987947181725
2011-08-04,0.8636890531263386,15.698101900114528,-0.02798470024678673,-2.3929688846016446
2011-08-05,0.8587804456170894,15.67929623535881,-0.03128499805608137,-2.388057021714631
2011-08-08,0.8503434529136931,15.655790190876093,-0.0367462548136579,-2.3816752593444623
2011-08-09,0.8418277041446601,15.612327403888607,-0.04398158468876576,-2.3705261709275867
2011-08-10,0.8311850682192323,15.549632453639592,-0.053351351989981505,-2.3546830184863214
2011-08-11,0.8238023852890877,15.53465299424052,-0.05925796577859688,-2.350145077991305
2011-08-12,0.8198246493547222,15.551831022161654,-0.06445778818702069,-2.352936574265163
2011-08-15,0.8160293215738152,15.564063990605696,-0.06883602818342496,-2.3547687158403487
2011-08-16,0.8120935328763728,15.591087830638488,-0.07340981657536255,-2.3598647390319694
2011-08-17,0.8095498548940382,15.626169390529418,-0.07758354955333413,-2.3668426984840387
2011-08-18,0.8029679297555183,15.669777271886812,-0.08260888324391441,-2.375545914912906
2011-08-19,0.7980434292809437,15.691967372542702,-0.08781357861070113,-2.3794436369010756
2011-08-22,0.7902578204669674,15.715474146976355,-0.0939887461662291,-2.383446337710974
2011-08-23,0.7864018798391325,15.749314651617636,-0.09783602114759671,-2.390203384275828
2011-08-24,0.7830899587016491,15.787077879356186,-0.10040842842777292,-2.398084200623593
2011-08-25,0.7811539456488198,15.821571847531285,-0.10323788684168916,-2.4052033053030337
2011-08-26,0.7777491218846074,15.861393418488426,-0.10664215457837059,-2.413387199742848
2011-08-29,0.7753536869207802,15.9031235174947,-0.1089561701301288,-2.4222051544537635
2011-08-30,0.7718427248315717,15.928708710005669,-0.11231298611319689,-2.4272205963864293
2011-08-31,0.769496988046317,15.920373887705455,-0.11507503752787454,-2.4247691174744324
2011-09-01,0.7690872476861372,15.907373779396947,-0.11797596601743354,-2.4212711161800806
2011-09-02,0.7670371571270039,15.888510479472714,-0.12211460503337956,-2.416239011319863
2011-09-05,0.7656142133158899,15.887946073662189,-0.12599642747580678,-2.4153460388514185
2011-09-06,0.7601557927808045,15.818437603400398,-0.13076946952096785,-2.3989041496235703
2011-09-07,0.7576142521734505,15.766934584903684,-0.13402649094165425,-2.3867627741144934
2011-09-08,0.755177820412225,15.651775004778704,-0.1384009516625915,-2.3602089210381214
2011-09-09,0.7520491642185534,15.428828255722479,-0.1436577994529949,-2.30944202426815
2011-09-12,0.7495934440638747,15.216075507035832,-0.14806280452355344,-2.2611105562719214
2011-09-13,0.7457380290208738,14.993774573984691,-0.15249448244817357,-2.2106276538622573
2011-09-14,0.7418508042645438,14.757430050998977,-0.15666927239207207,-2.157050358757832
2011-09-15,0.7410619857078468,14.553084228492438,-0.1601698992571505,-2.110736958890831
2011-09-16,0.7397852379843393,14.351386106809054,-0.16364243838321046,-2.0650152422470796
2011-09-19,0.7382299896831048,14.101753219249897,-0.16724560366286376,-2.0085895831692104
2011-09-20,0.7377223617085356,13.86050673680156,-0.17091426755537345,-1.9540198018415917
2011-09-21,0.7378444670492763,13.591883323646666,-0.17449205500386766,-1.8933627213074136
2011-09-22,0.7374516144300527,13.238414203338122,-0.1785503018325213,-1.813697655800361
2011-09-23,0.7411421923966969,13.024631796650175,-0.18105332807567753,-1.7654710713962942
2011-09-26,0.7454881810537484,12.827305115385046,-0.18317581321977147,-1.720982626139803
2011-09-27,0.7514942971135865,12.644062499412554,-0.18555909748451166,-1.6795858032674789
2011-09-28,0.7571512163293085,12.501865583877532,-0.18731282326354604,-1.6474689661702613
2011-09-29,0.7621182481904331,12.337605946047326,-0.18916144613420086,-1.6104089747594645
2011-09-30,0.7674084923735902,12.16288622054682,-0.19141041303071138,-1.5709388754673932
2011-10-03,0.7736987013336187,11.981618803873713,-0.19400192246075937,-1.529944627323766
2011-10-04,0.7789227372862223,11.855870113967002,-0.19554922403585284,-1.5015320113996977
2011-10-05,0.7841099224038847,11.708036798173007,-0.1973779186939269,-1.468139608832269
2011-10-06,0.7919441265819833,11.502665941574117,-0.1996283115649313,-1.4218239399936843
2011-10-07,0.7993294005799628,11.369923870130817,-0.20118800202664025,-1.3918387376562928
2011-10-10,0.8075357399012683,11.200455966232827,-0.20312518591460285,-1.3535743861093419
2011-10-11,0.8151286094667162,11.027105809238968,-0.20492416902113192,-1.314471541906043
2011-10-12,0.824251164257278,10.88297796102,-0.20692423149113837,-1.2818425076271478
2011-10-13,0.8310488078567267,10.730938001373016,-0.20848536360787018,-1.2475370459878339
2011-10-14,0.835957894444888,10.577091998657323,-0.2096074697257352,-1.2129129242296874
2011-10-17,0.842082382059501,10.457297698490397,-0.21068849143016663,-1.185896422345319
2011-10-18,0.8492537279282782,10.340906179150474,-0.21195622231551808,-1.1596084733350076
2011-10-19,0.8574881568034212,10.238245111779003,-0.2130658233316754,-1.1364131035837004
2011-10-20,0.8658136329200041,10.165550600851002,-0.2140151006956831,-1.1199317706046708
2011-10-21,0.874892380198178,10.086989709393919,-0.214977535704404,-1.102134230819197
2011-10-24,0.8830926262206293,10.054124252800857,-0.21605421404241024,-1.0945159068734531
2011-10-25,0.8899942189384277,10.00895513960517,-0.21697551633415568,-1.0841870569087475
2011-10-26,0.895438340534452,9.938780576443172,-0.2181054922068437,-1.068245561082591
2011-10-27,0.8999702393973128,9.885216133785097,-0.21903386739711767,-1.0560305091722504
2011-10-28,0.9039574340463097,9.825794475353367,-0.2198382001267602,-1.0425504511998538
2011-10-31,0.907832552594509,9.773936887857872,-0.22014877147369283,-1.030865107400131
2011-11-01,0.9108950324763108,9.73434239117289,-0.219876742272415,-1.02201939778654
2011-11-02,0.9122200288295846,9.708549369693735,-0.21930933040587453,-1.0163241060664734
2011-11-03,0.9138390207850028,9.634118500040355,-0.21937944075658306,-0.9996519303789388
2011-11-04,0.9161878937264115,9.566186724520575,-0.21908331772699338,-0.9844895950159693
2011-11-07,0.9184219487314856,9.499091925244858,-0.2191223832276324,-0.9694549725960162
2011-11-08,0.9212509932106558,9.416237456720435,-0.21928375768117017,-0.9508725115059378
2011-11-09,0.9245382245138212,9.329284631700748,-0.21945840139099293,-0.9313736842838309
2011-11-10,0.9270460329175714,9.234204476765232,-0.21956239263696536,-0.9100872982886123
2011-11-11,0.9284576434949835,9.152497702889399,-0.21977635037740162,-0.8917702892971957
2011-11-14,0.9298346724806028,9.071056053392573,-0.2199569886255007,-0.8735167744480559
2011-11-15,0.9315577612272953,8.934307660003144,-0.22036306621431137,-0.8428699926050385
2011-11-16,0.9333939190262547,8.797529269668754,-0.220628178603465,-0.812246655146559
2011-11-17,0.9346109494713308,8.713423048167241,-0.22053374458933558,-0.7934576821396457
2011-11-18,0.9352678013367952,8.65824688038073,-0.22040499794569043,-0.7811368335868403
2011-11-21,0.9357953340727901,8.629290168456265,-0.22004405339063743,-0.7747081860518437
2011-11-22,0.9359839121767747,8.620310249543454,-0.21985494363116942,-0.7727228577024274
2011-11-23,0.9362094666652195,8.622701363072629,-0.2195224197443476,-0.7732968544104264
2011-11-24,0.9361770611890586,8.634277279164582,-0.21918436331811547,-0.7759275632157729
2011-11-25,0.936018833162589,8.659836843574936,-0.21915776445053706,-0.7816452869241468
2011-11-28,0.9361028073103893,8.682838608934818,-0.21933224395597367,-0.786765268688445
2011-11-29,0.9364949903944033,8.72896122749266,-0.21970175959410432,-0.7970296822600973
2011-11-30,0.9367327416656762,8.739179704594074,-0.22012774539766464,-0.7992563336294907
2011-12-01,0.9381634130081971,8.790085280612455,-0.2212098239216122,-0.8104954999970508
2011-12-02,0.9388546015332822,8.837401928797538,-0.22186887684607162,-0.8209878272133497
2011-12-05,0.9388201838149214,8.880378044137434,-0.22198925097194605,-0.8305870129165847
2011-12-06,0.9387280515245469,8.889623675065803,-0.22199409638833384,-0.8326548783937158
2011-12-07,0.9388172854152129,8.915492859809017,-0.2221924118825157,-0.8384121914937037
2011-12-08,0.9387063874807926,8.952018238533514,-0.22225414897365536,-0.8465735263367338
2011-12-09,0.9385791681287228,8.962131483745686,-0.22230534591829693,-0.8488284552319261
2011-12-12,0.9378408683520616,9.028878198409313,-0.22216112182574402,-0.8637741634760288
2011-12-13,0.9358491856095891,9.13831189173436,-0.22175341148454342,-0.8882984099359184
2011-12-14,0.9321338632753582,9.304355549573234,-0.22120650810290168,-0.925484065304039
2011-12-15,0.9297633650854649,9.50951019186168,-0.22144327958181143,-0.9713213414132562
2011-12-16,0.9274451253231704,9.655743190996674,-0.22127067281353044,-1.0040427407738044
2011-12-19,0.923913415649905,9.813989159642077,-0.22083855818480846,-1.0394863836534254
2011-12-20,0.9214473817742455,9.929656219839512,-0.22044988102127022,-1.0654120225027646
2011-12-21,0.9195628225540893,10.030377686338323,-0.22023932442976113,-1.0879725796095987
2011-12-22,0.9167727729235732,10.108265131611052,-0.21958382159265538,-1.1054787799019505
2011-12-23,0.9145382909283746,10.194332258097223,-0.21931430537879876,-1.1247655689803997
2011-12-26,0.9122310994447066,10.265466292333308,-0.21890115194321494,-1.140729872175653
2011-12-27,0.9097128813605606,10.32554310163838,-0.21833996657401333,-1.1542391854851661
2011-12-28,0.9050468424823681,10.433074795023892,-0.21758889382129296,-1.1783773225265417
2011-12-29,0.9003722553144394,10.545451005873893,-0.2169862657588178,-1.2035818136183913
2011-12-30,0.8960159570997827,10.639417232302007,-0.21634253180458174,-1.2246830687847559
2012-01-02,0.8918045609258903,10.712855451238454,-0.21546267853725637,-1.2412163425274125
2012-01-03,0.8891376734494325,10.738630285901483,-0.21465044687110071,-1.24709202514276
2012-01-04,0.8864874146403132,10.767678202202344,-0.21382543689048772,-1.2536968744409664
2012-01-05,0.8844676227462229,10.800203130722185,-0.21314477841018675,-1.2610498417924727
2012-01-06,0.8822603888035656,10.839263112407298,-0.21246451848222864,-1.26986157386092
2012-01-09,0.8790421147706969,10.923646838021352,-0.21235046201142954,-1.2887497862455963
2012-01-10,0.876618123815259,10.964938549622946,-0.21211621218141605,-1.298019529618593
2012-01-11,0.8743753425610228,10.989826440670171,-0.2116944504155268,-1.3036361966946617
2012-01-12,0.8723007944576536,10.992389993953264,-0.2109791175174508,-1.3042956077124297
2012-01-13,0.8695771544208478,11.024842377296428,-0.21047567099935285,-1.3116156410047868
2012-01-16,0.8667365300433766,11.027290172717846,-0.20945819962160572,-1.3122805718495008
2012-01-17,0.8637959274828935,11.026662523710103,-0.20845495462865266,-1.3122678382361608
2012-01-18,0.861328469943069,11.008412484198184,-0.2073566444240992,-1.3083234782467517
2012-01-19,0.8595945905747389,10.989711280735856,-0.20665208812939612,-1.3042194214537266
2012-01-20,0.8576919137778266,10.971720006605707,-0.20608125306407105,-1.3002575497515934
2012-01-23,0.8558471727619417,10.982295095993566,-0.20618478901986245,-1.3026160263285
2012-01-24,0.8537839260330742,11.016857146568864,-0.20659244978414754,-1.31030973738497
2012-01-25,0.8521120691531714,11.054936012813455,-0.20715018917521327,-1.318771417410229
2012-01-26,0.8513096115614536,11.119883488767217,-0.2082076910718617,-1.333206507682944
2012-01-27,0.850420692037144,11.179683303229345,-0.20913563542654065,-1.3465003387482795
2012-01-30,0.8495372698852852,11.270376709059565,-0.21040265991662355,-1.3666722655854415
2012-01-31,0.8482867531931936,11.35810759193771,-0.21151583244252764,-1.386195779709328
2012-02-01,0.8469404592116159,11.437819779499055,-0.21252121891752718,-1.4039504461564576
2012-02-02,0.8464878695257068,11.530945124879157,-0.21380670057616044,-1.424675853406594
2012-02-03,0.8463084159996708,11.651535638804237,-0.21567019160338183,-1.4514804866771818
2012-02-06,0.844525006367986,11.723340684354097,-0.21661248467255928,-1.467503428317411
2012-02-07,0.8435632288234709,11.77857681909223,-0.21749107063885886,-1.4798099997596479
2012-02-08,0.8421635983086814,11.834398987454758,-0.2183336431941565,-1.4922578194471043
2012-02-09,0.8402732110783095,11.862981320904566,-0.2186313558032279,-1.498663395657689
2012-02-10,0.8379465587545181,11.895670667341584,-0.21879656221211485,-1.506010306390987
2012-02-13,0.8348598942704334,11.885063074047178,-0.2182674833852496,-1.5037448202711359
2012-02-14,0.8312875420105239,11.869360104966793,-0.21749887756960418,-1.500368401786902
2012-02-15,0.828381306598122,11.85936265388212,-0.2169356824560525,-1.4982384359975112
2012-02-16,0.8264725633924732,11.868410611393383,-0.21678689585178787,-1.500321166257844
2012-02-17,0.8242629460489178,11.874334567048045,-0.21659165881532788,-1.5017134613764918
2012-02-20,0.8216831784149925,11.887787506644038,-0.21656889547763952,-1.5047719374124484
2012-02-21,0.8203274759072536,11.887458315949502,-0.21645249885452095,-1.5047372048024306
2012-02-22,0.8194328534372479,11.895245627151363,-0.21650695631249173,-1.5064970010791368
2012-02-23,0.8181963718069221,11.898167465865328,-0.21641762519393215,-1.507192167660019
2012-02-24,0.8164307070544381,11.881057774989065,-0.21592791783403037,-1.503450806190675
2012-02-27,0.8137554478746419,11.826165694013081,-0.21461133261198223,-1.4913379773505269
2012-02-28,0.8117628497400433,11.793544319503692,-0.21382698643158757,-1.4841481699122747
2012-02-29,0.8051401518759775,11.709113646670001,-0.21180661433592707,-1.465538040753509
2012-03-01,0.8005762059132839,11.634396462802888,-0.21008173435927668,-1.4490332092375229
2012-03-02,0.7966970019781205,11.552445025467796,-0.2081578136894795,-1.4309128410707297
2012-03-05,0.7937917166192168,11.484921529423183,-0.20644245903426983,-1.4159789709792188
2012-03-06,0.7894308118821745,11.443477011704141,-0.2049885311838619,-1.4068582084246148
2012-03-07,0.7849537505575108,11.409014277181397,-0.20372554244817126,-1.3992864389483723
2012-03-08,0.7806590617440372,11.37168239990632,-0.202599753913578,-1.3910663436039812
2012-03-09,0.7768370148887391,11.35957093584333,-0.20205518021035415,-1.3884410282009298
2012-03-12,0.7722524635253261,11.329519831712158,-0.200970134766082,-1.3818388113193163
2012-03-13,0.7663100121303361,11.315534513261168,-0.20023393645298124,-1.3788164035221095
2012-03-14,0.7610309142350626,11.321197173090521,-0.19990150614199567,-1.3801277384193775
2012-03-15,0.7557294503448022,11.325430324219631,-0.19964636923539256,-1.38111361348802
2012-03-16,0.7501711296803564,11.314571583691642,-0.19908354691576866,-1.3787542063188951
2012-03-19,0.7455025418124596,11.309716526699246,-0.19877673459865944,-1.3777108318431228
2012-03-20,0.7404036073213707,11.290540061422709,-0.1979334171095628,-1.3734960076800067
2012-03-21,0.7350326143038726,11.269045389562322,-0.19696870693632046,-1.3687751899243397
2012-03-22,0.7298624922980921,11.273215809858396,-0.19661264494614195,-1.3697560214696831
2012-03-23,0.7249523728028973,11.277300638346155,-0.196413852514641,-1.3707132413872007
2012-03-26,0.7211446749778282,11.282420400028803,-0.19645389158147067,-1.3718727548486478
2012-03-27,0.7166687654053144,11.271076525029875,-0.1959967585060538,-1.369401282923524
2012-03-28,0.7114253506325867,11.264419012498067,-0.19546970351916326,-1.3679724338685681
2012-03-29,0.7056732256352256,11.245515329720236,-0.1944519863591258,-1.3638285044684393
2012-03-30,0.7007280859375926,11.224877326012493,-0.19347487587502754,-1.359284253348755
2012-04-02,0.6955647088132055,11.201441056363377,-0.1925820837200102,-1.3541302180323465
2012-04-03,0.6906624591385739,11.186592418704258,-0.19175202251166595,-1.3508826890103824
2012-04-04,0.685399651686255,11.193998495207685,-0.19132553176586525,-1.3525846428793669
2012-04-05,0.6806749180620443,11.198188878896637,-0.19061116587202473,-1.3535682651483558
2012-04-06,0.674204372748235,11.197440918720703,-0.18966950416572348,-1.3534802397083148
2012-04-09,0.668427731333191,11.199768938513312,-0.18875632271133705,-1.3540680334293071
2012-04-10,0.6627203976003019,11.19942839462054,-0.18776806590105052,-1.354063290300597
2012-04-11,0.6569113229227729,11.196663011785834,-0.1865949323104779,-1.3535220774814967
2012-04-12,0.6526705152214787,11.196199674882948,-0.1854309197079579,-1.3534724840244832
2012-04-13,0.6468345781377259,11.187127316289976,-0.18444837377824225,-1.3515337583513318
2012-04-16,0.6412680557330299,11.191405419049318,-0.18344000973115787,-1.3525602829331422
2012-04-17,0.63527489631297,11.172794494402332,-0.1822168100440073,-1.348512719584853
2012-04-18,0.6287196634858496,11.175957089576091,-0.1809369015040489,-1.3493014995624018
2012-04-19,0.6240148733510239,11.202946264855404,-0.18007820392137158,-1.355359962190768
2012-04-20,0.6185269044263666,11.22406368875182,-0.17874177101357364,-1.3601201151354578
2012-04-23,0.6126671212846115,11.241354842575026,-0.1769411650221447,-1.3640267208809362
2012-04-24,0.6060617767489282,11.24431183122812,-0.17519748297414728,-1.364751386309691
2012-04-25,0.599348959709667,11.233010896419414,-0.17366409010182243,-1.3623062360876412
2012-04-26,0.5918587323505765,11.204699535554779,-0.171936847156196,-1.3560897390437172
2012-04-27,0.5831927947737237,11.156072864729433,-0.1697888983385411,-1.3453631239858233
2012-04-30,0.5742547515309118,11.103265749758073,-0.16783505390332026,-1.3337039572319203
2012-05-01,0.5644791251992469,11.045597365628383,-0.16581610076677733,-1.3209615962360224
2012-05-02,0.5543165770255842,11.000250668178968,-0.16389435557255838,-1.3109549828705473
2012-05-03,0.5422052638282031,10.950055523129578,-0.16185045927989017,-1.299878173880638
2012-05-04,0.5311584864632504,10.918098126063732,-0.1599833904265746,-1.2928481801809655
2012-05-07,0.5196421518903589,10.896582373707615,-0.15860239989883124,-1.2881358991925933
2012-05-08,0.507233398841829,10.89084560854353,-0.15725542126896108,-1.2869476681339709
2012-05-09,0.49474428530659553,10.910691915718385,-0.1564081144585579,-1.2914470070790358
2012-05-10,0.48370700997891514,10.926133714247953,-0.15546884671878058,-1.2949575917945628
2012-05-11,0.4705538950481367,10.937934167439956,-0.15425502675258584,-1.2976733578933128
2012-05-14,0.4550817073045288,10.966392605890388,-0.15262179153238503,-1.3041041890459413
2012-05-15,0.43895476175898274,11.01559554642727,-0.1510417091816627,-1.3151579592479496
2012-05-16,0.42586504613545473,11.093945793588215,-0.15002627753108075,-1.3326715951940593
2012-05-17,0.4156199704749943,11.15358002528773,-0.1489294176762433,-1.3460003084223127
2012-05-18,0.4070178246118291,11.209872610882016,-0.14764166850698357,-1.3585709679384887
2012-05-21,0.39708514840578046,11.251995134720383,-0.14621255341101777,-1.3679979882503703
2012-05-22,0.38761183260539966,11.320235378642604,-0.14479736879591912,-1.3832320077372682
2012-05-23,0.3797232480917856,11.412302171079922,-0.14371401923056634,-1.403753140156586
2012-05-24,0.3732020776192704,11.505459428341348,-0.14273163834008953,-1.4245057230313747
2012-05-25,0.3672466825267252,11.583040138057637,-0.14164797286966985,-1.441783774288945
2012-05-28,0.36136442608133057,11.653652661968238,-0.14073357995757468,-1.4575166248279974
2012-05-29,0.35405588306048685,11.724594663910981,-0.13956124541284254,-1.473327838245396
2012-05-30,0.3457177854283031,11.784139008381949,-0.13773631735144293,-1.486597909985922
2012-05-31,0.33820704943521773,11.854097355853149,-0.1358677972097851,-1.5021817254775982
2012-06-01,0.3316364786814585,11.870214967388915,-0.13394899971912055,-1.5057758607738645
2012-06-04,0.32471451441162047,11.876907995514555,-0.1320732067621359,-1.5072744643212976
2012-06-05,0.31905376227878546,11.89069632705393,-0.13027221843365816,-1.510345022371133
2012-06-06,0.3129774405450293,11.895618475080632,-0.12850754813352938,-1.5114471622718515
2012-06-07,0.3068510922465614,11.911684637204516,-0.12632550915879592,-1.5150365075809513
2012-06-08,0.30166590151892225,11.930968938340852,-0.12440877526726074,-1.519334094379225
2012-06-11,0.2954005762129056,11.92204962106489,-0.12140542637044455,-1.5173453531335852
2012-06-12,0.29185395061800545,11.908712863530894,-0.11818185927617281,-1.5143377264198934
2012-06-13,0.2872145431302269,11.874842990145707,-0.11436830346572263,-1.506765079469674
2012-06-14,0.28324732256668084,11.838010325633395,-0.11059260917172076,-1.4985248669748024
2012-06-15,0.28027655398294604,11.807097755731501,-0.10634159632623219,-1.4915997471904894
2012-06-18,0.28016761037668725,11.786482617567465,-0.10159992440864524,-1.4869352468389998
2012-06-19,0.2809078855497952,11.749772645743088,-0.09568897575123347,-1.478682850707119
2012-06-20,0.2839622623322391,11.716469874543366,-0.08948843613803392,-1.471175183530593
2012-06-21,0.28829089509126893,11.706977170386452,-0.08392350770882745,-1.4689767036549695
2012-06-22,0.29451053067554445,11.700074729296894,-0.07911624325312133,-1.4673486067379322
2012-06-25,0.30289673926984517,11.689004356016142,-0.07391794754336944,-1.4647733257308557
2012-06-26,0.31285229190615493,11.692705594284845,-0.06903265639596368,-1.4654824523204821
2012-06-27,0.3215068452769807,11.684699845258569,-0.06460200578375874,-1.4636025178003282
2012-06-28,0.33083470942874904,11.686697466696511,-0.06022086868219628,-1.4639509792260728
2012-06-29,0.3406559806539934,11.695341350964773,-0.05605727251152237,-1.4657583189085317
2012-07-02,0.3498085027707224,11.672381212311615,-0.050903178530827264,-1.460536006451612
2012-07-03,0.36026842571217244,11.67268296881179,-0.04658395688664918,-1.4604706500656301
2012-07-04,0.3684186586062683,11.659454110431552,-0.04268281699951937,-1.457416692848442
2012-07-05,0.3841079681481222,11.700348845218953,-0.038498857363502115,-1.4663392432642164
2012-07-06,0.39996078550298786,11.727184402573464,-0.03357890700280758,-1.4721314207873064
2012-07-09,0.4216405323522985,11.762737981500255,-0.027283699561743813,-1.4798027077798808
2012-07-10,0.4437536736501253,11.822948872920124,-0.021313090530731882,-1.4929545567459677
2012-07-11,0.4662135113037117,11.90759572181526,-0.016183206606990796,-1.5115311049614508
2012-07-12,0.4927840996719828,12.039280065149686,-0.011370626244014304,-1.5405272713207512
2012-07-13,0.5202749007481335,12.16004276650023,-0.006281014872125401,-1.5670773156800824
2012-07-16,0.5487968300043412,12.295904082310654,-0.00144717771893349,-1.5969722557632258
2012-07-17,0.5780214891662567,12.514986245047993,0.0011502878460077914,-1.6453748015603145
2012-07-18,0.6075750846882622,12.73593127244018,0.003613496138076322,-1.694191311665623
2012-07-19,0.6291777609292931,12.941097390914035,0.005223538204703337,-1.739545494433271
2012-07-20,0.6523881425692047,13.136671952747466,0.007429975094712826,-1.7827388466395915
2012-07-23,0.6720275333933907,13.30257335218209,0.008402072534416938,-1.8193911938904488
2012-07-24,0.688631894730615,13.417537358821239,0.009927451517272201,-1.8447307715111094
2012-07-25,0.6946289424169672,13.512499644673102,0.00957464701873556,-1.8657176019585267
2012-07-26,0.6978604526489396,13.617902566556737,0.008352942271634578,-1.8890647560002307
2012-07-27,0.6957867328381202,13.649182581281721,0.007737330969278533,-1.8960011259367011
2012-07-30,0.6970549265896111,13.732408276969526,0.006974376479883859,-1.91442791781194
2012-07-31,0.7000339333078711,13.850240387829626,0.0060541620563732135,-1.9405285457859267
2012-08-01,0.7027620362613309,13.970672443535554,0.005657059841180007,-1.9671917556638001
2012-08-02,0.7037032077300862,14.07248754028999,0.005134489661670183,-1.9897384850744348
2012-08-03,0.70393745109767,14.185717253933426,0.004705339347574805,-2.014814945830283
2012-08-06,0.7000832333961324,14.188454806950164,0.005123871034690364,-2.0154102987447673
2012-08-07,0.6947248902926741,14.17817704113443,0.005503700033767711,-2.0131278421854746
2012-08-08,0.6875757674313643,14.070158604922485,0.006400857035847141,-1.9892041514683543
2012-08-09,0.6831989501851552,14.09929508592599,0.006361576706630401,-1.995651789059714
2012-08-10,0.6847416431404181,14.197101674531789,0.006589598984703127,-2.0172688601629645
2012-08-13,0.6852597658698125,14.293772780010979,0.006558771422198462,-2.0386541605940396
2012-08-14,0.6808311954863963,14.321021062513283,0.006818478521688376,-2.0446804351857164
2012-08-15,0.6808916419275854,14.440216712991848,0.006828257657386871,-2.0710475502745176
2012-08-16,0.6747060012157509,14.455639895772805,0.006865227869199464,-2.074462450891455
2012-08-17,0.6698763762850795,14.522849262020966,0.006721366966024767,-2.089333984530387
2012-08-20,0.6643750761597687,14.588043107675595,0.00640957836843431,-2.1037668408063066
2012-08-21,0.6539984519503144,14.489918000814356,0.006941403702250992,-2.0820396875856977
2012-08-22,0.6421072751048968,14.390451872369713,0.007113677227158111,-2.060020962336523
2012-08-23,0.6330415064988997,14.264533862083855,0.006943375937702778,-2.03218179225472
2012-08-24,0.6244232993627159,14.252297832038717,0.006299386528109796,-2.0294920128805494
2012-08-27,0.6140890628031652,14.121829834674351,0.006299592307422497,-2.000634842301171
2012-08-28,0.6077430589541755,13.993647791020976,0.006151037997459863,-1.9723044134818193
2012-08-29,0.6021272517510725,13.91683315520282,0.0058242953222849,-1.955340282523288
2012-08-30,0.59633435115437,13.825250445927846,0.005124008046024364,-1.9351331970688173
2012-08-31,0.5895211170050725,13.792720297118155,0.0034434871774501885,-1.9280286610683341
2012-09-03,0.5812503213892182,13.784726259009597,0.002072797216757516,-1.9263202640820425
2012-09-04,0.5724812194173439,13.754725640880793,0.0006151536408730285,-1.9197564709151136
2012-09-05,0.5674594233547613,13.752601291841717,-0.0009630196035495531,-1.9193729344758115
2012-09-06,0.5632524092859551,13.718328709198339,-0.002255974047521647,-1.9118755028318608
2012-09-07,0.5612475986684542,13.760289354520658,-0.004323394097772826,-1.9212777521544773
2012-09-10,0.5679588104654183,13.90683323612099,-0.007005451902761223,-1.9538718567197044
2012-09-11,0.5684991041447349,13.970452147103863,-0.008058395761836368,-1.9679788297176382
2012-09-12,0.5692908772361109,14.009498844053066,-0.008557893110041681,-1.9766090909908014
2012-09-13,0.5699044573408383,14.123239665792942,-0.010189403766615646,-2.001815484049554
2012-09-14,0.577114417793892,14.203338593553958,-0.01052819989702558,-2.019500298153045
2012-09-17,0.5812934840551418,14.253329574955455,-0.010823755576767458,-2.0305393357337027
2012-09-18,0.5832218238535904,14.34028493432203,-0.012104460265282335,-2.0498196233866035
2012-09-19,0.5870641958813214,14.475177748281105,-0.014237738350806717,-2.079785803408454
2012-09-20,0.5882793182064243,14.590012276701048,-0.01604251760801781,-2.105282903059042
2012-09-21,0.5907823314998526,14.694490201593167,-0.01771087676315719,-2.128483877048811
2012-09-24,0.592488086608503,14.78414870895246,-0.019310887455534137,-2.148402316543356
2012-09-25,0.5951677599013012,14.836247141030498,-0.01989773397970973,-2.1599343222359715
2012-09-26,0.5965552910434009,14.900635118619475,-0.021294671762962014,-2.1742566846261604
2012-09-27,0.5983913120734825,14.981923823643054,-0.022672812609649373,-2.1923009283507757
2012-09-28,0.6000257958387056,15.055714476761075,-0.02374789564113558,-2.2086639315587746
2012-10-01,0.6022742718827703,15.126099511097484,-0.024824125624168136,-2.2242781803238545
2012-10-02,0.6049352376467672,15.192165712953035,-0.025676338091480205,-2.238923703466574
2012-10-03,0.6071393688539273,15.266173708349607,-0.026637479006503095,-2.2553249993989577
2012-10-04,0.6107139577287508,15.3385142713852,-0.027588886227013942,-2.271363693002513
2012-10-05,0.6162763555654251,15.395059887707609,-0.027484272508026875,-2.2838290025488686
2012-10-08,0.6204665135468999,15.421308327954053,-0.02730171207474963,-2.2895921866046103
2012-10-09,0.6247743095174647,15.478376195262575,-0.027157495580345886,-2.3021618710240697
2012-10-10,0.6294084459217701,15.550229648699071,-0.02695816683210686,-2.317998126582717
2012-10-11,0.630942466635035,15.597782815348982,-0.027511649768365093,-2.3285345125965673
2012-10-12,0.6318984824115337,15.613664825721363,-0.02809185271129394,-2.3320863337700786
2012-10-15,0.6316591152948896,15.640435495066216,-0.02782767793435373,-2.3379800284142727
2012-10-16,0.6321291467530761,15.694652518723728,-0.02764082476251528,-2.34994252481291
2012-10-17,0.633942641420675,15.735913129991662,-0.027309976803520736,-2.3590305837033814
2012-10-18,0.6352426225000823,15.723853026700121,-0.02758488027494653,-2.3563981632117876
2012-10-19,0.6348747404028952,15.704955013027925,-0.027736470528123586,-2.352241399681678
2012-10-22,0.635438467729528,15.671577706774974,-0.02837656775590232,-2.344931982422241
2012-10-23,0.6349723869617867,15.636482325417626,-0.028687856388666777,-2.3372170132138774
2012-10-24,0.6362465093376738,15.571692500831187,-0.029197630226427046,-2.322970537808483
2012-10-25,0.6364760159303753,15.51926320728463,-0.029873708976854374,-2.3114573603504125
2012-10-26,0.6388393686464958,15.484753437065237,-0.030696058265518356,-2.303925249596878
2012-10-29,0.6416380872128762,15.456732562440529,-0.0315021669470226,-2.2978285679651567
2012-10-30,0.6471154050913248,15.417517417819584,-0.032607704311716806,-2.289294259525638
2012-10-31,0.6516617516179073,15.379274175220832,-0.03381058010343474,-2.280974571586529
2012-11-01,0.6602241990982636,15.355212588237016,-0.035400129938338076,-2.2758415162223584
2012-11-02,0.6657249098049876,15.322741602189016,-0.03647437553670593,-2.2688125864144957
2012-11-05,0.6681141047165355,15.307916849450223,-0.037194883046950594,-2.2656321295978827
2012-11-06,0.6728041989913176,15.308674287631838,-0.038451212495440645,-2.2659385541683164
2012-11-07,0.6769376145897494,15.334498888252913,-0.03968118807164604,-2.2717819425539463
2012-11-08,0.6832640666783845,15.371893478314798,-0.04144844158789801,-2.280234625361656
2012-11-09,0.693221526575964,15.458218763196687,-0.04349414158538886,-2.2995491125951486
2012-11-12,0.7036284878061372,15.54589688255867,-0.04549838657537028,-2.319164635163114
2012-11-13,0.7160906921579655,15.671462394354304,-0.047908430578077615,-2.3472075108582686
2012-11-14,0.7288741095213868,15.755815059437296,-0.05024463940872348,-2.366127167097162
2012-11-15,0.7398293579804702,15.813466548505232,-0.052270156547479685,-2.379111847308759
2012-11-16,0.750380758801977,15.820817744576871,-0.05436459055300308,-2.380974711035164
2012-11-19,0.7593885311923384,15.81964696275076,-0.05640797640383717,-2.380941719539238
2012-11-20,0.7690202029538296,15.82183163246415,-0.05824250416045662,-2.381636707393337
2012-11-21,0.7731776526523922,15.81385584929518,-0.05960109614229436,-2.3800180770656363
2012-11-22,0.7801156167330578,15.812354129085424,-0.06132467400337188,-2.3798769000008004
2012-11-23,0.7889308997497309,15.813803261581473,-0.06316381167275725,-2.3804048008824092
2012-11-26,0.7966213106730999,15.839849500051264,-0.06494260131303209,-2.3863664750160996
2012-11-27,0.8057567532007975,15.861503303595383,-0.06689522466180335,-2.391382943226593
2012-11-28,0.812131697769162,15.904590815450815,-0.06818188279769452,-2.4010816094727927
2012-11-29,0.8147429284786099,15.934600343309183,-0.06886623954465067,-2.407814873139197
2012-11-30,0.8137086392266071,15.943744687639228,-0.06889082437596195,-2.409862132750373
2012-12-03,0.8118605667625585,15.929194513186692,-0.06853691917417777,-2.4066234495693988
2012-12-04,0.8098763816023593,15.9209564835995,-0.06822605924298003,-2.4048090660095536
2012-12-05,0.8067600544613128,15.89857508432483,-0.06758091955576684,-2.3998297428529343
2012-12-06,0.8050566884906847,15.884082786155652,-0.06712797882523641,-2.3966138120030984
2012-12-07,0.8045238891807633,15.882436764297328,-0.06699403457388217,-2.3962731659634557
2012-12-10,0.8032269035515537,15.866966732689548,-0.06661206046732579,-2.3928376907264197
2012-12-11,0.8019349747168988,15.851527478611011,-0.0663417842052001,-2.3894248525298565
2012-12-12,0.8009308058461535,15.838783993710805,-0.06620460735798492,-2.3866197454168376
2012-12-13,0.7985369857902,15.815325728295555,-0.06588323112589635,-2.3814217815693306
2012-12-14,0.79443402658692,15.760841522341433,-0.06497340615513075,-2.369283547492574
2012-12-17,0.7907568419691346,15.699410012164712,-0.06397165821942473,-2.3555898141385736
2012-12-18,0.7848633812061828,15.623311377411277,-0.06284547309124192,-2.338650007360803
2012-12-19,0.7784291904827993,15.543371386111097,-0.06169452462326913,-2.3208577374818002
2012-12-20,0.7700045919132706,15.471010193572228,-0.06056865387545074,-2.3047628562704423
2012-12-21,0.764690267630669,15.43402950019869,-0.05989495946084965,-2.2965435494627933
2012-12-24,0.7618335655207094,15.430873860745987,-0.05988870834101448,-2.295893646818194
2012-12-25,0.7588090202149836,15.43023539059903,-0.05987275989288551,-2.2957991670958133
2012-12-26,0.7552246555404326,15.423667245350023,-0.05967580638002801,-2.294367883541775
2012-12-27,0.7530011549211013,15.418171837955455,-0.05964734371054603,-2.2931937213066806
2012-12-28,0.7518434216273273,15.4301546737071,-0.059899976084613366,-2.2959349933594506
2012-12-31,0.7525494596375688,15.442824172924983,-0.06040005733482709,-2.29884014279104
2013-01-01,0.7529360359321822,15.462504739409512,-0.06082328368430773,-2.303287977463299
2013-01-02,0.7534675308803472,15.475382379305767,-0.06133179654744143,-2.3062395075846593
2013-01-03,0.752583646639386,15.468491751733913,-0.06170372453068329,-2.3047978285995336
2013-01-04,0.752180602577585,15.46491590087547,-0.062119304891417225,-2.3040932000882384
2013-01-07,0.7495302877904311,15.442955169934054,-0.06248813124431668,-2.299322810990361
2013-01-08,0.74940198432449,15.433582197231685,-0.06324647289267316,-2.297380899784328
2013-01-09,0.748317026780323,15.40826970290541,-0.06382298436359596,-2.2918925865702438
2013-01-10,0.7469965716797478,15.377005518989328,-0.06428021063283537,-2.2850692113006184
2013-01-11,0.7477006254992697,15.333667636207196,-0.06509752838806582,-2.275641480913154
2013-01-14,0.7444866850373313,15.261222645338503,-0.06514501019119513,-2.259666336142468
2013-01-15,0.7431218986045136,15.188856517214575,-0.06539860405416015,-2.2437307675679943
2013-01-16,0.7420635596596628,15.13173051647863,-0.06554959576832846,-2.231151253636906
2013-01-17,0.7424872431094436,15.073067300791944,-0.06581270304519793,-2.2182472934288255
2013-01-18,0.7418261330865525,15.022343273799692,-0.06595873026525981,-2.2070745850447695
2013-01-21,0.7408956183091795,14.961114853138753,-0.06609539984699947,-2.193577503326998
2013-01-22,0.7396467099687867,14.921760423373982,-0.0661211337118212,-2.184896890979036
2013-01-23,0.7380336485562828,14.893821064515265,-0.06600602263326388,-2.1787207879948944
2013-01-24,0.7357188129144974,14.835536972134125,-0.06621175910122996,-2.1658825215336144
2013-01-25,0.7338207074604046,14.795063915964677,-0.06646169190723757,-2.1569846133425035
2013-01-28,0.732302972709705,14.759161946837407,-0.06678550783247814,-2.1491050852921942
2013-01-29,0.7310698896467116,14.72046471722393,-0.06710595046120353,-2.140609218730451
2013-01-30,0.730164888698571,14.682626213624555,-0.06742452261633067,-2.1322974561520516
2013-01-31,0.7283928102898092,14.6358600917965,-0.06764810768357701,-2.1220088671398667
2013-02-01,0.727240233718487,14.577269940792206,-0.06807441238254339,-2.1091325763843933
2013-02-04,0.7276650443512436,14.52905895126921,-0.06861842826622645,-2.098564645510963
2013-02-05,0.7276390798587868,14.483310427360372,-0.06914100547934432,-2.0885349983334245
2013-02-06,0.7280198854218527,14.441263991510986,-0.06966701541554265,-2.07932239053766
2013-02-07,0.7305838308292928,14.367973979110543,-0.07067819331199712,-2.063265254446786
2013-02-08,0.7362448485165757,14.284051557769388,-0.07183927091091777,-2.044885565666927
2013-02-11,0.7399559490687977,14.195357805825406,-0.0727556215299561,-2.0254254393102533
2013-02-12,0.7417036057158585,14.103723873275978,-0.07358445965430482,-2.0052992427132414
2013-02-13,0.7425726069255352,14.01780757349967,-0.07430868463077166,-1.9864260888872307
2013-02-14,0.7443973780008646,13.906888950261921,-0.07519533818331482,-1.9620496829892207
2013-02-15,0.7403719446434297,13.90383028245748,-0.07517453373110455,-1.9614010928012626
2013-02-18,0.7365741296915562,13.860193678824151,-0.07563967299449481,-1.9518466352813069
2013-02-19,0.7335815746689629,13.81399595742856,-0.07629528745167985,-1.9417543527443122
2013-02-20,0.7264228437718927,13.772903469262339,-0.07717784613381129,-1.9328410288755218
2013-02-21,0.7231780681065835,13.772988698195396,-0.0777566962507234,-1.9329862452019857
2013-02-22,0.720446784859492,13.770011753935169,-0.07828328189932834,-1.9324479991721704
2013-02-25,0.7186596771725533,13.752367810953604,-0.07875450974716147,-1.928653163477898
2013-02-26,0.7202609793723398,13.721159477270351,-0.07952628259507899,-1.9218860206439161
2013-02-27,0.7200964446205509,13.704663119674912,-0.0801880280237844,-1.9183713088612084
2013-02-28,0.7163914342301725,13.716592701892937,-0.08025256090128757,-1.9210696250155728
2013-03-01,0.7135088343578154,13.747680964742699,-0.0804561538259595,-1.9280258763090092
2013-03-04,0.7117717121464311,13.767424932024912,-0.08103502637135249,-1.9325223827572302
2013-03-05,0.7089175143533456,13.782368794921053,-0.08138728550930158,-1.9359264234236353
2013-03-06,0.708018201200425,13.77846283290449,-0.082212313184675,-1.935212598580454
2013-03-07,0.7075637292001682,13.783873699307927,-0.08309385449035242,-1.9365640866131277
2013-03-08,0.7083057530039041,13.785990219752275,-0.08407463704874873,-1.9371927084610612
2013-03-11,0.7088417250259829,13.786838213625298,-0.08507561322138196,-1.9375431787861537
2013-03-12,0.7098660327382657,13.7658924641007,-0.08632225146166567,-1.9331053533765954
2013-03-13,0.7130068817626192,13.704525918233614,-0.08863079634127752,-1.9198740416598488
2013-03-14,0.7142466810426578,13.66603461674983,-0.09014854381217824,-1.9115950374431303
2013-03-15,0.7142678371129927,13.628866753286221,-0.09168295571966162,-1.9036165898161577
2013-03-18,0.7152202041782747,13.597692723755433,-0.0930443598662665,-1.8969353635817172
2013-03-19,0.7173858809750516,13.543111267131195,-0.09491786276520588,-1.8851391526007886
2013-03-20,0.7188887217535269,13.486603517405575,-0.09660305064472607,-1.8728935245047527
2013-03-21,0.7194000839409744,13.451478857712052,-0.09775960737067739,-1.8652976186260257
2013-03-22,0.7185253301419194,13.433858896726626,-0.09870130141616276,-1.8615539759668511
2013-03-25,0.7184786277770663,13.404991981892772,-0.10012561493732897,-1.8553905462701066
2013-03-26,0.7171920533118153,13.393909383771032,-0.10086929240495773,-1.853072878197396
2013-03-27,0.7172462195778617,13.372502393160786,-0.10202368935908568,-1.8485265359656062
2013-03-28,0.7174980374496724,13.34182628697628,-0.1035941741059837,-1.8420027473261529
2013-03-29,0.7175710937249346,13.312392386085861,-0.10503552978934523,-1.8357343112612117
2013-04-01,0.7179979910130869,13.243305237226538,-0.1071724060154442,-1.8207936923992898
2013-04-02,0.7152761402125621,13.207681973161376,-0.1086210990486931,-1.8131697373184048
2013-04-03,0.7094394217217719,13.182524935929221,-0.1097871076721321,-1.8078369932270721
2013-04-04,0.7019449214903315,13.20442002811451,-0.1095211358696378,-1.812715435343228
2013-04-05,0.6951840426553779,13.213823238535321,-0.10890272279349594,-1.814774975811006
2013-04-08,0.6910080000175249,13.193014916436084,-0.1099063898578763,-1.8103738778984875
2013-04-09,0.6868428883952833,13.16010796542422,-0.11065526780335794,-1.8032518625338252
2013-04-10,0.6816432862004324,13.115025608525913,-0.11221701910954329,-1.7935555724222432
2013-04-11,0.6734047991256333,13.055003972772408,-0.11322382249193991,-1.7804861784493502
2013-04-12,0.6492212589202351,13.007172552396861,-0.11336141441591327,-1.7700414330727225
2013-04-15,0.5834181330382124,13.025694409561604,-0.11126574531238487,-1.7740497418586663
2013-04-16,0.5361165932674641,12.972965421247514,-0.11131535788236294,-1.7625727903129507
2013-04-17,0.5011418081406058,12.969497577736533,-0.11178673093643582,-1.7620466888948179
2013-04-18,0.4811898462804074,12.8582510201855,-0.11674928254427924,-1.7382767868391573
2013-04-19,0.4638690119683442,12.783234140329304,-0.12032678490434812,-1.722330051318015
2013-04-22,0.4506573856094275,12.807025827736704,-0.12116041463958072,-1.7278419512135188
2013-04-23,0.43719874655568414,12.83401456583301,-0.12211535298718429,-1.7340908680775793
2013-04-24,0.42715576643687736,12.857088487059775,-0.12332598473317594,-1.7395015524582536
2013-04-25,0.4168272021130308,12.854197075214339,-0.12345822063561646,-1.7389958645751924
2013-04-26,0.4037549459475934,12.85946335675475,-0.12267269190048645,-1.7401742695633522
2013-04-29,0.3919840630818271,12.759298789489161,-0.12422127123216897,-1.7183567016519976
2013-04-30,0.38001927313724837,12.592551590206329,-0.12673580882148217,-1.6819376898748732
2013-05-01,0.36604221057438713,12.47067443837021,-0.12771316296821866,-1.6552278933636595
2013-05-02,0.35482000215519816,12.393916316628207,-0.1281402096067067,-1.638401571414609
2013-05-03,0.34692749844531734,12.148299402588325,-0.13471564758103993,-1.585088308087275
2013-05-06,0.34366665562320353,11.881029682944504,-0.14417472320941227,-1.5274046728880217
2013-05-07,0.341405023283991,11.555894733399246,-0.156011987597441,-1.4572760614914397
2013-05-08,0.3403259210129925,11.191825979791869,-0.1681588182649551,-1.378565199421705
2013-05-09,0.33717764434580577,10.848919932570068,-0.1794247138240388,-1.3044121445708192
2013-05-10,0.34013118972661893,10.728084786795643,-0.1884483635095538,-1.2790528623043516
2013-05-13,0.3456830070274657,10.564025244788832,-0.2001331438073896,-1.2445119035174121
2013-05-14,0.35531876875386237,10.429609424987598,-0.21268234206483316,-1.216652016705309
2013-05-15,0.36782120119391293,10.346823192738299,-0.22613958326408445,-1.2003533195405334
2013-05-16,0.3767213991932532,10.263971166676608,-0.2388497864756276,-1.1839389580200685
2013-05-17,0.3926552754549758,10.261961744965092,-0.25104168319336934,-1.1853215280762732
2013-05-20,0.4051931665014916,10.308899487572319,-0.2579486322023955,-1.196752120069013
2013-05-21,0.4194393094198884,10.476699687122213,-0.2641193618638804,-1.2348487957336212
2013-05-22,0.4386402775813554,10.661914828649213,-0.2696136674833107,-1.2766841410474257
2013-05-23,0.4548747377434065,10.905026940502696,-0.2717274020837398,-1.3308368691472596
2013-05-24,0.4718809730426916,11.091731335543368,-0.27632142440660357,-1.3728740974077633
2013-05-27,0.48609760409998337,11.194386407689144,-0.28094019368763834,-1.396303783842733
2013-05-28,0.5019642773449122,11.415175508994835,-0.28051788640956427,-1.4451372277359666
2013-05-29,0.5147330728740641,11.65217177363866,-0.2767204340919738,-1.4970652607269543
2013-05-30,0.5262879028782839,12.02688809847043,-0.26958736896604407,-1.5789988004671578
2013-05-31,0.5402154973453535,12.303064091626037,-0.26549964348225374,-1.6395670468716887
2013-06-03,0.5529054280138819,12.635366408872988,-0.2615384031714988,-1.7125801217702188
2013-06-04,0.563645596785274,12.882371278268213,-0.25730670781308695,-1.7666708894191674
2013-06-05,0.5741595444277092,13.156182739077494,-0.2533138978142644,-1.8267319553710801
2013-06-06,0.5823535325019097,13.331875566809897,-0.2502382580435276,-1.8652021870455922
2013-06-07,0.5928984950956406,13.499309625179693,-0.24817665826935797,-1.901992766535775
2013-06-10,0.6004020590667916,13.787397550965714,-0.242023514207243,-1.9648912776381866
2013-06-11,0.610503365106136,14.157857324841464,-0.23712232989217852,-2.0462117740677717
2013-06-12,0.6188197918736946,14.722169661271693,-0.22883439965289964,-2.1699565349727243
2013-06-13,0.6279761665629591,15.098644301597764,-0.22501290551344327,-2.2527658717022057
2013-06-14,0.6367853488609267,15.402877935317672,-0.2231050960610621,-2.319863085054299
2013-06-17,0.64413000128301,15.720116902904671,-0.2199026805799174,-2.3896465753987983
2013-06-18,0.6530042710198092,15.858398894758786,-0.21881235572805458,-2.420130745390829
2013-06-19,0.6613318776273092,16.07327162535657,-0.2153976229870574,-2.467232468342245
2013-06-20,0.673762028919258,16.16673673161854,-0.21059708153792933,-2.4872852301897272
2013-06-21,0.6803416564781376,16.264828270009957,-0.20198178328613653,-2.5078339353960195
2013-06-24,0.6875870985007946,16.434106737208197,-0.19374402558681825,-2.544190447936792
2013-06-25,0.6961555385644949,16.70206961223462,-0.1870316655504311,-2.602596313229797
2013-06-26,0.7102780710168477,16.923521299954725,-0.18469060162047513,-2.6513163411310448
2013-06-27,0.7238973130455867,17.046845349402624,-0.18544871368677884,-2.678739828178901
2013-06-28,0.7347838996601099,17.224730747013517,-0.1839365592770073,-2.7179284927768412
2013-07-01,0.7439429347424534,17.48438152329952,-0.1819632532389961,-2.775154853887921
2013-07-02,0.7530558961704766,17.693573379080803,-0.18061864413440004,-2.821302205337127
2013-07-03,0.7607690320815167,17.842295707987518,-0.1788993164784203,-2.854007303857024
2013-07-04,0.7679518204066147,17.981726350987998,-0.1773254345960784,-2.884675196471466
2013-07-05,0.7748317831404095,18.009933597475225,-0.1750283967228386,-2.890618794410643
2013-07-08,0.7808063613848718,18.02437125944723,-0.1733145012570543,-2.893591250536847
2013-07-09,0.7857736057706339,18.084447107013524,-0.17106039324161146,-2.9065941065446146
2013-07-10,0.7905021211764444,18.329911738491287,-0.16757988740536356,-2.960474731988835
2013-07-11,0.794998570981079,18.854370692891987,-0.16317932466310006,-3.075996684169537
2013-07-12,0.7999703414887717,19.469125775041974,-0.15838793086095904,-3.211466977665874
2013-07-15,0.8044148620370959,19.827867539515317,-0.1556596268368422,-3.2905450783395542
2013-07-16,0.8085378092730386,20.06434374724767,-0.1542879573768081,-3.342748335923093
2013-07-17,0.8127390811370656,20.317679267236535,-0.15319601686199422,-3.3987275606513716
2013-07-18,0.8161217652412002,20.468502613104373,-0.15243219870371133,-3.432039998514968
2013-07-19,0.8189400786477898,20.592555373369322,-0.15208884664037592,-3.459485155855126
2013-07-22,0.821382311018616,20.894678865374566,-0.15026490818330565,-3.5261530271194736
2013-07-23,0.8232174138429678,21.01679663670419,-0.14929346826307635,-3.553071653513822
2013-07-24,0.8252676952672033,21.127586645566545,-0.14827155885497875,-3.5774722154130183
2013-07-25,0.8270752352504018,21.297743224676864,-0.14673191458859475,-3.6149507433148726
2013-07-26,0.8290610818835673,21.483573699592398,-0.14526207089803164,-3.6559178214404704
2013-07-29,0.8313238069534004,21.714233032092388,-0.14356091719675423,-3.7067877787511647
2013-07-30,0.8333470323599611,21.923886587350083,-0.14181509860597363,-3.7529974481452264
2013-07-31,0.8354198292084644,22.097796906814153,-0.14046383496419765,-3.791347263872848
2013-08-01,0.8375564120602624,22.28116642657892,-0.13880491798552813,-3.8317506573134783
2013-08-02,0.8404881702429539,22.48567440748174,-0.1375622614939498,-3.8769055519657996
2013-08-05,0.8436877758517656,22.649545405050574,-0.13674538946896603,-3.9131276418011196
2013-08-06,0.8471135707746594,22.826157846039894,-0.136323906815389,-3.952235360901165
2013-08-07,0.850309830867503,22.9739552331246,-0.13612066761342312,-3.9849965979299045
2013-08-08,0.8527787957360373,22.98308104180832,-0.13654610955342034,-3.9871391367480697
2013-08-09,0.8552428999467869,23.104958652093963,-0.13623482381053792,-4.014152438618168
2013-08-12,0.8570241418960562,23.229248432030623,-0.13542774286724918,-4.041614767250207
2013-08-13,0.8591438761216642,23.480170590139736,-0.13342312139623738,-4.09695723065904
2013-08-14,0.8607082682508561,23.776209808769302,-0.1310221070137498,-4.162230002233724
2013-08-15,0.8605207129649999,24.162622738605915,-0.12732867635807762,-4.247332574578235
2013-08-16,0.8600791454476754,24.717223657063244,-0.12249400115758621,-4.3695298243113605
2013-08-19,0.8596378256482649,25.405575309471324,-0.11663289715006231,-4.5212220765356435
2013-08-20,0.8596085257041741,25.89087148490857,-0.11226006096168323,-4.628153879047584
2013-08-21,0.8582981244154135,26.296049939098303,-0.10773518121881151,-4.717335991843009
2013-08-22,0.855585908574158,26.67598443236637,-0.1028351942314735,-4.800890175162824
2013-08-23,0.8536861947091912,27.086040892881183,-0.09835818711274599,-4.891158531809465
2013-08-26,0.851029703422293,27.21142216579318,-0.09537994067550981,-4.918591753098787
2013-08-27,0.846744658585148,26.99489012610437,-0.09412931206131914,-4.870538550762043
2013-08-28,0.8419547070968345,26.833805453836938,-0.09249609564515628,-4.834707669118476
2013-08-29,0.8365511086734126,26.519270512751334,-0.09161957982753184,-4.764996675078596
2013-08-30,0.8317054636909522,26.14618365848833,-0.09111204306237801,-4.682380789810171
2013-09-02,0.8269985515310314,25.805916621239703,-0.09042479505474718,-4.607019682420649
2013-09-03,0.8189047738125981,25.423472181939708,-0.08960320221758333,-4.522266433318112
2013-09-04,0.8135186450341088,25.401168723671013,-0.08735608886152214,-4.517062657869154
2013-09-05,0.8083871613551958,25.243871119783904,-0.08554536334781222,-4.482065961587826
2013-09-06,0.8046269224489898,25.351252132281736,-0.08297183544196876,-4.50555082047997
2013-09-09,0.8024026806946413,25.460407922037685,-0.08072582188044167,-4.529486646812148
2013-09-10,0.8009905017624741,25.525195050428465,-0.0790930644972874,-4.5436693666261565
2013-09-11,0.8004793269311445,25.5909228582665,-0.07775440349949156,-4.55810488013585
2013-09-12,0.8008177221431854,25.52440861020156,-0.07772180578452467,-4.543419354328886
2013-09-13,0.8014694069168762,25.52400399199993,-0.07722002722246293,-4.543323642265303
2013-09-16,0.8020214302567781,25.328392042919585,-0.07811419311625917,-4.50020089592025
2013-09-17,0.802562337789608,25.117761404963243,-0.07913071600546853,-4.45377431670988
2013-09-18,0.8023752914333426,25.010955591243203,-0.07930615109227872,-4.4302146629891475
2013-09-19,0.8016459694893571,24.697998459323227,-0.08087801427009722,-4.3612024616013505
2013-09-20,0.8010895908370136,24.342087937468072,-0.08273968433386802,-4.2827433565023485
2013-09-23,0.7997903071728774,23.953552622744656,-0.08482800711150623,-4.1970805027741935
2013-09-24,0.7986958519271407,23.639788337399782,-0.08655909709896067,-4.127902443124102
2013-09-25,0.7976407108678754,23.37701291360204,-0.0879713698479134,-4.069966353375869
2013-09-26,0.7974421057094425,23.198575436503234,-0.08879492260378516,-4.030650309170209
2013-09-27,0.7972545147423549,23.03680463252698,-0.08945988486391283,-3.9950032276111616
2013-09-30,0.7968691304351337,22.803590360824707,-0.0905326170331216,-3.943596950416916
2013-10-01,0.7959953758007146,22.518121649948533,-0.09212697798172362,-3.8806836020797477
2013-10-02,0.7950602058225047,22.261241333591922,-0.09354532766899198,-3.824059398483078
2013-10-03,0.7941739458899388,21.939100721936473,-0.09519397809540472,-3.753033216694741
2013-10-04,0.793007855786701,21.523889089700365,-0.09735992911342936,-3.6614651926798443
2013-10-07,0.7921202014740432,21.170072607013477,-0.09912768758412153,-3.5834372517965107
2013-10-08,0.7916461260624719,20.912739279990657,-0.10039700958043644,-3.5267022261276235
2013-10-09,0.7914044198643762,20.704350173269354,-0.10139781101702862,-3.4807715921580398
2013-10-10,0.7909889194776869,20.441421529823565,-0.10281622175986957,-3.4228241666667265
2013-10-11,0.7903551609248948,20.137129740850114,-0.10451657752029915,-3.3557606194503817
2013-10-14,0.7899264399710295,19.784789998437766,-0.10635281635828636,-3.2780920094377297
2013-10-15,0.7896510238962955,19.477486375035657,-0.10790358700254904,-3.21035115234018
2013-10-16,0.7889491634031356,19.160965913645217,-0.10951544481033405,-3.1405789413708773
2013-10-17,0.7878403219128076,18.720656216282915,-0.11154509406206041,-3.043468563747105
2013-10-18,0.7863996898764326,18.277408258065282,-0.11355888684012547,-2.9457137862228784
2013-10-21,0.7854024129764796,17.96351350781274,-0.11497569141492117,-2.876499047570143
2013-10-22,0.7843327568295093,17.65461015625636,-0.11639036697702049,-2.8083742173716972
2013-10-23,0.7833741671790061,17.409741683860265,-0.11746756586716041,-2.754391332109459
2013-10-24,0.7827663545672963,17.199624666155955,-0.11820585678160715,-2.708076893451314
2013-10-25,0.7819790025173006,17.062790763995398,-0.11858975593579958,-2.677936106819475
2013-10-28,0.7812203019466305,16.982899795526524,-0.11863871578274059,-2.6603668618547642
2013-10-29,0.7807113798372901,16.946538123339504,-0.1184820887849616,-2.652415527435541
2013-10-30,0.7801976273819985,16.91116303517394,-0.11832843997349542,-2.6446796899396796
2013-10-31,0.7798881063920964,16.943896425837938,-0.11790273776457953,-2.651980429732674
2013-11-01,0.780201249525905,17.046766383640225,-0.117061215050079,-2.674754140960752
2013-11-04,0.7804616362778565,17.136422117847026,-0.1163488863655876,-2.6946177974852747
2013-11-05,0.7809837621782039,17.30104319115562,-0.11521887106625624,-2.7310236902921283
2013-11-06,0.781150485872556,17.33701514220906,-0.11463775704836121,-2.7390319990316265
2013-11-07,0.7815684855304899,17.378385392131683,-0.11405294157709196,-2.7482363618016805
2013-11-08,0.782721000358853,17.445286536328688,-0.11328912763899002,-2.763077675295227
2013-11-11,0.7839014521099589,17.51365375048234,-0.11253698730599868,-2.778247185410246
2013-11-12,0.7848429548876165,17.46866901717326,-0.1122805109728729,-2.768392204914348
2013-11-13,0.7854661868022514,17.412957907443,-0.11212749565619823,-2.7561777963843506
2013-11-14,0.7856896356504605,17.367406747120672,-0.11191602249240895,-2.7462003345989383
2013-11-15,0.7856226985132415,17.327789167831597,-0.11177849103366083,-2.737526713458324
2013-11-18,0.7847215212374186,17.204383400396676,-0.11213069429985809,-2.7103744387250748
2013-11-19,0.7838432849304044,17.08468912544928,-0.11251434759736009,-2.684025519360879
2013-11-20,0.7830827686393746,16.949454724083168,-0.11308716509314093,-2.654247847327103
2013-11-21,0.7823199274555055,16.90216657081066,-0.1133666554161059,-2.643876424928039
2013-11-22,0.7811219375149565,16.841754772555223,-0.11377358247693159,-2.630611026381593
2013-11-25,0.7800983850578755,16.82340394552745,-0.1138949579613307,-2.6266276317296353
2013-11-26,0.778832028336842,16.797536564874154,-0.11404163851458561,-2.620995761286163
2013-11-27,0.7777255072007693,16.779879538930437,-0.1141138655881353,-2.617171427362799
2013-11-28,0.7765624190807188,16.738830820237407,-0.11429001353471209,-2.608181063476508
2013-11-29,0.7755535178561392,16.649221248842686,-0.11454576989419912,-2.5884614892896503
2013-12-02,0.7749641284706152,16.575645056731105,-0.11490689031346887,-2.5722929108064667
2013-12-03,0.7741308140739126,16.500032816100056,-0.1152906803846506,-2.555671724590632
2013-12-04,0.7736369788623717,16.36555577299255,-0.11565058727072439,-2.5260300472954853
2013-12-05,0.773019889288635,16.193429399442564,-0.11649426652963529,-2.4880827057539365
2013-12-06,0.7723644756177569,16.006898519915037,-0.11738808595903884,-2.4469523091693945
2013-12-09,0.7715563294546837,15.849708777723693,-0.11824309973611631,-2.412289641222624
2013-12-10,0.7706667679023547,15.727592793136001,-0.11871786797585976,-2.3853712305537647
2013-12-11,0.7698197275997329,15.567889564843274,-0.1193382118964576,-2.350164860250445
2013-12-12,0.769217398437432,15.433499486433854,-0.11994052425688055,-2.320554289202578
2013-12-13,0.7684104381387014,15.30953312843825,-0.12043771976206119,-2.2932416238491085
2013-12-16,0.767393419990392,15.170639913024335,-0.12096873863781056,-2.262635801388761
2013-12-17,0.7661390255398299,15.039706698616474,-0.12158244581209071,-2.2337918306839475
2013-12-18,0.7652883082494366,14.872073794122773,-0.12220205133533912,-2.1968607939334803
2013-12-19,0.7647599337504896,14.739214092897111,-0.12279830405807036,-2.1676137683192387
2013-12-20,0.7639037752069986,14.51622619945526,-0.12363029715548651,-2.118469424466165
2013-12-23,0.7634064889276725,14.238313692494412,-0.12472850887018591,-2.057200496473041
2013-12-24,0.7633939116157185,14.037513314198796,-0.12543289119959378,-2.0129503126534263
2013-12-25,0.76299349101704,13.873475871011552,-0.1260845966817948,-1.976803116158325
2013-12-26,0.7627060672451439,13.710415438684521,-0.12656908683877416,-1.9408758631294438
2013-12-27,0.7621222376011835,13.557377807834829,-0.12701900102108918,-1.9071547886859994
2013-12-30,0.7608827053108205,13.254157885934404,-0.12813231521316287,-1.840297715280748
2013-12-31,0.7598312325545967,12.988648357218262,-0.12907558343353354,-1.7817492081644577
2014-01-01,0.7585878343105438,12.721547591942716,-0.12999442997379868,-1.7228495677589053
2014-01-02,0.757261504275478,12.470073048108201,-0.13062243189692038,-1.6674014138706017
2014-01-03,0.7559796970482016,12.197758227650812,-0.13116490492456487,-1.6073497485456025
2014-01-06,0.7546411147442005,11.873923777606414,-0.1318131493461034,-1.535933214976712
2014-01-07,0.7534131101442453,11.649268686274237,-0.13212175373695506,-1.486422381433203
2014-01-08,0.7522729942996991,11.43281699693027,-0.13239113783967418,-1.4387256506039106
2014-01-09,0.7507634885857222,11.225770615092475,-0.13259746517200494,-1.3931113210306565
2014-01-10,0.7490186051364085,10.977712172519386,-0.132888034481321,-1.338446824969858
2014-01-13,0.7473582151008,10.731456843771426,-0.1332077257495359,-1.2841758872208349
2014-01-14,0.7463584174731264,10.487090351639694,-0.13351627199457214,-1.230330259929986
2014-01-15,0.7455838366464751,10.307545301754889,-0.133583337229232,-1.1907965618534009
2014-01-16,0.7448357190704645,10.006436143151024,-0.133987647645665,-1.1244331998975827
2014-01-17,0.7440405938218855,9.624240852413099,-0.13451904194856731,-1.0401791119691701
2014-01-20,0.7427665112508917,9.275318281729685,-0.13499450867864377,-0.9632627315225468
2014-01-21,0.7417048767701926,8.88835502906139,-0.13559542563523488,-0.8779638609966254
2014-01-22,0.7406755348155019,8.624347797011957,-0.1357355983833944,-0.8198116462375875
2014-01-23,0.7399060819395359,8.104043928691919,-0.13648108772719955,-0.7050824780474887
2014-01-24,0.7389642131287473,7.6679700903811145,-0.1369158849119728,-0.6089547172698673
2014-01-27,0.7382743484660509,7.39347385011753,-0.13688396059919739,-0.5484969809748055
2014-01-28,0.7376344998212454,7.134037704552146,-0.13680904476188993,-0.49136945721575565
2014-01-29,0.7363508569733379,6.966259470556317,-0.13651807185975756,-0.45445840777338287
2014-01-30,0.7351713888306182,6.86318640634294,-0.13609508420698277,-0.4318448838528983
2014-01-31,0.7339874426250965,6.77348642069596,-0.13564736545350506,-0.4121855089252362
2014-02-03,0.7322939263287747,6.7504063492328825,-0.13498166331185604,-0.4072229440452295
2014-02-04,0.7306151030003805,6.7288038813033495,-0.1344645558031144,-0.40256847876084034
2014-02-05,0.7290945612946764,6.634769090179226,-0.13412605574181402,-0.38192559055626063
2014-02-06,0.7275857021383072,6.5224203913590735,-0.1338508117767828,-0.357242218977218
2014-02-07,0.7256504952580052,6.511513956850759,-0.1334995361323208,-0.35490987369617244
2014-02-10,0.7235708175190623,6.548476788249914,-0.1328802116781172,-0.36315036576197013
2014-02-11,0.7211849837250655,6.525662096515038,-0.1323461218639589,-0.3581893551368882
2014-02-12,0.7183590761257866,6.51658748552931,-0.13165658468239852,-0.356266041018241
2014-02-13,0.7154753609294613,6.5558564668328465,-0.13060356399122341,-0.3650309044822162
2014-02-14,0.7119214383005681,6.5176004700714465,-0.12982209274831197,-0.3566667635637488
2014-02-17,0.7079972268380292,6.49404267237232,-0.12914176816055234,-0.35152732905350215
2014-02-18,0.7038455507476018,6.532075750796295,-0.12833412215238477,-0.35997160104023695
2014-02-19,0.6998934051433319,6.572935980401603,-0.127494908989334,-0.3690478505576076
2014-02-20,0.6951324293824991,6.521749741989636,-0.12682820919778504,-0.3578083293574661
2014-02-21,0.6906332411185439,6.489142622578717,-0.12598179958440894,-0.35068949638392377
2014-02-24,0.6860535094923343,6.4702487674401485,-0.12504405772918417,-0.34659763919763087
2014-02-25,0.6821568308503795,6.457091774894478,-0.12405876282447534,-0.3437850814189236
2014-02-26,0.6786923852216806,6.430667379283435,-0.12314380778181902,-0.33805721638329
2014-02-27,0.6750602901102862,6.392705568725077,-0.122164983015005,-0.3297980560026734
2014-02-28,0.6714416768897726,6.418952969370428,-0.1210063011718234,-0.3357094478434681
2014-03-03,0.6670719113203867,6.397669773010509,-0.11995473327475104,-0.3311240627019312
2014-03-04,0.6622663868365624,6.279343891220417,-0.11915472945400823,-0.30513241555852844
2014-03-05,0.6568101088001658,6.262545308649031,-0.11785004953825122,-0.3015602039668561
2014-03-06,0.6507011031549914,6.361161992508183,-0.11598654016477275,-0.3234655345011377
2014-03-07,0.6449767777335063,6.385619775858977,-0.11436967389823358,-0.32901222251851614
2014-03-10,0.6391506158755433,6.374112016201204,-0.11272983047996253,-0.32664015509659183
2014-03-11,0.6320286368813579,6.316713097176445,-0.11125773846277068,-0.314131930589034
2014-03-12,0.6238355268248001,6.244398886619107,-0.10978695766651116,-0.2983281737951984
2014-03-13,0.6153880101747626,6.198674719462831,-0.10829567831095968,-0.2883885117682059
2014-03-14,0.6058188001808176,6.213785451323348,-0.10644338095519602,-0.2918839312298118
2014-03-17,0.5960581932586423,6.192746634462468,-0.10475093917227384,-0.2874035878400467
2014-03-18,0.5865957648035458,6.204352473114483,-0.10291542992231305,-0.2901413608419574
2014-03-19,0.5767495079405041,6.206970807770343,-0.10095188155703258,-0.29091824992609183
2014-03-20,0.5664234141366402,6.109340580418907,-0.09951059991875905,-0.26954979882490804
2014-03-21,0.5555139690184455,6.018796741774777,-0.09827668730280491,-0.24971940586599395
2014-03-24,0.5447517107490774,6.0812109978059645,-0.09663293754534821,-0.2636457975283806
2014-03-25,0.5318210640614469,6.114158583714575,-0.09461329716689419,-0.2711207253460106
2014-03-26,0.519634286710518,6.202853432924044,-0.0924017516994885,-0.29091207370769556
2014-03-27,0.506906740426019,6.237009770226376,-0.09011083497011742,-0.29871089423962927
2014-03-28,0.4952007575892312,6.23021446362009,-0.08824541529059626,-0.2974410321033969
2014-03-31,0.4817139070538139,6.183270502143465,-0.08644113449644583,-0.28732736036551376
2014-04-01,0.4709846894535473,6.182728572426795,-0.08573428368990361,-0.2873003442981741
2014-04-02,0.47719917598588957,6.154182445071115,-0.08778956619120837,-0.2807638244657267
2014-04-03,0.48056676552043187,6.1659019259266366,-0.08935754190987677,-0.28315564934899795
2014-04-04,0.4833432854089613,6.113193780517417,-0.091151402772743,-0.2713228817855611
2014-04-07,0.4830221540236658,6.096219067090704,-0.09226274903573141,-0.26744671098561046
2014-04-08,0.48111351831197113,6.0740968561540445,-0.09331819267325282,-0.26243771481008116
2014-04-09,0.4758239583087106,6.047732152871758,-0.09401579813270838,-0.25653797307924764
2014-04-10,0.4720853768724681,6.001707010702774,-0.0951704980414255,-0.24625458686217128
2014-04-11,0.4660511650774275,5.95929643987761,-0.09603958619613817,-0.23680320044509928
2014-04-14,0.454766026814143,5.955636140558342,-0.09595280727587539,-0.23599183392523537
2014-04-15,0.4444746926311913,5.955616556894263,-0.09621412523095144,-0.23595927901969027
2014-04-16,0.4314799802333077,5.958849322319708,-0.096028855289744,-0.23669782794514216
2014-04-17,0.417154065467809,5.946441795394202,-0.09564980637342844,-0.23401796267476005
2014-04-18,0.40466764578033565,5.954817884998986,-0.09570313069597969,-0.23586281027647749
2014-04-21,0.3901785580525814,5.95778886449412,-0.09538104879026271,-0.23656538384614834
2014-04-22,0.3748809841841949,5.940288100171504,-0.09466248332319133,-0.23281275502041954
2014-04-23,0.3585851894308071,5.930782307652023,-0.09368175658420373,-0.23085511271714187
2014-04-24,0.3443316662607834,5.924047462950014,-0.09320942549036357,-0.2294396051424279
2014-04-25,0.32594876733627254,5.825439358574045,-0.09212800305706642,-0.20786231178236503
2014-04-28,0.30922607199423224,5.778241727476534,-0.09144110327194657,-0.1975581178371133
2014-04-29,0.29420215803736405,5.775049145281908,-0.09066413589044138,-0.19695543960333994
2014-04-30,0.28055629568581,5.777004963656783,-0.09008065079994015,-0.19747054478756354
2014-05-01,0.2670439578827625,5.791009145213405,-0.08934910232734969,-0.20066359132005562
2014-05-02,0.2595027111265541,5.793123233892501,-0.08999257702519152,-0.20106011254170664
2014-05-05,0.25369377773772417,5.780821928632731,-0.09147320555561067,-0.19816933804210768
2014-05-06,0.25371377396094397,5.701585353468471,-0.09412715861050748,-0.18039304915345689
2014-05-07,0.2441838180381669,5.675611397421555,-0.09453962435100154,-0.1746389996696034
2014-05-08,0.23973950659710697,5.607266773656375,-0.09676809181694991,-0.1593290723717251
2014-05-09,0.2364875177731116,5.540301419759832,-0.09879852367464807,-0.14434399209787063
2014-05-12,0.22795669892989356,5.521497170020259,-0.09940083228948401,-0.14013570687205767
2014-05-13,0.22092238135555486,5.475193022520978,-0.10086216223320218,-0.12976865987033426
2014-05-14,0.21376439222950383,5.424366081463868,-0.10242502791478167,-0.11839079170670996
2014-05-15,0.20487584720082042,5.434284811257912,-0.10220407316828692,-0.12061963712019796
2014-05-16,0.19335158868191393,5.484507934404108,-0.10066942799964437,-0.1318903210322664
2014-05-19,0.17926627704841658,5.576057515738599,-0.0974999782027233,-0.15246870620991482
2014-05-20,0.1692909912991244,5.638618990230218,-0.09582091094661258,-0.16647278714436475
2014-05-21,0.1544492105300801,5.745004553589137,-0.09217182657375228,-0.19037757760715746
2014-05-22,0.14182110202140408,5.844055169349005,-0.08896145977768952,-0.21261005969002178
2014-05-23,0.1280079783439395,5.970516633482172,-0.08483866637947557,-0.24099411277243998
2014-05-26,0.11244426564169396,6.064569805961915,-0.07974372242112518,-0.26236502035661324
2014-05-27,0.10042090748597698,6.169764614367149,-0.07543345887189781,-0.2861018011772647
2014-05-28,0.08662651312490277,6.369235196250354,-0.06823195504694424,-0.33096784025620307
2014-05-29,0.07412356482790117,6.494704848469933,-0.06157483391942081,-0.35947102026952527
2014-05-30,0.0626397642677452,6.510799457149121,-0.055516599948929546,-0.3638270251858655
2014-06-02,0.05211956115373373,6.551367158453523,-0.04975642590769053,-0.3735327865753084
2014-06-03,0.04208694000640234,6.519237051323142,-0.04449708464401536,-0.367166404057798
2014-06-04,0.03432926530734959,6.48229711738168,-0.03983505521271399,-0.35967105622558826
2014-06-05,0.028210135263600278,6.471666788441501,-0.03553423575198028,-0.35791295536184053
2014-06-06,0.024264339022140535,6.417983882967557,-0.03271331483367529,-0.34649268402897127
2014-06-09,0.02350849507076791,6.455541518497209,-0.031634948548120684,-0.35491604388941256
2014-06-10,0.02311655207084118,6.5227061048537305,-0.030642861327447923,-0.36985708501653014
2014-06-11,0.022489832833505807,6.564526150959137,-0.02969252431815994,-0.3792059769980609
2014-06-12,0.021766741814307045,6.580112608359626,-0.028784941674771664,-0.38276125222248414
2014-06-13,0.02046330852314937,6.5089604026385315,-0.02793764338522914,-0.36716671599711903
2014-06-16,0.02013939477202642,6.385451219898203,-0.02846057346389233,-0.33986197251113603
2014-06-17,0.0195782848078071,6.332938414401957,-0.02824011373919258,-0.3283046097636606
2014-06-18,0.019323159618892638,6.3269340616222305,-0.02794046528272645,-0.32700974560530094
2014-06-19,0.019995125779714185,6.194030783142387,-0.029748316916301032,-0.29748121190172006
2014-06-20,0.020366928414156882,6.081920369562137,-0.030929690035569002,-0.27261652459339514
2014-06-23,0.020905497269601447,5.970027380206141,-0.032188571874669836,-0.24778830514893002
2014-06-24,0.01949171635864344,5.745108014465192,-0.03224675957806308,-0.19819929991236673
2014-06-25,0.019281432319528835,5.548082486409541,-0.03305424995196127,-0.15467180205388553
2014-06-26,0.019174561024755232,5.401150087467172,-0.033516823455076616,-0.12222720546144095
2014-06-27,0.018857191175527643,5.3031330074877285,-0.033496996100704085,-0.10061551608803887
2014-06-30,0.019902808122917226,5.3088754442447925,-0.034219797109001665,-0.10177790393198505
2014-07-01,0.020682352831642103,5.3190093073663185,-0.03472298531021181,-0.10393345941038934
2014-07-02,0.02140110465786582,5.324252847431834,-0.035275682400702085,-0.10500232757340733
2014-07-03,0.021999559991014772,5.333119110203737,-0.03572344936505731,-0.10688807467389272
2014-07-04,0.0231019286060965,5.337650247566524,-0.036633961994372105,-0.10775279346762878
2014-07-07,0.02398083468379686,5.3308818900032975,-0.037384307064999955,-0.10615403845130067
2014-07-08,0.024828232686991747,5.328644305266987,-0.03813823092268262,-0.10555860991017996
2014-07-09,0.024378954359171923,5.3245389700825365,-0.037765042504835755,-0.10470511098705382
2014-07-10,0.024194710192314894,5.294683841460902,-0.03763184267286221,-0.09815537583449307
2014-07-11,0.025329920404325246,5.267900203672506,-0.038454851330466916,-0.09215751020344287
2014-07-14,0.024769541126804295,5.236267652996114,-0.037908623449771084,-0.0852804521474364
2014-07-15,0.023690197065479257,5.200890233736367,-0.037020365525102156,-0.07762606883695822
2014-07-16,0.022997802556354086,5.161141761716493,-0.036466614958995724,-0.06896492985590363
2014-07-17,0.02333726047735296,5.1304095140465575,-0.03659927652838138,-0.06219513869140725
2014-07-18,0.022909719248289995,5.134788908158688,-0.03604144471978385,-0.06324102158457601
2014-07-21,0.023120608697999034,5.139673046125842,-0.03594195900114672,-0.06433746367392335
2014-07-22,0.02295806289447655,5.1444188645085305,-0.03557804579627993,-0.06543454605888499
2014-07-23,0.02286243934726262,5.149220929058522,-0.03527721555654373,-0.06653281907594488
2014-07-24,0.02259838564199801,5.183574860372278,-0.03474630633168896,-0.07416158501245884
2014-07-25,0.023038604077063485,5.209077187415995,-0.03478067422909001,-0.07976666509233277
2014-07-28,0.02251845345259429,5.201271189173035,-0.03424945418035319,-0.07812081677848592
2014-07-29,0.021780724918924577,5.2088114730895825,-0.03346715772846265,-0.07988633150109337
2014-07-30,0.02057681383224752,5.167345589367276,-0.0325489917823259,-0.07089157314823069
2014-07-31,0.019686146964219997,5.225448500790673,-0.031449530425454286,-0.0838488800473498
2014-08-01,0.01911534150853811,5.231685611849009,-0.030737636656812756,-0.08534226161898939
2014-08-04,0.01945516105470335,5.209777885186437,-0.030838129672472653,-0.08056732589437932
2014-08-05,0.02088805899690671,5.148080243022047,-0.03194620497742165,-0.06692387604215533
2014-08-06,0.024027711977096633,5.065322873689102,-0.03439437434884807,-0.04847727398136836
2014-08-07,0.026718823754204202,4.96790290921934,-0.03616713495995022,-0.026879430906333823
2014-08-08,0.030487842622984318,4.980561258963704,-0.03827133157727236,-0.02948558204331153
2014-08-11,0.03604003245611809,5.0582968940188096,-0.04112424310707985,-0.046348604738291055
2014-08-12,0.04121047786176513,5.064373086213159,-0.04340572243637136,-0.04750701175423622
2014-08-13,0.046084944535657146,5.162796233229283,-0.04492747342666073,-0.06908860319113064
2014-08-14,0.050229835263457145,5.361257686674753,-0.04542940010033167,-0.11281939536065266
2014-08-15,0.056188312246832184,5.578699113618391,-0.04645301161858545,-0.16068135130559869
2014-08-18,0.06314888989843925,5.86717170343276,-0.04760471967616922,-0.22416915482497313
2014-08-19,0.07121530230600215,6.179978501813153,-0.049035435740822975,-0.29298023199304657
2014-08-20,0.08036038922727162,6.5094833057458406,-0.050541482112304276,-0.3654629715740154
2014-08-21,0.0967764194809917,7.019086316110565,-0.05328726695141606,-0.4774966246727965
2014-08-22,0.11510620015855855,7.333220040864294,-0.057317802445370464,-0.5463355568164423
2014-08-25,0.13624760090054133,7.756683753279734,-0.062041540365299824,-0.6391725579592071
2014-08-26,0.1597701577616143,7.959204499016586,-0.06722359067917574,-0.6833135547932057
2014-08-27,0.18185845545229573,8.073111131232338,-0.07175468431337498,-0.7080137224949956
2014-08-28,0.20183662150021997,8.150650354071944,-0.07603420569101887,-0.7247201121669238
2014-08-29,0.2187807133851002,8.164654022058144,-0.07941950264839995,-0.7275288115970002
2014-09-01,0.2271335299368148,8.17185392300917,-0.08143547152383829,-0.7289601561601939
2014-09-02,0.23519608460631514,8.265517945394768,-0.08318965879341048,-0.7494715368631333
2014-09-03,0.23770341480886947,8.297778506838412,-0.08379027534051589,-0.7565691610403209
2014-09-04,0.23965449421040086,8.362390262743553,-0.08410135943305394,-0.7708153005584872
2014-09-05,0.24114947059419867,8.33848548837156,-0.08373717985232881,-0.7656574626472268
2014-09-08,0.2420436390515358,8.204240510380881,-0.0838959717357566,-0.7361525191222125
2014-09-09,0.24257834070327966,8.21677726590367,-0.08385324747181908,-0.7389541793173464
2014-09-10,0.24302801771719718,8.265737296381445,-0.08373247853008071,-0.7497766638834822
2014-09-11,0.2439379639646958,8.358159372643819,-0.08355853903769789,-0.7701827665569754
2014-09-12,0.24633001482924388,8.446223611912863,-0.08355460345540555,-0.7896178865901389
2014-09-15,0.24915004537861263,8.554521233258178,-0.0835532650564591,-0.8135015575442734
2014-09-16,0.2512226873239597,8.608041031325694,-0.08353243136723947,-0.8253340346826592
2014-09-17,0.25559417624307357,8.69935688206407,-0.08384528317870113,-0.8454480766585064
2014-09-18,0.2624077514998391,8.830603297745913,-0.08426732975189517,-0.8743083993138825
2014-09-19,0.2679109198069509,8.968096740515183,-0.08454299087028787,-0.9045777669252208
2014-09-22,0.2741276272025509,9.09496776997251,-0.08485862361111206,-0.9325026543537804
2014-09-23,0.2788848882632162,9.213334383042522,-0.08497792300676228,-0.9585694948991046
2014-09-24,0.2841299329675876,9.313008648980816,-0.08512863754720548,-0.9805254764333755
2014-09-25,0.28920318888739094,9.400829716327028,-0.08519808732181847,-0.9998791997685421
2014-09-26,0.29661719445146695,9.4760924516882,-0.08535888392575126,-1.01644595491448
2014-09-29,0.3047480191091475,9.58487645179661,-0.08543922193512012,-1.0403845165314696
2014-09-30,0.3157942880960838,9.76017148768491,-0.08546730840053432,-1.0789557348610481
2014-10-01,0.3245593104052923,9.934250528095824,-0.08525417267074575,-1.1172853404073813
2014-10-02,0.3323063709607781,10.066215819850036,-0.08512465401086046,-1.146344818490709
2014-10-03,0.3456361609542211,10.278650271528637,-0.08509129437181245,-1.193099129031772
2014-10-06,0.35168403391417546,10.37339986888157,-0.08508129803554468,-1.2139643925632244
2014-10-07,0.3569908380386282,10.508082273496345,-0.08493231422060385,-1.2436244066190092
2014-10-08,0.3601334269407973,10.581144713179302,-0.0847188814116859,-1.2597320813299122
2014-10-09,0.3591063338985223,10.63264892465751,-0.08428547071269599,-1.2711299001515757
2014-10-10,0.3591422075886129,10.697089348700342,-0.08390246421436498,-1.2853626230404904
2014-10-13,0.3565943940292251,10.681801235683448,-0.08349823718774994,-1.2820608893206016
2014-10-14,0.3525237683465908,10.678011123310096,-0.0827982715169144,-1.2813255275927133
2014-10-15,0.34791947126899847,10.651098963429746,-0.08215434702292444,-1.2754979243314342
2014-10-16,0.34394085603791114,10.637863077292462,-0.08159667870249449,-1.2726655634963278
2014-10-17,0.3405246116475993,10.62199602032273,-0.08109935501230926,-1.2692488054109488
2014-10-20,0.33893883513793766,10.607124456413054,-0.08089554535686637,-1.2660102002933113
2014-10-21,0.3390307726042492,10.56739136865351,-0.08094589692385139,-1.2572807713617218
2014-10-22,0.33957045879818326,10.539924795214223,-0.08094745037907602,-1.2512528601485693
2014-10-23,0.34230735284126834,10.51781016540168,-0.0811080227114078,-1.2463923767216714
2014-10-24,0.3440051616566926,10.503640109978512,-0.08104581768216024,-1.2433023471840823
2014-10-27,0.34662896045457925,10.514122570408002,-0.0809498242629872,-1.2456335999774457
2014-10-28,0.350312760860541,10.53804380845187,-0.08107967027681658,-1.2508977822246838
2014-10-29,0.3553182680197291,10.607438076212986,-0.08118494500926113,-1.2661717571231637
2014-10-30,0.36229982903461744,10.710017454928458,-0.08119224593450786,-1.2887481761040354
2014-10-31,0.3739447628016008,10.886019524325565,-0.08126853479486651,-1.327464978895771
2014-11-03,0.3869298880943901,11.055735167597796,-0.08142767853022659,-1.364791337428752
2014-11-04,0.3993995027284931,11.208222366668593,-0.08156951619556002,-1.398327838253111
2014-11-05,0.41682950344969316,11.473403802127326,-0.08183679750503615,-1.4566179368575405
2014-11-06,0.4346650022832361,11.688671871152529,-0.08207065562610946,-1.5039330542590528
2014-11-07,0.44700272437785105,11.801875793823221,-0.0813578407278821,-1.5288802212984387
2014-11-10,0.4626380235322317,11.975218160268398,-0.08105215332702745,-1.5670168816613685
2014-11-11,0.4767741623990125,12.0924104916215,-0.08075315324680973,-1.5927917170029309
2014-11-12,0.4902833962569131,12.205892304164163,-0.0805983859624299,-1.6177431111524503
2014-11-13,0.5045816164400431,12.302956566989995,-0.08042500041933935,-1.6390746450668963
2014-11-14,0.512850579778705,12.309342567938426,-0.07988893103975589,-1.6405000642971501
2014-11-17,0.5215527408665928,12.307313612016237,-0.07927974881909036,-1.6400816091886603
2014-11-18,0.5271195419691679,12.282588580476476,-0.07873176389455258,-1.6346750568688897
2014-11-19,0.5360280467914567,12.276933641744334,-0.0774345328674952,-1.633523739702817
2014-11-20,0.5428216297906041,12.25187522420276,-0.07623773291550585,-1.628093333123346
2014-11-21,0.546279162418228,12.20695062442257,-0.07558740782099785,-1.6182634229998514
2014-11-24,0.5516993258557612,12.185597419377148,-0.07400420516247258,-1.6136908484808226
2014-11-25,0.5568831289515234,12.173602365825136,-0.0724229410239997,-1.6111755473991858
2014-11-26,0.5626219139831685,12.177152497498728,-0.07109358920824861,-1.6120544656756834
2014-11-27,0.567066434186039,12.168386522091602,-0.0704987013096491,-1.6101661225618735
2014-11-28,0.5765797491777285,12.2096931002114,-0.06945738546445106,-1.6193253207516531
2014-12-01,0.5784977838546709,12.141397584545105,-0.06759977937292642,-1.6044498083756769
2014-12-02,0.5812576952945179,12.060733679530577,-0.06567285666341705,-1.5868697182384937
2014-12-03,0.5810502308748233,11.955021599470399,-0.0637100533353466,-1.5637843349669986
2014-12-04,0.5846764235607703,11.893896168348698,-0.06181196697256163,-1.5504827076079426
2014-12-05,0.5898647040558783,11.818861419727282,-0.05876059643807288,-1.534236450584054
2014-12-08,0.5930078796959384,11.711112128810019,-0.053933372882588565,-1.510959288828463
2014-12-09,0.5919332831138062,11.598246659348355,-0.050492861754748077,-1.4864203972263925
2014-12-10,0.5927790715758344,11.499466107870418,-0.046573046825716405,-1.4650181894916066
2014-12-11,0.5914629629652886,11.381706925187013,-0.04231440537424147,-1.43948725181958
2014-12-12,0.5926558591588779,11.291277772200317,-0.038170945172062265,-1.4199484740869899
2014-12-15,0.6001395430143921,11.252720913302404,-0.034037958519777554,-1.4118165983540516
2014-12-16,0.6071388346822836,11.22164736835963,-0.03030448681111128,-1.4052887311539424
2014-12-17,0.6207527276263957,11.2262500997426,-0.025011889313502227,-1.4067250003881693
2014-12-18,0.6301059118142885,11.200647886005276,-0.01874750673239059,-1.4016217174924241
2014-12-19,0.6410159729963731,11.182197480005021,-0.012738779699581582,-1.3980613573443197
2014-12-22,0.6525482738367888,11.194107533845331,-0.00888892677787917,-1.4009862446859125
2014-12-23,0.661100443461851,11.183307692136045,-0.005196268327481164,-1.3989160023148224
2014-12-24,0.6692775350531226,11.175750032507873,-0.0017074771004858547,-1.3975390042388263
2014-12-25,0.6781642274066839,11.17380287891745,0.0019484745874110282,-1.3974046837492486
2014-12-26,0.6837006772170008,11.141551518244022,0.006531912396968098,-1.3906933718045789
2014-12-29,0.6908246426131558,11.12464834099865,0.009887351987649826,-1.3872429664717136
2014-12-30,0.6938211444885102,11.089886151988233,0.012066116414552214,-1.3797654074713868
2014-12-31,0.6988118865930523,11.072188943382434,0.01332291263185681,-1.3759564422998716
2015-01-01,0.7050674225042532,11.06365507830208,0.015491167319035604,-1.374236542404102
2015-01-02,0.708708810536103,11.018194540114989,0.016699588061513913,-1.3643197053262017
2015-01-05,0.7061556519040367,10.917834202223085,0.016807363602228065,-1.342248430644771
2015-01-06,0.6999772672294057,10.8056736958598,0.016245295064604648,-1.3175322552543576
2015-01-07,0.6951054506772921,10.69862267856001,0.015470282612810027,-1.293921021952556
2015-01-08,0.694146858656916,10.625988546186482,0.015877880590155935,-1.2779680591204305
2015-01-09,0.6908853497888319,10.540751916473303,0.015805417246255227,-1.2591993484137334
2015-01-12,0.6820733498482645,10.428925743061912,0.01425116476802396,-1.2344749888287392
2015-01-13,0.6746119492502065,10.327899118134802,0.01279983873693652,-1.2121382047251488
2015-01-14,0.6692107806775747,10.24083665990856,0.011073348009890488,-1.1928323904928864
2015-01-15,0.6561696120304426,10.11236415653028,0.005922198205348006,-1.1641174493946005
2015-01-16,0.6383204695970603,9.966587485594328,0.00024350004992257368,-1.1315689984681676
2015-01-19,0.6230941836163413,9.837404694447052,-0.004183323192329336,-1.1027623768321988
2015-01-20,0.602453214137513,9.685937966561793,-0.00965408031426579,-1.0689732724216678
2015-01-21,0.5814745274073992,9.535008111938197,-0.014628749076431358,-1.0353609435496252
2015-01-22,0.5583905084598806,9.380832073977253,-0.018690467363495306,-1.0011159679672277
2015-01-23,0.5388441182488175,9.235167283731824,-0.024166794162743144,-0.9686205277820605
2015-01-26,0.5241076087948908,9.114377519577474,-0.0283269071500358,-0.9417051407630763
2015-01-27,0.5080978841234823,8.994831549049781,-0.03397047222474853,-0.9149343352879553
2015-01-28,0.4954661402222934,8.88932346275496,-0.03980437312659291,-0.8912383215106232
2015-01-29,0.48771806060377876,8.800480954755088,-0.044160722710585576,-0.8713549485453547
2015-01-30,0.47583670749618356,8.692144903630552,-0.0516079885542689,-0.8469201768531376
2015-02-02,0.46856154902600744,8.61252354417083,-0.05746018888638449,-0.8289397753740795
2015-02-03,0.46523776563565344,8.553844956573293,-0.06188457686045473,-0.8156988237331431
2015-02-04,0.4612555904611271,8.491728240339057,-0.0663833932919437,-0.8016996210212544
2015-02-05,0.4573537273683951,8.43308816490447,-0.0702910509173757,-0.788517900774832
2015-02-06,0.45692756326092354,8.390330038024713,-0.07262383296455405,-0.7789611467783282
2015-02-09,0.4576467253998536,8.344886699056776,-0.0760158847219154,-0.768737315206333
2015-02-10,0.45855920034633824,8.298269807010291,-0.07870692485565978,-0.7583192889674233
2015-02-11,0.46193377690917314,8.25629625350093,-0.08136856279244115,-0.7489356895552941
2015-02-12,0.46511179526173396,8.220954858796162,-0.08345111998889412,-0.7410572155563332
2015-02-13,0.4663646066207533,8.18437797086594,-0.08478876181229827,-0.7329617597294209
2015-02-16,0.46724027784105804,8.148151166664562,-0.08587170065254177,-0.7249650263270506
2015-02-17,0.469761609478097,8.121166139361726,-0.08644795588681242,-0.719036310115196
2015-02-18,0.4725945417464239,8.088908782112526,-0.08695242716455637,-0.7119768354688969
2015-02-19,0.4771399737214347,8.065606848534893,-0.08843298428198383,-0.706792639948095
2015-02-20,0.482354520305768,8.0444028768181,-0.08992692297318622,-0.7020704446297446
2015-02-23,0.4878936820618317,8.01893648763208,-0.09183504396197543,-0.6963896464432445
2015-02-24,0.4943913956726773,8.00514566448928,-0.09420344808100267,-0.6932276582764823
2015-02-25,0.500870001033964,7.993832672318579,-0.09658651584955881,-0.6906108071408417
2015-02-26,0.5081866117846839,7.976301140353229,-0.09942989303466843,-0.6865977112012142
2015-02-27,0.517385027644,7.96038022176938,-0.10197990221210083,-0.6829790461425896
2015-03-02,0.5253182800172917,7.936665750527562,-0.10369807411648596,-0.677721934343234
2015-03-03,0.5347823376085973,7.913361665175474,-0.10531179646771519,-0.6725723433142882
2015-03-04,0.5445347841391717,7.894586891859352,-0.10755123683963035,-0.6683559327972467
2015-03-05,0.5525069599574453,7.877024020714771,-0.10923591564416746,-0.6644428145803539
2015-03-06,0.5655963068789918,7.8711121734571545,-0.11291279285533239,-0.6629083494632303
2015-03-09,0.581607071747448,7.864196326144576,-0.11783657067980383,-0.6610546855545059
2015-03-10,0.5971445608840551,7.858606561336616,-0.12194932530791877,-0.6595622664265516
2015-03-11,0.6086762147618674,7.861146611143088,-0.12477804182707994,-0.6599394356681894
2015-03-12,0.62076068983834,7.863770669017895,-0.128183314343252,-0.6602934018721001
2015-03-13,0.6301509203718533,7.8551208633270155,-0.13032131345974302,-0.6582695591744963
2015-03-16,0.6380609490346029,7.848276442838492,-0.13200570288813515,-0.6566708073171138
2015-03-17,0.6472189095049798,7.849467011993686,-0.1345669791529376,-0.6567670678739925
2015-03-18,0.652115247234809,7.856899139893796,-0.13588503945175923,-0.6583267297327338
2015-03-19,0.6565715088196389,7.868813933741848,-0.13711509077508272,-0.6608797170523858
2015-03-20,0.6631048175618581,7.8741737177564115,-0.1401594718174233,-0.6618680621745947
2015-03-23,0.6685942604574415,7.878159514093765,-0.14282917924500674,-0.6625834425223267
2015-03-24,0.6734482419648506,7.881829738152712,-0.14439072639145142,-0.6633299854804127
2015-03-25,0.6767797354212245,7.88515748330086,-0.14538362407650568,-0.6640389355681712
2015-03-26,0.6818759196497517,7.873293521862198,-0.14800969381541856,-0.6612924974829206
2015-03-27,0.687155975380046,7.863998736884312,-0.1503685196386468,-0.659133866555313
2015-03-30,0.6916505023312904,7.856135332265573,-0.15177523484017374,-0.6573620092820555
2015-03-31,0.6953856428391958,7.85362587090024,-0.15251837732656556,-0.6568161397732027
2015-04-01,0.7001634006163884,7.847842138416309,-0.15322723022235524,-0.6555718084215862
2015-04-02,0.7019851958933865,7.8473966073349075,-0.15325643652135745,-0.6555255027417615
2015-04-03,0.7006647747428929,7.85191073072159,-0.1510053306792935,-0.6567498589850828
2015-04-06,0.7019075496835796,7.849581214350014,-0.15103654157791074,-0.6562887405335571
2015-04-07,0.7028810223136093,7.849989542542907,-0.15060349692304398,-0.6564647308750309
2015-04-08,0.7040657425207253,7.851403333926367,-0.15052205004183827,-0.6568304765909598
2015-04-09,0.7055434467563544,7.853388465547871,-0.15074048314817023,-0.6572898312533602
2015-04-10,0.7068323385567671,7.84845625460461,-0.15134102399494642,-0.6561972270234506
2015-04-13,0.7088008446927824,7.844640526388446,-0.15192382823793496,-0.6553597447747381
2015-04-14,0.7102112754489609,7.845631308278183,-0.1516525216096043,-0.6556521698348887
2015-04-15,0.7123430832340305,7.8443603312245065,-0.15195924639835662,-0.6554060960792091
2015-04-16,0.7132586237998131,7.845119639067966,-0.1515484579886033,-0.6556662616316927
2015-04-17,0.7114060391107037,7.847649968340646,-0.14948427982007084,-0.6564270789939566
2015-04-20,0.708495773912495,7.854561025687284,-0.14709146762829162,-0.6581544828785948
2015-04-21,0.7074787915959654,7.854736317744081,-0.14598957883394903,-0.65831451855981
2015-04-22,0.7080862244947286,7.852944549427976,-0.14558304615189244,-0.6580119689983415
2015-04-23,0.7073922292537131,7.85020166469792,-0.14464865953113556,-0.6575392025155946
2015-04-24,0.7025319836276984,7.8580800824493835,-0.1419752373765631,-0.659502296753507
2015-04-27,0.7000047615900371,7.860039460334146,-0.14028453383189826,-0.6600903314842361
2015-04-28,0.6994175774518041,7.85694751789461,-0.13998557842070414,-0.659469202775832
2015-04-29,0.6996128586048695,7.851341359314132,-0.14005957792882281,-0.658290983491161
2015-04-30,0.69754918883668,7.852761419486986,-0.13903411788861442,-0.6587274767226368
2015-05-01,0.6961550793221696,7.852992260159184,-0.13838097147926254,-0.6588697211301937
2015-05-04,0.6953609097228671,7.854093394755314,-0.13817493382476528,-0.6591407821423562
2015-05-05,0.6946575354384135,7.853719313220493,-0.13804171275783328,-0.6590857940144781
2015-05-06,0.6943796109194886,7.848411652308564,-0.1380685734372052,-0.657943477888153
2015-05-07,0.6940827062229484,7.847587461668788,-0.13806392561202868,-0.6577865072418111
2015-05-08,0.6935830769377098,7.846478180199758,-0.13802711762112008,-0.6575696588614728
2015-05-11,0.6935122765988103,7.83889702305015,-0.13790070213513067,-0.6559398481511673
2015-05-12,0.6925517423650995,7.831046602155192,-0.13760221073837753,-0.6542542462101726
2015-05-13,0.6895754394273913,7.816917823268971,-0.13688855637077962,-0.6512207141277754
2015-05-14,0.6883612086534007,7.816036151210858,-0.13674617464331323,-0.651008039395677
2015-05-15,0.689835903529654,7.829342181600135,-0.13772516825233114,-0.6537874325101358
2015-05-18,0.6907179634225664,7.839538363981158,-0.13842090885152425,-0.6558975570644234
2015-05-19,0.6921439652485598,7.84643228321758,-0.1385109203405694,-0.6573364079538473
2015-05-20,0.6933839371147452,7.851078277474032,-0.13837776046225148,-0.6583082168528624
2015-05-21,0.6937459786046263,7.851644655803705,-0.13804711417022655,-0.6584287872775529
2015-05-22,0.6939499407708825,7.850201969739266,-0.1376629602699287,-0.6581184645357503
2015-05-25,0.6938488925832866,7.848433709864994,-0.1373897929114088,-0.6577316376541404
2015-05-26,0.6951005849943108,7.853301183054907,-0.1372769270934508,-0.6587822089067283
2015-05-27,0.696124192380002,7.855176794177893,-0.1370897225330185,-0.6591871234948836
2015-05-28,0.6965464943553878,7.852845280076995,-0.13699708534362423,-0.6586807334368026
2015-05-29,0.6969526459594794,7.851801525080061,-0.13692875880887023,-0.6584532759719799
2015-06-01,0.6963207511054008,7.842192343066641,-0.1365528463934771,-0.6563821605607381
2015-06-02,0.6948895743272465,7.826974776803148,-0.13589433743506982,-0.6531147210081074
2015-06-03,0.6932947910625622,7.8099013181401595,-0.13439432199590534,-0.649495513555249
2015-06-04,0.6935018328940253,7.798902619369855,-0.13380844949944723,-0.6471432816086218
2015-06-05,0.6933855418857617,7.785374467158254,-0.13272113639204947,-0.644270694829638
2015-06-08,0.6933601808093314,7.755555114008574,-0.13195984896818969,-0.6378729999886606
2015-06-09,0.6920715920137576,7.729517066133511,-0.13082315066001565,-0.6323144492064611
2015-06-10,0.6882467661508134,7.694150213819671,-0.12848904828397886,-0.6248088797216828
2015-06-11,0.6857686663906195,7.66739620953552,-0.1271219796951749,-0.6191111329260572
2015-06-12,0.6831231247179512,7.643812223456488,-0.12590769735791277,-0.6140907967207786
2015-06-15,0.6797532638451544,7.623807817125083,-0.12484067214520553,-0.6098320811226621
2015-06-16,0.6772777078328881,7.609436122397298,-0.12436463187156307,-0.6067629377447026
2015-06-17,0.6740658313956132,7.586969391305128,-0.1236717477707758,-0.601962614434038
2015-06-18,0.6701635831904209,7.558206389764811,-0.12282348290733365,-0.5958027094113807
2015-06-19,0.6684842836848162,7.527510701871673,-0.12271813697963996,-0.5891851456519857
2015-06-22,0.667266083049316,7.501023086049371,-0.12252069775132889,-0.5834867847263578
2015-06-23,0.6664841460244366,7.473371034108725,-0.12228044288489967,-0.5775403539209876
2015-06-24,0.665787977138161,7.447985553142193,-0.12212498270921053,-0.572081381364406
2015-06-25,0.6639808070492395,7.425660658435977,-0.12171322211796207,-0.5673002611824449
2015-06-26,0.660747344635735,7.394610396252989,-0.1204849930848525,-0.5606817726673962
2015-06-29,0.6576253067180133,7.364217602416479,-0.11965456508202901,-0.5541903985025391
2015-06-30,0.6546301253251317,7.3343472523344975,-0.11874296204134464,-0.5478225120193394
2015-07-01,0.652269782996038,7.31620989950651,-0.11810940870848408,-0.5439524840452888
2015-07-02,0.651049610952806,7.306332855684877,-0.11797842450798962,-0.5418371534199475
2015-07-03,0.6497440874093217,7.29268431586933,-0.11782952393792945,-0.5389117455536909
2015-07-06,0.6463675598840151,7.273754590541941,-0.11726372675545726,-0.5348846305576372
2015-07-07,0.6438639695562116,7.26502218340649,-0.11704378828014167,-0.5330447983203177
2015-07-08,0.6406040475390284,7.254760360305873,-0.11672559089968076,-0.53088184590474
2015-07-09,0.6378975697722042,7.241721796769204,-0.1163980228598975,-0.5281052359697866
2015-07-10,0.6349043949296892,7.2243633684518205,-0.11578004971542365,-0.5244083319657638
2015-07-13,0.6331146191726893,7.214117753019389,-0.1153277370738337,-0.5222292396564575
2015-07-14,0.6301008060785597,7.201031381053207,-0.11482275921742272,-0.519450672173694
2015-07-15,0.6278229342824393,7.1914638983188395,-0.11460360447255902,-0.5174190393124876
2015-07-16,0.6258850157721862,7.187071558838721,-0.11455069618826319,-0.5164929709279831
2015-07-17,0.6260797338506566,7.1823806646017925,-0.11484440391770853,-0.5154923623142399
2015-07-20,0.6283072890652904,7.200593931774608,-0.11634086657444981,-0.519358648503184
2015-07-21,0.6278523312671478,7.218743126296877,-0.11770201615189901,-0.5232296757788261
2015-07-22,0.6278947688385212,7.242004764498252,-0.11922687954146899,-0.5281923600914384
2015-07-23,0.6258879372915376,7.270760583569979,-0.12062845543185668,-0.5343567196104353
2015-07-24,0.6248060634663204,7.2811878118543305,-0.12144720562344469,-0.5366044236425526
2015-07-27,0.6214078428784497,7.295408245462173,-0.1222300537584573,-0.5396779422941378
2015-07-28,0.6183708557126515,7.30754144505946,-0.12299344111951893,-0.5422986671538624
2015-07-29,0.6155884884884537,7.319561485942048,-0.12382545344050977,-0.5448844936803632
2015-07-30,0.6135134928499977,7.334800238923903,-0.12471923825114734,-0.5481677935405417
2015-07-31,0.6083580609718168,7.348032341561568,-0.12514992693484162,-0.5510545662420628
2015-08-03,0.6027568141077104,7.367288646555862,-0.1257059216255783,-0.5552348681349769
2015-08-04,0.6000703146348796,7.3914575015356565,-0.12690621910891253,-0.5604060295478881
2015-08-05,0.6009191225879742,7.412243681120217,-0.12831287242923858,-0.5648245234040322
2015-08-06,0.6013361078836688,7.429753628561629,-0.12947983292510346,-0.5685532935376436
2015-08-07,0.6008128310064389,7.447286936912989,-0.13050565873165568,-0.5723012959864981
2015-08-10,0.6019308467577272,7.467921918285575,-0.13158976093393623,-0.5766901841630077
2015-08-11,0.6018402721314836,7.4831419486574156,-0.13218553739295374,-0.5799526440396869
2015-08-12,0.6014837566796025,7.492019596146201,-0.1325706683451867,-0.5818452613044491
2015-08-13,0.6016067629192965,7.495156057041669,-0.13284995004940184,-0.5825123531385115
2015-08-14,0.6016150481869421,7.501205724777979,-0.13319523037252878,-0.5837973247793607
2015-08-17,0.6002965573158585,7.501227643485203,-0.13326711262695148,-0.5838037102742045
2015-08-18,0.599121245944205,7.494694976465267,-0.13304911037117986,-0.5824174337945675
2015-08-19,0.5957891633999546,7.48388463732092,-0.13265718814291763,-0.5801196730217522
2015-08-20,0.5924031594071754,7.474742701270106,-0.13220184646928812,-0.5781672520233764
2015-08-21,0.5872378781791175,7.463140657872701,-0.13169132056651503,-0.5756847830366743
2015-08-24,0.583869606866234,7.454452008940963,-0.13129402958917225,-0.5738289038085134
2015-08-25,0.5811010337991199,7.4365203966795566,-0.13057063657773108,-0.5700177938016268
2015-08-26,0.5818821226314934,7.426919704734468,-0.13006249116501958,-0.5679845452958485
2015-08-27,0.5828551005671657,7.414378596351224,-0.12987986522241612,-0.5653052287159593
2015-08-28,0.582995792916374,7.394450306890258,-0.12953895367112492,-0.5610440317999894
2015-08-31,0.5832669419031105,7.382750410359709,-0.12916240254006076,-0.5585503504891275
2015-09-01,0.5835840395697043,7.366277041469875,-0.12861196963402832,-0.55504019961354
2015-09-02,0.5841459835285105,7.348124014851875,-0.1279122102528206,-0.5511804731396747
2015-09-03,0.5859922592111064,7.334389616468208,-0.12757428839956353,-0.5482497447581551
2015-09-04,0.5892673890247428,7.324800775780913,-0.12753985689410546,-0.5461902131100356
2015-09-07,0.5928872887821282,7.305623943322157,-0.12790162503313468,-0.5420435374515912
2015-09-08,0.5959106284598856,7.293427693543988,-0.1276134595648657,-0.5394398724357465
2015-09-09,0.601028390162042,7.291375439759059,-0.1280357534597133,-0.538973402172553
2015-09-10,0.6051524891518641,7.289976805172795,-0.12837848884730033,-0.5386536183897513
2015-09-11,0.6093963357591647,7.293837254910088,-0.12887074320826516,-0.539456386589034
2015-09-14,0.6132781730867659,7.297298267722257,-0.12928109469461538,-0.5401779535402226
2015-09-15,0.6182005624396036,7.285394508925156,-0.12961844973844977,-0.5375995967169919
2015-09-16,0.6207282003099226,7.268480962532867,-0.12930431987248298,-0.5339874232134751
2015-09-17,0.6223900761403134,7.25906099704315,-0.1291107283879726,-0.5319738558833814
2015-09-18,0.6231476611854618,7.257064805399789,-0.12884896788958336,-0.5315568731664232
2015-09-21,0.6238753317226258,7.247257747421885,-0.12825147340215032,-0.5294847578135461
2015-09-22,0.6267277250748782,7.2530634658729145,-0.1277058136149318,-0.5307615261014211
2015-09-23,0.6280455818590989,7.246353745095548,-0.12713984744192555,-0.5293507363114431
2015-09-24,0.6253631988700638,7.232276917581449,-0.1259555612275266,-0.5263883978427533
2015-09-25,0.6220644793328937,7.2151786493507135,-0.12447517134856531,-0.522804292284589
2015-09-28,0.6217631905663528,7.210316296548534,-0.12353468628508149,-0.5218125341700107
2015-09-29,0.6228223025818838,7.2129370579925,-0.12310134395807029,-0.5223922530789404
2015-09-30,0.6244775079866633,7.215776224765353,-0.12307832836494215,-0.5230012586324312
2015-10-01,0.6261277730975798,7.232869489115375,-0.12330237054596478,-0.5266522002880779
2015-10-02,0.6255048416732036,7.240581280295557,-0.12332828770044325,-0.5282997086264613
2015-10-05,0.6247594164806567,7.246481354954929,-0.12331473684562025,-0.5295591189974982
2015-10-06,0.6232954282922063,7.249268819752231,-0.12323692062901358,-0.5301521532264579
2015-10-07,0.6211599850269439,7.247661554909561,-0.1231813864721625,-0.5298071201272859
2015-10-08,0.6192208137551981,7.240268464629819,-0.1231917443035713,-0.5282243654070836
2015-10-09,0.6160300683859614,7.229721556705324,-0.12284275615636946,-0.5259783325430826
2015-10-12,0.6129081276917233,7.218949814391124,-0.12242910573130922,-0.5236858611053198
2015-10-13,0.6095504408480044,7.206723946726687,-0.1221294670657354,-0.5210698769208917
2015-10-14,0.6046638192459571,7.194207642963521,-0.12183576544896668,-0.5183794254332923
2015-10-15,0.6000208012046746,7.186331580272121,-0.12135285134662208,-0.5167029190898462
2015-10-16,0.5975580318543783,7.198054077809175,-0.1206356083058285,-0.5192435184176929
2015-10-19,0.5964005988791758,7.221188001914953,-0.11965581649613043,-0.5242461146335253
2015-10-20,0.5974692414506928,7.2673768641402905,-0.11814862990996179,-0.5342172999898773
2015-10-21,0.6008173779083208,7.317839644472905,-0.11683567007722069,-0.5450912522649072
2015-10-22,0.6044931555908756,7.369368323117339,-0.11561749753864763,-0.5561855439765243
2015-10-23,0.6137436684196743,7.449657100715338,-0.11397083623966756,-0.5734628711530243
2015-10-26,0.6220045558996554,7.526071468340474,-0.11217858107116495,-0.5899245267842148
2015-10-27,0.6255371607947926,7.572716271207867,-0.11126478995379933,-0.5999400987385002
2015-10-28,0.6344037800491862,7.657251840988087,-0.10936497569130632,-0.6181508959753717
2015-10-29,0.6405825573467401,7.723782067706486,-0.1076443364221438,-0.632498211479559
2015-10-30,0.649252123769271,7.810111508429825,-0.10597962876972072,-0.6510884320277033
2015-11-02,0.6579082565102619,7.895808044977809,-0.1043534689870195,-0.6695437930377132
2015-11-03,0.663378605784728,7.956916126730501,-0.10375252106974668,-0.6826668707801622
2015-11-04,0.6694131662680007,8.020957495367025,-0.1030315703781374,-0.6964318472332728
2015-11-05,0.6745085359489194,8.07594664664977,-0.10245787173886516,-0.7082478856262023
2015-11-06,0.682176079961597,8.150285536604201,-0.10158347187533832,-0.7242327126286254
2015-11-09,0.6884880628694643,8.210905058590345,-0.10086589831642227,-0.7372636465966226
2015-11-10,0.69469457328106,8.271945901158858,-0.10027468027538566,-0.7503722723559401
2015-11-11,0.7015017847589631,8.342452624935133,-0.09968097122798417,-0.7655063947935623
2015-11-12,0.7082607164731793,8.418207778178012,-0.0990687668065636,-0.7817626694174988
2015-11-13,0.71565217376453,8.509169987197946,-0.09829899480470736,-0.8012862259802035
2015-11-16,0.7230706433716843,8.604646173062065,-0.09731386253062768,-0.8217896703624095
2015-11-17,0.7363539388373217,8.753607204701016,-0.09622374996763987,-0.8537414549200278
2015-11-18,0.7407060921726893,8.828294398748035,-0.09587107293714167,-0.8697593431150102
2015-11-19,0.7445421499522453,8.90117327025073,-0.09515352836697281,-0.8854193329710381
2015-11-20,0.7470443959451811,8.95921587991073,-0.09480500936544711,-0.8978811064049108
2015-11-23,0.7501670613839703,9.049594925425808,-0.0940126851424408,-0.917300033421015
2015-11-24,0.7531599158981932,9.136344120544452,-0.0929231379919506,-0.9359660881999824
2015-11-25,0.7548978634048631,9.199142404115427,-0.09243485823364786,-0.9494639585741158
2015-11-26,0.75547571538036,9.23835970068416,-0.0924445020091276,-0.9578784330684154
2015-11-27,0.7560203590908229,9.297390520327902,-0.09226460775686032,-0.9705523538502172
2015-11-30,0.7570507924990313,9.340453600604587,-0.09219486171540339,-0.9797960896768512
2015-12-01,0.7576678467397882,9.402705331405453,-0.0916503667568832,-0.9931824765888067
2015-12-02,0.7605039613852278,9.527192165736077,-0.090162563660147,-1.0199532893458445
2015-12-03,0.7646172257655074,9.624705513980238,-0.0894201322063674,-1.0408695040230436
2015-12-04,0.768589498870824,9.724105566496675,-0.08778662803677312,-1.0622548398776854
2015-12-07,0.7713110254848812,9.798611304591688,-0.08665272011503233,-1.0782887371072676
2015-12-08,0.7748566427896513,9.884232954681066,-0.08528765488767787,-1.0967077594728882
2015-12-09,0.7816619775831048,10.035848190881886,-0.0827952008156094,-1.1293203756866554
2015-12-10,0.7867604086920599,10.163834445392478,-0.08034712656843906,-1.1568828864474772
2015-12-11,0.7915561495102642,10.301459659219656,-0.07734566399708054,-1.186550715437249
2015-12-14,0.7971832354435677,10.452663724549806,-0.07421997722598297,-1.2191309720973873
2015-12-15,0.8008187147245114,10.552300079282638,-0.07232986138279848,-1.2405869756368304
2015-12-16,0.8051679988711181,10.687376100132653,-0.06897628674491142,-1.2697277250721588
2015-12-17,0.8094776698783925,10.826228355741423,-0.06623880696880008,-1.2996359416682548
2015-12-18,0.8155528480002485,11.016312350072504,-0.062294360050698425,-1.3405784371804281
2015-12-21,0.8212642535625763,11.205873867991711,-0.057907387620379946,-1.3814344080470562
2015-12-22,0.826218847601893,11.344613059652438,-0.05508460540448601,-1.4112943519431336
2015-12-23,0.8285942424024304,11.410237513057211,-0.05384886059727323,-1.4254082309534382
2015-12-24,0.8297661734565946,11.451085210206086,-0.05296336297331525,-1.4342006308777566
2015-12-25,0.8311876980250044,11.494679843043862,-0.05206176441046084,-1.4435783555485378
2015-12-28,0.8335801038100447,11.584203630687782,-0.0503846455018481,-1.4628354277328903
2015-12-29,0.8352413754281346,11.647048090237947,-0.04924017615519072,-1.476345890594895
2015-12-30,0.836274894450005,11.679000592680737,-0.048780827184585984,-1.4832081134085504
2015-12-31,0.8373564071613668,11.725927165940174,-0.048066673879262944,-1.4932918082897775
2016-01-01,0.838839122821889,11.791471131884098,-0.04716310486431824,-1.5073597903972216
2016-01-04,0.8378774601875001,11.751253779683456,-0.04767164413712838,-1.498713194004249
2016-01-05,0.8364104075002772,11.662654421687106,-0.04876191249234105,-1.4796961422638863
2016-01-06,0.8330780734265011,11.51283631362812,-0.05092643050377177,-1.4474977928999975
2016-01-07,0.828374051124991,11.294833058461831,-0.053855321809079315,-1.4006816653106133
2016-01-08,0.8248825630424605,11.058746851514476,-0.05723639418906035,-1.3499736980916803
2016-01-11,0.8241022826191109,10.835830327836094,-0.06013005236071786,-1.3021442928468518
2016-01-12,0.823506878826946,10.676868575616131,-0.06161358400583106,-1.2681014215316417
2016-01-13,0.8222997130307697,10.526885513573012,-0.06325939639970449,-1.2359545677253978
2016-01-14,0.822895001700537,10.423276041517965,-0.06374952317161364,-1.2138334871047705
2016-01-15,0.8213764135898506,10.309631702219628,-0.06420840323768118,-1.1895608060537315
2016-01-18,0.8199494342553372,10.218255332433792,-0.06463542486097096,-1.17003431674594
2016-01-19,0.8199002077126575,10.186919617570965,-0.06256895034444843,-1.1635830402783571
2016-01-20,0.8153464989528654,10.074454062624877,-0.06238097270176324,-1.1396170981295852
2016-01-21,0.8098225909008057,9.962879086112043,-0.0627021584518796,-1.1157801296640746
2016-01-22,0.8060316820882345,9.86856414393315,-0.06263069788244463,-1.095677985232523
2016-01-25,0.8006202723437706,9.738022714421872,-0.06341872813673571,-1.0677611839663013
2016-01-26,0.793807119226009,9.574780560095059,-0.06572942081029426,-1.0327008355847127
2016-01-27,0.7877768018877268,9.423588913956367,-0.06790424903932163,-1.000232417534721
2016-01-28,0.7852582911779133,9.309982479239693,-0.06969813405602898,-0.9758318069122791
2016-01-29,0.7823789015519993,9.189073830185704,-0.07194843863326927,-0.9498215727731645
2016-02-01,0.7771760215175431,9.051007667724539,-0.0744809689804874,-0.9201156018015082
2016-02-02,0.7727590811449965,8.898813629074402,-0.07752271228258001,-0.8873561807607047
2016-02-03,0.7680549014886215,8.761560318504612,-0.08023683803320375,-0.8578164467269267
2016-02-04,0.7628595880571696,8.64204649613201,-0.0827972754346947,-0.8320630027561302
2016-02-05,0.7527897983882754,8.47884207036048,-0.08605606988420522,-0.7969133668642638
2016-02-08,0.7395040785415239,8.286251671145338,-0.09007527820509975,-0.7554137311043077
2016-02-09,0.7278880093111479,8.125606915318237,-0.09334752453370238,-0.720801982579192
2016-02-10,0.7151392205897877,7.946823666675694,-0.09719593179592478,-0.682263886510299
2016-02-11,0.6929574110091433,7.692373430151969,-0.10338552547060648,-0.6273311922652629
2016-02-12,0.6719456155926609,7.4698363033759865,-0.10843387030801549,-0.5793202966835773
2016-02-15,0.6521629465362582,7.2551117294510306,-0.1131341991264583,-0.5330194807303061
2016-02-16,0.6395278650299079,7.113361143101592,-0.11601871368419034,-0.5024698508167522
2016-02-17,0.6272214168953552,6.986176635658759,-0.11843417283734187,-0.4750764687178721
2016-02-18,0.6101971836559038,6.818130971558599,-0.12196707992679529,-0.43884660482832505
2016-02-19,0.5962153092834327,6.663875675503778,-0.12533114176512805,-0.4055776948546137
2016-02-22,0.5884008514749436,6.546003197079969,-0.12810133351155228,-0.3801409416290038
2016-02-23,0.5812624766445753,6.393708780990717,-0.13213636572499132,-0.3472296474076224
2016-02-24,0.575485910843103,6.2389385639888655,-0.13636532131476004,-0.313778896492398
2016-02-25,0.5727878499861894,6.101759768019983,-0.14055502197202963,-0.2840800788251412
2016-02-26,0.5704133830454678,5.975224481201458,-0.1443313356004145,-0.2566888475450386
2016-02-29,0.5682989739281601,5.836439946863116,-0.14865842651418248,-0.2266262836274482
2016-03-01,0.5663091162101522,5.724791325129978,-0.15196027340322393,-0.2024636390059038
2016-03-02,0.5647240232305338,5.60927837938284,-0.15548638748035526,-0.17745355535122465
2016-03-03,0.5635414661006966,5.485355852796415,-0.15965133263376297,-0.15056940947132702
2016-03-04,0.5603879537401371,5.373637102030352,-0.16369288767062334,-0.12628004574028773
2016-03-07,0.5548741134732331,5.258459276501188,-0.1678438481503391,-0.10122439132796357
2016-03-08,0.5524318533763117,5.1519822752754365,-0.17204084661327662,-0.07803341997221103
2016-03-09,0.5496851217814941,5.074721884320641,-0.17524146441028973,-0.06117599632169313
2016-03-10,0.5428312430378186,4.982851271580063,-0.17903919796898313,-0.0411164456003289
2016-03-11,0.5391538950491002,4.9266483650683055,-0.18198479816436897,-0.02875577006658503
2016-03-14,0.5348228464427189,4.875779908411855,-0.18363606009368982,-0.017699612745730953
2016-03-15,0.5303144631104688,4.817639005117447,-0.18563008868677328,-0.005049366016483536
2016-03-16,0.5297407882335692,4.732325417610442,-0.18910976371359906,0.013547555941279432
2016-03-17,0.5312943411421203,4.690377673545193,-0.19226054255046116,0.02288707984998095
2016-03-18,0.5346710282184499,4.643106855563497,-0.19619197521097476,0.033434851547653466
2016-03-21,0.5376456979953266,4.608484691307147,-0.1993421453288908,0.04119844475483492
2016-03-22,0.542662477310621,4.5664795076711195,-0.204303906684209,0.05075503753806965
2016-03-23,0.5437589699160268,4.552129660862915,-0.20665742410639826,0.05410346606488381
2016-03-24,0.5463871389437752,4.521680518796561,-0.21033295395628104,0.06103710924474559
2016-03-25,0.5493309574361958,4.498620895357726,-0.21362229018073917,0.06635532796556831
2016-03-28,0.5527081989553193,4.476814572779017,-0.2165751655881814,0.0713680840518005
2016-03-29,0.556199722197399,4.461599873330095,-0.21858710073287724,0.07485564132111511
2016-03-30,0.5594293680926599,4.461230595746578,-0.21990497366152234,0.07510086244368408
2016-03-31,0.5656104524650332,4.461531115249427,-0.2222459939664546,0.07533008218184856
2016-04-01,0.5702750140599762,4.46234439163541,-0.22453467937217342,0.07543974731359326
2016-04-04,0.574970756915427,4.491041783707607,-0.2261966196582672,0.06954639224097803
2016-04-05,0.584071875889682,4.4975892786692135,-0.23048211418874232,0.06867522845035867
2016-04-06,0.5938001047902455,4.503803968516701,-0.23485842173807003,0.06788774318072255
2016-04-07,0.6010824060456177,4.523885519677247,-0.23735211117244487,0.0639301175129644
2016-04-08,0.6091106416197374,4.547529820071826,-0.23951993402056243,0.05918150181975712
2016-04-11,0.619746962405701,4.556357795165468,-0.24393062148521044,0.05785502178570401
2016-04-12,0.6365575912221453,4.566549465253045,-0.25094893006106506,0.05656015173463891
2016-04-13,0.6477544920034426,4.587573143284732,-0.25627874558129343,0.05274968216681475
2016-04-14,0.6517797876111955,4.623974816916887,-0.25841518142940967,0.04528381780672697
2016-04-15,0.6565717387116128,4.676975709518539,-0.25985265272010516,0.034208766483279085
2016-04-18,0.6674070895273739,4.733758891152613,-0.263400966183958,0.022590783893160493
2016-04-19,0.6768438044938929,4.781352845887036,-0.26597993421023636,0.012814145502768826
2016-04-20,0.6816922262281665,4.815910820321446,-0.2672980803502003,0.0056505135248402505
2016-04-21,0.6860942333465945,4.850873505305653,-0.26862231339051656,-0.0015972125420442573
2016-04-22,0.6878068890685383,4.871137401624798,-0.26845804174313204,-0.005916490989038514
2016-04-25,0.691316060325412,4.9095497453733685,-0.2690986070614765,-0.013980901142500612
2016-04-26,0.6949946570670613,4.951616523159858,-0.27011829729909576,-0.022772644352261784
2016-04-27,0.6970574855600665,4.9638483060553655,-0.2693544029334173,-0.025464256065942936
2016-04-28,0.700223530088277,4.962672074440342,-0.26845367275530285,-0.025329137455093076
2016-04-29,0.7053413271530002,4.920206063218388,-0.2688766900456131,-0.016274301100354438
2016-05-02,0.7085371217778899,4.8939798137333295,-0.2699260330645153,-0.010578664284890626
2016-05-03,0.711528212706316,4.8818881273530055,-0.2705738548350795,-0.007931074551523976
2016-05-04,0.7147869305314773,4.841680431521872,-0.27073721732951334,0.000614213233604527
2016-05-05,0.7185052826938354,4.807853582724767,-0.2704961142631321,0.007750984551956885
2016-05-06,0.7219666841287975,4.78044450644645,-0.2713547847556037,0.013672468549557615
2016-05-09,0.7241089534157426,4.779358381656689,-0.27117951127447837,0.013879721096203168
2016-05-10,0.72634047489385,4.7864106400264514,-0.27073984204527124,0.012327649671589058
2016-05-11,0.7292656432245321,4.789448004815655,-0.27067967638158746,0.011676070250039916
2016-05-12,0.7325616208946731,4.818155399986475,-0.27069138000119586,0.005592984426554093
2016-05-13,0.7358090778758934,4.842799155901546,-0.2705028299725172,0.00034617627920030536
2016-05-16,0.7391536084509513,4.865436688643519,-0.27070952873364995,-0.004424299968419365
2016-05-17,0.7427406830046059,4.890627025458004,-0.2711314615396079,-0.00970849648798744
2016-05-18,0.7444364716547724,4.887402164807362,-0.27165268035239043,-0.008952084712967379
2016-05-19,0.745901804187495,4.85128648554989,-0.27233067946601996,-0.001203679836853988
2016-05-20,0.7489923452593992,4.770809242475215,-0.27355673540875525,0.01600319660695093
2016-05-23,0.7506547604753224,4.729258991802338,-0.274277700624313,0.02490486838460959
2016-05-24,0.7524649498204885,4.688507946660913,-0.27474082835245883,0.03358844806662398
2016-05-25,0.7541573386430873,4.648343097408235,-0.27495365693291096,0.04211236102726268
2016-05-26,0.7559122153904226,4.593247674919162,-0.27490686599931113,0.053758510488415956
2016-05-27,0.7607013743049087,4.465792774014902,-0.27603422161293933,0.08086614916417378
2016-05-30,0.7626051526762638,4.394959155620836,-0.2761188363499329,0.09585863383949833
2016-05-31,0.7648949481548385,4.316328169929566,-0.2765737936998873,0.11255695209595684
2016-06-01,0.7666020364458872,4.250496532271396,-0.27680531134620234,0.1265197016498113
2016-06-02,0.766549102573066,4.244885712343068,-0.2761316548471614,0.12760989602819484
2016-06-03,0.7676028608569953,4.229736868572003,-0.27554128928681487,0.1307397013307604
2016-06-06,0.7699195769929492,4.138254027132724,-0.2753695522380707,0.15009451271856444
2016-06-07,0.7705132079349001,4.0975231815935205,-0.2743496945178283,0.15859259152275634
2016-06-08,0.7727384547135789,4.026376276489149,-0.2739026503664116,0.17360711498085646
2016-06-09,0.7755415925411024,3.9576635231726924,-0.27376877906904823,0.18814095320976076
2016-06-10,0.7781444916477304,3.912392063810514,-0.2736105749655144,0.19770684268455918
2016-06-13,0.7812157491325734,3.8517172465753573,-0.27414821422740543,0.21062500468421042
2016-06-14,0.7859589296273095,3.7222843240551065,-0.275607070918665,0.23821379259968944
2016-06-15,0.7891389464629319,3.6624716422431094,-0.2761470851881017,0.2509502852090857
2016-06-16,0.791810468387045,3.6073592756213504,-0.27645992946929787,0.26266015567761913
2016-06-17,0.794833656595388,3.5108121698639634,-0.2780047710836984,0.28330169941178096
2016-06-20,0.7961992135609963,3.462645652150666,-0.2791655579923806,0.29365592708783295
2016-06-21,0.79733801749598,3.412343544936556,-0.27999817633294155,0.3044208551112615
2016-06-22,0.7984699167194804,3.4030179469987054,-0.28049005237426905,0.3064630562266415
2016-06-23,0.7999504015777218,3.4438876913554886,-0.2807196285322122,0.2978413051629738
2016-06-24,0.8026630695780924,3.458247650405559,-0.2817702929916977,0.29494212709303724
2016-06-27,0.8056081689117034,3.407423850700494,-0.28280652010579244,0.3058424941180826
2016-06-28,0.8094288705924733,3.3118805608767588,-0.2835998055624721,0.3261657073805453
2016-06-29,0.8134263580542188,3.205395409958145,-0.2849000586260242,0.3488649637290293
2016-06-30,0.8170498958014325,3.1101625017374452,-0.28605851252148895,0.36916805706430544
2016-07-01,0.8205124720601449,3.0721236332122386,-0.2868081015426212,0.37731246036144284
2016-07-04,0.823729634588789,3.0443764743620587,-0.28746952265927217,0.38326769981171216
2016-07-05,0.827218484601608,3.056573831456573,-0.2874218612302806,0.3806816486025253
2016-07-06,0.8307806288322214,3.098387692173505,-0.28710590451471074,0.37179938188553674
2016-07-07,0.8344454983069886,3.16724322697248,-0.28676229633287986,0.3571911203387823
2016-07-08,0.8385520313583105,3.24620744581102,-0.2862681618470543,0.3404294500864906
2016-07-11,0.8432457558645634,3.346807549831188,-0.2861684748435132,0.3191419020377715
2016-07-12,0.8461747107146378,3.416159049101582,-0.2861426855814358,0.3044781223543178
2016-07-13,0.8498266444338605,3.5134713428170183,-0.2859798185084257,0.28387656239437353
2016-07-14,0.8526934006646891,3.6041560611028256,-0.28598092149825016,0.26469977170229964
2016-07-15,0.8550099378740686,3.682972259993927,-0.28604904443613177,0.24804617729565392
2016-07-18,0.8583107884802771,3.7637819329461983,-0.2860529795894264,0.23097469223115752
2016-07-19,0.8621643939155194,3.874036821397124,-0.2862775729936272,0.20769306668113474
2016-07-20,0.8668668750260774,3.9970733405397887,-0.28613838387618223,0.18166532753582043
2016-07-21,0.8701427273876333,4.0983363758707725,-0.2856852262025779,0.1602026634420448
2016-07-22,0.8722065840513418,4.165771105302953,-0.28507174006552327,0.14588311244248953
2016-07-25,0.8742507476607051,4.24108151623667,-0.28444604902879367,0.12989363039753643
2016-07-26,0.8770824473039714,4.339117039848686,-0.2838747279802639,0.10910144810573863
2016-07-27,0.8790655360314826,4.403809986729319,-0.2835790219910994,0.09539296975168932
2016-07-28,0.8818286380092806,4.481156009255223,-0.2830190468084155,0.07897977839831327
2016-07-29,0.8836497037129711,4.530980035384208,-0.28264343884099885,0.06840192385807886
2016-08-01,0.8848297626546784,4.552709787063616,-0.2829816626521715,0.06386214691076275
2016-08-02,0.8847927537008144,4.570296793551469,-0.2838016091377647,0.06026375510905513
2016-08-03,0.8852673329543481,4.577403260499315,-0.2844665070475267,0.05886115357729205
2016-08-04,0.8861427093370045,4.5724264854164405,-0.28503391434213043,0.059990473153670454
2016-08-05,0.8869218441617248,4.572364167417815,-0.28536848484328403,0.06005863858849647
2016-08-08,0.887770947150148,4.562086933679911,-0.2857457028341132,0.06228270152809723
2016-08-09,0.8887387150468711,4.551683737501558,-0.28611992573813827,0.06452884231118605
2016-08-10,0.8896244060735272,4.55368897501905,-0.286532170053141,0.06415655933900799
2016-08-11,0.8901879786179738,4.548074338408738,-0.2870849115944921,0.06540928424617398
2016-08-12,0.890878655367227,4.536115394931436,-0.287523709899688,0.06798425691189414
2016-08-15,0.8912613313001069,4.550718579551777,-0.2879089880605842,0.06494594054952918
2016-08-16,0.8912089082255714,4.582185697032533,-0.28847434094808955,0.05835781723509181
2016-08-17,0.8916552516546751,4.590648809960748,-0.2889646285912095,0.056627778736060286
2016-08-18,0.8923680291201119,4.59369703212343,-0.28953869231358054,0.056041469302727354
2016-08-19,0.8929046366656266,4.584478946886779,-0.2902563695644343,0.058063970949379096
2016-08-22,0.8934180586024814,4.578219275350036,-0.29072788166066504,0.05943737537347604
2016-08-23,0.8938884027140453,4.582578234964389,-0.2909665792173891,0.058544852368133116
2016-08-24,0.8942666670488753,4.583265416642714,-0.29103366330848235,0.05840859371545437
2016-08-25,0.8947453878278331,4.5642856058056545,-0.29146203245953917,0.06246062927325191
2016-08-26,0.8946398023104408,4.574311377477901,-0.2916975152588936,0.0603774986242922
2016-08-29,0.8947969849270482,4.576712238983747,-0.29182443028422234,0.05989306613105683
2016-08-30,0.8950245273218289,4.598900628302208,-0.29155092287196765,0.055181490274712974
2016-08-31,0.8951585807869884,4.619274484022647,-0.29128416669483737,0.05085071734466329
2016-09-01,0.8952904223623768,4.592461739834822,-0.29177539932468965,0.056567980536227136
2016-09-02,0.8959505368608409,4.5168146613807085,-0.29303872841449125,0.07269533453739507
2016-09-05,0.8961672611881416,4.483558975754887,-0.2936609757830459,0.07980035998495172
2016-09-06,0.8966529209949824,4.476830898361882,-0.2940704897002626,0.08126864181239934
2016-09-07,0.8974709954052894,4.4404294160163165,-0.2946748832897962,0.08901678562219684
2016-09-08,0.8977009873966001,4.434705672540366,-0.29507087836597246,0.09026962914098347
2016-09-09,0.8974546367989683,4.411843098139642,-0.2957845204866798,0.0951881177522107
2016-09-12,0.898031977925549,4.3623310991090865,-0.2969366913508753,0.10577004168619109
2016-09-13,0.8986546038216107,4.272219716159159,-0.29871813411943243,0.12500427984072982
2016-09-14,0.8988397167277632,4.2004573343560985,-0.30019875876582663,0.14033045908496966
2016-09-15,0.8984138898052815,4.158247441261139,-0.3010384773524562,0.14935525857613152
2016-09-16,0.8981032083997836,4.123083129227805,-0.3015264341279327,0.1568592849487116
2016-09-19,0.897729715808075,4.11173050313373,-0.3016651072506995,0.15930988464366158
2016-09-20,0.8975942104019465,4.099873487144372,-0.30185038735850545,0.16187354975913015
2016-09-21,0.8974443137731949,4.072406111054079,-0.30229202378989534,0.16775324836437577
2016-09-22,0.8977805668596914,4.069495553338607,-0.3024385901476631,0.1683898657924554
2016-09-23,0.8981476299576703,4.076744228741304,-0.3023640787361267,0.16684980600149468
2016-09-26,0.8984592362896541,4.090400017732474,-0.3022232740099663,0.16394805803201606
2016-09-27,0.8990615337052501,4.024027421404217,-0.3026290567437345,0.17801290833886063
2016-09-28,0.8995204950713896,3.9572897671273175,-0.3028208495906341,0.1921242242990866
2016-09-29,0.8998262998466634,3.9117055151650746,-0.30283777037820986,0.20174811090864742
2016-09-30,0.9000502402842261,3.8498945835607863,-0.30271275989991386,0.21478641089117367
2016-10-03,0.9004902987852573,3.7440651220371723,-0.3029183522719851,0.23716527584089797
2016-10-04,0.899903581377991,3.664379767143984,-0.3029537435837931,0.25398043443578455
2016-10-05,0.8999238859235257,3.5701993722668286,-0.3034096847491646,0.2738989388753632
2016-10-06,0.9001792220445479,3.4477832021912214,-0.30413595945725375,0.2998038440962616
2016-10-07,0.8995196427771168,3.4087156202204705,-0.30418800902458987,0.30800910528030534
2016-10-10,0.8987920829355208,3.3943473508320743,-0.30404409728752685,0.3109763873069413
2016-10-11,0.8982715718012375,3.3869683510493127,-0.30403781874789537,0.31247566931703363
2016-10-12,0.8982398574266937,3.354527058714389,-0.3043693895648331,0.3193111002490987
2016-10-13,0.8977490313774232,3.3567736214064823,-0.3042859496864397,0.3187672961211956
2016-10-14,0.8975892397308121,3.315334339731052,-0.3047495695237464,0.3275041480093659
2016-10-17,0.8969088470908134,3.3073698836065564,-0.3049589909684234,0.32912348404546066
2016-10-18,0.8960164706703879,3.2799157807074693,-0.30502343842583934,0.3348789317742522
2016-10-19,0.895250296729437,3.2409633618350018,-0.30521804547437087,0.34308130577238405
2016-10-20,0.8936373478387518,3.2766444484115738,-0.30467853479531404,0.335434384967197
2016-10-21,0.8916511291487142,3.361424350720176,-0.30379530061291765,0.3173642205580385
2016-10-24,0.8902923581388642,3.3939916083906176,-0.30361726154201485,0.31040527007898966
2016-10-25,0.8883989488021964,3.4620815675512837,-0.30301109525182995,0.2958956269636648
2016-10-26,0.8864757430898654,3.53125668444693,-0.302561234988945,0.28116047537801414
2016-10-27,0.8852806126188473,3.5660020667275987,-0.3026783669915628,0.27376798798342916
2016-10-28,0.884104797785576,3.5888822588899316,-0.30283637340392416,0.26889811835016086
2016-10-31,0.8829301524172151,3.6035772900883387,-0.30311965543045394,0.26576418666029467
2016-11-01,0.881685732188172,3.625150116414673,-0.3031520399618157,0.26117086621195185
2016-11-02,0.8806617153706804,3.626946967301338,-0.30343752883141356,0.26078719823234753
2016-11-03,0.8793811771232662,3.637125766036366,-0.3030855955961923,0.2586221877147947
2016-11-04,0.8781148837538547,3.666130336084109,-0.3024627561236685,0.25244919398385557
2016-11-07,0.8766102080872493,3.7267888377217346,-0.3015941731043085,0.2395427464690414
2016-11-08,0.8753209652167426,3.792032317759018,-0.30050514093927894,0.22566674236992323
2016-11-09,0.8744332060209665,3.8160690479203794,-0.29946670864059627,0.2205558600648896
2016-11-10,0.8737007933291465,3.879330840619284,-0.29821853313505736,0.20711636924803312
2016-11-11,0.8728482056043607,4.031331705632976,-0.29626008587130365,0.17483049311349141
2016-11-14,0.8722670689178129,4.068199183276864,-0.29490785656878576,0.16698625761373398
2016-11-15,0.872021538310615,4.063807176397955,-0.29335543359185434,0.16788783850212052
2016-11-16,0.8717142655845513,4.086105423820282,-0.2918625707351543,0.1631295096374772
2016-11-17,0.8721922294622907,4.115163445045212,-0.2902133992007697,0.15694098524157152
2016-11-18,0.8728371854319366,4.155999844775987,-0.288185488894451,0.1482376252134534
2016-11-21,0.8709184128155959,4.181587877785017,-0.2870880596295857,0.14278355419687472
2016-11-22,0.8692977363021941,4.196535021494645,-0.2864693415865279,0.13959975580251216
2016-11-23,0.8680717608763737,4.277734301454064,-0.28497920564560636,0.12234469896550415
2016-11-24,0.8666679769721137,4.345492677906321,-0.2836424307335416,0.10794218176246861
2016-11-25,0.8652092355131012,4.409122768137429,-0.28227306918247974,0.09441464824151335
2016-11-28,0.8630844353151393,4.419060617149421,-0.2813989872330631,0.092282344658837
2016-11-29,0.8617141107393005,4.480129363407087,-0.2799765479070091,0.0792958253856999
2016-11-30,0.8588774633428466,4.5763836260767,-0.2788592920926978,0.058853019203827905
2016-12-01,0.8561402346012799,4.6232314426391365,-0.2780955813825231,0.04889653114195269
2016-12-02,0.853786992426439,4.600799457711185,-0.2788736528089624,0.053678420652218506
2016-12-05,0.850924634301928,4.676970652656003,-0.2770896359622495,0.03746859458263918
2016-12-06,0.8483516091621176,4.762883925385612,-0.2754641664942073,0.019201166976619888
2016-12-07,0.8454257689947331,4.827214889212222,-0.2746412599625363,0.005532570717732277
2016-12-08,0.8423685857269418,4.877679040561009,-0.2739908217677383,-0.005188443974591284
2016-12-09,0.8396856953338048,4.928347653976244,-0.2728711022409829,-0.01596599273209076
2016-12-12,0.8372909767200838,4.972535540816224,-0.27168480424058083,-0.025370910627610543
2016-12-13,0.8349404086946988,5.014725334350036,-0.2704254570840422,-0.03435443551660233
2016-12-14,0.8328332157416344,5.064533920618294,-0.26866167914303835,-0.04496949301989939
2016-12-15,0.8303928809323015,5.062894886932735,-0.26738964358625394,-0.04467037187564893
2016-12-16,0.8269702644905379,5.0705965139136815,-0.2644885564826103,-0.04641222945224133
2016-12-19,0.8248470474991494,5.1189276930484535,-0.26128966714850455,-0.05676631616926597
2016-12-20,0.8234176967982896,5.194064559584483,-0.25808013907670985,-0.07279899781569865
2016-12-21,0.822633657441336,5.250580687641808,-0.2556914817243944,-0.0848554372450625
2016-12-22,0.8217180139143883,5.333898806055349,-0.2534126422377755,-0.1025872867700015
2016-12-23,0.8211301127154013,5.402518777093402,-0.25164273980663465,-0.11718601658053895
2016-12-26,0.8203498013583517,5.454483213723412,-0.2507179555872851,-0.12822806934763187
2016-12-27,0.819577924059266,5.494244386202924,-0.24949936543796,-0.13669374710887494
2016-12-28,0.8177149162751005,5.540549036092061,-0.2484244437914604,-0.14654361970190832
2016-12-29,0.8157798068617501,5.568804355899362,-0.24677201166483803,-0.15258820418525332
2016-12-30,0.8142888648011125,5.641320880197036,-0.2447476783472987,-0.1680252465598724
2017-01-02,0.8128434828835726,5.722681403198424,-0.24195193689141195,-0.18536416400334543
2017-01-03,0.8107629761819042,5.79519857961192,-0.2396025277551952,-0.20081455763201772
2017-01-04,0.8086751981593359,5.857473903371552,-0.23727706153925415,-0.21409346066062707
2017-01-05,0.8058467766794388,5.911796430078473,-0.23492644586418227,-0.22569008916909805
2017-01-06,0.803001142307957,5.9427477019661605,-0.2336925955629058,-0.2322946709946585
2017-01-09,0.7994157368366843,5.970151131822078,-0.2329919025668413,-0.2381287887858723
2017-01-10,0.7956002893213985,5.996691531371093,-0.23167338038666507,-0.24380105608274238
2017-01-11,0.7920843151137436,6.034289065907306,-0.23040572774531426,-0.25181511087535635
2017-01-12,0.7890565049693424,6.063391948570997,-0.229438396383576,-0.2580190055054885
2017-01-13,0.7864830419296408,6.0777914884290976,-0.22840054598403092,-0.2611049330882991
2017-01-16,0.7848177524347321,6.108174354455066,-0.22624294940181588,-0.26761159646888855
2017-01-17,0.7839615016325958,6.120491211652151,-0.22435949539054595,-0.2702762802654186
2017-01-18,0.7818891144151566,6.129377804753942,-0.22291204453691776,-0.2722029401945456
2017-01-19,0.781210875546708,6.122846693937804,-0.22144593004389992,-0.2708574021879968
2017-01-20,0.7803471332272021,6.125917695761057,-0.2199108175692011,-0.2715469787364033
2017-01-23,0.7791768652313471,6.150828560602127,-0.2185082801883012,-0.27686299326831443
2017-01-24,0.7780943681301046,6.147474090960786,-0.21840942164295687,-0.2761535699932498
2017-01-25,0.7780544369021354,6.133395226339322,-0.21892462442738725,-0.27315448319390956
2017-01-26,0.7782134031896855,6.130327462043414,-0.21954496625734315,-0.27248838084819527
2017-01-27,0.7785618729776755,6.1306569512193825,-0.2201613534828447,-0.272544506750674
2017-01-30,0.7821795346573055,6.102757061395708,-0.22196383280658327,-0.26659037949175723
2017-01-31,0.785819626676502,6.056258197427351,-0.22431549870975306,-0.25667220412575575
2017-02-01,0.7895368489182776,6.006202311683602,-0.226652284203036,-0.2459999782666351
2017-02-02,0.7899098837944457,5.97480608645099,-0.22790732049536394,-0.23930692644083784
2017-02-03,0.7906462009586593,5.928732611822314,-0.22955931541332414,-0.22949160537224467
2017-02-06,0.793873182098561,5.84449846363596,-0.23270383015855672,-0.2115454370153872
2017-02-07,0.7960106477526926,5.771059819025972,-0.23532996084193208,-0.19590328500673504
2017-02-08,0.7950804604080507,5.73867170884313,-0.2360417579271011,-0.1890134534925616
2017-02-09,0.7949519069856171,5.7111343755954636,-0.23664000670919105,-0.18316038164950288
2017-02-10,0.7946048632696096,5.690450779031769,-0.2369559497032561,-0.1787674686531342
2017-02-13,0.7939280680916713,5.680823596923091,-0.23660361437654007,-0.17673340175460783
2017-02-14,0.7924202774489626,5.6734676947133265,-0.23588468968843687,-0.17519211528442202
2017-02-15,0.7909450687046213,5.667001820173919,-0.23519917081217828,-0.17384070783736072
2017-02-16,0.7892860340520389,5.657137141756241,-0.23470092503476314,-0.17176049482320344
2017-02-17,0.7885622014044523,5.639367056864614,-0.234662164025235,-0.1679944895607719
2017-02-20,0.7883366344015346,5.615944894632971,-0.2347874878263737,-0.163033326529745
2017-02-21,0.7894906988337165,5.55301334690449,-0.23630569242912003,-0.1496629677906669
2017-02-22,0.7937625309501748,5.441911060491326,-0.23984641699273307,-0.1260275067663711
2017-02-23,0.7952124104425643,5.385690583043653,-0.24145672594953516,-0.11407541027020529
2017-02-24,0.7964405185787164,5.316015154255612,-0.24354577759450932,-0.09925510710227314
2017-02-27,0.802383205841602,5.163678242573448,-0.24857113902417494,-0.06683725562746368
2017-02-28,0.8050465948099774,5.030497543394533,-0.2526356274398616,-0.03850374087004593
2017-03-01,0.8041913708330617,4.92801164344682,-0.25499826006196635,-0.016719475388397687
2017-03-02,0.8042982782188629,4.816241503147147,-0.25762500181054443,0.0070341505498366375
2017-03-03,0.804789009255777,4.753665294551205,-0.25876935437151516,0.020313566482711654
2017-03-06,0.8044100662649554,4.676813479591866,-0.2598900790617023,0.03661560071241571
2017-03-07,0.8035852490230669,4.667025178851861,-0.25920568537066385,0.03866623631388111
2017-03-08,0.8015538857338661,4.685168697004645,-0.25709541911342637,0.03475467060135495
2017-03-09,0.7993462656489847,4.690789385775713,-0.2549983818881501,0.033484278748098784
2017-03-10,0.7977229660645089,4.751190868683202,-0.251856955480937,0.020602042466621173
2017-03-13,0.7945325341858289,4.831288752528251,-0.24766290184539191,0.0035052276538821703
2017-03-14,0.7925033307911438,4.899713104628247,-0.2440965184832486,-0.011097709755765406
2017-03-15,0.7911130244893921,4.933712894887524,-0.24222929933355286,-0.0183459894414435
2017-03-16,0.7899113923712957,5.005421760884339,-0.2394750007454336,-0.033590899100132576
2017-03-17,0.7910078168404003,5.12547780883105,-0.23602765322738833,-0.05907171251580201
2017-03-20,0.7923922505179244,5.249272927508764,-0.23275390171330473,-0.08533296267919321
2017-03-21,0.7938898749632458,5.3764949792683865,-0.22942254129391482,-0.11231472512534046
2017-03-22,0.7981733576276071,5.500728683786322,-0.22671645929338688,-0.13862183002059458
2017-03-23,0.799759298602885,5.599437949746135,-0.224204011250752,-0.15953417145524473
2017-03-24,0.8022661263229567,5.71181714855419,-0.22157126682488895,-0.18334643512444582
2017-03-27,0.8042119854328289,5.79336503914818,-0.2199147083026129,-0.20059454192762716
2017-03-28,0.8054583117802062,5.911670607457806,-0.2170476954418845,-0.225669362292633
2017-03-29,0.8052219758027177,5.992819279924566,-0.21496771053156397,-0.24287435436550142
2017-03-30,0.8040437721456839,6.084858958338135,-0.21220195939857114,-0.26242309930521135
2017-03-31,0.8042419505882137,6.185098184048427,-0.20957354274148957,-0.283688293389772
2017-04-03,0.8055406344611582,6.305856000978258,-0.2065975593270756,-0.30930077183259785
2017-04-04,0.8068507236983404,6.420934575016323,-0.20386560101923823,-0.3336944902696226
2017-04-05,0.8088549505267401,6.543691357621963,-0.20111937092647886,-0.35971440427340073
2017-04-06,0.8099358158907116,6.663735722460213,-0.1984169349023516,-0.3851651353685337
2017-04-07,0.8096588315495488,6.8121206468656705,-0.19454722404858976,-0.4166561008057409
2017-04-10,0.8088483944787069,6.931097860028496,-0.1912987649788658,-0.44190840294949973
2017-04-11,0.8081196943924289,7.080217217172908,-0.18738029956451874,-0.4735461532935171
2017-04-12,0.8070645798755213,7.217659897413476,-0.18382832246653621,-0.5026999617261061
2017-04-13,0.8068974442586286,7.353968900339854,-0.1806154355935762,-0.5316035973772822
2017-04-14,0.808288147872786,7.504729710177795,-0.17750025205452719,-0.5635412383749014
2017-04-17,0.8086373885221326,7.683873775696804,-0.17379463671927758,-0.6014992777538379
2017-04-18,0.80762625014862,7.801025911694848,-0.17145550149826294,-0.6263109289177011
2017-04-19,0.8061043756073901,7.902466032048041,-0.16905089096338033,-0.6478174310363309
2017-04-20,0.8042426226862632,8.03144731745276,-0.16598238536065468,-0.6751659502158528
2017-04-21,0.802181313074559,8.163972239132066,-0.1628270555328521,-0.7032584880669243
2017-04-24,0.8017116069652193,8.309460396141045,-0.15968999940822787,-0.7340880732146691
2017-04-25,0.8002928056268999,8.413957897716106,-0.15703921744616722,-0.756257386572941
2017-04-26,0.800041455245965,8.538335127317822,-0.1541906054221667,-0.7826150998219275
2017-04-27,0.8010113555829019,8.643366849026105,-0.15217090908207384,-0.804845912094115
2017-04-28,0.8016877891065023,8.757573286212386,-0.15004293873821029,-0.8290228083726356
2017-05-01,0.8032553930057094,8.883811715474124,-0.1476671748578206,-0.8557535576272706
2017-05-02,0.8041841998463406,8.964806709055566,-0.14624391142731266,-0.8728856825447919
2017-05-03,0.805350645012172,9.053192432668604,-0.14461228582190871,-0.8915973813779059
2017-05-04,0.8064651904532887,9.133329241976968,-0.14314163864219837,-0.9085636207517402
2017-05-05,0.807561681926735,9.237750447235243,-0.14083404912992642,-0.9307041932211366
2017-05-08,0.8079776932891156,9.318205649790801,-0.13879671217125567,-0.9477753536757687
2017-05-09,0.8086372118098359,9.406744532317557,-0.13655999185407175,-0.9665620894687963
2017-05-10,0.8094860456997673,9.494581194728191,-0.1344270923003104,-0.9851960593506925
2017-05-11,0.8118448873075507,9.61985985329471,-0.13165141127324692,-1.0117572766059206
2017-05-12,0.8151175189100427,9.753055715631533,-0.1289084823336914,-1.039983596243546
2017-05-15,0.8203254333680414,9.922097158969802,-0.1256665440151164,-1.0757903702143685
2017-05-16,0.8263323901142866,10.10201138916299,-0.12216554390191597,-1.1139038382945503
2017-05-17,0.8323347180699159,10.298081319220168,-0.1183100583142444,-1.1554414235891968
2017-05-18,0.8366591069161299,10.447345415439141,-0.11527298996575941,-1.187067451948947
2017-05-19,0.8410639802014109,10.594831589283105,-0.1122845226144602,-1.2183184378136174
2017-05-22,0.8468666003123104,10.744308246573762,-0.10946545494409915,-1.249969182104408
2017-05-23,0.8517702728116942,10.88526759812986,-0.10732567914827373,-1.2797886940471122
2017-05-24,0.8572168230177926,11.054132292156414,-0.10468040118573024,-1.3155217960056702
2017-05-25,0.8649623012020937,11.234755414608523,-0.10236870131209685,-1.3537099027151895
2017-05-26,0.8721195753514378,11.46299203985528,-0.09924826835196465,-1.4019868164066591
2017-05-29,0.8773156077524271,11.628923075327695,-0.09716795591880178,-1.437065021398162
2017-05-30,0.8809101528845917,11.721828308417393,-0.09639112315387732,-1.4566717071719442
2017-05-31,0.882485605695936,11.780203199693494,-0.09585487368603607,-1.4689922668255884
2017-06-01,0.8832374993659916,11.815160912795,-0.09554730417545787,-1.476366176604218
2017-06-02,0.8838986420027777,11.849036087772571,-0.09534456359946031,-1.4835038906817366
2017-06-05,0.8848819208534836,11.881583628339161,-0.09515525839407474,-1.490357776473544
2017-06-06,0.8851699586148306,11.945852802457807,-0.09412652198904964,-1.5039579709985351
2017-06-07,0.8864304763530417,12.07107632867124,-0.09200255575617217,-1.530475773876987
2017-06-08,0.8896754580460077,12.244701095776474,-0.08900106084874515,-1.567250881654322
2017-06-09,0.8938994935937028,12.421964380639729,-0.08623897969644828,-1.6047776492506132
2017-06-12,0.9014229649004974,12.699549384893968,-0.08192244913121827,-1.6635485256792957
2017-06-13,0.900783816691673,12.652205813368886,-0.08294307618323382,-1.6535077160440697
2017-06-14,0.8996561210965937,12.543893269202712,-0.08483464777323207,-1.6305787256473168
2017-06-15,0.8989829486938903,12.49078032804934,-0.08605202650903615,-1.6193086666389203
2017-06-16,0.8981975384313767,12.431214577671732,-0.08762160986719414,-1.60665005839228
2017-06-19,0.8970551418331009,12.354461675961833,-0.08937980741045798,-1.5903629022560306
2017-06-20,0.8958011240595114,12.304955188190236,-0.09045176576031039,-1.579865972711684
2017-06-21,0.8946956144833343,12.269916262555011,-0.0911851615676138,-1.5724391132633855
2017-06-22,0.8936785881486907,12.247080387895005,-0.0911240247872025,-1.5676525496504143
2017-06-23,0.8928257677216345,12.23245180514901,-0.09060633419672015,-1.5646333828586116
2017-06-26,0.8911049541007036,12.181762911300966,-0.09089144206278549,-1.5539640886908397
2017-06-27,0.8898226140820241,12.141209977559267,-0.09092345066709262,-1.5454441490433295
2017-06-28,0.88822929626896,12.060778318687111,-0.0919293861634648,-1.5284512674692796
2017-06-29,0.8863419455862177,11.957453169165102,-0.0941414751276134,-1.5065317621431267
2017-06-30,0.884380743498852,11.859523759703897,-0.0961027298969705,-1.4857692464591765
2017-07-03,0.8818395841353008,11.741154250967092,-0.09890640179416571,-1.4606370909652164
2017-07-04,0.8796382137687698,11.630716861410356,-0.10134429584852933,-1.4372063270293518
2017-07-05,0.8778868408748933,11.551713756464808,-0.10300724151093527,-1.4204542903436885
2017-07-06,0.8765382454416364,11.4686339701945,-0.10456349071093923,-1.4028561048816743
2017-07-07,0.8746474366145154,11.363567432140732,-0.10709910908146714,-1.3805435642280268
2017-07-10,0.8725389381178602,11.266805223172222,-0.10917499189156887,-1.3600183811861477
2017-07-11,0.8702986694904807,11.174259292750744,-0.11117435498173167,-1.3403867837230452
2017-07-12,0.8671326696932682,11.056546719337014,-0.11362170717067699,-1.3154178023173988
2017-07-13,0.8638742014555458,10.940646799069603,-0.11599542202937146,-1.290836439914766
2017-07-14,0.8607334205538524,10.829150510849562,-0.11765797175576492,-1.2672452569282693
2017-07-17,0.8572582458668309,10.727097182906231,-0.11941927523918255,-1.245625104113393
2017-07-18,0.8529684028767156,10.616641999338853,-0.12127383855984653,-1.2222232408876335
2017-07-19,0.8492046188363542,10.507987180972949,-0.12260824046029761,-1.1992492873869574
2017-07-20,0.846129840342994,10.382940883553706,-0.12379928543571045,-1.1728398455409526
2017-07-21,0.8435541955127639,10.29128202903405,-0.12441333706249369,-1.1535061968352065
2017-07-24,0.8404655655215835,10.212450856831534,-0.12482194984683567,-1.1368884596708693
2017-07-25,0.8380749154241058,10.146664888509966,-0.1254997929464273,-1.1229923338887007
2017-07-26,0.8359592838351628,10.101558881080818,-0.12585989988354085,-1.1134737758156423
2017-07-27,0.8332885244772755,10.05086472684163,-0.12636796043378287,-1.1027643462336303
2017-07-28,0.8305667221568283,10.004123960794162,-0.12668907886543349,-1.092901766750919
2017-07-31,0.8281692853404985,9.961407837470585,-0.12710846215035182,-1.0838766861721632
2017-08-01,0.8256120990654209,9.922258703338226,-0.1276871632827771,-1.0755873391125124
2017-08-02,0.8227283138204211,9.87479315570695,-0.12819559849342757,-1.065554343255486
2017-08-03,0.8196474991697796,9.823298142749177,-0.12855204670440953,-1.054686589214842
2017-08-04,0.8162157849255927,9.775065633422141,-0.12882346514959508,-1.0445153634872932
2017-08-07,0.8119522942157198,9.729570715120959,-0.12920150397048533,-1.0349098644471644
2017-08-08,0.8086241740827277,9.691483268054004,-0.12943127818027292,-1.0268767104282324
2017-08-09,0.8058790994209054,9.670759335397467,-0.12943100924640358,-1.022516962215832
2017-08-10,0.803355781207593,9.657872864334752,-0.12939440718725065,-1.0198089947867985
2017-08-11,0.8018352326629408,9.657041994490939,-0.12954402244864255,-1.0196204371506292
2017-08-14,0.800102935651571,9.656730683384762,-0.1297345868691288,-1.0195375738823342
2017-08-15,0.7982004470605664,9.652733897243548,-0.12967541551529485,-1.0187023221956708
2017-08-16,0.796397531744507,9.651052122654848,-0.129425799937607,-1.0183720959926656
2017-08-17,0.7953488183201531,9.650735421621713,-0.12944793545293076,-1.0183033503118275
2017-08-18,0.7943488682380322,9.648199763031853,-0.12954159724005532,-1.017760949829364
2017-08-21,0.7932392865520825,9.645884719695765,-0.12948183031899899,-1.017279732110844
2017-08-22,0.7915591859874116,9.636250070428119,-0.1290593454073847,-1.015293686925737
2017-08-23,0.7900095966701849,9.62617439314546,-0.12861409753160186,-1.0132169754774814
2017-08-24,0.7866036691531098,9.612040158292919,-0.12813610904299913,-1.010286484285878
2017-08-25,0.7832440030030106,9.598863434762002,-0.12801127362127643,-1.007524762481856
2017-08-28,0.78136786502759,9.60679130023878,-0.1274696092869366,-1.0092438592635515
2017-08-29,0.7809777651904335,9.599406648573758,-0.12674232136948727,-1.0077616059526733
2017-08-30,0.7806660925047488,9.59709433364353,-0.12595860869221293,-1.0073526578178085
2017-08-31,0.7821862820321397,9.60598582534282,-0.12526265036585943,-1.0092985003396697
2017-09-01,0.7834645399983008,9.617267053997796,-0.1244129159527032,-1.0117610081381652
2017-09-04,0.7846055300679231,9.630332461150285,-0.12375559445757423,-1.0145796333942714
2017-09-05,0.78690134284517,9.649180060793359,-0.12311024071081567,-1.0186171154399057
2017-09-06,0.7890289191072736,9.656195428351898,-0.12238963898254937,-1.0201706312432184
2017-09-07,0.7926028855324901,9.661128481714165,-0.12155286656579661,-1.0212997807764053
2017-09-08,0.7960353478493742,9.65901443478387,-0.12011577952521196,-1.0210018488248467
2017-09-11,0.7962084194082714,9.650308076524412,-0.11895669755101324,-1.019281699902054
2017-09-12,0.7967003048092856,9.657260965299924,-0.11753964850126858,-1.0208839672058345
2017-09-13,0.7966909548388619,9.66085043767714,-0.11608706006627406,-1.0217812395824877
2017-09-14,0.7966252293911946,9.671067789312541,-0.11525222360871279,-1.024013096991918
2017-09-15,0.7963008570530224,9.669869107739132,-0.11477781902810147,-1.0238065126253626
2017-09-18,0.7952580406165491,9.660977553718205,-0.11454893203546224,-1.0219568404043198
2017-09-19,0.7946866156581875,9.657420150074419,-0.11482135284223449,-1.0211819415660581
2017-09-20,0.793751344059325,9.649051047987058,-0.11524254361718639,-1.0193801575490646
2017-09-21,0.7968437307644867,9.640792885296024,-0.11781096630595056,-1.0173923172449082
2017-09-22,0.7998027533626116,9.632990465901086,-0.12001461236345295,-1.0155334592070167
2017-09-25,0.8048930970461581,9.6382883356412,-0.1226939635835223,-1.016382271006918
2017-09-26,0.8091479995518126,9.634758727070233,-0.1254805070813458,-1.015362433784458
2017-09-27,0.812426048034981,9.629414290469622,-0.12816938076555845,-1.0139710050572377
2017-09-28,0.8159917620810521,9.627007370805234,-0.13070533369117004,-1.0132090632160287
2017-09-29,0.8183049649549232,9.62377100312342,-0.13266373648943652,-1.0123281267706012
2017-10-02,0.8209508886232806,9.618611392760155,-0.1352266659347728,-1.0109845655023515
2017-10-03,0.824471094728067,9.609898168044626,-0.13822584675862803,-1.008848980443569
2017-10-04,0.8292175206086462,9.600991389704824,-0.142260863142023,-1.0065726097775087
2017-10-05,0.8335005462953579,9.595485528012325,-0.1463356421210621,-1.0050107363974559
2017-10-06,0.837267791926306,9.597533561795839,-0.15024927404149374,-1.0050518271436673
2017-10-09,0.8411917813467518,9.603077441564844,-0.15431263452627708,-1.0058077729339872
2017-10-10,0.8451469926977212,9.599460722580956,-0.15876541831053875,-1.0045993156760995
2017-10-11,0.8487254540863703,9.598881713090485,-0.16265572662110972,-1.0040830654922654
2017-10-12,0.8527251671119208,9.595137564558355,-0.1676608690969457,-1.002794438653062
2017-10-13,0.8579050892615689,9.592991496199094,-0.1735355294027192,-1.0017526036595168
2017-10-16,0.8602866014869001,9.59276085303377,-0.1771467040385961,-1.0013335404219597
2017-10-17,0.8619638807753779,9.59277345857091,-0.18048358165005984,-1.0009925035719405
2017-10-18,0.8640289572731064,9.590619287143122,-0.18459316335680767,-1.000119879696311
2017-10-19,0.8652199567469498,9.591916766558832,-0.1881621109339603,-1.0000281533839255
2017-10-20,0.8649486625057867,9.597299110636474,-0.19061991593426195,-1.0009035359656422
2017-10-23,0.863438432209308,9.607959139160862,-0.191307324239552,-1.0030651062331373
2017-10-24,0.8619086426916335,9.618402213841728,-0.19304502740542265,-1.0050720289989266
2017-10-25,0.8633833499732353,9.625205267981851,-0.19807179528423857,-1.0059794335162695
2017-10-26,0.8658247416229743,9.630683821826398,-0.20335383121503497,-1.006582229464987
2017-10-27,0.8640038292910044,9.640183730918736,-0.20264989408413714,-1.0086303619310084
2017-10-30,0.863504280587309,9.644020157124714,-0.2028579785235216,-1.0094019224691808
2017-10-31,0.8656878780475142,9.62948364376315,-0.20630096668064435,-1.0059658948906987
2017-11-01,0.8652863311442547,9.63609402144823,-0.2059154487695798,-1.0073884912257536
2017-11-02,0.8653721615545551,9.646224261780445,-0.20540947915270646,-1.009575165990265
2017-11-03,0.8652679839837224,9.650002826185144,-0.2052243634554337,-1.010384591543573
2017-11-06,0.8651387710214319,9.656391152940541,-0.2050673125225,-1.011742153709326
2017-11-07,0.865046297576982,9.661158447996206,-0.20501653813742282,-1.0127529599368685
2017-11-08,0.8649507101596285,9.666516234048327,-0.20493163462297037,-1.0138880328091795
2017-11-09,0.8646280853901056,9.672254410323138,-0.20485221171604517,-1.0150966928755139
2017-11-10,0.8634957637443453,9.67227416871815,-0.2042663130784269,-1.015135478623649
2017-11-13,0.8620103953354084,9.672899775308213,-0.20354099460019126,-1.015312947162101
2017-11-14,0.8605956675113055,9.673508786876392,-0.2028548871613387,-1.0154855187926093
2017-11-15,0.8598871728950828,9.677303592364417,-0.20264904644878523,-1.0162978342512634
2017-11-16,0.8588429382095483,9.676129342911706,-0.20198744916915634,-1.0160880497688844
2017-11-17,0.8591121348570592,9.659919348510366,-0.2023762482329996,-1.0125852534978905
2017-11-20,0.8583577809779612,9.649653127402441,-0.201639760688056,-1.0104573856584498
2017-11-21,0.8574912889612396,9.644938032790725,-0.20081482375817028,-1.0095156070529374
2017-11-22,0.8590477897596401,9.624875218438628,-0.2011531536948542,-1.0052061798690295
2017-11-23,0.8615879913559227,9.601162011578378,-0.20182545422989628,-1.000088434736281
2017-11-24,0.865177387718866,9.574519275912294,-0.20306343347096156,-0.994296459940082
2017-11-27,0.8671296031821383,9.553816648085473,-0.20337327758348533,-0.9898531492026441
2017-11-28,0.8675052770865169,9.539088221687628,-0.20221157614133467,-0.9868158246027265
2017-11-29,0.8678769902140306,9.527153032079665,-0.20074935533882343,-0.9843986054805199
2017-11-30,0.8680621178169317,9.515274219439537,-0.1986359732737496,-0.9820567277719668
2017-12-01,0.8681484135068998,9.497387877960541,-0.1957067776497643,-0.9785298373851002
2017-12-04,0.8636590191247737,9.487665846836215,-0.1941866882276384,-0.9766131668359586
2017-12-05,0.8589061815055551,9.484558076183747,-0.19452697903584282,-0.9759282025922085
2017-12-06,0.854132269979224,9.472468264696502,-0.19374102141089078,-0.9734512454320471
2017-12-07,0.8481094908872724,9.44718738202981,-0.19218575600062504,-0.9682573735505882
2017-12-08,0.8426840675376599,9.414982014783922,-0.18991906342367182,-0.9616605278968421
2017-12-11,0.8378319323462334,9.366019687569931,-0.18747754308886355,-0.9515311134235199
2017-12-12,0.8340541514511601,9.317474585948055,-0.18501454998328837,-0.94148570602939
2017-12-13,0.8301640141993516,9.265756467858548,-0.18202862491980576,-0.9308172351583265
2017-12-14,0.8246421236773355,9.218656918772416,-0.17966876139037646,-0.9210728065163697
2017-12-15,0.8189952857523689,9.170039473193677,-0.1775602800938818,-0.9109821456504101
2017-12-18,0.814469171876921,9.137564360830247,-0.17621369685876642,-0.9042310470000423
2017-12-19,0.8139748159355429,9.084904321685311,-0.1742114965265359,-0.8932473828523935
2017-12-20,0.8134529105772814,9.0316958558264,-0.1717280691056966,-0.882189816409995
2017-12-21,0.8115057939159502,8.982941030118653,-0.1705970221315365,-0.8719516899132789
2017-12-22,0.8090482577751634,8.93855800147739,-0.1691903968119295,-0.8626614906151888
2017-12-25,0.8089400606417987,8.90173604322503,-0.16903925102575734,-0.854849915857383
2017-12-26,0.8066157329366472,8.864443932733916,-0.16779243606422645,-0.8470419402904359
2017-12-27,0.8055355024619512,8.830315734745074,-0.16794409139059252,-0.8397754223001752
2017-12-28,0.8038178970848691,8.804186704705835,-0.16811907578177998,-0.8342026087350067
2017-12-29,0.803345728916316,8.774450375620859,-0.16922685376853797,-0.8277766317045607
2018-01-01,0.8056277908572501,8.740567226094752,-0.1709820096653748,-0.8204036981828992
2018-01-02,0.8041604679290119,8.73011784388807,-0.17164089333166344,-0.8180942421796409
2018-01-03,0.803065128709981,8.716003173161562,-0.17231808553788375,-0.815008695374333
2018-01-04,0.8035370087872873,8.710020600790696,-0.1739904358112362,-0.8135469322837112
2018-01-05,0.8019182088490407,8.708149910821977,-0.17440306774959113,-0.8130821730993216
2018-01-08,0.7984092374932299,8.713517333644223,-0.1743976468243953,-0.8141920860293568
2018-01-09,0.7918891194695333,8.728241564037058,-0.172955342236931,-0.8174211606463261
2018-01-10,0.7875541215535309,8.732426411592073,-0.17227815770938515,-0.8183360168779625
2018-01-11,0.7811792238725721,8.739278574082034,-0.17061237749770852,-0.8199054605912005
2018-01-12,0.7721036882137835,8.75774877660734,-0.16795233195677006,-0.8240247082235448
2018-01-15,0.7650569241453659,8.755541299078862,-0.16591411774628728,-0.8236957042322454
2018-01-16,0.7639504641574925,8.74880539249693,-0.16590194861690943,-0.8222141866837636
2018-01-17,0.7634096628957634,8.742274783770618,-0.1653310395076093,-0.8208386197342153
2018-01-18,0.7607932776429083,8.7544351339088,-0.16376711172058867,-0.8235226918188561
2018-01-19,0.7553197054584351,8.775830809639025,-0.1609314225899886,-0.8282870899679842
2018-01-22,0.7474915318338954,8.806561585132503,-0.15697156093391118,-0.8351375808983033
2018-01-23,0.7412176115771807,8.841143731019375,-0.1540468674630665,-0.8427064876877386
2018-01-24,0.7345236757271902,8.908561443335897,-0.1504765522903676,-0.8573021607349183
2018-01-25,0.7337259203563212,8.957355505586602,-0.14870759131281952,-0.86778908660686
2018-01-26,0.7323309274337582,9.010462319617412,-0.14648228861282536,-0.8792350064765664
2018-01-29,0.7280837096741728,9.057652554018949,-0.14299842898032644,-0.8895488918616345
2018-01-30,0.72444582557466,9.099804269804217,-0.13940006441838715,-0.8988100678698159
2018-01-31,0.7212994438179117,9.144316810405723,-0.1363669125050453,-0.9085162978450982
2018-02-01,0.7154799699374997,9.20766123452363,-0.13093586110874506,-0.9224529047939942
2018-02-02,0.7104720044155204,9.25390025028609,-0.12569295562188254,-0.9327529024113421
2018-02-05,0.7068393239993854,9.298965421264969,-0.1214153015341567,-0.9427115974539886
2018-02-06,0.7039295910624854,9.329195438056047,-0.11786158951903802,-0.9494585210449749
2018-02-07,0.6999465626470013,9.356031316963897,-0.1133282768356787,-0.9555842917039061
2018-02-08,0.6936136645810771,9.38167068175807,-0.10732187173851859,-0.9616013737796917
2018-02-09,0.6878060888262556,9.399706035066961,-0.1016227779092409,-0.9659759254201263
2018-02-12,0.6826702666535451,9.421627604744828,-0.09563297099311285,-0.9712063776766429
2018-02-13,0.6790527765195304,9.452781973802884,-0.08967127433446698,-0.9783989679697309
2018-02-14,0.6708856887992576,9.492595166275661,-0.08101340446911143,-0.987692411029874
2018-02-15,0.6681047514008325,9.54242916188563,-0.07464328132462683,-0.9988920585659913
2018-02-16,0.6689035426612235,9.607734188033577,-0.07003536944800026,-1.0132090259955469
2018-02-19,0.6681118498443162,9.668053732717237,-0.06637843899161244,-1.0263700890404939
2018-02-20,0.6670928409317431,9.705764336573441,-0.06365680911419647,-1.0346439634052795
2018-02-21,0.6639915859888489,9.726479116713488,-0.060765405980409914,-1.0393257336812218
2018-02-22,0.659047953676037,9.734860963895805,-0.05754327185313812,-1.0414168815880287
2018-02-23,0.6542532646500567,9.748493627107193,-0.05578151128588493,-1.0444783904775279
2018-02-26,0.6482985986847012,9.758634888056127,-0.05411223764772349,-1.0467875089304057
2018-02-27,0.642100979358616,9.752878197568066,-0.0523486857861053,-1.0457338995430938
2018-02-28,0.6355978585983382,9.745687652261559,-0.05070158857368068,-1.044364395068014
2018-03-01,0.6278562161060679,9.725393448561299,-0.04913321834890527,-1.0402042844096298
2018-03-02,0.6234763349799398,9.73432845714322,-0.04775611122119239,-1.042232877735726
2018-03-05,0.6201300240199338,9.734847147092879,-0.046490393991435286,-1.0424631224582743
2018-03-06,0.6176481000998908,9.74003330108398,-0.04482841744458815,-1.0437216296383454
2018-03-07,0.6156442004199261,9.743972078090476,-0.043540774782661384,-1.0446808720751766
2018-03-08,0.614993734636202,9.756209324107367,-0.042516709245971784,-1.0473808123774873
2018-03-09,0.6150828889093587,9.770439412641801,-0.04148236118761611,-1.0505079845482395
2018-03-12,0.6150414689437719,9.786265053077672,-0.04066518068341851,-1.0539518342114513
2018-03-13,0.6154612878035974,9.800199708950537,-0.039940252887803895,-1.0569846145107897
2018-03-14,0.6164675364571444,9.814393107183758,-0.039210805380989255,-1.0600746549951807
2018-03-15,0.6164991541222615,9.827275989716775,-0.038804911468028,-1.0628541933808338
2018-03-16,0.6168388353454699,9.843561257926194,-0.038151603555914404,-1.0663857065801812
2018-03-19,0.6157961424261886,9.850779322635201,-0.037547680806413464,-1.067979802290154
2018-03-20,0.6149388307991481,9.86179166722468,-0.036933306050861314,-1.0703854725440283
2018-03-21,0.6142854617740998,9.876356423947215,-0.03487701637544938,-1.0736924315144534
2018-03-22,0.6163793415408609,9.908723289533334,-0.03410761898796211,-1.0806551573520957
2018-03-23,0.6182955850898406,9.943262938876087,-0.032669037276159385,-1.0881436737750811
2018-03-26,0.6206116891389963,9.981708154311503,-0.03137545048442908,-1.0964457643106735
2018-03-27,0.6241881142973938,10.031990050061479,-0.031088085529191567,-1.107163268041552
2018-03-28,0.6269864214832884,10.074482006293163,-0.031216606445533923,-1.1161909893456432
2018-03-29,0.6345886823528976,10.138660054692526,-0.031221232900447704,-1.1298517407527413
2018-03-30,0.6446030157546994,10.205206883457462,-0.030908743995244625,-1.1440582906942465
2018-04-02,0.6545874306031039,10.262707832221757,-0.029334427102430283,-1.1564712565806943
2018-04-03,0.6648860217627879,10.315177346242255,-0.027897256445535645,-1.1678091064584648
2018-04-04,0.6739579441045247,10.372751373187572,-0.02714382601947629,-1.1801532683018565
2018-04-05,0.6839556283425046,10.420491353849133,-0.02571232108292576,-1.1904894216824595
2018-04-06,0.6933114741979518,10.48752865806523,-0.02485436732033136,-1.2048597025391623
2018-04-09,0.7036017029720496,10.561671396715182,-0.024288834443717655,-1.2207096836689542
2018-04-10,0.7167788699890376,10.65540636330114,-0.023899347537224003,-1.2407107912746578
2018-04-11,0.7256263610277454,10.730233099645414,-0.023586616948309547,-1.2566727231781463
2018-04-12,0.7309199822470593,10.787789526285803,-0.023761471244334864,-1.2689106730293713
2018-04-13,0.7401583426299663,10.878056733803039,-0.023838232678240256,-1.2881192960368522
2018-04-16,0.7481276527431366,10.957934802801155,-0.02355626529107757,-1.305158638507419
2018-04-17,0.7566411588115399,11.034086067415123,-0.023057326264442346,-1.3214326814645585
2018-04-18,0.761351334132039,11.095673924545547,-0.022831452273574304,-1.3345697158043208
2018-04-19,0.7657375926254306,11.160497701897773,-0.022322645955659803,-1.348426190116788
2018-04-20,0.7654136877168467,11.19502046748622,-0.021721381158228137,-1.355838003301935
2018-04-23,0.7624385175711632,11.209907736314857,-0.020909514006572483,-1.3590918543377168
2018-04-24,0.7593475524782154,11.222517409129143,-0.019739310445898717,-1.3619003715547198
2018-04-25,0.7555705856264628,11.235656007777333,-0.018490804581305698,-1.3648322957454961
2018-04-26,0.751229671076267,11.255882833254741,-0.017890874153831005,-1.369199718103439
2018-04-27,0.7464553319734952,11.266729228108762,-0.01719524347445528,-1.3715793616002485
2018-04-30,0.7427501508201526,11.289130195965733,-0.016913076400870752,-1.3763763573975223
2018-05-01,0.739147336462167,11.302410268065717,-0.01650043379985522,-1.3792486820769296
2018-05-02,0.7351000798006189,11.300550183785585,-0.015719369256935956,-1.3789379244804905
2018-05-03,0.7308022182570664,11.290455355916173,-0.014649410143683816,-1.376904881860471
2018-05-04,0.7299332811397347,11.304509475270988,-0.013329643719732664,-1.3800490052543415
2018-05-07,0.7268691448979219,11.310441997299213,-0.011778964662141234,-1.381487873480082
2018-05-08,0.7218895944978587,11.27437598053719,-0.009217756651747067,-1.3741029398112579
2018-05-09,0.7192954306448605,11.259766342019162,-0.007168115504781525,-1.371230246435605
2018-05-10,0.7154815273334578,11.252908020894818,-0.005527540318085278,-1.3699552604192156
2018-05-11,0.71360457829165,11.261556433959038,-0.004044379855170477,-1.3719678121692716
2018-05-14,0.7112353388379375,11.255814409015723,-0.0025454653034030494,-1.3709190546088568
2018-05-15,0.7129599416290546,11.276640881641287,-0.0013220976669168771,-1.3755059425106642
2018-05-16,0.714953169772477,11.300453938391001,-0.00014346766807166178,-1.3807246366194494
2018-05-17,0.7159915624235302,11.314048570302651,0.0013657785685337043,-1.3838066585306987
2018-05-18,0.7168227716580846,11.313020328656393,0.0032020608873993828,-1.383814181077136
2018-05-21,0.7182530792505137,11.321475297438441,0.004883352472978886,-1.3858237294351623
2018-05-22,0.7234068513739396,11.36019286310025,0.006367548759647124,-1.3942617267935828
2018-05-23,0.7269069832716043,11.375242088202764,0.008131844650988707,-1.3976903385144128
2018-05-24,0.7328249925277894,11.389444422127896,0.010553573353229262,-1.401022456014282
2018-05-25,0.7376096151661395,11.410061803128944,0.012436879437893233,-1.4056534816613984
2018-05-28,0.7399914845744512,11.422883475849083,0.014118330628038689,-1.4085964895591476
2018-05-29,0.7368720296769711,11.400008866258892,0.0155630200748067,-1.4038995945286863
2018-05-30,0.7352803917946484,11.39833064840185,0.016767990906861596,-1.403688727749128
2018-05-31,0.7324583332777719,11.376564041667537,0.017984807390604485,-1.399199821604722
2018-06-01,0.7297198028607694,11.347680289309125,0.018864103055390158,-1.3931512102237606
2018-06-04,0.7272901391787505,11.336103465738752,0.01966948152611242,-1.3907825189209377
2018-06-05,0.7221474562889152,11.289840881471719,0.02082841970568733,-1.3810651281126627
2018-06-06,0.7176052657128824,11.252606550332581,0.02169917226333465,-1.373233741866677
2018-06-07,0.7118440453007526,11.215122319515478,0.02265323582203016,-1.3653603159436547
2018-06-08,0.7063864191825604,11.18437470738811,0.02371006563329331,-1.3589360464439433
2018-06-11,0.7011753791439693,11.155323207536455,0.02491485813312222,-1.352892524084009
2018-06-12,0.697263250142178,11.130823072019863,0.02602392763559408,-1.3478088896413576
2018-06-13,0.6906828368839502,11.077965490289543,0.02716484029954855,-1.3366837815486894
2018-06-14,0.6813248712030779,10.989891783090155,0.02851986339592308,-1.3180822630007076
2018-06-15,0.6766268934024606,10.919237096039327,0.029266677303666,-1.3031171200337162
2018-06-18,0.672345498804269,10.836677912065761,0.029946776920401735,-1.2856039264457375
2018-06-19,0.6687631150597656,10.749821591408802,0.03054308905218614,-1.2671631220929385
2018-06-20,0.6674577996416431,10.65943627387845,0.031014488836276805,-1.2479519041883984
2018-06-21,0.6666278574901712,10.570010919122362,0.031407994177553855,-1.2289352383010943
2018-06-22,0.6642021303921366,10.495870478562983,0.03163347529258237,-1.2131567938728947
2018-06-25,0.6641257159844938,10.429140038647484,0.0318301459043063,-1.1989517488886752
2018-06-26,0.6689244734841435,10.353955025433113,0.03222201305268568,-1.1829656775504631
2018-06-27,0.6758892032937598,10.281231392598684,0.032631960215542904,-1.1675046640119073
2018-06-28,0.6826710664865323,10.228266399120967,0.03265058729150762,-1.1562046175278393
2018-06-29,0.6903469952516845,10.19572555649809,0.032280502718666795,-1.1492030352249882
2018-07-02,0.7018021966163575,10.169266723825393,0.031949859718641366,-1.1434992156492583
2018-07-03,0.712689192822247,10.154222934615413,0.03161291380495103,-1.1402238073615867
2018-07-04,0.7213139217527291,10.143274029712629,0.031128132430422895,-1.1378055439290167
2018-07-05,0.7293929340320309,10.14466257666844,0.030507450914914927,-1.1379976083319456
2018-07-06,0.7372745351804866,10.1528125161726,0.02982535531828974,-1.1396240499119215
2018-07-09,0.745621137476661,10.162137589302741,0.029056801258922793,-1.1414875667735624
2018-07-10,0.7507890379810003,10.178614145813476,0.028276337956613523,-1.1448805015867958
2018-07-11,0.7554921004353751,10.211611117722997,0.027360222338454573,-1.1517779528946446
2018-07-12,0.7616342000317967,10.235003459768528,0.026590896457613325,-1.1566445831127732
2018-07-13,0.7653134307931746,10.263163518577338,0.02594165282079164,-1.1625497001381773
2018-07-16,0.7687581290838874,10.295762256308043,0.025101339078337448,-1.1693747771375886
2018-07-17,0.7702719624939887,10.3506516131389,0.024077414155119894,-1.1809289442140831
2018-07-18,0.772912479682608,10.404294189961158,0.023043086973379368,-1.1922132130131808
2018-07-19,0.777659336602778,10.45807823359895,0.022215525516448217,-1.2035507797947669
2018-07-20,0.781774989466305,10.50435151328864,0.02122756601000675,-1.2132661034358192
2018-07-23,0.784133927959408,10.55754618361912,0.01984887471828345,-1.224408177566505
2018-07-24,0.7862289078057639,10.602208724601635,0.018432937782142667,-1.233727731810811
2018-07-25,0.7885748777283857,10.635006232053703,0.01719474384194078,-1.2405429585885301
2018-07-26,0.788094095922603,10.678914712840426,0.015528890851831928,-1.2496742449677474
2018-07-27,0.7860801107635695,10.723563060121426,0.014294101941672493,-1.2590293448617114
2018-07-30,0.7826631151236322,10.76966520705297,0.013073692491455818,-1.2687025309650768
2018-07-31,0.7810782890689935,10.81190756870409,0.01217134494185465,-1.2775947305406714
2018-08-01,0.778774174293731,10.861404805993022,0.010788174974604436,-1.287963604014167
2018-08-02,0.7770537662564456,10.915209699908367,0.009418145022305785,-1.2992479240512451
2018-08-03,0.7755262065843039,10.96452506713485,0.008426732979683382,-1.3096314028567497
2018-08-06,0.7741489924529017,11.021109441912294,0.007467043265821927,-1.3215682080621236
2018-08-07,0.7724428104754707,11.070777058267563,0.0062851798951314986,-1.3320005507571997
2018-08-08,0.7723796401694254,11.116384031933563,0.005267893734775694,-1.3415862838582715
2018-08-09,0.7734153593646333,11.16285577035886,0.004388632098120876,-1.3513694697049838
2018-08-10,0.7770683081028553,11.20214479816596,0.003972131897826053,-1.3596810390006697
2018-08-13,0.7813718623350474,11.264169591203158,0.0033977292521389924,-1.372809477831078
2018-08-14,0.7851568954238859,11.324960786357488,0.0026490816156579666,-1.3856503059824836
2018-08-15,0.7878238882218768,11.411458331475952,0.0023833112351694385,-1.4040431716836632
2018-08-16,0.7881714437266982,11.498927814550845,0.0018286742067738504,-1.4226044041834276
2018-08-17,0.7898401974830185,11.565568482531024,0.0015062560426165328,-1.4367631837764367
2018-08-20,0.7919196635611189,11.622548334955852,0.0019312426247472293,-1.4489770877311712
2018-08-21,0.7923649230919387,11.672997286964737,0.002070849509580114,-1.4597630183338872
2018-08-22,0.7925061746563155,11.720423086298995,0.0023814940445640274,-1.4699295015558955
2018-08-23,0.7933906273904169,11.777383434685934,0.003414732089982997,-1.4822339184755342
2018-08-24,0.7939252994742824,11.80976116178509,0.00386666417752142,-1.4892127923169645
2018-08-27,0.7935747700945556,11.833540979390829,0.004547118692526081,-1.494398468079292
2018-08-28,0.7922867922365397,11.866265285260347,0.004879664557573046,-1.5014404939407702
2018-08-29,0.7927290914926184,11.898525574779168,0.004694789826489992,-1.508295414049716
2018-08-30,0.7938706672406224,11.930530813605728,0.004875503067658875,-1.5151505948782347
2018-08-31,0.7955121063409002,11.963319069978526,0.0048263018554790815,-1.5221357076078383
2018-09-03,0.7970707988937556,11.993126820843298,0.004991947871663627,-1.5285203645291867
2018-09-04,0.7994479648447211,12.02716157875737,0.00462655084523636,-1.5357173481590594
2018-09-05,0.8020368575176084,12.058127207449985,0.003976899062294766,-1.5422148575456134
2018-09-06,0.8043149825482594,12.085944778683412,0.003455525263814846,-1.5480615199667753
2018-09-07,0.8072741452105824,12.125357693230868,0.0022939662178898257,-1.556273530065806
2018-09-10,0.8104899953174842,12.160614837735409,0.0011278197597611173,-1.5635992437425723
2018-09-11,0.8134469381038876,12.193115356389967,-5.931537286642252e-05,-1.5703356980323189
2018-09-12,0.8149379350453748,12.211078663360752,-0.0002672793330919243,-1.574137726633182
2018-09-13,0.815995683304615,12.235585756780571,-0.0010513120733775805,-1.5792485940010434
2018-09-14,0.8171191962115665,12.264696885431519,-0.0023088676759428495,-1.5852674278333327
2018-09-17,0.8181716591287066,12.287917307774906,-0.003245779853434577,-1.590081147802303
2018-09-18,0.8191767534128624,12.3117911155731,-0.0047038140082254765,-1.594953368334837
2018-09-19,0.8204046531093194,12.330177936610578,-0.006157481187375302,-1.5986552387335973
2018-09-20,0.8216119063912249,12.345608549735383,-0.007568976425289142,-1.6017328733849514
2018-09-21,0.8223049754636007,12.365990160965591,-0.009195187070152294,-1.6058364131512004
2018-09-24,0.8230838494357096,12.383999143941548,-0.010799396973458442,-1.6094374067103256
2018-09-25,0.8240259234724361,12.399992626860625,-0.011953105359747529,-1.6126782687811354
2018-09-26,0.8244378194758121,12.422740066118633,-0.012895811883877395,-1.617396195675133
2018-09-27,0.8247687676066278,12.45148358718255,-0.0141031969616712,-1.6233474620848407
2018-09-28,0.8252471613074437,12.474455231100988,-0.015031472814835967,-1.6281123473562795
2018-10-01,0.8257368393979122,12.495893609330526,-0.016167471103466502,-1.6325208321292446
2018-10-02,0.8268881300902581,12.509856561919532,-0.016321834598136242,-1.635482690286822
2018-10-03,0.828321753190417,12.52260643310376,-0.01675706115950301,-1.6381418205822187
2018-10-04,0.8301469389643377,12.529032212947275,-0.01684451641056059,-1.6395013694786995
2018-10-05,0.8317914703469853,12.530944043858604,-0.017156895348396928,-1.6398613546967211
2018-10-08,0.8334927978804035,12.541214757668417,-0.018054574122556177,-1.641918406495817
2018-10-09,0.8352583701500447,12.552088118941821,-0.018633397618067676,-1.6441521230084115
2018-10-10,0.8370306432750272,12.562456873114357,-0.01893905509614985,-1.6463214261198131
2018-10-11,0.8375636408585971,12.55742051360659,-0.018166461483253904,-1.6453650736208845
2018-10-12,0.8384853988416301,12.556474823068834,-0.017645038715095124,-1.6452440083647788
2018-10-15,0.8390082697008798,12.553327446343197,-0.017189951861884795,-1.64464011425073
2018-10-16,0.8401172635374189,12.56300863171786,-0.016416258130532796,-1.64682292356227
2018-10-17,0.8409684542689855,12.56888026337045,-0.015411465169911043,-1.6482273626321406
2018-10-18,0.8409488146345797,12.56204414225809,-0.014152575980869692,-1.6469604872184007
2018-10-19,0.8409440932137586,12.55902122015586,-0.012576836973128336,-1.646555302709014
2018-10-22,0.8407777317851364,12.550374773054637,-0.011115955774714525,-1.6449354679806614
2018-10-23,0.8399645844668593,12.541078015689962,-0.009379519269286346,-1.6432184584724598
2018-10-24,0.8388404626111278,12.528890798880651,-0.007428787476243037,-1.6409234161863475
2018-10-25,0.8379360709883772,12.524446539347085,-0.005096947140760755,-1.6403343045850094
2018-10-26,0.8367099150524232,12.512669991137596,-0.0031390102682141707,-1.638129429347872
2018-10-29,0.8355771110404168,12.497541611180171,-0.0010746278469585258,-1.6352320006571142
2018-10-30,0.8341976435041243,12.474808778403684,0.0006313914806319598,-1.6306580760575227
2018-10-31,0.8336057580223439,12.460798379347088,0.002649321967755719,-1.6279927505913974
2018-11-01,0.8321830950919498,12.45300163673142,0.004944276391362967,-1.6266884701476731
2018-11-02,0.8312540594291938,12.454831394406183,0.00731411256330286,-1.627443615337349
2018-11-05,0.8305070771228377,12.450384945271376,0.009095237525569622,-1.6267723126247655
2018-11-06,0.830826299786815,12.458848625113154,0.011201181299242247,-1.6289070940070873
2018-11-07,0.8311065089167138,12.463629755825409,0.01249715091340814,-1.6301270609761438
2018-11-08,0.8311763657511326,12.464203465246868,0.013827982438408437,-1.630456298446593
2018-11-09,0.8316893602680907,12.461378822537963,0.01524000782846524,-1.6300814409274773
2018-11-12,0.832934293847457,12.464279866372726,0.016321727602989694,-1.6308753058742411
2018-11-13,0.8337414407466367,12.454546514928307,0.016816228075471618,-1.6288805154423807
2018-11-14,0.8338824798368032,12.44574504081894,0.017840975945579457,-1.6271714084807987
2018-11-15,0.8341152111235761,12.440018886956265,0.01895298566938272,-1.6261327899957
2018-11-16,0.8339004885548192,12.4287725218116,0.019609626732736474,-1.6238414790379134
2018-11-19,0.8336665819509657,12.414256057335747,0.020035097049649647,-1.6208124727825757
2018-11-20,0.8331590786680434,12.39788295831464,0.020577073161657383,-1.6174072473111913
2018-11-21,0.8326863983571353,12.383562988936987,0.02113584657449502,-1.6144420544823301
2018-11-22,0.8323868612978017,12.364971234356343,0.021336551034590506,-1.6105065314861529
2018-11-23,0.8316011523371813,12.342976382149512,0.021783039764535744,-1.6058906126253034
2018-11-26,0.831251266302028,12.309493001876067,0.021551582164668043,-1.5987137634932755
2018-11-27,0.8312520195146674,12.281637527270535,0.021504486530988298,-1.5927672864194227
2018-11-28,0.8312267366542185,12.243538897680903,0.02100040083568719,-1.5845627757757543
2018-11-29,0.8310734559628061,12.212530711300152,0.020516099656051792,-1.5778754149625216
2018-11-30,0.8307303965346802,12.184979274372699,0.020302587375934378,-1.5719711017797993
2018-12-03,0.8303024719962796,12.152961936844076,0.019692890342092054,-1.5650472733541634
2018-12-04,0.8287780850988069,12.109324124428145,0.01891690685677591,-1.5556257200892984
2018-12-05,0.8273043226380192,12.069018148482323,0.018255954720428985,-1.5469314078633674
2018-12-06,0.825083072808442,12.022765750972852,0.01771383416251554,-1.5369945108394552
2018-12-07,0.8222523444675984,11.975231540263373,0.017092372516012998,-1.5267676335768454
2018-12-10,0.8188858341942986,11.922693842562179,0.016645728561161116,-1.5155092082068364
2018-12-11,0.8157879166552986,11.895839111009735,0.017556181767795095,-1.5099406399968878
2018-12-12,0.8135319228135066,11.885154489161772,0.01876948038517598,-1.5078589124004176
2018-12-13,0.8114505403604861,11.880100575481537,0.02035931921419798,-1.5070423579069958
2018-12-14,0.8094463790659129,11.875698229175601,0.022196531348492254,-1.50641034453338
2018-12-17,0.8069462870389023,11.872570745242802,0.024142703798811102,-1.5060676020882493
2018-12-18,0.804020920094161,11.86330844311967,0.02594743137483657,-1.504400043706108
2018-12-19,0.8026098027958011,11.861603862828154,0.027550948210494003,-1.5043090391930034
2018-12-20,0.7993043654035238,11.87030758674048,0.030525351766695907,-1.5066616789980976
2018-12-21,0.7963102207126721,11.874024104395065,0.033183669259346626,-1.5079031542658203
2018-12-24,0.7912704805748729,11.866871788750458,0.0359326101126313,-1.5068516811263888
2018-12-25,0.7861288339207315,11.855794247474227,0.03840558288938309,-1.5049190929516465
2018-12-26,0.7826467772472638,11.875685399618126,0.04227919727507473,-1.509809541502701
2018-12-27,0.7780885232040804,11.887593245301249,0.0457757591954497,-1.512936569470404
2018-12-28,0.7730035009666837,11.887463157484028,0.04858160077053092,-1.5133882280637252
2018-12-31,0.7679730561960989,11.884605929372501,0.05119993760808655,-1.5132307299635457
2019-01-01,0.7629206804867504,11.879881136210878,0.05404943476850704,-1.5127243274393871
2019-01-02,0.7570280367643836,11.861227633085438,0.056415164504520804,-1.5091778633009025
2019-01-03,0.7483157112242764,11.80073227384922,0.05653669222581305,-1.4963509388308942
2019-01-04,0.7427373865210758,11.770312439370198,0.057033827886390734,-1.4899689979841166
2019-01-07,0.7375480351126696,11.747608142032554,0.05741616167485769,-1.4851991151279145
2019-01-08,0.7321530140888163,11.717581973583096,0.057580267000780394,-1.478841117936617
2019-01-09,0.7271543644805922,11.699299432425398,0.05824553485859135,-1.475065977592151
2019-01-10,0.7234635100331739,11.69578765557242,0.059910331657982985,-1.4746135508612679
2019-01-11,0.7179501647123823,11.665841380556284,0.060272571557665966,-1.4683208411724087
2019-01-14,0.7119999249381455,11.644282033671539,0.06032575807379803,-1.4637367082881243
2019-01-15,0.705685565002725,11.618716896422718,0.060529939965635576,-1.4583333833937873
2019-01-16,0.6996721531311123,11.596823478066682,0.06066048380094849,-1.45369244407565
2019-01-17,0.6939659902103411,11.588510189410272,0.06136279270213353,-1.4520286186451252
2019-01-18,0.6886713349927517,11.576816580424781,0.06201108580785002,-1.4496484600008543
2019-01-21,0.6828999748302553,11.567325202784225,0.06246124295679963,-1.447695226591797
2019-01-22,0.677286208952872,11.55825884107399,0.0626974429966146,-1.4457819387112285
2019-01-23,0.6720582762088674,11.547801203237057,0.06319110730332224,-1.443631587376136
2019-01-24,0.6678132805720285,11.543719728746916,0.06338150225272964,-1.4427681828141812
2019-01-25,0.6636321391613335,11.564152105946757,0.06456514716047249,-1.447268525944986
2019-01-28,0.658434791223073,11.573213270915671,0.0657316926918668,-1.449362140150288
2019-01-29,0.6522153901324734,11.578265402377856,0.06649796509140676,-1.4505242257439406
2019-01-30,0.6429284266118032,11.542916662582712,0.06500124411587313,-1.4427075024794263
2019-01-31,0.6335037023511563,11.483187498497855,0.061622283320990734,-1.4293859833489573
2019-02-01,0.6226881349636377,11.417273794796603,0.05886497013526559,-1.4148822531022058
2019-02-04,0.6126394415063661,11.376523850965407,0.057458470281722504,-1.4059567020034238
2019-02-05,0.601564218223896,11.322679999199885,0.05531517462058702,-1.3941180499306558
2019-02-06,0.591152226275823,11.267893139844151,0.05319790123689436,-1.3820894977181128
2019-02-07,0.5808946793178671,11.198984959839034,0.05004811284712754,-1.3668724282443165
2019-02-08,0.5703019025272642,11.131492823078958,0.04689572276219339,-1.3519491821313925
2019-02-11,0.5585990767679276,11.04451013826111,0.04354535471308596,-1.3328713690029679
2019-02-12,0.5480154357514344,10.982472562764066,0.04121747502566797,-1.3192629004895404
2019-02-13,0.537279368556634,10.908501873012181,0.038689463431812315,-1.3030988493194686
2019-02-14,0.5257481098004966,10.809963330743486,0.03457510034586753,-1.2814319125001628
2019-02-15,0.5134524893140666,10.699235596648839,0.02993645440158335,-1.2570888878239423
2019-02-18,0.5017631542783847,10.58995586053709,0.025378560821978258,-1.2330695001178924
2019-02-19,0.4877550337418267,10.465373135965415,0.02000071595901065,-1.205657616308736
2019-02-20,0.4747778036819481,10.340562461673395,0.014220041480726808,-1.1781230568334997
2019-02-21,0.4634213159799526,10.242348574302284,0.010064694454218648,-1.1565314479466813
2019-02-22,0.45325315770663777,10.139469449370766,0.00509578903604796,-1.1338004198506988
2019-02-25,0.44432289017802173,10.052528049949174,0.0008551031054565006,-1.1145784973071289
2019-02-26,0.4355415444646371,9.961768195090066,-0.003940696568412616,-1.0944452058207508
2019-02-27,0.42807635029038915,9.900218685552215,-0.007097878438265093,-1.0808005865636883
2019-02-28,0.4207540122505722,9.84832684179382,-0.009640375148137481,-1.069316242192712
2019-03-01,0.4148312326198611,9.811887931740019,-0.011257285097912545,-1.0612836783378674
2019-03-04,0.40996331104266237,9.776623223672221,-0.0130533892928128,-1.0534654496120275
2019-03-05,0.40510883027184075,9.739209987039517,-0.014821548414340108,-1.0451969570252575
2019-03-06,0.39982859717561825,9.695079293656573,-0.016798312343280497,-1.0354709322121323
2019-03-07,0.39466003551973705,9.632884277736236,-0.019602152289361574,-1.0217696640570046
2019-03-08,0.3861028838581363,9.510328577818916,-0.024003089610888984,-0.9950217923296396
2019-03-11,0.3786967069757765,9.428124815177855,-0.027191909609486142,-0.9770269381944201
2019-03-12,0.3692946507761684,9.318203013145,-0.03087157294059495,-0.9530917774592296
2019-03-13,0.35860134631673,9.188694091540414,-0.03530127538700817,-0.9248779458753624
2019-03-14,0.3498448028420863,9.105938682474902,-0.038084735315594864,-0.9068564638862533
2019-03-15,0.3440574684336716,9.048647892687024,-0.041027113077311106,-0.894178171475462
2019-03-18,0.33847269461689244,8.996845980575582,-0.043781971213183335,-0.8826968542062454
2019-03-19,0.33297879903216754,8.955680180927791,-0.04628076791191882,-0.8735086560435457
2019-03-20,0.3257649314769665,8.867805182708071,-0.04967716860517862,-0.8542956508837549
2019-03-21,0.32017293053787943,8.808497282186066,-0.052443682283904225,-0.8412344196709778
2019-03-22,0.31419317838316385,8.724507191276304,-0.055941645664924655,-0.8228237625161576
2019-03-25,0.30968815135201866,8.64333436506976,-0.0596604132824326,-0.8049634508222421
2019-03-26,0.3041388160195947,8.56383573112781,-0.06277230092351271,-0.7875761825144101
2019-03-27,0.29745951073465404,8.475672791892363,-0.06561133642236766,-0.768415060881837
2019-03-28,0.2899060523052328,8.410587150140453,-0.06699186356817727,-0.7544118474719659
2019-03-29,0.28044364851099657,8.335298442378738,-0.06808994265459634,-0.7383120190376067
2019-04-01,0.27326127160016367,8.298245913774169,-0.0688037420829925,-0.730353567942676
2019-04-02,0.2644998433324659,8.227176302349639,-0.06989832830321441,-0.7151434891842712
2019-04-03,0.2552289908631967,8.148735694405268,-0.07080400774280537,-0.6984164121351655
2019-04-04,0.24536223468060436,8.061623482449313,-0.0718727552294322,-0.679825901945053
2019-04-05,0.23541949872922263,7.950754716167271,-0.07296293088186212,-0.6562220544009989
2019-04-08,0.22682380548587366,7.810775947005199,-0.07442707690729866,-0.6264064531441687
2019-04-09,0.22113502088923498,7.667091232022068,-0.07622708783814103,-0.5957466826209183
2019-04-10,0.21823957607036004,7.543877765676465,-0.07789125831319815,-0.5694360906462266
2019-04-11,0.21379052915061214,7.387641075443906,-0.07921455271696115,-0.53623261344528
2019-04-12,0.21100936473679144,7.238127458308625,-0.08061919893871505,-0.5044348758699182
2019-04-15,0.20795108266537266,7.115106816413878,-0.08153832484213336,-0.47831648955539263
2019-04-16,0.20322326983123784,6.982247714358623,-0.08208517379163116,-0.4501971605395352
2019-04-17,0.19916077130008092,6.882718613763659,-0.08233895051778792,-0.4291638776364317
2019-04-18,0.19640059313623393,6.799808897240853,-0.08251889766009782,-0.411651789538388
2019-04-19,0.19382918202687904,6.719093614951097,-0.08262855845126596,-0.3946171622430026
2019-04-22,0.190745873412849,6.614055413500861,-0.08286181152460345,-0.3724292083419245
2019-04-23,0.18757583448441506,6.494295458515886,-0.0830489782006762,-0.34714900487060785
2019-04-24,0.18471533290370157,6.382372818289539,-0.08301382461200926,-0.32356567180405715
2019-04-25,0.18295483013490477,6.263465524355402,-0.08314648087454052,-0.298482250261525
2019-04-26,0.18230593213828983,6.121878926484307,-0.0836486224931236,-0.2685430203940937
2019-04-29,0.1805401702219006,5.93276951370521,-0.08418902497210251,-0.2285754048569617
2019-04-30,0.17995973225330253,5.7150161035140385,-0.08498849684869653,-0.18251939631754732
2019-05-01,0.17980658471426925,5.495619129891008,-0.08577337533981583,-0.1361255937698469
2019-05-02,0.18073395677840565,5.355927525927726,-0.08656211008865067,-0.10654020233172679
2019-05-03,0.18276306592038394,5.198683037048598,-0.08762386251733842,-0.07320218099712061
2019-05-06,0.1859051271486628,5.016784202304793,-0.08895833440538739,-0.034619939632919206
2019-05-07,0.1888908703981118,4.865527682501655,-0.08991433388957856,-0.0025693413573879553
2019-05-08,0.1916968539938806,4.701502415441409,-0.09092365100183764,0.032183479697926565
2019-05-09,0.1953492036119534,4.496281679893686,-0.09219006642826313,0.07567018259510627
2019-05-10,0.19861538227257358,4.329390199355622,-0.0930424571485253,0.11099742927106027
2019-05-13,0.2044108944628812,4.081659876615355,-0.0944510037304955,0.16347248857445518
2019-05-14,0.20947472224484553,3.864859978408905,-0.09547797876946473,0.20935470680476653
2019-05-15,0.21487251826567932,3.6472681009313277,-0.09634972404992903,0.25537106350265315
2019-05-16,0.21596938485128359,3.5570990683112065,-0.09591512362730203,0.27428088435692377
2019-05-17,0.21766801528160207,3.417782829852417,-0.09560772123791744,0.303566901768376
2019-05-20,0.21887791570193837,3.3062272523537324,-0.09522273312495455,0.32698815971075756
2019-05-21,0.2206693141317826,3.1837684900485534,-0.09499070409450153,0.3527333443960794
2019-05-22,0.2229471001779113,3.0488303476655716,-0.09485631815295745,0.38112460554711447
2019-05-23,0.22586866736985256,2.922957938116621,-0.09468466799589717,0.4076008995208884
2019-05-24,0.23105088512310312,2.713345976712393,-0.09492312789882204,0.45180222060033914
2019-05-27,0.23520280748574918,2.547676277092741,-0.09483309423369374,0.4866801212706444
2019-05-28,0.23916750862003766,2.3952264924436477,-0.0944363817555662,0.5187053312485799
2019-05-29,0.24361231256831273,2.2443126915878597,-0.09385825847121784,0.550367734572021
2019-05-30,0.24936423847786082,2.0846442147756505,-0.0935000250540502,0.5839209471539899
2019-05-31,0.25989207232221645,1.8836225101648552,-0.09348824162300681,0.6262513111250709
2019-06-03,0.27245653162637573,1.7178993098728093,-0.0936201920210176,0.661174635831351
2019-06-04,0.2819071272940087,1.6285703621031402,-0.09391276251323294,0.6800391069961229
2019-06-05,0.2913564818662274,1.551364471706405,-0.09424524737629769,0.6963583120444934
2019-06-06,0.30048791068977754,1.4812382509675395,-0.0947498682676633,0.7112237442589819
2019-06-07,0.3112515582834966,1.4008124890833766,-0.09553965521665897,0.7283116709465944
2019-06-10,0.31855194530858066,1.3466465887274701,-0.09604602518711139,0.7398154118576075
2019-06-11,0.3256557241491026,1.275668739664523,-0.09652750785513375,0.7548562271128159
2019-06-12,0.3332686796063118,1.2095589119912704,-0.09715791877310323,0.7689026694255237
2019-06-13,0.34146153883662655,1.148148199481926,-0.09797519370699509,0.7819990801378758
2019-06-14,0.3489560366924277,1.108597446114004,-0.09882070615827485,0.7905039589649521
2019-06-17,0.35592139022011693,1.069149207205827,-0.09961844774900078,0.798979742801295
2019-06-18,0.36406730562284906,1.019065518506233,-0.1004465453754389,0.8096953854294058
2019-06-19,0.3740912191413216,0.9983747076508571,-0.10150315977363611,0.8142681996817107
2019-06-20,0.3871031429506506,0.9992359091922864,-0.10373095970761048,0.814503689138754
2019-06-21,0.3980336949111022,0.9995017109816771,-0.10616941183114126,0.8149104256956221
2019-06-24,0.40980201927126536,1.0045501187214816,-0.10917221343129757,0.8144090705345369
2019-06-25,0.420233852572515,1.0170400096306933,-0.11209860134599925,0.8123279929937892
2019-06-26,0.4293509015974344,1.0141568414133841,-0.11449597031378173,0.813385989072996
2019-06-27,0.439010826682354,0.9990836162605294,-0.1167431585236412,0.8169834416822537
2019-06-28,0.44861109538555954,1.054752411404848,-0.1190638822641743,0.8056915338697828
2019-07-01,0.45635009197790466,1.0683480192841834,-0.12047996565637659,0.8030955339730352
2019-07-02,0.46533191302811916,1.1169237781168446,-0.12265904522334495,0.7932779422230678
2019-07-03,0.47439676971849054,1.1553969252923402,-0.12475975757873564,0.785570837991475
2019-07-04,0.48317181358121497,1.2342369821715615,-0.12676112702614584,0.769346078932778
2019-07-05,0.4904914820569467,1.2746141350613156,-0.1282197139608144,0.7611287016155313
2019-07-08,0.49835277780442244,1.3338088012820004,-0.12951196763679207,0.74892297320312
2019-07-09,0.5048992720648657,1.3796859236919197,-0.13078850656045127,0.7395124588908804
2019-07-10,0.511837955792779,1.4075617161560907,-0.1324329354614706,0.7339630172786978
2019-07-11,0.5172709924916699,1.4720610497912503,-0.13381464402390228,0.7206471556552536
2019-07-12,0.5229281860031052,1.5420645236108488,-0.13537672072070672,0.7062018937079158
2019-07-15,0.528601488078634,1.622204848206767,-0.13681690583302364,0.6895960064691518
2019-07-16,0.5341180284071763,1.6903669434587005,-0.13788936809011518,0.675448416194294
2019-07-17,0.5400076586289921,1.7775665405145276,-0.13941638327647443,0.6573734904539053
2019-07-18,0.5476147953531909,1.8614424245760188,-0.14128869479376038,0.6400585178625995
2019-07-19,0.5542430139472424,1.9672625256884508,-0.14248763609380305,0.6179991354750101
2019-07-22,0.5607908169040646,2.0938815225886422,-0.14356885284192483,0.5915442922352655
2019-07-23,0.5671422625959701,2.2146510741323997,-0.1444384731537294,0.5662829491708923
2019-07-24,0.5739415417815604,2.359716942964738,-0.1453732302166054,0.535920390079182
2019-07-25,0.5794318399332812,2.500980311415386,-0.14607448842970486,0.5063127096858531
2019-07-26,0.5846284086706997,2.5984659364023885,-0.14683210968237417,0.4859409168510076
2019-07-29,0.5906546444687466,2.7046176195165117,-0.14773999300807125,0.4637768762463548
2019-07-30,0.5980656745153885,2.735618088646519,-0.14877695732067073,0.45747928675362814
2019-07-31,0.6068961313329704,2.7445533952751937,-0.14932962463835542,0.4557551544909595
2019-08-01,0.6167813728181128,2.712743909499723,-0.15027569075897226,0.46268515151793554
2019-08-02,0.6295342164135322,2.5984364564091056,-0.15106517274379713,0.4869879461887443
2019-08-05,0.6427182835810499,2.5575476334816187,-0.15196878847894474,0.49583827452481977
2019-08-06,0.6551243796585077,2.519647408359541,-0.15294455592320624,0.5040621071989504
2019-08-07,0.668393068189041,2.467756468720964,-0.15442577747745956,0.5153213549089086
2019-08-08,0.6799935011827093,2.5247436199648483,-0.1559225864675887,0.5036355674876312
2019-08-09,0.6912390421148291,2.6470400837921204,-0.1573673134897375,0.47817963920988804
2019-08-12,0.7049347140156956,2.6981380412877556,-0.15890144054568792,0.4677507568618413
2019-08-13,0.7152029134776645,2.8090388955402315,-0.16020724376274242,0.44466563803279513
2019-08-14,0.7249213271210919,2.914618905539328,-0.16149723682243147,0.42269373922924913
2019-08-15,0.73502141387967,3.0307744731766313,-0.16270643096563883,0.3984836325721952
2019-08-16,0.7437585257328247,3.1136212035917232,-0.16375751695646232,0.381262811545116
2019-08-19,0.7525062559709271,3.175243102663046,-0.16446653905866251,0.36846141269948784
2019-08-20,0.7610076381583897,3.186301383777259,-0.16519807135742565,0.36631766669599397
2019-08-21,0.7687452274769813,3.210096741660305,-0.1659245882516628,0.36149113746520545
2019-08-22,0.7763291174753412,3.127473226341067,-0.16640245487476268,0.379048018957699
2019-08-23,0.7841531337102283,3.0562271908992145,-0.16707809604537405,0.3942355907711885
2019-08-26,0.7914784847727832,2.9684368391404945,-0.1677283013975791,0.41290429988398536
2019-08-27,0.7986200543782197,2.8931605266047846,-0.16830670175692175,0.42892044324549605
2019-08-28,0.8057269313390233,2.8402284276699525,-0.16866861606537892,0.440192022105919
2019-08-29,0.812013008113537,2.8239606082062636,-0.16874455158792045,0.4436868106223546
2019-08-30,0.8171451493942513,2.8341757660451954,-0.168993739208815,0.4416243637164028
2019-09-02,0.8218721401794117,2.8773147603286766,-0.16925179572711557,0.4326276661626829
2019-09-03,0.826460474387399,2.8217955473492715,-0.16965894073205073,0.4444484878842041
2019-09-04,0.8303562333130763,2.801074161272311,-0.17031746647285867,0.44897600268256
2019-09-05,0.8334156608233171,2.846576105584081,-0.17064034452201599,0.4394916560359383
2019-09-06,0.8359712769680648,2.922305297731734,-0.1708810512479345,0.4236187592615308
2019-09-09,0.8380625578015067,2.9946575698174343,-0.17120923745875002,0.4084720603854257
2019-09-10,0.8399788915770738,3.0886415859620833,-0.17149292917746795,0.38877115162346154
2019-09-11,0.8415500452835785,3.1388001021981253,-0.17182817246803236,0.3783159246624619
2019-09-12,0.8425643158003164,3.183764700432965,-0.1722275435078129,0.3689641509140529
2019-09-13,0.843462776040321,3.2618013080085255,-0.17259165192872614,0.3526538501414467
2019-09-16,0.8456465594155786,3.3340334467986743,-0.17288080694292707,0.33756310062848094
2019-09-17,0.8475132424484239,3.4211525935232867,-0.17324318713020914,0.31934116263447976
2019-09-18,0.8483856578448726,3.4720336057372876,-0.1734852517155079,0.3087326150583505
2019-09-19,0.8492103753421579,3.4921225504252043,-0.17376747848428828,0.3046053432938507
2019-09-20,0.8497667785866351,3.4587365515761554,-0.1740230601053358,0.31173095797385697
2019-09-23,0.8500818853123193,3.3613143241957832,-0.17421611107970247,0.33232653774119836
2019-09-24,0.8505003277078936,3.282896391927146,-0.17454274886361215,0.3489264099740783
2019-09-25,0.8508365651094791,3.2017288397835575,-0.1744748857959445,0.3660546401312148
2019-09-26,0.8514360551935666,3.1220475617844556,-0.17434237849078546,0.3828645751951054
2019-09-27,0.8516119442184739,3.0393718410808326,-0.17422240462959526,0.40030095321417436
2019-09-30,0.8519981192061233,3.006519505891937,-0.17421490896716538,0.40723123196230215
2019-10-01,0.8523970205786464,2.973231307804756,-0.17419589064509633,0.4142554538144485
2019-10-02,0.8529735656262194,2.9061504512674574,-0.17431049563855897,0.4284089589198379
2019-10-03,0.8536553190705198,2.864238695367984,-0.17445852119329258,0.43726739007480653
2019-10-04,0.8544282412276745,2.8363932264609755,-0.17458917976107752,0.4431531389162169
2019-10-07,0.8549919255030569,2.8183359579768776,-0.17467617081427422,0.4469693560150998
2019-10-08,0.8556147712534188,2.766628064952233,-0.1749051016731154,0.45789087669194917
2019-10-09,0.855892708386494,2.695188100836088,-0.17512335324661443,0.4729736500629409
2019-10-10,0.8559956025445802,2.6412289620797935,-0.1754245007252684,0.4843842218491079
2019-10-11,0.8557333462712658,2.600291874998536,-0.1756624981094244,0.4930557940008531
2019-10-14,0.8553422724450495,2.5630182928115026,-0.17607474300656167,0.5009737705658619
2019-10-15,0.8550566855845287,2.523984080286957,-0.17626488314944852,0.5092379439622894
2019-10-16,0.8548067301915221,2.4846092294292053,-0.176405385417218,0.5175732595546547
2019-10-17,0.8543845277123838,2.471172710330806,-0.17666275714949503,0.5204616002151714
2019-10-18,0.8539091002431575,2.456019858161259,-0.17685550431029257,0.523702590093972
2019-10-21,0.853618043944397,2.4980627755046276,-0.17751925223963064,0.5149451944732062
2019-10-22,0.8536295966693395,2.5577082222479426,-0.17842535711653684,0.5025030802354085
2019-10-23,0.853449326526931,2.604213701930748,-0.1791862497416971,0.49281368036804984
2019-10-24,0.8531237306764161,2.6454305437385397,-0.18001006137339792,0.48424805070436294
2019-10-25,0.8527471555637637,2.682616312068241,-0.1808864132353579,0.4765367093622721
2019-10-28,0.8519703346548855,2.7359546768689142,-0.18178454583463802,0.46542897158888374
2019-10-29,0.8505402637666476,2.7521581232435457,-0.18219278203495473,0.46209636790039266
2019-10-30,0.8489939380581909,2.725771182442763,-0.1823644216798448,0.4677076230063526
2019-10-31,0.847774477834645,2.6996425233405796,-0.18249268690047366,0.47326437351860484
2019-11-01,0.8466493759369996,2.73438850463352,-0.18298183648151162,0.46604066317726467
2019-11-04,0.8455437737098758,2.754641861723665,-0.18338821261357602,0.46185625004917963
2019-11-05,0.8447627979762019,2.7503434144585537,-0.18354949584438615,0.4628021114957881
2019-11-06,0.844083215743646,2.754080591073007,-0.1837770404270439,0.4620609316640767
2019-11-07,0.8430698797836763,2.75729343886918,-0.18398211981749024,0.46142427164399713
2019-11-08,0.8421485392073962,2.759652865532325,-0.18415694395673227,0.46095576731788945
2019-11-11,0.841195377085298,2.7633102084808847,-0.18431297841204952,0.46020982350252115
2019-11-12,0.8402263911535968,2.7523281799284396,-0.18437521960339426,0.46253681391500656
2019-11-13,0.839200544019687,2.740364847930147,-0.18450559860802868,0.4650782432564138
2019-11-14,0.8380185369814147,2.7343806409773794,-0.18468188089555643,0.4663660948596595
2019-11-15,0.8368315608182367,2.731043839927505,-0.18483243823620188,0.4670957272924925
2019-11-18,0.8358395969381875,2.6982306575305803,-0.18470613710937278,0.47400498091850096
2019-11-19,0.8348993874832311,2.63171962722004,-0.1843110166101744,0.48798007821643274
2019-11-20,0.8341186923501708,2.6062696048531535,-0.18411626575642592,0.49332342465678103
2019-11-21,0.8334174465094855,2.5686872795739717,-0.18376896539683013,0.5012053971253745
2019-11-22,0.8326456501918013,2.531181233495369,-0.1834044530823412,0.5090693319057982
2019-11-25,0.8317221789564334,2.4825319305857754,-0.18286352376638232,0.5192569538941303
2019-11-26,0.830984447238646,2.476385245607881,-0.18264465848266198,0.5205257751773882
2019-11-27,0.8299982154702578,2.4624325095376953,-0.18235339481595803,0.5234296193505212
2019-11-28,0.8289523017639392,2.532186578174782,-0.1826721389632076,0.5087659381120502
2019-11-29,0.8282843608547771,2.627047097798169,-0.1834783622435075,0.4888676782469492
2019-12-02,0.8274364115786945,2.7149770175418695,-0.18423331621589117,0.47042629389650514
2019-12-03,0.8264994632356454,2.7694588056507428,-0.1845834390536697,0.4589858106184579
2019-12-04,0.8257871332601706,2.8587617977109314,-0.18527220070416203,0.4402466748798317
2019-12-05,0.8250246872568884,2.914249023044313,-0.18575859546786666,0.42861340092880695
2019-12-06,0.8238585927216004,2.8726021831005255,-0.18540352370781896,0.43734967081290943
2019-12-09,0.8234772424924004,3.030181199949048,-0.1866818912791533,0.4042826092669056
2019-12-10,0.822794001541463,3.160431223096392,-0.1877190325474128,0.37695199563004156
2019-12-11,0.8227290574512224,3.345316844044355,-0.18917920332731417,0.33815442597850165
2019-12-12,0.8224839722147004,3.581414051393228,-0.1910912525640644,0.2886271698995593
2019-12-13,0.8227365400142782,3.9063287538221516,-0.19372141704609686,0.22045632472173615
2019-12-16,0.8235800109784696,4.336271858163901,-0.19724472819461356,0.13025641909088215
2019-12-17,0.8244897552095215,4.677197833701996,-0.20017089536461746,0.05873362061731058
2019-12-18,0.8254660499639385,5.013334387945431,-0.2031582902841632,-0.011776321189592487
2019-12-19,0.82660857496125,5.3773409681735345,-0.2063875777123383,-0.08813480496348802
2019-12-20,0.8276555420730267,5.7635122627663655,-0.20971244975988584,-0.16915079258491428
2019-12-23,0.8282659690575351,6.028735113831459,-0.21216286138331508,-0.22477443952141662
2019-12-24,0.8286785119779123,6.244301341289233,-0.2144101952357992,-0.2699618827393184
2019-12-25,0.829505963401363,6.410199871550567,-0.21653455110977504,-0.3047123745826035
2019-12-26,0.8297702113432723,6.645490346990929,-0.21905782882841754,-0.35402472811151675
2019-12-27,0.8307313665171319,6.81896011421167,-0.2213367073050072,-0.39035579979130475
2019-12-30,0.8314789791607075,7.018794250971034,-0.22379222151425837,-0.43222098655238383
2019-12-31,0.8317505841221273,7.2263123689972275,-0.2259809774480609,-0.4757189415733354
2020-01-01,0.8325285170961539,7.42132008713498,-0.22831545064878844,-0.5165803640829241
2020-01-02,0.8339278847694371,7.590852749584485,-0.23057056099205347,-0.5520971010169422
2020-01-03,0.8359420572087352,7.73590283878076,-0.2328432263321265,-0.5824632259181781
2020-01-06,0.8385839105240926,8.094206014935935,-0.23704559268709158,-0.6575572013052238
2020-01-07,0.8397223829371574,8.488367101768379,-0.24136954771992422,-0.740176865070497
2020-01-08,0.8408633836310885,8.855678202612893,-0.2455363156706193,-0.8171637231342554
2020-01-09,0.8428790724584958,9.207163728395141,-0.24966633588904305,-0.8908363752940405
2020-01-10,0.8455016669456688,9.521812677156682,-0.25368410656910045,-0.9567747681202121
2020-01-13,0.8479062900661707,9.787580319290239,-0.2572577697665865,-1.012465799268388
2020-01-14,0.8526259073454088,9.879134311142096,-0.260425966998885,-1.0315476724467656
2020-01-15,0.8582165040457137,9.992131083321322,-0.264012198282328,-1.0551172868892928
2020-01-16,0.8635578061086198,10.095500690659428,-0.2675257794173384,-1.0766633908869787
2020-01-17,0.8670439162784153,10.182840647419862,-0.2702971654570866,-1.0948744966202737
2020-01-20,0.8683385190898881,10.182164515381423,-0.2716429493000735,-1.0946456676820189
2020-01-21,0.8708299342863228,10.12906731256081,-0.27303777445058774,-1.0834020654142718
2020-01-22,0.8739438972222708,10.11029679553577,-0.27509547751685304,-1.0793415997082132
2020-01-23,0.8770233500546385,10.101592647373963,-0.2772141506739898,-1.0773948436318883
2020-01-24,0.8797216095644034,10.133824311920783,-0.27946113023227626,-1.084052068260963
2020-01-27,0.8823755977344332,10.169789230183145,-0.2815461874530447,-1.0915071720390426
2020-01-28,0.8854384930573687,10.200243323463098,-0.28368765539180557,-1.097808658456966
2020-01-29,0.8892925899379248,10.3376237537152,-0.2865531178792441,-1.1265755161371769
2020-01-30,0.8938302055988641,10.39495769706862,-0.2891777919542662,-1.1385284316410367
2020-01-31,0.8979861295569602,10.426470454018496,-0.2912051689710683,-1.1451016267681053
2020-02-03,0.9019599613442137,10.531781688229568,-0.293692863750653,-1.1671639203239965
2020-02-04,0.9061503156220242,10.617028599338155,-0.29626975422924384,-1.1850012693061642
2020-02-05,0.9105247520521415,10.731859798106322,-0.29930465412672447,-1.2090292911428837
2020-02-06,0.9158310002425096,10.72917670536258,-0.3019496444785915,-1.208360974494267
2020-02-07,0.9203113818383837,10.700944303916602,-0.30397674047657947,-1.2023588685239481
2020-02-10,0.9240648849405704,10.663871080654008,-0.30574771048767446,-1.194515053475977
2020-02-11,0.926863145002328,10.567902480352185,-0.30695739347921974,-1.17430052876492
2020-02-12,0.9298102255289498,10.452070547347837,-0.3083149321592662,-1.1498969645623238
2020-02-13,0.9321669822387315,10.321878262272051,-0.3092969757032085,-1.12248888030827
2020-02-14,0.9350154434867972,10.186502796627465,-0.3106714837768588,-1.0939729166504142
2020-02-17,0.9381186500198876,10.083202510694093,-0.3124310046238097,-1.0721881604317667
2020-02-18,0.9405752428911928,10.065330487191703,-0.31457006938964605,-1.0683481025171047
2020-02-19,0.9423909743192033,10.065053116704917,-0.3167677497390802,-1.0681947088914963
2020-02-20,0.9447717616313015,10.06938727424583,-0.3193848372204299,-1.0689947714488204
2020-02-21,0.9471980359590878,10.117646451208095,-0.3221803843771743,-1.079027832760607
2020-02-24,0.9492206416682972,10.226380318597865,-0.3246188701753662,-1.1018051994106721
2020-02-25,0.9513811852044293,10.328608122944708,-0.3265445490673383,-1.1232601211108313
2020-02-26,0.9534476322406589,10.426774997452153,-0.3285407756659985,-1.143855374562964
2020-02-27,0.9551655604019291,10.456464624979327,-0.32978406848305203,-1.1500880312741675
2020-02-28,0.9533864887328511,10.509815660149378,-0.3289743218478589,-1.1614437652584448
2020-03-02,0.9496033281163829,10.344814714776113,-0.3261854551351301,-1.1269634338738035
2020-03-03,0.9445557895723421,9.967188183556328,-0.3209440994163215,-1.0478704857011572
2020-03-04,0.939985794846586,9.688893752805598,-0.3162844871236502,-0.9896338281306205
2020-03-05,0.9373128818764883,9.407621768946198,-0.31234676266276,-0.9307294884229083
2020-03-06,0.9312929493542272,9.025767223139292,-0.30572289540921993,-0.8507922726735502
2020-03-09,0.9301538526558459,8.968397959803585,-0.30330970156039605,-0.8388735947922044
2020-03-10,0.9305014011634427,8.98278402103973,-0.30322907067978777,-0.8418975352133022
2020-03-11,0.9301941875446824,8.837563702529565,-0.3033785318604532,-0.811323605503901
2020-03-12,0.9292644514615108,8.442282955778538,-0.30228943292454297,-0.7282044371303198
2020-03-13,0.9284539622303187,8.179714421574829,-0.30139445930559416,-0.672998262510724
2020-03-16,0.927911995983462,8.172814600230033,-0.3010590205776781,-0.6715498608482813
2020-03-17,0.9152767826682245,6.161702971490797,-0.2904840032677011,-0.24892673997850068
2020-03-18,0.9019137147215006,4.081571040872383,-0.2790268744272609,0.18813977832942097
2020-03-19,0.8935043424029632,2.708578568005187,-0.2712104618544115,0.47660965287144386
2020-03-20,0.8920460400516077,2.911294133092454,-0.27178732039789555,0.43399520319973295
2020-03-23,0.8903367260096872,3.2291195019349743,-0.27229719813209896,0.36716706530555854
2020-03-24,0.8901456705839721,3.272312900999502,-0.27221524145088405,0.35808207589093666
2020-03-25,0.8889787060443811,3.465371177034161,-0.2722279693394409,0.31746946301865275
2020-03-26,0.8884549457674558,3.555666089004223,-0.272050494335812,0.29845686720422826
2020-03-27,0.8878579052894723,3.6526093017132197,-0.2716101765508788,0.27804919861953525
2020-03-30,0.8869491242040455,3.778369707631157,-0.2709799039644982,0.25158033889225084
2020-03-31,0.8849409459790558,3.90823192656757,-0.27063927720021563,0.22424779168595155
2020-04-01,0.8812203672104361,4.1457536180727885,-0.2697412519738376,0.17425536913516737
2020-04-02,0.8765061242459031,4.381833638993559,-0.26802403868133085,0.12453477740110275
2020-04-03,0.8708521648766561,4.656816238412716,-0.2660343342479746,0.06662951100807968
2020-04-06,0.8688976074459129,4.810424189165474,-0.2644189488735087,0.034276384935821635
2020-04-07,0.8674855668604988,4.905480864135896,-0.2630536384814071,0.014246262431425016
2020-04-08,0.8651909589206002,5.01373834154065,-0.26167004065267985,-0.008564748455723414
2020-04-09,0.8641667376064128,5.075772023301861,-0.25985262579566176,-0.021663872793578953
2020-04-10,0.8637999442436413,5.122682150245477,-0.2578185253599923,-0.03157973066832631
2020-04-13,0.8648602557305926,5.134590178218451,-0.256289215588758,-0.034108603574247276
2020-04-14,0.8663076070635083,5.146969334693206,-0.25486504996851156,-0.03673165496720521
2020-04-15,0.8666944638938173,5.180654365072311,-0.25317072396122886,-0.043849188985078946
2020-04-16,0.8676889419886383,5.1518210650956,-0.2523808910947875,-0.03777856306706062
2020-04-17,0.8678383266079407,5.137441592019332,-0.25147207861674437,-0.03475033201027622
2020-04-20,0.8668790913789436,5.071047322040075,-0.2509101131374375,-0.020784791118375834
2020-04-21,0.8664474754130874,5.061198814083028,-0.2501457032478608,-0.018717085113511223
2020-04-22,0.8668197462410139,5.033422803096451,-0.24928803011753337,-0.012875337506840445
2020-04-23,0.8675281665952183,4.989265999034602,-0.24848496804278122,-0.003584802835162826
2020-04-24,0.8677474654897126,4.987496243087788,-0.2474698763341383,-0.0032215875841368202
2020-04-27,0.8678403437878894,4.984607086606532,-0.24625029412947352,-0.002627076144996021
2020-04-28,0.867626600571151,4.992535956883462,-0.24479080528327035,-0.004313332441243878
2020-04-29,0.868090753133867,4.982817016729264,-0.24354125734788984,-0.002282122244790852
2020-04-30,0.867924349125845,4.969473991767412,-0.2423412493384311,0.0005130026375868013
2020-05-01,0.8682419427813994,4.9454490210936015,-0.24116044984608448,0.005563822470614488
2020-05-04,0.8685377073556684,4.910923884069969,-0.23976316948993825,0.01281923209620639
2020-05-05,0.8688390951357312,4.859370549779713,-0.23808218880777393,0.02364919733468862
2020-05-06,0.8684246698394782,4.807112486292885,-0.23645898814151378,0.0346267370553901
2020-05-07,0.8685129218448256,4.753531824769855,-0.2346757817079737,0.04588225798275647
2020-05-08,0.8684589509789932,4.698342926408085,-0.23275175426370326,0.057475404973997835
2020-05-11,0.8683018973020484,4.645034394483001,-0.23094612888384353,0.06867534700774147
2020-05-12,0.868535288493478,4.587104655586359,-0.22907921329366082,0.0808522455053946
2020-05-13,0.8690319035770838,4.5227789137142125,-0.22715434995587414,0.09437428397225434
2020-05-14,0.8705379368588896,4.431039803766487,-0.22482244674922605,0.11366181524994712
2020-05-15,0.8731058487308498,4.328477794893024,-0.22224607474609334,0.13522602828889063
2020-05-18,0.8756646116342226,4.2463537055819955,-0.21987651998129243,0.15250061891904787
2020-05-19,0.879483761502039,4.164284174898526,-0.21789595732200895,0.16977885554478966
2020-05-20,0.8838562069540793,4.116167037284285,-0.21655616739801828,0.179936450742336
2020-05-21,0.8868910230920413,4.077463019868791,-0.21503574998266445,0.18810300535409308
2020-05-22,0.8900193255559226,4.039213194876517,-0.21370323739967695,0.19618087369277815
2020-05-25,0.8924015984771647,4.0015697783815565,-0.2124466348472362,0.20412669767156078
2020-05-26,0.8950561884960709,3.9834874810824985,-0.21127992000777418,0.20796638756704677
2020-05-27,0.896967822941373,3.9583942046972522,-0.20982533068464387,0.21327021554392855
2020-05-28,0.8988515097045646,3.9358266216647593,-0.2083955329912971,0.21804533609526722
2020-05-29,0.9007521873460441,3.9167289968393453,-0.20719985047200298,0.2220952146953561
2020-06-01,0.9023694309354604,3.9004332437866704,-0.20622432506850288,0.22555592077561237
2020-06-02,0.9032266728518132,3.877405401213368,-0.20518407754463022,0.2304223969206758
2020-06-03,0.9034939803772044,3.847063820336687,-0.203907581676992,0.23681667548639673
2020-06-04,0.9041824731030338,3.835894184524026,-0.20323153680581246,0.23921290357265468
2020-06-05,0.9056303496635558,3.8253020531830346,-0.20228469429843612,0.24148486935627722
2020-06-08,0.906973443047678,3.8588503274970627,-0.2024105596406426,0.2344953451882157
2020-06-09,0.9071044589897859,3.8854679067249602,-0.20281853048768708,0.2289457329833824
2020-06-10,0.9076950343165907,3.910378726029589,-0.2033209949206134,0.22374090262613744
2020-06-11,0.908194588779349,3.9094438664477575,-0.20315720819112337,0.22394011958841387
2020-06-12,0.9085354914125952,3.920436931179718,-0.2033292595006474,0.22165025344351874
2020-06-15,0.9090076737241609,3.927408163294931,-0.2031853626768226,0.22020441430143767
2020-06-16,0.9095302326130658,3.937513762042749,-0.20307761149561745,0.2181027649955658
2020-06-17,0.9103636052071656,3.9491881983447463,-0.2027107622280963,0.21568700428433596
2020-06-18,0.9106392670632675,3.9454459369088344,-0.20218041461070424,0.21647857086120137
2020-06-19,0.9112667697321754,3.9475281986985014,-0.20183180479836255,0.21605444609109692
2020-06-22,0.912006600952331,3.950443914268865,-0.20152877999593083,0.21545677112008632
2020-06-23,0.9128272409155798,3.9538429704330813,-0.2012197886279809,0.21476405672336296
2020-06-24,0.9136970921489588,3.9582095630996053,-0.20076961008579997,0.21387545398809404
2020-06-25,0.9143397175034219,3.9577897267749327,-0.2002649710775786,0.21398433674987827
2020-06-26,0.9150058852934837,3.9563515820104582,-0.1999090734133827,0.21429581658794228
2020-06-29,0.9155103258880403,3.9529626586106774,-0.19935607740228076,0.21501805473236613
2020-06-30,0.9161387956348486,3.9569017465764986,-0.19926588969715156,0.214202384957475
2020-07-01,0.9167695464311576,3.961309248768557,-0.19896738042236367,0.2132937254446008
2020-07-02,0.9174472170915273,3.9558637122357254,-0.19817314300289046,0.2144582030548714
2020-07-03,0.9179737590878896,3.949154034388484,-0.1976368370691105,0.21587386897285066
2020-07-06,0.9187665831246355,3.942421007474799,-0.19719879154316544,0.21729253025328488
2020-07-07,0.9199089828446909,3.948941234277096,-0.19673726147765352,0.21594940056777334
2020-07-08,0.9210543080748104,3.96896415436892,-0.19680961378008574,0.21177633402303786
2020-07-09,0.9222516626018803,3.9790858499872774,-0.1964934180920062,0.20968389013806
2020-07-10,0.9232884822939775,3.989237113991307,-0.19622903324384888,0.2075818336956563
2020-07-13,0.9243582058448203,3.9960888761325366,-0.19578334899419955,0.20617637869008765
2020-07-14,0.9252776714020577,4.003638221846084,-0.1955379842038679,0.20462027635238234
2020-07-15,0.926081180096324,4.015315681391293,-0.19551353518026315,0.20219359689183602
2020-07-16,0.9266645392566834,4.009079592966505,-0.1949695666501967,0.2035205072900248
2020-07-17,0.9279745567684186,4.01479520926004,-0.1943438138276043,0.202362674913533
2020-07-20,0.9291003142852526,4.015846752537857,-0.1939404029984611,0.2021685838945464
2020-07-21,0.9305378957490374,4.027845851991727,-0.19379901245517436,0.199684224657376
2020-07-22,0.9319542186843085,4.061168864961077,-0.19433149500954675,0.19272272848116057
2020-07-23,0.9333925198293948,4.103193063490542,-0.19510008930108638,0.1839350187949571
2020-07-24,0.9345512708099404,4.147786022369036,-0.19610593296495618,0.17459554661691
2020-07-27,0.9346292504825815,4.242588411077548,-0.1981545410819895,0.1547246218627112
2020-07-28,0.9346631103033052,4.341926282042537,-0.20027122511826334,0.13390321360916113
2020-07-29,0.9348970230948073,4.440174949448841,-0.20238479596576905,0.11330699919140641
2020-07-30,0.9358666984415401,4.509887692801923,-0.20383840430517194,0.09870009726226603
2020-07-31,0.9368773421281187,4.582651474647912,-0.2053684539738853,0.08345137340999176
2020-08-03,0.9381435488495298,4.638146381855057,-0.20662544496691626,0.0718253326144096
2020-08-04,0.9389528843627998,4.714160352720396,-0.2083813612230244,0.05589394026916006
2020-08-05,0.9395890915346136,4.81140929306712,-0.21033802493728285,0.035515337154390814
2020-08-06,0.9398857947026461,4.914271862795625,-0.21251782983165193,0.013953216884124098
2020-08-07,0.9404077871434964,4.98463069789668,-0.21411038506165087,-0.0007910738159890851
2020-08-10,0.9408219843153879,5.049567978649866,-0.215581088529604,-0.014398548536164624
2020-08-11,0.9418657386120286,5.0502781166046535,-0.21547156730602038,-0.014532410048607947
2020-08-12,0.9427416364639412,5.04530181954634,-0.21529177479907266,-0.013478006285444266
2020-08-13,0.9436238020509611,5.076841664803679,-0.2159143809828204,-0.02007975792338912
2020-08-14,0.9445584667441393,5.107730430966544,-0.21647330451720223,-0.026537494571907683
2020-08-17,0.945481657434989,5.158169814910407,-0.21740977129756933,-0.03708744128879049
2020-08-18,0.94631031014596,5.20772151803645,-0.21832992745869878,-0.04745732302851535
2020-08-19,0.9473866916161173,5.216059320376106,-0.21841329302670395,-0.04918143527615326
2020-08-20,0.9480946428710618,5.237649996747556,-0.21884794899782348,-0.05370358116050333
2020-08-21,0.9488566238207342,5.241739120118523,-0.21892523195640942,-0.05455899585449009
2020-08-24,0.9495751455923384,5.235640698716494,-0.21866655168140237,-0.05326184172161064
2020-08-25,0.9504409390945834,5.237523797255547,-0.21846328938890747,-0.05362871501245503
2020-08-26,0.9512093492647349,5.246199337197985,-0.21845287311247202,-0.055427437398572366
2020-08-27,0.951757222204076,5.249585942977454,-0.2183724375506823,-0.05612093977878807
2020-08-28,0.9523225046522044,5.262195545561542,-0.21859441805559285,-0.05876553060098977
2020-08-31,0.9529347126621899,5.261943542070086,-0.2186361188085219,-0.05871758635390001
2020-09-01,0.9535417741160052,5.2618553405443205,-0.2187853358485736,-0.05871467315082435
2020-09-02,0.9539787633914307,5.2492925685547585,-0.21862355467722747,-0.05608713470190452
2020-09-03,0.9543580369663732,5.241232284162999,-0.21851980460489184,-0.05440125762176429
2020-09-04,0.9547659017803688,5.245365886289286,-0.21873403916042494,-0.055283532856182926
2020-09-07,0.955152504860334,5.249702199258704,-0.218913637647596,-0.056204658201220115
2020-09-08,0.9555694161113277,5.249324140892663,-0.21901307689830288,-0.05613786605987703
2020-09-09,0.956031083311763,5.256541487420267,-0.21925976502609185,-0.057666028693891924
2020-09-10,0.9564584818826364,5.258509740923706,-0.21934339297130995,-0.058085113056595805
2020-09-11,0.9567691906821046,5.267521375581344,-0.2195219912333466,-0.05997749315757783
2020-09-14,0.9569973367128182,5.288056165283225,-0.21986696113568654,-0.0642861299360149
2020-09-15,0.9572745544572209,5.300719764243792,-0.22010191852692398,-0.06694654953878842
2020-09-16,0.9575582633077113,5.315725338494676,-0.22019993531966775,-0.07007239333757498
2020-09-17,0.9578196293512351,5.328684876160112,-0.22027973965273462,-0.07277047154900773
2020-09-18,0.9580604744403686,5.343534634845952,-0.22042611896546266,-0.07587234969735035
2020-09-21,0.9583184805790901,5.344654121877237,-0.2203260304307264,-0.07608865150551292
2020-09-22,0.9586732640034874,5.344074309268995,-0.22010550491971215,-0.07593721392541841
2020-09-23,0.9587584999772523,5.3359581454560505,-0.2196274974545701,-0.07420145959783231
2020-09-24,0.9588023067049902,5.330559811717336,-0.21932310366031876,-0.07305040650742556
2020-09-25,0.958693067718746,5.324738803044391,-0.21903412439200598,-0.07182343158922294
2020-09-28,0.9586598051441371,5.319837851007522,-0.2188279724143766,-0.07079163110387382
2020-09-29,0.9586317958275675,5.313354262811477,-0.21866107637184162,-0.06943529390553604
2020-09-30,0.958629270130636,5.305215138623112,-0.21858209973037823,-0.06773954097834911
2020-10-01,0.9586561590853304,5.301775190663902,-0.21854061848537504,-0.06702142218263246
2020-10-02,0.9586974368337204,5.299395765048549,-0.21850771312441572,-0.066524188219243
2020-10-05,0.9587209508556473,5.306658895658493,-0.21863254581882458,-0.06804707851507213
2020-10-06,0.9587257056976645,5.306850551570157,-0.21857601512577973,-0.06808187343362743
2020-10-07,0.9586973055034468,5.306060887354585,-0.21853129946252606,-0.0679136633671541
2020-10-08,0.9586689347559995,5.302215787217148,-0.21840231892292694,-0.06710184086255977
2020-10-09,0.9587032343436969,5.313247576728359,-0.21850106656713564,-0.06941017557439155
2020-10-12,0.9587635049753742,5.318713360499215,-0.21861054580747255,-0.07055998579876754
2020-10-13,0.9587145274421375,5.306556787674521,-0.21849162607478007,-0.06801797308455682
2020-10-14,0.9586908618612339,5.293762146869903,-0.21847365852889236,-0.06535155328506392
2020-10-15,0.9587107347623993,5.2853102956287215,-0.2185615412887,-0.06359997273789308
2020-10-16,0.9587283980945325,5.2735487463894035,-0.21862069537106255,-0.06115679140502217
2020-10-19,0.9587721595987719,5.266120424301899,-0.21868978403436135,-0.059615740497238945
2020-10-20,0.9588071736117356,5.266974343719703,-0.21884569813382213,-0.05980870969617491
2020-10-21,0.9587902348765822,5.275887451107012,-0.21907570565861126,-0.06169021288222365
2020-10-22,0.958688707048603,5.284771475518481,-0.21912906603635382,-0.06354707739478849
2020-10-23,0.9586200944989518,5.2920776467126105,-0.21912111877862422,-0.06506891368393053
2020-10-26,0.9584677823847686,5.295763238285648,-0.21910221280972228,-0.06583491713017198
2020-10-27,0.9583149593391859,5.302968852387193,-0.21899743104600622,-0.06732520136894016
2020-10-28,0.958052660668128,5.302050019090787,-0.2187167842529173,-0.06710641342270285
2020-10-29,0.9578204279190553,5.305513989891573,-0.21851955457286376,-0.0678077042951224
2020-10-30,0.9575502768174857,5.313847416714777,-0.21848607511651574,-0.06953657485126219
2020-11-02,0.9572739636706818,5.324892044738306,-0.21849714310578916,-0.07183301213975635
2020-11-03,0.9568417836042946,5.346883702960305,-0.21855889117431154,-0.07641946841355962
2020-11-04,0.9566068788795532,5.365186230017741,-0.2185051116296295,-0.08022699497285823
2020-11-05,0.9560984096918554,5.407036365868857,-0.2185667168340107,-0.08895962731674634
2020-11-06,0.9552959363374852,5.466871542272711,-0.2185915415068551,-0.10144263490319594
2020-11-09,0.9551935459343983,5.490318511597975,-0.2182922599194599,-0.10629565040120836
2020-11-10,0.9550690170025302,5.513488735686565,-0.21798982996053654,-0.11108955286151323
2020-11-11,0.9551217942498157,5.534077605296871,-0.2175569804450055,-0.11532719410532422
2020-11-12,0.9552359135424675,5.549165440745769,-0.21710748218540304,-0.11841421324519374
2020-11-13,0.9553397429235153,5.570748169776689,-0.21666235029401343,-0.12285571874416257
2020-11-16,0.9554155551621636,5.597357332453919,-0.2162188687305326,-0.12834699505226566
2020-11-17,0.9552402660121819,5.610746775806926,-0.2158829005056943,-0.1310958786139127
2020-11-18,0.9550119403008682,5.620451426906754,-0.21552721612593714,-0.1330745184531068
2020-11-19,0.9550817611720376,5.628536100341983,-0.21502650591491795,-0.13469470746179524
2020-11-20,0.9550653470141329,5.635526060374822,-0.2145237566520009,-0.13608805900676013
2020-11-23,0.9546047113835344,5.625948078853039,-0.2139514041584264,-0.13401925272347182
2020-11-24,0.9536073311527958,5.598537050946936,-0.21315173986308322,-0.1281980029448515
2020-11-25,0.9525737887108734,5.570306951374715,-0.21228217868591157,-0.1221961501486919
2020-11-26,0.951472974608442,5.542817434571884,-0.21145109688456284,-0.11635424908719982
2020-11-27,0.9494727603744872,5.499379863428967,-0.2104433365054394,-0.10716283347806677
2020-11-30,0.9463047125225742,5.441503360377795,-0.20949520081409895,-0.09496932607093012
2020-12-01,0.9451384164046732,5.417719670937379,-0.20869730035216574,-0.08990548442036761
2020-12-02,0.9439676491499056,5.394649922775716,-0.2080424351536517,-0.08500814065328033
2020-12-03,0.942888703436492,5.371227715625813,-0.20728110925788684,-0.08002063229555634
2020-12-04,0.9417173819248434,5.344864459397412,-0.20661894904117112,-0.0744288918433551
2020-12-07,0.9409443193896303,5.3348689009935635,-0.2060051245647698,-0.07226377380823967
2020-12-08,0.940079812707176,5.321816171895997,-0.2053694333932448,-0.06945714640817324
2020-12-09,0.9384082596496035,5.2856045938590315,-0.2048262313709446,-0.06182522857260664
2020-12-10,0.9366788361067684,5.245500597582996,-0.20435923532072942,-0.05338911610208541
2020-12-11,0.9349299301328414,5.208892240026471,-0.203878677682383,-0.045683019405602376
2020-12-14,0.9327753574582015,5.157456698394756,-0.20357197149918024,-0.03490221270237592
2020-12-15,0.9312353387737664,5.120388476957199,-0.2032926701467947,-0.027123959841321765
2020-12-16,0.9298563947799393,5.085350758790423,-0.20309246941736606,-0.019778959435926557
2020-12-17,0.9288580338133403,5.058419344746788,-0.20302452547408711,-0.014141929283747912
2020-12-18,0.9277808833601071,5.031990123854143,-0.2029524398761825,-0.008610659060209969
2020-12-21,0.9266818255025263,5.01267236469708,-0.20268754906486253,-0.004543122262285815
2020-12-22,0.9253079010397867,4.982335821347942,-0.20243897400527755,0.0018226630491795515
2020-12-23,0.9244656201793677,4.937716805915058,-0.20268210431885936,0.011113916578720406
2020-12-24,0.9239567266914324,4.8811660529042955,-0.20323351198067427,0.022859687318271593
2020-12-25,0.9233397159811028,4.8245514575171615,-0.20382647632006065,0.034614228657095625
2020-12-28,0.9223036701974688,4.773989196586981,-0.20421215662384845,0.045129090849208575
2020-12-29,0.9215185359194218,4.728423992878382,-0.20461607521097025,0.0546000947823192
2020-12-30,0.9207208499146575,4.694726190482543,-0.20491979748956785,0.06160439054814715
2020-12-31,0.9197841478390938,4.668622504364871,-0.20499191377795722,0.067050137952263
2021-01-01,0.9189452302608253,4.637007516812394,-0.20520672372470844,0.07362984731792888
2021-01-04,0.9185357283531885,4.616619689257075,-0.20568518005169245,0.07783084036056653
2021-01-05,0.9182886283680548,4.591269191716699,-0.2064423210979731,0.08303398167415466
2021-01-06,0.9179109767724092,4.55710401160513,-0.20724090014330776,0.09007426763717319
2021-01-07,0.9172994302388737,4.536951345190919,-0.20769751293456717,0.09422822680733756
2021-01-08,0.9162699865281002,4.489829604372677,-0.2083537405273152,0.10399414215414993
2021-01-11,0.9152999559994278,4.4469387777962535,-0.20902573154753715,0.11287142038931552
2021-01-12,0.9145389588152827,4.4027117933344995,-0.20979010712741675,0.12201637644445973
2021-01-13,0.9135403288072071,4.350372995674311,-0.2105084637197211,0.1328616423317146
2021-01-14,0.9124129076683535,4.306004672343506,-0.21113987186885774,0.14205378194381502
2021-01-15,0.9102145791667225,4.245252489991187,-0.21163804141723125,0.15468439248285337
2021-01-18,0.9079254370345207,4.194509944288909,-0.21191681725560207,0.16525147014360364
2021-01-19,0.906083449362346,4.163875964480919,-0.21185926436206165,0.17166066181166761
2021-01-20,0.9046749629657125,4.141428821994946,-0.21189702246296588,0.17634603715256092
2021-01-21,0.9031843562943992,4.125201047909626,-0.21198270735161753,0.17972680057511536
2021-01-22,0.9013694758443378,4.086342179045308,-0.2124465683306506,0.1877863842510925
2021-01-25,0.8992842989877899,4.042643565346143,-0.2128949844549789,0.19685593824963787
2021-01-26,0.8970049064311783,4.010239024379923,-0.21298476450767273,0.20361338314878874
2021-01-27,0.8941337443524412,3.9820399327020164,-0.2128226956214469,0.2095213092039696
2021-01-28,0.8908981218498945,3.943409189316685,-0.21288321085453213,0.21757881186650518
2021-01-29,0.8881584940952109,3.898932942494034,-0.21331173114818847,0.22681250227149008
2021-02-01,0.8860111788590985,3.8623554308175514,-0.21377689825971083,0.23438892995854954
2021-02-02,0.883072666202721,3.810150297526099,-0.21438451151302965,0.24520998811394645
2021-02-03,0.8798116992852614,3.7540380173954366,-0.21504055798670108,0.2568404211979063
2021-02-04,0.8752591299499535,3.6789245261481125,-0.21599928629273107,0.2723920986111742
2021-02-05,0.8723037336664363,3.583413452535379,-0.21768615797795998,0.2921160807545896
2021-02-08,0.8701402599759178,3.4970340569992135,-0.21932755748060978,0.3099372852907315
2021-02-09,0.8689570992284956,3.3944793982983636,-0.22143932737825603,0.3310759948395222
2021-02-10,0.8677284771724381,3.3081772384495567,-0.22311342697876635,0.3488738702701518
2021-02-11,0.8650847590800406,3.2367974101112225,-0.22424664338803202,0.3636319915078491
2021-02-12,0.8629105406133384,3.1616081665908773,-0.22562052943610525,0.37915369995408255
2021-02-15,0.8606135563807219,3.093097743465983,-0.22681971592943617,0.3933037261829303
2021-02-16,0.8578434898729572,3.0986034271386433,-0.22580370637712804,0.39230473000665333
2021-02-17,0.854558769803776,3.1003572801350314,-0.22488794919480726,0.392070867733632
2021-02-18,0.8527777611873999,3.0942297455442977,-0.22448323913248291,0.3934162690860151
2021-02-19,0.8520187709121992,3.1103657229476935,-0.22378724239692654,0.39015269757770765
2021-02-22,0.8513219232695215,3.1363674087160778,-0.2231189333573272,0.3848165893721913
2021-02-23,0.8516829850330097,3.168811933428433,-0.2222258936340255,0.3781776358542279
2021-02-24,0.8508651233848131,3.1818559199496743,-0.22186212840440897,0.37550571585867654
2021-02-25,0.8490631485355302,3.2158209805093954,-0.22135576340058635,0.3684626704930616
2021-02-26,0.8481276584116442,3.1135572071444013,-0.22425059784876342,0.3894257540985304
2021-03-01,0.8445493908971293,3.0559601087740305,-0.22568559396223198,0.4012625608401106
2021-03-02,0.8382519363053802,3.0112466143530057,-0.22638378067968454,0.4105140213824008
2021-03-03,0.8315346641771744,2.994756345285941,-0.22580217122305765,0.4140612928274241
2021-03-04,0.831948566860113,2.734902346083347,-0.23556357400164352,0.4669703481257159
2021-03-05,0.8357620004852307,2.3757117578836366,-0.25040513978557877,0.5398903356298326
2021-03-08,0.84230119332023,1.914906512164233,-0.27040312981302367,0.6332894263740287
2021-03-09,0.8348512108289022,1.862853019152796,-0.2727844745770549,0.6438077842301178
2021-03-10,0.8292237352525216,1.8295067887313934,-0.27356149548999437,0.650667861028289
2021-03-11,0.8272609716814925,1.7868048113214554,-0.27580662500023945,0.6592275961314
2021-03-12,0.8241949430990686,1.8087357636724706,-0.275071615009103,0.6547514643166121
2021-03-15,0.8218966506514294,1.8117911199937975,-0.2753416601732601,0.654060156922402
2021-03-16,0.8191251194696811,1.8027968177123768,-0.2759651605107729,0.6558374197477759
2021-03-17,0.8161248699695376,1.8165066451297474,-0.27558003240493834,0.6530265097810233
2021-03-18,0.8091727306467069,1.9030214213854872,-0.2725303781750583,0.6353878610569725
2021-03-19,0.8047641017696416,1.972721007209154,-0.2686769758927024,0.6214446119484807
2021-03-22,0.8049186628240598,1.9671456747376368,-0.26695298214183916,0.6229602957317297
2021-03-23,0.8090531808643722,1.8921466155350313,-0.2668043617600476,0.63880826995517
2021-03-24,0.8102994784178806,1.8357352957270079,-0.2670010771953233,0.6506641786849177
2021-03-25,0.8096040784405379,1.8023174684233254,-0.26694369641315896,0.6577133115357254
2021-03-26,0.8097497181912483,1.7723813867704568,-0.26635861256008453,0.664137057470201
2021-03-29,0.8108790486237419,1.739098165571897,-0.2663772615100817,0.6711538474214049
2021-03-30,0.8118467865082043,1.6881264355680683,-0.26708637152374115,0.68175938550487
2021-03-31,0.8125057912647959,1.663596031470309,-0.26734120128465744,0.6868812849656598
2021-04-01,0.8129587117008797,1.6479261734368977,-0.26739156184129853,0.69017715971769
2021-04-02,0.8147508590037837,1.6119837057183712,-0.2674155082034049,0.6977628213109826
2021-04-05,0.8145917798475639,1.6251298650213615,-0.267033774052681,0.6950682093486553
2021-04-06,0.8132586638273116,1.6391468603605395,-0.2666323743183753,0.692194982450725
2021-04-07,0.8131728476572697,1.649598019477601,-0.26730801899268075,0.6898661698170672
2021-04-08,0.8118194957253212,1.6508760093966641,-0.26679973794326717,0.6896984634162351
2021-04-09,0.8112615679210021,1.6635014775097554,-0.26619987380058263,0.6871577877155897
2021-04-12,0.8114601676299641,1.675703068261738,-0.2660147342616519,0.6846229553864054
2021-04-13,0.8120563349383633,1.6474675633118112,-0.26592761463388737,0.69059882217683
2021-04-14,0.8127764622192828,1.6135092287691801,-0.26585215434865517,0.6977780209406454
2021-04-15,0.8135041931894014,1.5675894837143742,-0.2658085859238285,0.7074731671207399
2021-04-16,0.8134002299162741,1.5461811905601541,-0.26556085883194686,0.712040705247611
2021-04-19,0.8120134260495947,1.5483030032900027,-0.26481039018226726,0.7117453405386109
2021-04-20,0.8106374869929366,1.5503310976725349,-0.26419188716867675,0.711444275256472
2021-04-21,0.8089952790411641,1.5566224171058831,-0.26349586597647034,0.7102629341819089
2021-04-22,0.8078015329555914,1.5587155129628183,-0.2630750063467464,0.7099090192129607
2021-04-23,0.8061643458326964,1.5548243357390765,-0.26261745276593107,0.7108211016232677
2021-04-26,0.8052402945927157,1.5482308245812861,-0.2622575732202076,0.7122853342639439
2021-04-27,0.8039502985516577,1.5482935055055211,-0.2618316528684513,0.7123590029989324
2021-04-28,0.8023706709431554,1.5422317696393932,-0.26135402471718694,0.7137329343454588
2021-04-29,0.8009406926172691,1.5397879755546233,-0.2610392324803089,0.7143114377106705
2021-04-30,0.8001186127571096,1.5305595028136736,-0.2607999476023855,0.7163048906976799
2021-05-03,0.7991848846210678,1.537591725932855,-0.26068115417058746,0.7148489917146221
2021-05-04,0.7985742271169084,1.5319755214780777,-0.2608409146535286,0.7159966075210706
2021-05-05,0.7968344658525438,1.5167115900021964,-0.2609768176953604,0.7191709501083601
2021-05-06,0.7962096921522553,1.5283864448745237,-0.26128706710816674,0.7166477473800625
2021-05-07,0.7953827104494517,1.5463912957429722,-0.2614325408721752,0.7128287570237904
2021-05-10,0.7938880073267612,1.5522347766838562,-0.2613011794869088,0.7116291987317267
2021-05-11,0.7924419254450359,1.5692189298901713,-0.261282698663424,0.7080609362210957
2021-05-12,0.7911818089558764,1.5810123130327032,-0.26127031282451096,0.7055822238556311
2021-05-13,0.7889877640890165,1.591762244360166,-0.26107116634105015,0.7033629432783509
2021-05-14,0.7866576392968021,1.6019459891487644,-0.26069395746716356,0.7013020269096382
2021-05-17,0.7839913119332149,1.620377793362973,-0.2604071328895143,0.6974899945528639
2021-05-18,0.7807246251677652,1.6538027300941458,-0.2600805055760629,0.690528007070567
2021-05-19,0.7741718673822858,1.720918984192747,-0.2590365552063025,0.6766038501842684
2021-05-20,0.7652172830224502,1.802506126873439,-0.2577106011927278,0.6596836676433946
2021-05-21,0.7564125127069119,1.8681297922277231,-0.25678011259048933,0.6460535265317711
2021-05-24,0.7505413563866103,1.9402643591495057,-0.25773971818938807,0.6306848172864759
2021-05-25,0.7422510064964398,2.0042752369605443,-0.25868577338209714,0.6170375286024763
2021-05-26,0.7329791569944035,2.0810252139677203,-0.25921887072821176,0.6007816358363185
2021-05-27,0.7242204170364571,2.1642641873960677,-0.26002943953761287,0.5831023520053857
2021-05-28,0.7166289984516112,2.237203549972987,-0.26014323506985126,0.5677277489668897
2021-05-31,0.7081916122702911,2.294171429105692,-0.2591594684319972,0.5559376171435708
2021-06-01,0.7001921957937468,2.3655226282599013,-0.25900033269687894,0.5409486306512121
2021-06-02,0.691650541851063,2.427227930359628,-0.2584221986996963,0.528078781796329
2021-06-03,0.6840233293867559,2.4756474328154505,-0.25745254077487595,0.5180764918895082
2021-06-04,0.676802979938069,2.52747091376453,-0.2570377320989182,0.5072523413988825
2021-06-07,0.6676390881426341,2.569966667753503,-0.25520775849812594,0.498678636408209
2021-06-08,0.660624964808149,2.6054468186405417,-0.2538739048578031,0.49148586927773374
2021-06-09,0.6538383662236257,2.644072356631047,-0.2525156789077934,0.48363327752575547
2021-06-10,0.6506500413349747,2.667481318347571,-0.2522325897398994,0.47877854776050377
2021-06-11,0.6470914711461642,2.6807795484103085,-0.2514591985019338,0.4761487168826726
2021-06-14,0.644341211519521,2.6797215349438632,-0.2504791192007024,0.47658760612957773
2021-06-15,0.6431989346605826,2.6554110859253512,-0.2495122630992333,0.48192903766133943
2021-06-16,0.6413911573755159,2.6310753996094656,-0.24743860005342122,0.4874978314392888
2021-06-17,0.6423816779902134,2.595134314111619,-0.24689291627758925,0.49519492253065134
2021-06-18,0.6424287240254777,2.549160679167833,-0.24643102922438376,0.5049840267541064
2021-06-21,0.6443045183621479,2.488570055078805,-0.24526790776886057,0.518018560858907
2021-06-22,0.644921887850092,2.416479467126268,-0.24424534395625364,0.5334371704882813
2021-06-23,0.6458365059599867,2.3436470905241764,-0.24336012026286719,0.5489871697371773
2021-06-24,0.6479744379996557,2.2681697653509176,-0.2426558048142763,0.565069696853992
2021-06-25,0.6493022305182408,2.2212416201577234,-0.24213650940187684,0.5750834412434306
2021-06-28,0.6505147818790622,2.1486402026130995,-0.24130482826285696,0.5905780423824325
2021-06-29,0.6512808346422368,2.0723882227174375,-0.2405333151392481,0.6068260658126218
2021-06-30,0.6511912977536404,1.9878351733938664,-0.23941163172125104,0.62489186300385
2021-07-01,0.6511057535888853,1.9092461217713868,-0.2383616164180612,0.6416850425748173
2021-07-02,0.6506294056926487,1.8402090040797114,-0.23722121388809286,0.6564765421966093
2021-07-05,0.6517751649160461,1.7354015735004156,-0.23559729442931204,0.6789300631649039
2021-07-06,0.6516725676579254,1.6235833707054588,-0.23361274452761094,0.7029269422936897
2021-07-07,0.6517723847691933,1.5118892890119733,-0.231713809961136,0.7268840347905907
2021-07-08,0.6519229215820899,1.4320257013642017,-0.2307438081392256,0.743940684270532
2021-07-09,0.6513263757997199,1.3851003126013832,-0.23022840048650384,0.7539462162003878
2021-07-12,0.6488839046906799,1.3410598280956294,-0.22935122734065122,0.7633981365653657
2021-07-13,0.6462038554052908,1.3096451451001077,-0.22872420187430095,0.7701341193362762
2021-07-14,0.6433185473873873,1.3369548998598022,-0.2281489676217443,0.7644277465681599
2021-07-15,0.6386463511722063,1.3692104578461812,-0.2268372919300465,0.7578015838025162
2021-07-16,0.6311949454748875,1.3995067329693684,-0.22477262103140544,0.7517187211666885
2021-07-19,0.621093138101356,1.4183552664495476,-0.2220360459699014,0.7481849668438046
2021-07-20,0.6108009203522475,1.4529227993831877,-0.2195652797807122,0.7412770623835025
2021-07-21,0.6022319056898718,1.4746140194760353,-0.2181228559002298,0.7369124244852797
2021-07-22,0.5904261748623075,1.5312322490431018,-0.21557991502380966,0.7253527271560137
2021-07-23,0.5758217512885607,1.5959733202045445,-0.21134583669405763,0.712370916094689
2021-07-26,0.5555214855046446,1.6694043748878236,-0.20474557334158067,0.6979757381351308
2021-07-27,0.5353620844145119,1.7441111992767482,-0.1986670912878512,0.6832204061473413
2021-07-28,0.5165279586012458,1.8277832101290348,-0.1926530884245884,0.6665580848269039
2021-07-29,0.5066718961545391,1.7845406361792868,-0.18895235909776997,0.6763510494096419
2021-07-30,0.49449223104791484,1.738783119233232,-0.18457476004496703,0.6867970668988328
2021-08-02,0.4801133461634671,1.7591671851829913,-0.1797170979042207,0.6833232684605236
2021-08-03,0.4650927712808438,1.7863171970359417,-0.17453450518328356,0.678476785767262
2021-08-04,0.4512653754493682,1.8598118736475437,-0.1699717606742272,0.6637045016126629
2021-08-05,0.4385937474678051,1.9402880124206756,-0.16621192076436392,0.6473080768872621
2021-08-06,0.4226185730653882,1.9855795266804366,-0.16292988813123194,0.63826812538995
2021-08-09,0.4030452516503782,2.0696130287092678,-0.1595009286314981,0.6210420587590749
2021-08-10,0.3836208892362407,2.130923112575352,-0.15618065448755547,0.6086126828925573
2021-08-11,0.3670612992081683,2.1614220506777113,-0.15278840444749064,0.6027282127914375
2021-08-12,0.35214088527762344,2.2038569970083324,-0.1498373124436837,0.5942361819331871
2021-08-13,0.3379755195471561,2.2624813076399457,-0.14651607294918786,0.5823904328812366
2021-08-16,0.3256949663277251,2.3167937481124325,-0.14338927924187148,0.5714260589311824
2021-08-17,0.31228770628575475,2.414148620758932,-0.14008670791750008,0.551378445653989
2021-08-18,0.2984194478996831,2.5056267829551446,-0.13685229209733804,0.5325662543041382
2021-08-19,0.28394213617049613,2.618764038198252,-0.1334953879730667,0.5091904281870134
2021-08-20,0.27159587320166945,2.7312061272641217,-0.13116730239259827,0.48578091426212133
2021-08-23,0.2634109889457942,2.8142043392191685,-0.129402473025179,0.46850518058377466
2021-08-24,0.2565009630889722,2.9101865744608624,-0.12783552890009955,0.44843989828827735
2021-08-25,0.24907947063012037,3.011471515156374,-0.1262040372324334,0.4272598331149806
2021-08-26,0.2416077526303585,3.119874103408285,-0.12471076248088633,0.4045527941121818
2021-08-27,0.2337967631904032,3.234958009728135,-0.12238662367790365,0.38058472054921755
2021-08-30,0.2254662064688353,3.337329058611658,-0.11987574178550747,0.3593397768442801
2021-08-31,0.21958717729334076,3.4530436920060463,-0.1182204238929778,0.33511447884840195
2021-09-01,0.2145924270839803,3.57584310244576,-0.11650074105265029,0.3093935958738534
2021-09-02,0.20874824898558741,3.6892311988372137,-0.11455352912409988,0.2857076672917996
2021-09-03,0.2046249407005294,3.8022791019186624,-0.11298310686724655,0.2620301536277674
2021-09-06,0.20144752786920406,3.915525825787695,-0.11170479054074575,0.23825736174735712
2021-09-07,0.19716617783400336,4.032997111092227,-0.11012564745319486,0.2136307491263828
2021-09-08,0.19192503030638164,4.162331555111809,-0.10853885080053294,0.18650364789288287
2021-09-09,0.18632284309493552,4.2828023550893395,-0.106602318680659,0.1613208007786211
2021-09-10,0.18173438305434864,4.346487986187084,-0.1051836203351631,0.14807007894853585
2021-09-13,0.17800229980490412,4.442355449446035,-0.10399530317559852,0.12796549298133897
2021-09-14,0.17494061600043664,4.531373485223968,-0.10291784349388255,0.10929626654483249
2021-09-15,0.17107703795264428,4.668166420232358,-0.10156538891590403,0.08055741560263785
2021-09-16,0.16450937112920738,4.865605388861661,-0.09954155575899518,0.03908976220255522
2021-09-17,0.1610698990955325,5.063305414901913,-0.09838158839899791,-0.0025948386041279026
2021-09-20,0.15821580070881947,5.317663175306648,-0.0968740443662543,-0.05620799546288635
2021-09-21,0.15746025192087798,5.572959404178179,-0.09573197785146917,-0.11008415449394882
2021-09-22,0.15873904424369434,5.8442360588583036,-0.09490440269142042,-0.167414257072652
2021-09-23,0.160690383909872,6.085405229567267,-0.09456613771414513,-0.21846269218134196
2021-09-24,0.16427329403719249,6.3551365089553284,-0.09443219552014703,-0.27559495317508065
2021-09-27,0.1675444241411267,6.62663216127977,-0.09384924658067972,-0.3330153212107416
2021-09-28,0.1735845766655033,6.939697580936881,-0.09329712464262474,-0.39925887876335553
2021-09-29,0.18150855949970868,7.275712466832624,-0.09284344465123301,-0.47037769747675595
2021-09-30,0.18747293418776012,7.5707527702137405,-0.09190366691100718,-0.5327080098799335
2021-10-01,0.1932940171487857,7.872184361295659,-0.09062119530183332,-0.5963322101357114
2021-10-04,0.20218847923877403,8.239240940362329,-0.08926240897601953,-0.6738349585974359
2021-10-05,0.2108623055083616,8.585551872416739,-0.08785058654780487,-0.7469390309047879
2021-10-06,0.2208864912792693,8.89949306966995,-0.08678526092951172,-0.8132534623210397
2021-10-07,0.2337310618884071,9.233160192346912,-0.08599968203044323,-0.8838056430816184
2021-10-08,0.2480949771597487,9.553729135617845,-0.08516320054055665,-0.9515802531393036
2021-10-11,0.2633461800747363,9.881662251197127,-0.08464250095424214,-1.0209699289647882
2021-10-12,0.2782358824407033,10.180447288876893,-0.083989284248155,-1.0841587221800695
2021-10-13,0.29348492001921156,10.487572283144022,-0.08318172605268398,-1.1490767077597281
2021-10-14,0.308540618779616,10.776832790093115,-0.08220860247449507,-1.2101849749730893
2021-10-15,0.3254743813891301,11.171168092277364,-0.08104568560365677,-1.2935057748669143
2021-10-18,0.34875233446816356,11.678919499496844,-0.08060568696291986,-1.4009792336245828
2021-10-19,0.3777935558957808,12.212681398769426,-0.08120777762091552,-1.5141612732532983
2021-10-20,0.4150842686980477,12.859821535916748,-0.08144135960621657,-1.6512819521465631
2021-10-21,0.4521506916583451,13.393260688034028,-0.08230510871911867,-1.764457402322386
2021-10-22,0.4852209589964358,13.847188099322672,-0.08249469205104387,-1.8606647025587801
2021-10-25,0.5236535595501199,14.2147291142288,-0.08280011749677796,-1.9386153888300877
2021-10-26,0.5629659115850143,14.497452448871313,-0.08415545442259892,-1.9988176894447638
2021-10-27,0.5830106175162426,14.699127202043709,-0.08564712996161122,-2.041858948435991
2021-10-28,0.6050609310742565,14.89704255795533,-0.08738193478016604,-2.08414867508486
2021-10-29,0.6256699693057759,15.062557452797998,-0.0891912187364734,-2.1195844286473022
2021-11-01,0.6483994902894832,15.246080964860495,-0.09031952867588708,-2.1586989786591664
2021-11-02,0.6760236853780297,15.449215077784988,-0.09165610995641854,-2.202012704578019
2021-11-03,0.7011549651432388,15.586057232367512,-0.09321185903728874,-2.231334265394819
2021-11-04,0.7210390304529783,15.677065993575013,-0.09468155570815265,-2.250928475833085
2021-11-05,0.7361252547976387,15.726714843995522,-0.09644284624621707,-2.2618143850584156
2021-11-08,0.7528321441944767,15.822602348525619,-0.09788674902175465,-2.282431751710387
2021-11-09,0.7683274614798072,15.896910785353356,-0.0991010657382283,-2.2984370251429542
2021-11-10,0.7745100974248861,15.905251857599877,-0.10123776430846043,-2.300626264394832
2021-11-11,0.7719077083252787,15.837799674709743,-0.10325274643968446,-2.2867248392088286
2021-11-12,0.7653335726798439,15.704293864878244,-0.10552847422035871,-2.258880059843609
2021-11-15,0.7583004618076628,15.564798701009007,-0.10760866760975737,-2.229729659669009
2021-11-16,0.7469392205694009,15.34649504137608,-0.10935805351901567,-2.1838172491346133
2021-11-17,0.7334077337210367,15.11348675464125,-0.11125292837909712,-2.1348094926069923
2021-11-18,0.7245182456252295,14.925698978931464,-0.11324119530466648,-2.0954141600055514
2021-11-19,0.7165429448606154,14.73743507895945,-0.11476445625070303,-2.0558338364166615
2021-11-22,0.7074139305418433,14.51657137043491,-0.11497845615689534,-2.0090959457546997
2021-11-23,0.6984658307994077,14.282378177236321,-0.11493824005042427,-1.9594852738102033
2021-11-24,0.6898539265112105,14.024412844997283,-0.11492943375695364,-1.9048629953822136
2021-11-25,0.6815517445995134,13.783609204542142,-0.11480253107503771,-1.8538539128791416
2021-11-26,0.6769286166003204,13.61783219674695,-0.11538379220596365,-1.8188600398595849
2021-11-29,0.6711501961804698,13.435385309385147,-0.11571278045300668,-1.7802850097363851
2021-11-30,0.6700846246220924,13.361841466092766,-0.11595845609127556,-1.76476048572043
2021-12-01,0.6680596268759789,13.279384670610806,-0.11616088930887261,-1.7473320409675974
2021-12-02,0.6666058850357077,13.211764152027058,-0.11621741330123651,-1.7330274121552804
2021-12-03,0.6634490346016364,13.116469627248744,-0.11644253675257119,-1.7128974128708756
2021-12-06,0.6585263632993112,12.995673384055024,-0.1163344351433564,-1.687306931405471
2021-12-07,0.6539925733133267,12.880253537253655,-0.11607838155463666,-1.6628292504433762
2021-12-08,0.6515050132679481,12.804364596763092,-0.11583004460356977,-1.6467254747224982
2021-12-09,0.6493206514478206,12.730661694820597,-0.11558055320949898,-1.631079500511166
2021-12-10,0.6459711773055188,12.643611936093683,-0.11517741764416309,-1.6125807080371888
2021-12-13,0.641409249781618,12.5374722900575,-0.11472086833740643,-1.5900319720037164
2021-12-14,0.6369307609380506,12.415260085649091,-0.11396667555662776,-1.564025229452613
2021-12-15,0.6300647638582991,12.267354229638027,-0.1131500088130906,-1.5325629740982576
2021-12-16,0.6233945073459304,12.159486805493259,-0.11282686544920875,-1.509670373175663
2021-12-17,0.6159305208746793,12.039578686655796,-0.11227166972815006,-1.4841904246814654
2021-12-20,0.6078898324332449,11.914070192792162,-0.11148628109846806,-1.457483775534747
2021-12-21,0.5995839909635392,11.785458016549242,-0.11065596441180224,-1.4301132497575515
2021-12-22,0.5904924452332014,11.625451774476954,-0.10921353521298305,-1.3960021239884002
2021-12-23,0.5793453976356402,11.444836371911551,-0.10750910613420854,-1.3574813004695745
2021-12-24,0.5689393352454839,11.295726690508536,-0.10653831979008141,-1.3257581098390196
2021-12-27,0.5618708988343906,11.16641941534421,-0.10578416048760873,-1.2982735328427357
2021-12-28,0.5576075010014787,11.106790197435034,-0.10583838152792674,-1.2856636214113815
2021-12-29,0.5539919835234317,11.038731109107141,-0.1057967323944469,-1.2712565760318228
2021-12-30,0.5503270028893461,10.974662452610616,-0.10596462213952655,-1.2577375726980646
2021-12-31,0.5442403606320481,10.908198104626521,-0.10623861908053965,-1.2437177039536738
2022-01-03,0.5393330174701483,10.849135180881344,-0.10612720127493874,-1.2311943465207063
2022-01-04,0.5325398131575485,10.790661982546116,-0.10591356238474858,-1.2187544295199477
2022-01-05,0.5237938290624695,10.72088153387957,-0.10500264539544973,-1.2037856961044877
2022-01-06,0.5138305622162671,10.620833591328507,-0.10324122994859808,-1.182259885379481
2022-01-07,0.500902830582914,10.500517679963487,-0.1010006907196272,-1.156368599923392
2022-01-10,0.48519006964907363,10.351881881164003,-0.09836704039290403,-1.1244113684984574
2022-01-11,0.47184930342409714,10.249823229951804,-0.09678866073420075,-1.102503611773332
2022-01-12,0.4572542518918905,10.161841931890612,-0.09473841458776955,-1.08348081117796
2022-01-13,0.44471939820800843,10.09396176908265,-0.09296934616608932,-1.0687631219401978
2022-01-14,0.43046508870763966,10.01047577672509,-0.09047866204447758,-1.0506021129239318
2022-01-17,0.4163548382556078,9.931182446239,-0.08810131412204986,-1.0333500938384967
2022-01-18,0.39841845831767664,9.810216924564207,-0.08461183955170704,-1.0070741495321227
2022-01-19,0.3718403394996108,9.650876720510555,-0.07969355454261662,-0.9724148414479254
2022-01-20,0.34592221416529256,9.512133873145828,-0.07452693026928697,-0.9420544156371407
2022-01-21,0.3275998160889362,9.402842599714473,-0.07119945379907339,-0.9182790413103077
2022-01-24,0.3093651424113216,9.270866134574621,-0.06829269362677948,-0.889771055147976
2022-01-25,0.28970114058305907,9.138567560625038,-0.06525294321281921,-0.8611753284882981
2022-01-26,0.27370943471023423,9.01962625910343,-0.061886272425246136,-0.8353603150273914
2022-01-27,0.2626925427333848,8.900907450357307,-0.05962638844102397,-0.809813642941553
2022-01-28,0.2540202343885827,8.805722612275035,-0.05812364584989205,-0.7893933289335844
2022-01-31,0.2461428228428777,8.734283727448116,-0.05678083154006486,-0.7740149083817771
2022-02-01,0.23865282222745665,8.670145493679902,-0.05533403622668148,-0.7601595138070434
2022-02-02,0.23090400192658012,8.61137636785984,-0.053932960796289287,-0.74744775752416
2022-02-03,0.22530553811808363,8.57231942199551,-0.05231367628346123,-0.7388550910340022
2022-02-04,0.2184874325569376,8.521939531365323,-0.04995907656391585,-0.727720673216109
2022-02-07,0.2089127016505966,8.460646626941204,-0.047200415569454646,-0.7142043026126184
2022-02-08,0.19762520083825408,8.391778055475772,-0.044091908843895966,-0.6990244359452911
2022-02-09,0.18611405525042046,8.312408992790807,-0.04141928297010905,-0.6817217974387297
2022-02-10,0.17647235075791035,8.255224962649418,-0.03873993304672457,-0.6691088256636721
2022-02-11,0.16235867296005702,8.17068719887213,-0.035797337350368275,-0.6506530698695885
2022-02-14,0.14647335218206148,8.075911478636385,-0.032083372550478995,-0.6298776989984314
2022-02-15,0.13553185847972726,8.0216414378691,-0.02821514868244457,-0.6176233421411197
2022-02-16,0.12508075314334488,7.9900567930116875,-0.02399632516933603,-0.610089944508518
2022-02-17,0.11381947720489227,7.948170016209122,-0.019944659043769852,-0.6004051921596925
2022-02-18,0.10465234086186459,7.904278020703095,-0.016029610984815923,-0.5903170131925444
2022-02-21,0.09776587461947683,7.8773513929169585,-0.01156716883112896,-0.583707426565246
2022-02-22,0.08937467682933642,7.802214984766032,-0.007466897733709982,-0.5669828735596545
2022-02-23,0.08085160876835096,7.696193332988925,-0.003027612898387766,-0.5436614596513603
2022-02-24,0.07156625743366596,7.545099117668251,0.00015453124445502509,-0.5110643984345951
2022-02-25,0.06711378552235325,7.46402219148088,0.0027474886495073847,-0.49337898625652143
2022-02-28,0.06339511273924969,7.3994427544904005,0.004007837434061634,-0.4794117832536655
2022-03-01,0.0552303341368382,7.25678385054972,0.005026285676881896,-0.4489745781298937
2022-03-02,0.049285578427215815,7.133873069799707,0.006257748209096449,-0.42268489279972954
2022-03-03,0.043210466685734805,6.997748096455311,0.007550525852404901,-0.393587670437628
2022-03-04,0.03263481486392772,6.755200845898916,0.007636791384798058,-0.34221990232180066
2022-03-07,0.021186660399597046,6.431766674364418,0.007593506346103743,-0.27376963558849976
2022-03-08,0.009312964143174951,5.992802046841652,0.006159928630713865,-0.1811545851072789
2022-03-09,0.0060197896217999425,5.772185913919175,0.006951025416859675,-0.1342875050488721
2022-03-10,0.004001938206473654,5.534230924278209,0.008105742531017812,-0.08368417948893292
2022-03-11,0.0027097415633735578,5.28533211829264,0.008339184994199184,-0.030950340470888626
2022-03-14,0.003753732698635659,5.072717834788133,0.010233074659442495,0.014413253733425613
2022-03-15,0.006100446827070782,4.932531195546925,0.012618176053381003,0.04454809103171309
2022-03-16,0.010724267639925511,4.8006147914261526,0.016282922311449788,0.0731866554853986
2022-03-17,0.01680398223041435,4.677372941092081,0.020050025540476704,0.10003174730041886
2022-03-18,0.022426301116622693,4.59301032407881,0.023024960762749014,0.1184974396525178
2022-03-21,0.029562027802507496,4.518736845986725,0.026421816644593324,0.13490241361912347
2022-03-22,0.03779654230620366,4.460905485544396,0.029846311419042676,0.14783175566798934
2022-03-23,0.04688430414731126,4.399503653514934,0.03342525611384764,0.16155716541063403
2022-03-24,0.05665828906837955,4.34266001088363,0.03699521666428218,0.1743146137305509
2022-03-25,0.0686947277070612,4.311997265647047,0.04093437600639582,0.1816052327275679
2022-03-28,0.07728334864542019,4.294599917637373,0.04330869296995152,0.1857781550222446
2022-03-29,0.08807363390166567,4.302906451554673,0.046295909109118905,0.18464293285310718
2022-03-30,0.1001226075478886,4.3228524957193795,0.04968491927523683,0.18113771033556603
2022-03-31,0.11058682256767027,4.336906623037752,0.05241206914094157,0.17874638097987106
2022-04-01,0.12238835166692974,4.374526601773001,0.054994407060294875,0.17134361435007794
2022-04-04,0.13245123008204562,4.3949900812166,0.05694947826897004,0.1674328760641426
2022-04-05,0.14157921316340838,4.418351514216759,0.05824885247858641,0.16277401421727533
2022-04-06,0.15236924180611466,4.4599310403881045,0.059618108230960865,0.15428175049305637
2022-04-07,0.16399244605624852,4.494730377768234,0.06081748757805039,0.14718579049307512
2022-04-08,0.17635263471698415,4.510093205136554,0.06206910843494651,0.1441979255242114
2022-04-11,0.19041362017820673,4.534167095263551,0.06351947247082207,0.13941365540405948
2022-04-12,0.20617915374112117,4.565035960332347,0.06542211176176693,0.13328597159262434
2022-04-13,0.22269641621564296,4.599450078578348,0.06730852541979265,0.12640349805982165
2022-04-14,0.23871189562500716,4.641687928973251,0.06879251881228388,0.11779310114826536
2022-04-15,0.25366702760780524,4.681308570003116,0.07007083515668111,0.10969358205484525
2022-04-18,0.2692911926763254,4.730461672921818,0.0715178956771721,0.09961796175754589
2022-04-19,0.28082428180084895,4.798273702236086,0.07189186113885454,0.085398093554226
2022-04-20,0.2919539201537765,4.833383448984388,0.07252042311167411,0.07812301776702069
2022-04-21,0.30186218443666113,4.8705524021284585,0.07306970677814184,0.07040397065685444
2022-04-22,0.30795815799401804,4.909807887860015,0.07291873148037842,0.06210230751342927
2022-04-25,0.30878119406431825,4.9609660932167845,0.07217933560045159,0.051158561921022194
2022-04-26,0.3102111739741831,4.988589962834309,0.07141862434573631,0.045171180603690964
2022-04-27,0.3094043073564352,5.02873940112895,0.07041949931743738,0.03648919601580536
2022-04-28,0.3109088776684902,5.056986698234374,0.06988684969343138,0.030411133531214052
2022-04-29,0.31079877098894915,5.119473761700107,0.06905402474215465,0.017060957367159624
2022-05-02,0.3011191148641641,5.220503988995148,0.06687418363550719,-0.0046791922517828155
2022-05-03,0.29475044669540995,5.272664642658274,0.06508378844028859,-0.016040323972214665
2022-05-04,0.2943169531430099,5.263592560276823,0.06389607014675028,-0.014374812639952772
2022-05-05,0.2912395366518362,5.260560527231531,0.06222483525276276,-0.01407302544790534
2022-05-06,0.2872854149148232,5.249117868211496,0.06030512494080839,-0.01203510241145822
2022-05-09,0.27765307812761775,5.260371965163557,0.05790924707221504,-0.014878127117855744
2022-05-10,0.26510322161682454,5.284413601529108,0.05534273139423643,-0.020452182296416765
2022-05-11,0.2596039022433083,5.265295480365536,0.05361449272522331,-0.016769638362781336
2022-05-12,0.24972060071694968,5.270614042586576,0.05156231458047683,-0.018314709699273735
2022-05-13,0.23739040302132308,5.265947280138162,0.04931383843519539,-0.017785557061403168
2022-05-16,0.22986218300547911,5.227884693756961,0.047428637724686876,-0.010142054642490628
2022-05-17,0.22047946439427135,5.119798272912631,0.04477834007992687,0.012131630030748575
2022-05-18,0.21382318203942108,5.023809101640279,0.042665607544051895,0.03194726120516822
2022-05-19,0.21099694020006077,4.8642672857124865,0.04039652848284836,0.0651485548257209
2022-05-20,0.20997048759687742,4.675715028382577,0.038091100902328284,0.10445628033215204
2022-05-23,0.20812554106643022,4.554655963333343,0.03632658305011929,0.1296443852965139
2022-05-24,0.21063826426193755,4.368279137312508,0.03451669720703382,0.16859018288366523
2022-05-25,0.21276528222061086,4.144138768927132,0.03232447660981616,0.21542596210314713
2022-05-26,0.2152459576261576,3.9272801622201983,0.0302838604393893,0.2607515358041592
2022-05-27,0.21858911780734358,3.683123140488166,0.028127330509702217,0.31181359039526124
2022-05-30,0.22443778597562758,3.4032722233311636,0.0258825244833146,0.370376012282424
2022-05-31,0.22547363910453266,3.1698845511732454,0.023575336082391846,0.41913795380724683
2022-06-01,0.2270638928028137,2.9541363889494185,0.021435587869084338,0.46421401267078055
2022-06-02,0.2314454883448409,2.7743038125504693,0.019988328005441952,0.5018437715290283
2022-06-03,0.23122479916830807,2.645562881423496,0.018608248191670146,0.5287250786857445
2022-06-06,0.22708148159066488,2.680911940632722,0.018210708551913257,0.5212100116012142
2022-06-07,0.2244428006383422,2.7351876093377587,0.0180968709622025,0.5097623882097122
2022-06-08,0.22196318808730697,2.7580091879723834,0.017776484715840063,0.5049000813266327
2022-06-09,0.21813380446364816,2.79702554403519,0.017435001986512044,0.4966221380332716
2022-06-10,0.21621394479121614,2.863965088859498,0.017422303528600344,0.48251625545717813
2022-06-13,0.20405429279112008,2.962923229036301,0.016553993942857392,0.46151460234314756
2022-06-14,0.18799911785696544,3.032939410215419,0.015040078190931172,0.4465061989738963
2022-06-15,0.17900305546325213,3.1652610916580635,0.01482643230898257,0.4185808888054696
2022-06-16,0.17390049930476026,3.2699105613003416,0.014777311039218158,0.3965316372932278
2022-06-17,0.16667809369177888,3.3764839590614457,0.01454699903093229,0.3740425950435271
2022-06-20,0.16010954104180597,3.4681597888100626,0.014285016529042724,0.354686993807829
2022-06-21,0.15354999930892432,3.4964237302213235,0.013588809873096672,0.3486179180822182
2022-06-22,0.14860866776134474,3.5386655410030476,0.013197092614089037,0.3396542816704191
2022-06-23,0.14276765401081393,3.5807828830381876,0.012742856938845332,0.3307014402787378
2022-06-24,0.13750673172555805,3.600371132547132,0.012196584251584139,0.32647823929683106
2022-06-27,0.13219850456833926,3.585858657477935,0.011381623221522044,0.3293995151578861
2022-06-28,0.1264906282793532,3.571718428576175,0.010519628215700252,0.33223186073115607
2022-06-29,0.12052391224785453,3.5772779530070675,0.009786646581181155,0.3309354412305008
2022-06-30,0.11397472615841153,3.6082631973608215,0.009228961934122398,0.3243075293529074
2022-07-01,0.10832245915100969,3.6811365339458924,0.00909662841722568,0.30890955327851577
2022-07-04,0.1030215125372278,3.7545972165251857,0.009005956620272926,0.2933952278132017
2022-07-05,0.0922653714317262,4.028069512148207,0.009942464909125023,0.23591081139032166
2022-07-06,0.0787456889420669,4.339633087528259,0.010834098521807126,0.1703960179492614
2022-07-07,0.0671037773164408,4.573532938284741,0.011224821181044967,0.12116895556583174
2022-07-08,0.056787162660516644,4.75242753123929,0.011248810278429291,0.08347900342060166
2022-07-11,0.0473050450358381,5.055525065856806,0.012201503339984349,0.019768638888381318
2022-07-12,0.03922151527688311,5.385434560512536,0.013388267199097192,-0.049548864146993
2022-07-13,0.03337789900915067,5.673042293773637,0.014436422638964774,-0.10997236185126003
2022-07-14,0.02843533064400039,6.070707014168473,0.016164723465742603,-0.19347342088265096
2022-07-15,0.025356726061776524,6.399403355140848,0.017523436018197378,-0.2625100434272962
2022-07-18,0.022905848904312465,6.6131233856595255,0.018129450068043187,-0.3074537368404755
2022-07-19,0.020762131238348136,6.781572296659387,0.01837719944849696,-0.34290541530949525
2022-07-20,0.019073289888643208,6.959684779402666,0.018562840013726184,-0.3803987822783501
2022-07-21,0.019440440959598737,7.1544901330839625,0.019188872041780894,-0.4213367451117662
2022-07-22,0.02084522802505695,7.347050234122328,0.019974684589217327,-0.4617787544790066
2022-07-25,0.02283196798569842,7.549378956132021,0.020779518747419318,-0.5042667400042968
2022-07-26,0.02612832738572013,7.785804629115303,0.021723167112854547,-0.5538843702353224
2022-07-27,0.030589048327553936,8.01261116016561,0.022690545824389216,-0.6014484256969723
2022-07-28,0.03471333638094598,8.178302028191098,0.023378060371287063,-0.6361815338530983
2022-07-29,0.03862699709433304,8.319595250165555,0.023988670709918877,-0.6658008897426058
2022-08-01,0.0423973186968265,8.442064509724073,0.024510125085530923,-0.6914664107979811
2022-08-02,0.04614114744969855,8.563622880386276,0.025007640521933105,-0.716958328440652
2022-08-03,0.049913836937496625,8.66500203980924,0.025449095204270883,-0.7382133791818251
2022-08-04,0.05173528005659922,8.698157018060751,0.025480923592451077,-0.7451601122988283
2022-08-05,0.05445228873688046,8.76080025219309,0.02563456357997862,-0.7583010236808576
2022-08-08,0.056198232874751564,8.787124083736131,0.02558652989520864,-0.7638222329324806
2022-08-09,0.057405085353455676,8.797020749580264,0.025446270854615573,-0.765900532707184
2022-08-10,0.05839221214646817,8.815023728804318,0.025335705631562535,-0.7696940426265595
2022-08-11,0.05952844448487904,8.837051179381099,0.02519770581083671,-0.7743361124782377
2022-08-12,0.06109367211413641,8.870148243461035,0.025210559433102776,-0.7812731357275418
2022-08-15,0.06341203703577658,8.918314347432215,0.025278160926541553,-0.7913795295696158
2022-08-16,0.06537265650364665,8.959709426626395,0.02535939681600792,-0.8000741612927813
2022-08-17,0.06825159787321988,9.02075694267642,0.025500242819549386,-0.8128897899416585
2022-08-18,0.07201008440416845,9.10443994310348,0.025857308580214317,-0.8304384103977465
2022-08-19,0.07713254875834641,9.217928614002455,0.02638660970309406,-0.8542323959005078
2022-08-22,0.0839114779656095,9.361987581116066,0.02710201219203795,-0.8844281275481647
2022-08-23,0.08854048127368952,9.465591033192405,0.027587619519059345,-0.9061502199536458
2022-08-24,0.0928847962126984,9.559691850698162,0.02802369354830643,-0.9258768884386375
2022-08-25,0.09885339124354198,9.67352147324819,0.02856589428754029,-0.9497171860692384
2022-08-26,0.10568103351168201,9.793553913594868,0.029027657849995427,-0.9748754898302772
2022-08-29,0.11236904556704586,9.902125210710949,0.029414706360756118,-0.997633426179056
2022-08-30,0.1211714735506475,10.05086389760512,0.03001520299620347,-1.028803838814489
2022-08-31,0.12942259510668253,10.185674505316364,0.030379200509333938,-1.05707870797276
2022-09-01,0.13870235392557584,10.329473437001345,0.03074481744482982,-1.087246441304591
2022-09-02,0.14736682314404403,10.460176698222709,0.031080574559466743,-1.1146546514327562
2022-09-05,0.15864794596830745,10.608987974502606,0.031440327866232215,-1.1458402100486085
2022-09-06,0.17178541167254557,10.77036938467968,0.03189163960244279,-1.179653490585098
2022-09-07,0.1821406251591634,10.86930208041457,0.032066610745595456,-1.2003798731004323
2022-09-08,0.19224962901616094,10.974374510038531,0.03220735404791908,-1.222406297629736
2022-09-09,0.20137134418611402,11.06003519024071,0.032114687868470444,-1.2403706178116898
2022-09-12,0.21211587809870425,11.167915739042014,0.03213171685859874,-1.2629742409416715
2022-09-13,0.22566797803858774,11.31239613138166,0.032435643552274844,-1.293236545275658
2022-09-14,0.23977938714581393,11.46669152888964,0.03282872950220508,-1.325552197233967
2022-09-15,0.25611524221919957,11.620466846716477,0.03300330414181248,-1.3577768419717287
2022-09-16,0.270919773007138,11.719179879396306,0.03279366868263519,-1.3784699065397303
2022-09-19,0.28283808717392545,11.78451056219917,0.032376208058557086,-1.3921865330108498
2022-09-20,0.2954150081094542,11.85521488150565,0.03193619087784924,-1.4070322091081495
2022-09-21,0.3091913064267342,11.961995828531098,0.03201570377265721,-1.4294035030021726
2022-09-22,0.3231858084783732,12.040992977877918,0.031798752432262656,-1.445959836118965
2022-09-23,0.3397556054591683,12.14752117559621,0.031799356331755874,-1.4682834463490737
2022-09-26,0.36012577374205124,12.281125522135707,0.03184950995918198,-1.4962729044569523
2022-09-27,0.37878296935974654,12.376160489444256,0.031600189178598595,-1.5161893577513035
2022-09-28,0.39519194394156465,12.452128040024672,0.03162596071607349,-1.5320735579701943
2022-09-29,0.4087736971941418,12.48689259422271,0.031163150570281052,-1.5393563293403472
2022-09-30,0.4195932148679907,12.498818746101499,0.030530101707659796,-1.5418733280460581
2022-10-03,0.4279424103634044,12.51692936614487,0.03034422319357062,-1.5456464759518664
2022-10-04,0.4373067742995199,12.551583802252392,0.030251698125557835,-1.552861289679162
2022-10-05,0.448337521727297,12.60449259761056,0.030269062186552648,-1.5638925390176346
2022-10-06,0.4606296256091156,12.712306198605468,0.03077755333415621,-1.5864030728001262
2022-10-07,0.4726503286985796,12.812749715239686,0.031125855196141854,-1.6073872040093238
2022-10-10,0.4855140550948961,12.89437389216489,0.031133163313729284,-1.6244502031725871
2022-10-11,0.49737731006450225,12.966619701293588,0.03114407384462886,-1.6395506426058883
2022-10-12,0.5076278497584217,13.022554141843031,0.03119786144525176,-1.6512292523341732
2022-10-13,0.5189273275506405,13.069957003898343,0.030993784605777654,-1.6611301289580571
2022-10-14,0.5312386520397319,13.1273883782863,0.030859013894440776,-1.673131861231758
2022-10-17,0.5435141817760571,13.223515765590044,0.031001038963722957,-1.6932250373633777
2022-10-18,0.5554370268453535,13.281928158553855,0.030903046129543865,-1.705421469147741
2022-10-19,0.567351605904083,13.348573279509779,0.030791615950249707,-1.7193509374241027
2022-10-20,0.5783863514940486,13.387225129469808,0.030370279045407997,-1.7274278346883816
2022-10-21,0.5895683861089749,13.424492500086723,0.030078487727993784,-1.7351930357095635
2022-10-24,0.5987938246914226,13.437594894428337,0.02967502943211907,-1.737910502800911
2022-10-25,0.6057992082725765,13.44570964387482,0.029253043685990347,-1.739594871463774
2022-10-26,0.6113934366329674,13.432512654700325,0.028593023250427854,-1.73682442732059
2022-10-27,0.6167393670733049,13.431856781808499,0.028124111470658422,-1.73667665978578
2022-10-28,0.621288858651192,13.441743097665729,0.02783790505302161,-1.7387487576465803
2022-10-31,0.6257961077375355,13.457226109247507,0.02759129479687024,-1.7419982445849391
2022-11-01,0.6293443398737142,13.463827410744052,0.027403561122104153,-1.7433900744762463
2022-11-02,0.632930210832241,13.468406097706652,0.02712063265663968,-1.7443626970297323
2022-11-03,0.637336979163003,13.467073704575558,0.02680009005342439,-1.74409501905822
2022-11-04,0.6393094180421974,13.462798209481411,0.026684709024250172,-1.7432065880722445
2022-11-07,0.6409175279450867,13.425393364722861,0.026136496552209787,-1.7353956991946635
2022-11-08,0.6419863651313671,13.39613024554741,0.025756287089224505,-1.7292716408451358
2022-11-09,0.6446717956986019,13.338679361274304,0.025000944620084953,-1.7172314682527272
2022-11-10,0.6464235557273588,13.30066952530371,0.024547349104118182,-1.7092415064118553
2022-11-11,0.6474920885745632,13.265776173051734,0.02418226146305255,-1.7019019327090277
2022-11-14,0.6489337691955589,13.199293542577237,0.023421031068647666,-1.6879628833539737
2022-11-15,0.6500156126084099,13.118766072815024,0.02255042946220548,-1.671087711626937
2022-11-16,0.6512862710023128,13.04646327685535,0.021762185234134285,-1.6559284526993432
2022-11-17,0.653792462168292,12.947124068280266,0.020654015806046228,-1.6350981822743451
2022-11-18,0.6567900513338969,12.84188391453547,0.019417663834866455,-1.6130345070399907
2022-11-21,0.6605151969546029,12.738758366871583,0.018218289386115416,-1.5914033361178963
2022-11-22,0.6629204199366021,12.634666002672953,0.01705905379108351,-1.569582458522
2022-11-23,0.6657389149321722,12.536729341574475,0.015933890654127814,-1.5490416600312535
2022-11-24,0.6687698726723525,12.45578575153732,0.014946493815386194,-1.5320536720524878
2022-11-25,0.6724810762592324,12.376794761882346,0.013909759115464854,-1.515468116716423
2022-11-28,0.6766879816210983,12.26562671910247,0.012549964235475858,-1.4921468169565864
2022-11-29,0.6808032478048511,12.18660901571546,0.011502863708651168,-1.4755503659829472
2022-11-30,0.6837758926494504,12.126527479744503,0.0107294409634449,-1.4629156406834718
2022-12-01,0.6872296396701052,12.059596859747332,0.009870491483094823,-1.4488384493542728
2022-12-02,0.6900242900434455,11.984732593412716,0.00896665937933952,-1.4331077624998225
2022-12-05,0.6927999399204375,11.911695049372318,0.008031417014836423,-1.417767068195392
2022-12-06,0.6957214256153879,11.847375624061778,0.007191812582703558,-1.4042436276586163
2022-12-07,0.6986636269059601,11.781377914229903,0.0063485468780823395,-1.3903613055069144
2022-12-08,0.7017061572148702,11.708959473857579,0.005433193432339986,-1.3751354806068148
2022-12-09,0.7040349731835461,11.667154554319298,0.0048188749582482315,-1.366320633220611
2022-12-12,0.7066914824923018,11.627459917493331,0.004196014615697741,-1.3579474355089967
2022-12-13,0.709111765058219,11.61609290609052,0.0038378213040410336,-1.3554987273121362
2022-12-14,0.7114824331627109,11.591339467373935,0.0033463334936604805,-1.350248869347135
2022-12-15,0.7149334335688792,11.530070390212654,0.002452496282146527,-1.3373487684724235
2022-12-16,0.7182771498313958,11.504412718705971,0.0019066198842807303,-1.3318968816320345
2022-12-19,0.7209819633891181,11.466158635012166,0.0012551440617717124,-1.3238150626383787
2022-12-20,0.722253716518558,11.491524944621313,0.0012721385856997447,-1.3290578160872482
2022-12-21,0.7256122665373593,11.496360831902859,0.0009969110133983272,-1.3299797457208618
2022-12-22,0.7287490701720171,11.490836212980392,0.0006213791211395203,-1.3287456709296213
2022-12-23,0.7327345993443659,11.518735523340112,0.0005063362670043037,-1.3345025411490514
2022-12-26,0.7384218176879365,11.552366611649722,0.000390012007599555,-1.3414463936961805
2022-12-27,0.743982308069171,11.636103686791508,0.000720888607748077,-1.3588788694414657
2022-12-28,0.7488462050285895,11.701688850358078,0.0009208818520147488,-1.3725176466432067
2022-12-29,0.7525017761368218,11.770416478355564,0.0011624326847148037,-1.3868201931371429
2022-12-30,0.7567266834518886,11.883399149882969,0.00174790388347279,-1.4103827509120075
2023-01-02,0.7621718732421423,12.009076983378591,0.002369265219390626,-1.436591963121944
2023-01-03,0.7669805629272044,12.172070213355786,0.003383628280390766,-1.47060969747529
2023-01-04,0.7720308205271876,12.345833645220337,0.004454747575212414,-1.5068775207136533
2023-01-05,0.7771217057326002,12.484366154194026,0.00524267083156596,-1.5357748905957105
2023-01-06,0.7797164815203226,12.637840017753629,0.006234741430576979,-1.5678159564904592
2023-01-09,0.7841611731809166,12.800876084601528,0.007210163714228723,-1.6018533419174843
2023-01-10,0.788798014183584,12.95297062164926,0.00806762752077636,-1.6335923309700813
2023-01-11,0.7914795618076499,13.049002889627506,0.008551540321774617,-1.6536134190152616
2023-01-12,0.7940832731941665,13.15226462289142,0.009088014414066925,-1.6751485262698633
2023-01-13,0.799711860267293,13.320110648111875,0.010033507417564203,-1.7101751565449512
2023-01-16,0.8054573303884484,13.428313166191685,0.01048997358557291,-1.732711366651134
2023-01-17,0.8118043565229406,13.49633041564939,0.01056459641100585,-1.7468289885961958
2023-01-18,0.818658321025061,13.567938084002083,0.01060749614050377,-1.7616928428046537
2023-01-19,0.8247998434661634,13.704828000311911,0.011186144249915958,-1.7902085822805098
2023-01-20,0.831772150904887,13.835050913098534,0.011667309273944423,-1.8173294142898389
2023-01-23,0.8404600376788375,13.990362872019185,0.012277081958365327,-1.8496919985489129
2023-01-24,0.8483615150141203,14.147578533055881,0.012946846335415915,-1.882459508913119
2023-01-25,0.8553448637089428,14.30877747192085,0.01365939404869719,-1.9160648289472642
2023-01-26,0.862120162090614,14.43993885360959,0.014139583866326355,-1.943389290925949
2023-01-27,0.8694203404124154,14.571192959032562,0.01456740018625817,-1.9707281541288268
2023-01-30,0.8790716936941476,14.727021531404606,0.015086062083343024,-2.0031961513188623
2023-01-31,0.8839220809731573,14.834851525659413,0.015415595460228304,-2.0256515372721142
2023-02-01,0.8870512258193799,14.938460391438202,0.015801882861618183,-2.0472368478220457
2023-02-02,0.8930229307162888,15.009092726708005,0.01576094595312233,-2.061900568114367
2023-02-03,0.8976366370616822,15.066626080045252,0.01562217666854157,-2.0738307284542743
2023-02-06,0.9003718442097338,15.142306237662979,0.015771313062858935,-2.0895771832973105
2023-02-07,0.9030441492371165,15.207168095677154,0.01582542123322181,-2.1030584684868083
2023-02-08,0.9058656221484624,15.272800923718544,0.01586361804948408,-2.116697267327017
2023-02-09,0.908603881524227,15.318067312901217,0.015697975472191136,-2.126072250145995
2023-02-10,0.9109366379194876,15.36467188948809,0.015567455688705559,-2.135730460848624
2023-02-13,0.9115146105550527,15.354647660350691,0.015182084752336233,-2.133572543214724
2023-02-14,0.9137260529157275,15.36726585310348,0.014767589481453514,-2.1361141334819034
2023-02-15,0.9145198487654778,15.361503169827227,0.014295481847555927,-2.1348270224939045
2023-02-16,0.9136180412830235,15.337648258543807,0.014040867883731808,-2.129827911194237
2023-02-17,0.9133222869563304,15.326249452801388,0.013746589134207454,-2.1274031505292124
2023-02-20,0.9126841639432081,15.313610573470434,0.013554137362466523,-2.124742515596811
2023-02-21,0.9124002373628248,15.303312115374114,0.013750861493024069,-2.1226579695814896
2023-02-22,0.9148202167673986,15.324287964994996,0.014556092480875263,-2.1272111179281468
2023-02-23,0.9238476756280118,15.399922739941152,0.016288210299023914,-2.143327323567984
2023-02-24,0.9248131648572522,15.399465546282087,0.01678135901405063,-2.1433540282819834
2023-02-27,0.9265871114893003,15.403206250992511,0.017407653977297377,-2.1442829230719287
2023-02-28,0.9287385204328528,15.423646132713031,0.01821497374825412,-2.14871834185591
2023-03-01,0.9292976207696736,15.414878235812658,0.018534536956693853,-2.1469841165917973
2023-03-02,0.9291049999136152,15.410432279667194,0.01865459821735581,-2.1460949821547137
2023-03-03,0.9288118847787397,15.411542216694874,0.01880998971259383,-2.146360963599838
2023-03-06,0.9280991394721414,15.396159676795365,0.0187106887240215,-2.1431509992640034
2023-03-07,0.9273870687473186,15.382800676312456,0.01849484706587136,-2.1403376562613476
2023-03-08,0.926452944305936,15.366708982049339,0.01826267215401707,-2.1369544640287037
2023-03-09,0.9260198112240999,15.36697779710822,0.01812837456264782,-2.1369822561855667
2023-03-10,0.924926343053347,15.382479120560689,0.018404971228691454,-2.1402505123063253
2023-03-13,0.9224764279127877,15.411577717825306,0.0189043397986242,-2.1463809336720248
2023-03-14,0.9202658649916291,15.439605885375355,0.019244724289487862,-2.152255604404637
2023-03-15,0.9142392078814008,15.464146383031924,0.019469585795655102,-2.1573500807001427
2023-03-16,0.9101975023369111,15.517465201213861,0.019711991373449797,-2.168435774957116
2023-03-17,0.9010167756888645,15.591425877624399,0.020112380672052864,-2.1838265508195347
2023-03-20,0.8943869232647451,15.674021145472482,0.02056862039229762,-2.201036707493664
2023-03-21,0.8918595100099218,15.745778063974676,0.0208214398075193,-2.2159662722451112
2023-03-22,0.887048024083426,15.82646951652287,0.02110373445540062,-2.232750858948147
2023-03-23,0.8838513591738075,15.926644611407436,0.02142766640272619,-2.2536002313094587
2023-03-24,0.8795785402740178,16.003176676553466,0.02169550550924388,-2.269519489946179
2023-03-27,0.8771695144150375,16.06356474681915,0.022031331098905024,-2.282112505644737
2023-03-28,0.8749208600455121,16.121002588151633,0.022410800434020002,-2.294107197133321
2023-03-29,0.872976144513177,16.16365931586595,0.02278645006215984,-2.3030343574199104
2023-03-30,0.8708146320704373,16.20782204231316,0.02323377843348004,-2.3122911136658004
2023-03-31,0.8689257806804083,16.23988637040159,0.023604590340464776,-2.3190204385350457
2023-04-03,0.8668970720070854,16.275783970164007,0.024063539605630464,-2.326564630684487
2023-04-04,0.8633393377334856,16.334954850109987,0.024610926689813004,-2.3389571735513686
2023-04-05,0.8595576837072599,16.385335374936155,0.025188313300851944,-2.3495297321683526
2023-04-06,0.8567487439077218,16.439169753319966,0.025588964597633997,-2.360781597385654
2023-04-07,0.8539962302329503,16.494729482360498,0.02603055076519694,-2.372401115962539
2023-04-10,0.8511257725739205,16.53713041551736,0.026518490103902788,-2.3812962770576283
2023-04-11,0.8492050772817767,16.584936960187132,0.027132090119292844,-2.3913483593976634
2023-04-12,0.8486671596429409,16.642402668020807,0.027696757304426764,-2.403401632492816
2023-04-13,0.8492602684948298,16.710380682079737,0.02844507923254385,-2.417688580703582
2023-04-14,0.8504958213702922,16.75889640361692,0.029167008647814303,-2.4279314673554078
2023-04-17,0.8532558730062407,16.816377315413895,0.03035512770372293,-2.440155274696652
2023-04-18,0.8545853512862168,16.86180089454944,0.031185102129089676,-2.449782922588585
2023-04-19,0.8551672640849932,16.90480083249141,0.03171443721987187,-2.4588309457611803
2023-04-20,0.8557784323162811,16.94918317756709,0.032249561621081974,-2.4681680230707923
2023-04-21,0.8569155614430053,16.97988669853783,0.032883998325312164,-2.474693748189826
2023-04-24,0.8582005023150059,17.01484637892778,0.0335096589019705,-2.4821040362219042
2023-04-25,0.8577163650568297,17.057302488899683,0.034060420957903674,-2.491041970428757
2023-04-26,0.8584226857853432,17.09565349280992,0.034545859916007046,-2.499120221034009
2023-04-27,0.8590538268241823,17.134817864650195,0.03501552492156006,-2.507362108866458
2023-04-28,0.8601977675261032,17.16987456338789,0.03557110191401582,-2.514776312887941
2023-05-01,0.8616425001506745,17.207136886886836,0.036180979757510015,-2.522666936073295
2023-05-02,0.8605555013127772,17.262356451042514,0.03664701449585354,-2.53422776904423
2023-05-03,0.8600423645507926,17.32460648089336,0.03721278090566808,-2.5472812480331455
2023-05-04,0.8590551254691585,17.393627052010174,0.03740897118563615,-2.5616360534332197
2023-05-05,0.8601671914258964,17.43140295950667,0.03755998059713869,-2.5695076562412194
2023-05-08,0.8612885591931795,17.469693240859804,0.037718100158741004,-2.577487726508678
2023-05-09,0.861769547139601,17.52086294134663,0.03796546084652484,-2.588159200956078
2023-05-10,0.8628394729204317,17.574240397647777,0.03799434288006313,-2.599236176428665
2023-05-11,0.8631935152122281,17.619187252710322,0.03807714994714913,-2.6085751233656653
2023-05-12,0.8632388104442132,17.662468962318417,0.038220252075377874,-2.6175800812190237
2023-05-15,0.8637419842053303,17.706760883821296,0.038276676152317245,-2.6267752963240127
2023-05-16,0.8650085475935195,17.744004250745068,0.03804915408741916,-2.63444124640528
2023-05-17,0.8659173450514012,17.784892653723624,0.037832437170412014,-2.6428627327455843
2023-05-18,0.86812694530977,17.83861803616799,0.03730907410264722,-2.653872400978277
2023-05-19,0.869277664344865,17.876937046088045,0.03711713491327132,-2.661765491162438
2023-05-22,0.8701773565265684,17.923186498752862,0.03692615716347411,-2.671304879876946
2023-05-23,0.8711007224969908,17.977082487780578,0.036620447127177505,-2.6823968706650585
2023-05-24,0.8726392640767756,18.030678709071935,0.03621106125439529,-2.6934021908407053
2023-05-25,0.8735237085849683,18.068354043416264,0.03592346913472687,-2.7011351567891944
2023-05-26,0.874731196395217,18.111999664987188,0.03556619150267144,-2.71009074186148
2023-05-29,0.8754976799959056,18.144060696240807,0.03533330481226755,-2.7166715736487186
2023-05-30,0.8754431310250536,18.157350309752893,0.035748107978059586,-2.719523986524162
2023-05-31,0.8747041056269242,18.177379188164608,0.03604258816014651,-2.723731587761883
2023-06-01,0.8749677726143023,18.198590841890532,0.036220371140207985,-2.728164589552846
2023-06-02,0.8757911034146315,18.204531779075147,0.03650925646041657,-2.7294799562416032
2023-06-05,0.8762781465229041,18.213728118036045,0.03669637705508217,-2.731433376435288
2023-06-06,0.8768681197291831,18.223578164225053,0.03693670039853274,-2.7335393141683437
2023-06-07,0.8774004680344586,18.21797536992554,0.037004806251824174,-2.732401887400701
2023-06-08,0.8781342100446187,18.224872217448272,0.036948628896671144,-2.7338131660709513
2023-06-09,0.8787548270867344,18.22372531601421,0.036860731932313505,-2.733551391832691
2023-06-12,0.8793655316107949,18.22558455070136,0.03681045748333653,-2.733921969069227
2023-06-13,0.8795626184247172,18.20782487058564,0.036401191475649436,-2.7301315530185644
2023-06-14,0.879761062016218,18.185379873164308,0.03578071038635639,-2.725310073465173
2023-06-15,0.8801430832344829,18.16464106546594,0.03539401549977714,-2.720901407757273
2023-06-16,0.8800658021945714,18.132276942375398,0.03500343525916379,-2.7140816935458503
2023-06-19,0.8800658490178299,18.101578750695094,0.03455647909197326,-2.7075913393517617
2023-06-20,0.8798878189909645,18.075576862721192,0.034376456242670966,-2.7021554087467585
2023-06-21,0.8794020646736828,18.041970143216876,0.03415563785814594,-2.695130659292813
2023-06-22,0.8780195235052014,17.998778212112477,0.033867740056834,-2.6861053444164398
2023-06-23,0.8773654828210913,17.97030242128608,0.03353724712893172,-2.6801112929358624
2023-06-26,0.8768602417518792,17.939866063828347,0.03310257560882976,-2.673676209247559
2023-06-27,0.8759556398314997,17.898128140660535,0.03247622131343467,-2.664841027591106
2023-06-28,0.8751725370680734,17.871746380598967,0.03215753105463446,-2.659284770411361
2023-06-29,0.8742945709121478,17.84630202336495,0.03175213624199619,-2.6539015454697408
2023-06-30,0.8737651103380077,17.825654702878467,0.031475001946926824,-2.649547214641587
2023-07-03,0.8729092532918848,17.802292699736533,0.03118978095330245,-2.6446288179943402
2023-07-04,0.872225258175674,17.772107823505106,0.030654367705899688,-2.6382132201046566
2023-07-05,0.8720405297685525,17.738475939261726,0.029759593336719035,-2.6309748964609687
2023-07-06,0.8724449528255085,17.713840594427978,0.028807012742115577,-2.6255846643502876
2023-07-07,0.8730102783926885,17.672801418303358,0.027598633519143892,-2.616710531777448
2023-07-10,0.8723664585401345,17.634929193576205,0.02672918259261281,-2.6086023389862456
2023-07-11,0.8719690676375563,17.596916798714076,0.025675074842280973,-2.600411781279939
2023-07-12,0.8715272638203493,17.54044089634481,0.024587964856294012,-2.588368401771403
2023-07-13,0.8703182645969186,17.469325439457066,0.023614389175030233,-2.5733144909567702
2023-07-14,0.8680864750424319,17.391249603251154,0.022746887728195934,-2.5568542783852455
2023-07-17,0.866396410999282,17.32418716166781,0.021896071133849136,-2.5426872750352993
2023-07-18,0.8658332200503169,17.27168479605767,0.02092967262455648,-2.5315081525672154
2023-07-19,0.8659149148979285,17.236463139412592,0.01994987295261371,-2.523914083071852
2023-07-20,0.8658806780037966,17.202905843504695,0.019108334012117173,-2.516702417933172
2023-07-21,0.8657554708776788,17.178303070946093,0.018705200179712014,-2.5114801392357107
2023-07-24,0.8653505836008102,17.14743410201109,0.0184486671736952,-2.5050019215970956
2023-07-25,0.865254919132164,17.122595642218744,0.018044873566907822,-2.499730059766711
2023-07-26,0.8654298450478464,17.102036585882992,0.01767288020098813,-2.495355303094132
2023-07-27,0.864622496716059,17.066571099757102,0.017055900159277132,-2.4878208888022906
2023-07-28,0.8652011854390915,17.045188475214033,0.015456373662263302,-2.4829170626084673
2023-07-31,0.8663335860533972,17.03048373316899,0.013638331385164876,-2.4793335087167696
2023-08-01,0.8667536218445645,17.019822390307922,0.012341702164179152,-2.476744590263972
2023-08-02,0.8674678389619073,17.014750841237703,0.010777011194124247,-2.4752326796408948
2023-08-03,0.8681554457788365,17.01171427184372,0.009309097127648616,-2.4741675578112035
2023-08-04,0.8687245376526206,17.000533889305927,0.007768842428475475,-2.4713885054505482
2023-08-07,0.8691884941951418,16.99102243843688,0.0062264167500038076,-2.468953762875627
2023-08-08,0.8693507083142159,16.98255220104998,0.005062184143238252,-2.466841665300893
2023-08-09,0.8691460703044043,16.96799337397416,0.0039119499485220505,-2.4634730052109735
2023-08-10,0.8690252428003102,16.94798147005579,0.0021436727256360366,-2.458790374800179
2023-08-11,0.8691000517812701,16.935782004406043,0.0007053021140833449,-2.455822453811012
2023-08-14,0.8692232794010077,16.927290116441668,-0.000659040463109023,-2.453641915537226
2023-08-15,0.8698585403081067,16.912859237514976,-0.0029706227335884183,-2.449933541462972
2023-08-16,0.8700715035065145,16.897484768527,-0.004840208333215051,-2.446162289542057
2023-08-17,0.8704743589237555,16.87705221190259,-0.007020132847538357,-2.441236207934753
2023-08-18,0.8716445904065725,16.849603609638294,-0.009769328272376171,-2.4346681419020584
2023-08-21,0.8719960494980211,16.81981259229716,-0.011438265824024463,-2.4279313731611696
2023-08-22,0.8730162625810478,16.790758729975263,-0.01372619944073522,-2.4211569830129527
2023-08-23,0.8742415333437665,16.760631047726726,-0.01618988502572949,-2.4141002508705722
2023-08-24,0.8741563601536655,16.734553569469053,-0.01726640643955371,-2.4083069883936465
2023-08-25,0.8735693187407426,16.718469161489953,-0.017669139965006575,-2.404801914029637
2023-08-28,0.8734765960359151,16.693024241124917,-0.018630069304330782,-2.39916984990062
2023-08-29,0.8740208834430891,16.668233344608645,-0.019883000670958384,-2.3935700248253564
2023-08-30,0.8753163166952742,16.64576041674977,-0.021352434910011264,-2.3883883240214296
2023-08-31,0.8753266854901842,16.61801680942223,-0.022179372961097232,-2.38230239778721
2023-09-01,0.8747951722538967,16.584672689296276,-0.02268522069151549,-2.375131675202904
2023-09-04,0.8747270151678024,16.534907429405465,-0.02341125855956719,-2.364462556119848
2023-09-05,0.8735551493820671,16.487202991266898,-0.023210903823534912,-2.354505034060309
2023-09-06,0.8715154801857196,16.43988246215499,-0.02232187712001854,-2.3448392990699154
2023-09-07,0.8694985300130895,16.384100232256316,-0.021719484079869372,-2.3333185887080514
2023-09-08,0.8663882069598384,16.3398598597607,-0.02094928692044995,-2.3242683880672392
2023-09-11,0.8635507063375758,16.31656793674389,-0.019884323088898787,-2.3196929912131714
2023-09-12,0.860301988211654,16.291128279755522,-0.019059158909963125,-2.314604734285279
2023-09-13,0.8565034413198795,16.289910025404396,-0.018230588723294028,-2.314584849328246
2023-09-14,0.852313670277773,16.295487407289038,-0.017133734572856274,-2.316063820655168
2023-09-15,0.8486218417223778,16.326078485947185,-0.015598967267119124,-2.322897659333269
2023-09-18,0.8443181768239141,16.340863356180275,-0.014125357891311197,-2.3264082650479034
2023-09-19,0.8399957097116615,16.35764210539431,-0.012661378072041901,-2.3303344601038387
2023-09-20,0.8372555233153188,16.4023809385178,-0.011156980306308184,-2.3401179809982198
2023-09-21,0.8344433779261027,16.43569282078876,-0.00922720869521812,-2.3476469231497394
2023-09-22,0.8316807881851996,16.488785628301997,-0.007515072891989882,-2.359240347197609
2023-09-25,0.828623754414183,16.55490620080237,-0.0053949278037233594,-2.373680223179282
2023-09-26,0.8245536143497162,16.597034521443433,-0.003336353858521879,-2.3830929572035267
2023-09-27,0.8193978465883136,16.59845624941792,-0.0014650111693359502,-2.3839496006820675
2023-09-28,0.8152266026348681,16.618118735754404,-0.00047467227692749026,-2.3883507133450568
2023-09-29,0.8125930485559124,16.684392693792788,-9.62174541281613e-05,-2.402305930793555
2023-10-02,0.8087542872930663,16.707285297622867,0.00045261679371447205,-2.407252634129985
2023-10-03,0.8033276961350214,16.72233914240124,0.0016218161783846385,-2.4107512496794334
2023-10-04,0.7979927563126479,16.709432447100117,0.0023945041657545685,-2.4082887710927965
2023-10-05,0.7924482964953076,16.713758857007747,0.0033245279706050623,-2.409474346112182
2023-10-06,0.7854866012242951,16.710576398111158,0.003957431710864184,-2.4090010007679417
2023-10-09,0.7764035983890427,16.6680269578221,0.005304583304403726,-2.4005217022507495
2023-10-10,0.7693509795266795,16.667974551478025,0.0060547756947883224,-2.4007352712234082
2023-10-11,0.7611259487686033,16.679722836743696,0.006864929683088189,-2.403429747092579
2023-10-12,0.7522131522352854,16.64929710215377,0.007809432525827442,-2.3973581377250563
2023-10-13,0.7372196546024182,16.5409667377152,0.009645485928409137,-2.3752791852752533
2023-10-16,0.7237179247436286,16.45654112221706,0.011125893130536968,-2.358086134296852
2023-10-17,0.7087453964653281,16.371828126977153,0.012564244236873134,-2.3408226215994485
2023-10-18,0.6852809959607931,16.227190084922633,0.014758497085666872,-2.311278499082756
2023-10-19,0.6590637640385739,16.09394485049178,0.017223320632444944,-2.284196682411878
2023-10-20,0.6312193648571722,15.914344375558688,0.01920769945694195,-2.2472821494923942
2023-10-23,0.6026615529162889,15.769544898749174,0.020935167682148925,-2.21756024667148
2023-10-24,0.5772697231789867,15.659565732238146,0.022722186993257537,-2.195129370839488
2023-10-25,0.5503327575548536,15.45633991775131,0.024461975881828357,-2.1532080107976874
2023-10-26,0.524864807807177,15.272913368283023,0.026049768342686824,-2.1153738251610106
2023-10-27,0.49697598716577707,15.087237624340684,0.027632504313748987,-2.077064556330007
2023-10-30,0.4785848874629681,14.999809449357048,0.029120904034875855,-2.059248565330044
2023-10-31,0.4606405735860871,14.913618641313692,0.030599468152365708,-2.0416943433763604
2023-11-01,0.44472734901501143,14.754626725102309,0.031420334765281444,-2.0087165466563595
2023-11-02,0.43306019579078214,14.64679417207672,0.031979721641580416,-1.9863352945719273
2023-11-03,0.42387888788717554,14.584990725963584,0.03231062458488661,-1.9734967569328536
2023-11-06,0.4140152201575251,14.516473495029482,0.03251467080521764,-1.9592251347364136
2023-11-07,0.40245666647533307,14.391449883661661,0.03254017273009226,-1.9330887424593082
2023-11-08,0.3876238578240728,14.26407933698286,0.032333380810976864,-1.9063990332732832
2023-11-09,0.3733710196053791,14.12672583551102,0.032081463966256316,-1.8776070560458922
2023-11-10,0.36115391618950854,13.994138155273461,0.03157311615873826,-1.8497322275869754
2023-11-13,0.34774117398506355,13.847020822915285,0.03117102884119176,-1.8188519859842196
2023-11-14,0.33609675073009904,13.701375730901656,0.030570537655517635,-1.7882091836437586
2023-11-15,0.32299031319167393,13.513354369736511,0.02970413801024721,-1.7486331186573896
2023-11-16,0.310053163507078,13.346295566223183,0.029215265559199635,-1.7135485728165767
2023-11-17,0.2986112947184497,13.232999921324712,0.028799531171921383,-1.6897237382325436
2023-11-20,0.2934257572209833,13.158805741353685,0.028299555068352425,-1.6740389602172159
2023-11-21,0.2879115307209108,13.090599877217008,0.027878872532395557,-1.6596214253446457
2023-11-22,0.27754770610619794,12.938353579561243,0.02705938087553665,-1.6275146907699618
2023-11-23,0.26570604104368056,12.79273314188155,0.02632717509951632,-1.5968251223369692
2023-11-24,0.2570375603626698,12.692881724711889,0.025819031363367148,-1.5757704170533486
2023-11-27,0.24981621700352774,12.599415227613093,0.025383224134453028,-1.5560620412850872
2023-11-28,0.24572763933646813,12.5589084574396,0.025326502226952513,-1.5475315207890983
2023-11-29,0.2378615109001868,12.470085695407946,0.025030211188636145,-1.5288244977881629
2023-11-30,0.23361185390375117,12.432622412813911,0.025033146162208558,-1.520946569297279
2023-12-01,0.22937333965589668,12.415934488239335,0.025118473166881483,-1.5174166672603522
2023-12-04,0.2183894108542721,12.251564212606922,0.02434301655389562,-1.4827697409082763
2023-12-05,0.20703039047317628,12.093612238005777,0.023676367794330674,-1.4495039238077538
2023-12-06,0.19669869761037084,11.929206751389572,0.022971156999858716,-1.41487003957974
2023-12-07,0.18949340486211197,11.834002608368763,0.02268207304101763,-1.3948321135128214
2023-12-08,0.18145775184133817,11.706795729994795,0.022140881805355284,-1.3680364282979065
2023-12-11,0.17244986405108087,11.510332352824632,0.02117654048416956,-1.326630983192639
2023-12-12,0.1658731944938766,11.34725009221362,0.02041315117375811,-1.2922640850424667
2023-12-13,0.15578588356259138,11.133575520441886,0.019494903711371636,-1.2472553150792929
2023-12-14,0.15222425154809405,11.048626946088923,0.019002216945575634,-1.2292769973083395
2023-12-15,0.14664232916407527,10.908374171204798,0.01825291808633822,-1.199667071757625
2023-12-18,0.14227027623409516,10.79858264937289,0.017650323206791663,-1.1764646149939324
2023-12-19,0.14076899330793702,10.754454146764525,0.017388338864147868,-1.1670885227805714
2023-12-20,0.13839938768035098,10.681014124008485,0.016912876252900833,-1.1515209353047178
2023-12-21,0.13503580998277975,10.626053072207345,0.016550011457517756,-1.139859292338142
2023-12-22,0.1349008631338514,10.63811691200555,0.016488812186478574,-1.1422984932673064
2023-12-25,0.1318360666462809,10.582234524641505,0.016078359924358535,-1.1304234948654965
2023-12-26,0.13342061534367977,10.636967237489067,0.016158202158185586,-1.141819126549005
2023-12-27,0.13860587103510114,10.7456039718985,0.01632574213583521,-1.1644938333545993
2023-12-28,0.14376657926221847,10.849639799729239,0.016597785986377928,-1.1862542033662553
2023-12-29,0.14884525730314124,10.943122466670562,0.016806797394372824,-1.2057910030091206
2024-01-01,0.15500274525929625,11.063859509763269,0.01714338388968703,-1.2310683901681596
2024-01-02,0.1581995663887209,11.158122673956916,0.01750550450177263,-1.2508290634975037
2024-01-03,0.15958073507114912,11.20478946532667,0.017594177227467533,-1.2605584673407462
2024-01-04,0.16204337637958033,11.272021183882933,0.017796859695617437,-1.2746168341340853
2024-01-05,0.16569923847390267,11.351618781588101,0.01800389323526591,-1.291259546938261
2024-01-08,0.16793796251290571,11.408714330584765,0.01830412731705243,-1.3032631525167404
2024-01-09,0.16939912250419564,11.451223983592188,0.018466073590115817,-1.3121626745212556
2024-01-10,0.1707841904894667,11.491623256288728,0.018618488118423676,-1.3206194744585331
2024-01-11,0.17137388564284117,11.520107653957428,0.01871018201708069,-1.3265666320243623
2024-01-12,0.17257046355286776,11.569607172869551,0.018881658268688498,-1.3369269840812246
2024-01-15,0.1740516578489837,11.613483236640175,0.018890789851541218,-1.3460485204415775
2024-01-16,0.1729475050781576,11.59947796999709,0.018662890727140224,-1.342997513271162
2024-01-17,0.17186876550546304,11.571434607212185,0.01835223578612445,-1.3369878009640646
2024-01-18,0.17026217662624765,11.546554209383546,0.018128769919658977,-1.3316676326988448
2024-01-19,0.16872223668971043,11.539621417462325,0.018115503067991257,-1.330178864345429
2024-01-22,0.16995025864786262,11.560171891278772,0.01782350741826376,-1.334310408140567
2024-01-23,0.16880309984280617,11.494510309948462,0.017120717137618202,-1.3202765308774804
2024-01-24,0.16704639773493102,11.431281823813515,0.016598931897291863,-1.306838212855229
2024-01-25,0.16457058663534063,11.348523183392924,0.015946657871990594,-1.289267759868602
2024-01-26,0.16309422955627262,11.281253508352073,0.015290836166781722,-1.2749328074315809
2024-01-29,0.1611841659829787,11.182531224999511,0.014344128061434716,-1.2539086820826775
2024-01-30,0.15993125195613356,11.114013779553598,0.01367469296240597,-1.2392934897422982
2024-01-31,0.15994759305452033,11.048297842015275,0.012859289448523728,-1.2252057483756102
2024-02-01,0.16004629504815238,10.994647594055284,0.012092918327924793,-1.213645685420596
2024-02-02,0.1577745822394554,10.866248409007625,0.011092014650156051,-1.1863961456823295
2024-02-05,0.15519438795930374,10.727534236652556,0.010159899837277997,-1.1570185719090675
2024-02-06,0.15268647832800453,10.59317064252299,0.009163706517103201,-1.1285273978146177
2024-02-07,0.1505661453343501,10.46335451629853,0.008184833435537942,-1.100992061811442
2024-02-08,0.14838293346215847,10.33632237682851,0.00736326861153111,-1.0740913556075142
2024-02-09,0.1460086379327119,10.17723058685672,0.006311634533000113,-1.0404142630255175
2024-02-12,0.1430132931521928,9.985855063649655,0.005025006929037651,-0.9999157161591343
2024-02-13,0.13841738391795633,9.732598696913318,0.0035438403369996846,-0.9464317558133963
2024-02-14,0.13510032675720685,9.50072158615556,0.0021059370794434817,-0.8974289472414112
2024-02-15,0.13197035227338283,9.257682285502218,0.0004944676406483939,-0.8460305114142646
2024-02-16,0.13172597740160075,9.138693227016471,-0.0002899504360023286,-0.8208283097770841
2024-02-19,0.12964438601362993,8.971411231762373,-0.0012651345245890677,-0.7854765303840248
2024-02-20,0.12854474006952743,8.814300305505098,-0.0023936185545074817,-0.7521937551813522
2024-02-21,0.1289599183187471,8.69094431010226,-0.0033208606597948387,-0.7260249069147906
2024-02-22,0.126301469599028,8.44091780975942,-0.004751662511968957,-0.6732165139988613
2024-02-23,0.1235764439192647,8.208811531825368,-0.005973951248117615,-0.624220306469391
2024-02-26,0.12108453848128653,7.988731310303407,-0.00717870283476435,-0.5777498571131794
2024-02-27,0.11971436511182032,7.795957811366652,-0.008447989537555545,-0.5369720346835893
2024-02-28,0.11837775906037762,7.651399854021811,-0.009443360192616657,-0.5063743133561722
2024-02-29,0.11694475549424943,7.459438288368382,-0.010767843603541646,-0.4657496588559833
2024-03-01,0.11335397815785342,7.202962376399846,-0.012439105816158619,-0.4115214199497723
2024-03-04,0.10873663883834772,6.998070132208461,-0.013682219815354682,-0.3682068925224158
2024-03-05,0.10380313646279282,6.9171278205021665,-0.014043790700570685,-0.35111243732099773
2024-03-06,0.09943035355808227,6.90463830407103,-0.014036336530092036,-0.34843870316351966
2024-03-07,0.09649218457325293,6.854796134234199,-0.014499018969274274,-0.33777265682051283
2024-03-08,0.09305627702688912,6.921790904807244,-0.014147399248596038,-0.35180557590836736
2024-03-11,0.088647625598958,7.04072191380617,-0.013250576788005564,-0.3768906645873349
2024-03-12,0.08561020827125021,7.09080016379463,-0.01288085872887726,-0.3874065406033824
2024-03-13,0.08309938971482922,7.196554433379532,-0.012187204697472004,-0.40965475906989823
2024-03-14,0.0793563453258006,7.34650949301977,-0.010866066611429907,-0.4413724746124954
2024-03-15,0.07616942284474248,7.433634052853389,-0.010035519202942822,-0.4597889692370849
2024-03-18,0.07202148580918999,7.545649962655364,-0.008791033438214108,-0.48356207422753705
2024-03-19,0.0679732865959144,7.521282090996632,-0.008612183065471957,-0.4784590919933578
2024-03-20,0.06319276649452565,7.4840722798113894,-0.008439477615261926,-0.4706694289434976
2024-03-21,0.058192994764002304,7.514815962527365,-0.007542474212903827,-0.4773552013077005
2024-03-22,0.05350807086054421,7.404709497658883,-0.00774603401235191,-0.45422830564817174
2024-03-25,0.049546106461600736,7.343727998150573,-0.007672873054080709,-0.44145302594553115
2024-03-26,0.045663205652296646,7.267127481879303,-0.007692142466763335,-0.4253804581269094
2024-03-27,0.04248720948352813,7.127487818645715,-0.008421841275067399,-0.3958685515662479
2024-03-28,0.03869804029621404,6.975563741554769,-0.009102582244139817,-0.3638043305772536
2024-03-29,0.035122787369313624,6.843686718695782,-0.009595968559074797,-0.33599899192271376
2024-04-01,0.02918933721142758,6.660380487221204,-0.009619100296355348,-0.2976377953062972
2024-04-02,0.024723883760931264,6.55044384017846,-0.009394912217818352,-0.2746622246475088
2024-04-03,0.021246929435275175,6.552222024145603,-0.008442837306696066,-0.2752758485533384
2024-04-04,0.018848074920580826,6.623974996127771,-0.007158568980488389,-0.29063233118866627
2024-04-05,0.01603322577126942,6.688497915741017,-0.005603216608558725,-0.3045667502474396
2024-04-08,0.013885612881415654,6.91737432732517,-0.0026718696568407974,-0.35333496446734536
2024-04-09,0.012466631779244897,7.058332237419723,-0.0008049588881923753,-0.3833327073683499
2024-04-10,0.009764047271303089,7.065594383822621,0.001150294750367542,-0.3854689758975258
2024-04-11,0.007291053781962709,7.115881400137294,0.003929441829279498,-0.3968965217449645
2024-04-12,0.00443004810360792,6.673144780988682,0.002477369293835907,-0.30379061033624133
2024-04-15,0.0021433578569892697,6.326496378158396,0.002604721951491251,-0.2313390044701764
2024-04-16,0.0003948961021590369,5.679481886909855,0.0008141593691319837,-0.09545482125759541
2024-04-17,3.359013146331247e-05,5.024739754394648,-0.0016781024857763782,0.04230901945044696
2024-04-18,0.0006113974505718156,4.565451342482405,-0.0019558544100301,0.13840198936878956
2024-04-19,0.002232610586550665,4.0217080787084285,-0.0028348552862043908,0.25234583999474314
2024-04-22,0.004318339393340587,3.6485449340159306,-0.002610222641094062,0.3302282050742944
2024-04-23,0.00644192655298681,3.3300777513648896,-0.002584747215840344,0.39678094053605406
2024-04-24,0.009057042877038457,3.0295343482780552,-0.0021967586445555964,0.4594437627222856
2024-04-25,0.012107203197004868,2.8659013447770434,-0.00016645745277935053,0.4928856775091228
2024-04-26,0.015759942685227513,2.5674003698962373,0.0005813428782322494,0.5549737782417097
2024-04-29,0.01873032561565602,2.4200801876811084,0.0020810201766175984,0.5852235737483413
2024-04-30,0.0220454534399378,2.2427805233351172,0.0031765032277935035,0.6218695156044456
2024-05-01,0.025824475764431032,1.989737651454142,0.0036874226607183924,0.6745525832034858
2024-05-02,0.02840826579946698,1.8472953505652043,0.004439885970519364,0.7040713712768314
2024-05-03,0.030391786404244114,1.675408927932569,0.004357736217956015,0.7400703443913148
2024-05-06,0.031962380412003055,1.4677234243630934,0.00357761955793795,0.7838398252296148
2024-05-07,0.03389459772704517,1.2882500462634852,0.0033343552648663066,0.8214934337958839
2024-05-08,0.03600568284866157,1.0727151123795835,0.002715841477175851,0.8668207741992564
2024-05-09,0.03831322022226802,0.7106691991887857,0.0005969328490333381,0.943329330647404
2024-05-10,0.04043191793389378,0.4135070810966823,-0.000881895859474735,1.006060325951351
2024-05-13,0.04275039953624116,-0.01610220327648193,-0.0039625734631122955,1.0970687907944185
2024-05-14,0.04482973482960417,-0.43853459636709147,-0.00710497875286753,1.1866090132086615
2024-05-15,0.04555526746878613,-0.7674774213502005,-0.009926632934782631,1.2565326090619386
2024-05-16,0.04586025078942413,-0.9898122712138075,-0.0117704128963384,1.3038160436731179
2024-05-17,0.046324843969853036,-1.2401166434840718,-0.013658861233852349,1.356970218573534
2024-05-20,0.046081084891391066,-1.115680215000296,-0.011418900474717497,1.3302661349383609
2024-05-21,0.046341525609301604,-1.292348384279812,-0.012610614250097962,1.3677744019494682
2024-05-22,0.047130782961674056,-1.549944532829592,-0.014613350445256912,1.4224730510572652
2024-05-23,0.04815874774484097,-1.6905251217024855,-0.015171028158954158,1.452155741777073
2024-05-24,0.04875090990787523,-1.827035950829945,-0.016010211163490995,1.4811134748386756
2024-05-27,0.04926255721074235,-1.8693074877856262,-0.01568066900994286,1.4899233437024524
2024-05-28,0.04900445564557798,-1.4679881310588812,-0.010287096435733445,1.4041455313512348
2024-05-29,0.050459251903877345,-1.4799625475855862,-0.008964750932913712,1.406227346563636
2024-05-30,0.05114898773649812,-1.427969178249164,-0.007317919111948679,1.3948361491933845
2024-05-31,0.05186667811912504,-1.5242060401255912,-0.007437750174282276,1.4150755283187273
2024-06-03,0.05347903874478932,-2.1312353855134276,-0.0131679279326673,1.544152797692794
2024-06-04,0.0558551393649761,-3.0016757982518527,-0.022021136972780186,1.7294376497747628
2024-06-05,0.05846570640325677,-3.927646101544994,-0.031648405438690186,1.926629622357721
2024-06-06,0.06119457246976534,-4.8960879533398085,-0.0423321063573352,2.1331359459964787
2024-06-07,0.06460359701125895,-5.581518753117322,-0.04979398919436878,2.2792462736733263
2024-06-10,0.0687663887695843,-6.276544425500688,-0.057386866801720116,2.427419054478287
2024-06-11,0.07451644451386064,-7.173848154605025,-0.06772446602388116,2.618909519446099
2024-06-12,0.08030897013682736,-8.000862252814237,-0.07746363557080072,2.7954928514092803
2024-06-13,0.08573720144517938,-8.595369324570939,-0.0850931653567415,2.9227001701330817
2024-06-14,0.09399116094211257,-9.487584969371362,-0.09663825897420286,3.1136253873699715
2024-06-17,0.10122922863577355,-10.06384670015234,-0.10418906675888356,3.2370037055864547
2024-06-18,0.10895610810101375,-10.682838084836327,-0.11260778306796237,3.3696491972403315
2024-06-19,0.11615181238156147,-11.16424117925996,-0.11937375635481529,3.472912777726382
2024-06-20,0.12491994447227606,-11.680171744474627,-0.12661593553451878,3.5835747047840076
2024-06-21,0.13132583754805172,-11.949154802473494,-0.13083491537840602,3.6414815228691513
2024-06-24,0.1375897321853361,-12.268046800192508,-0.13520780643894997,3.7098745871214476
2024-06-25,0.14214076922725227,-12.397175889587679,-0.13712254753180442,3.737644079110778
2024-06-26,0.14578438050369646,-12.426595757302614,-0.13803077972243533,3.7441973505986494
2024-06-27,0.15043456790788212,-12.507147341010587,-0.13936167330739696,3.761581623900084
2024-06-28,0.15503124547014369,-12.706311366029247,-0.1412728951078474,3.8039181282377115
2024-07-01,0.15962135162066182,-12.929566972349278,-0.1430064779126537,3.8512014896615367
2024-07-02,0.16399509190667472,-13.215451232432109,-0.14508120702075095,3.9116694339008076
2024-07-03,0.16839746195977134,-13.548837744875215,-0.1477345395559005,3.9822988007176026
2024-07-04,0.17383726299628233,-13.9611344071199,-0.15054377962690255,4.0694213758579005
2024-07-05,0.17985462958571308,-14.35287227798814,-0.15402348161729076,4.15255690298621
2024-07-08,0.18418571224203595,-14.612165298965675,-0.15683412992811568,4.207817026756018
2024-07-09,0.18838768231619374,-14.849690216607335,-0.16008084037744935,4.258740163406063
2024-07-10,0.19224625090449077,-15.09233941800921,-0.163667799447304,4.3108793734766655
2024-07-11,0.19647065234313243,-15.41693750894867,-0.16802691342781484,4.3804279554881
2024-07-12,0.1997276009382447,-15.719246699908368,-0.17211914410494278,4.445222201146712
2024-07-15,0.20237011814879358,-16.025828244175177,-0.1758442984515698,4.51074749837676
2024-07-16,0.20749077708962893,-16.44007634418583,-0.1810623858643895,4.599336608927171
2024-07-17,0.21180331449969336,-16.826613235304972,-0.18586418931835663,4.681970761268605
2024-07-18,0.21663714154403313,-17.111846862833577,-0.1903956108762112,4.743388116338332
2024-07-19,0.22120539433259656,-17.267892467259983,-0.19368938334273217,4.777363578553341
2024-07-22,0.22499207236457996,-17.413769496305026,-0.19606799067363995,4.808828104228812
2024-07-23,0.22967956670585787,-17.56202036280077,-0.19920456863422742,4.841107360534782
2024-07-24,0.2343726779365345,-17.684718847557335,-0.20230786099117393,4.8680563120041755
2024-07-25,0.240162118261122,-17.79209087858473,-0.20673392395491633,4.892385495569495
2024-07-26,0.24662571598935823,-17.83897625493621,-0.2107360901489752,4.903928942207176
2024-07-29,0.2503076714716239,-17.678913663289123,-0.21083084564894033,4.870668918437306
2024-07-30,0.2556176378692423,-17.530754262632374,-0.2111096602927145,4.839977056296214
2024-07-31,0.2633333417764113,-17.590391206756085,-0.21395162973595644,4.853690739279984
2024-08-01,0.2702331966624697,-17.485812756013562,-0.21429312535734246,4.832118986162785
2024-08-02,0.2758647135647967,-17.399337839583104,-0.21440344328781485,4.81422407653099
2024-08-05,0.2802429444745185,-17.15889856274971,-0.21233823469114388,4.763326805868095
2024-08-06,0.2840683650413771,-16.958476148505753,-0.2111834794823656,4.721156436942368
2024-08-07,0.2868308949927604,-16.84131664843988,-0.21055714521501695,4.69655416995673
2024-08-08,0.29035005935347225,-16.81945410398298,-0.21113207363060482,4.692323425361122
2024-08-09,0.2949287574631688,-16.847947524398066,-0.21373361859694295,4.6994554489057965
2024-08-12,0.30085494980145466,-16.88243119302747,-0.21581338997803157,4.707604602982102
2024-08-13,0.30718971659348404,-16.916122785848582,-0.2179956931209482,4.715639448411259
2024-08-14,0.3114474104820326,-16.943338941707722,-0.22057244794479272,4.7224998597285905
2024-08-15,0.31680065266851687,-16.998690550115835,-0.22387896001628543,4.735532618603299
2024-08-16,0.32025745685598705,-17.081050504347807,-0.22727073613763918,4.754227809683267
2024-08-19,0.32348435184853375,-17.129450120060696,-0.23133658835964202,4.766163685076744
2024-08-20,0.32770123385808336,-17.20266846706629,-0.23537275241272027,4.783256528644877
2024-08-21,0.33283298855567645,-17.27406222887487,-0.23923545527930912,4.799885324524904
2024-08-22,0.3397014290612639,-17.378535409809363,-0.24190710699168103,4.822897445697627
2024-08-23,0.34730830334075413,-17.527184053538168,-0.24601267472275876,4.855747281748936
2024-08-26,0.3580217478801173,-17.749269415673915,-0.2509519704131917,4.904242470276026
2024-08-27,0.36986022139816666,-17.99262454255105,-0.25606235349296746,4.957238747822887
2024-08-28,0.37765254806478255,-18.07929638127608,-0.2594066377173112,4.976836067522253
2024-08-29,0.38641438081091106,-18.1697875732717,-0.26262483742496245,4.997176163189007
2024-08-30,0.39424189549807165,-18.22497349014651,-0.2656965120122484,5.010104222526614
2024-09-02,0.4013310233852704,-18.27771274572268,-0.26807324586716064,5.022224990649136
2024-09-03,0.40781762449166414,-18.263199542820306,-0.2689034263020366,5.019653385066059
2024-09-04,0.41449425840998433,-18.257929250264013,-0.27010040534600854,5.019162106358793
2024-09-05,0.42028783534178227,-18.257530552317718,-0.2712022138784486,5.019644525063719
2024-09-06,0.42495395310627415,-18.209358053662456,-0.2716413755126023,5.009884276012466
2024-09-09,0.4296554563148739,-18.15662569816648,-0.2708357747088967,4.998644467168411
2024-09-10,0.435395246767058,-18.062908961016465,-0.26955481848264956,4.978665996579236
2024-09-11,0.44047462116061287,-18.012013010038366,-0.2677114040936762,4.967371178751608
2024-09-12,0.4466508029471964,-18.079628879859484,-0.26712519322618095,4.981315536944114
2024-09-13,0.45384631726145264,-18.227535428422417,-0.2672156546253762,5.012302403641292
2024-09-16,0.46143052889393266,-18.321690733300347,-0.2676304597960798,5.032233564255735
2024-09-17,0.46695096660441293,-18.343879219700423,-0.2668804089901096,5.036677663250945
2024-09-18,0.4724024365787457,-18.4461592814008,-0.2650996602583078,5.057389647402525
2024-09-19,0.4781970372118992,-18.64011959944604,-0.26307586229454893,5.09711382347425
2024-09-20,0.48494687062890196,-18.851272974373174,-0.26174693601385624,5.140725179720845
2024-09-23,0.4936792072431436,-19.14386201109654,-0.26012050377254836,5.201184530172826
2024-09-24,0.496124671560747,-19.2505990802958,-0.25924533182796805,5.223237419951583
2024-09-25,0.4978534022958123,-19.37493188338965,-0.2585484821864579,5.2490149743174275
2024-09-26,0.49885763688327356,-19.437887995726676,-0.25867992994876454,5.262389122325903
2024-09-27,0.5026584600931545,-19.52521328044393,-0.2592935905296564,5.281027087840769
2024-09-30,0.5058447486554345,-19.653466651450724,-0.25846006138262884,5.307585197895541
2024-10-01,0.5151771580625113,-19.939347090048688,-0.2586360234798196,5.367362020058835
2024-10-02,0.520924317077473,-20.134851856771014,-0.2585726139466133,5.408218403280987
2024-10-03,0.5239911326885445,-20.281536970124083,-0.2578639760471277,5.43861028351338
2024-10-04,0.5262732304876844,-20.513427386556,-0.25652256794853123,5.4865107493842
2024-10-07,0.5284593868910193,-20.72917609017404,-0.2553172180737807,5.531084362982199
2024-10-08,0.5312019305433833,-20.92774885718749,-0.25386211519486546,5.5719660927728185
2024-10-09,0.533683377597471,-21.078501550190783,-0.2522412010785352,5.6028039102499
2024-10-10,0.5385591565234048,-21.296435529561833,-0.24983037432199973,5.647328292929208
2024-10-11,0.5421793800164915,-21.513968532872433,-0.24774795332930713,5.691899861063873
2024-10-14,0.5483511317329526,-21.818050882335157,-0.2448643958069203,5.754197615435919
2024-10-15,0.5541952409792895,-22.02752765202959,-0.24231245416380098,5.796892548367636
2024-10-16,0.5598041963000717,-22.173737528723017,-0.23930783917328716,5.82621301710942
2024-10-17,0.5671533497327439,-22.41972271273997,-0.2350228528235372,5.8758235889418815
2024-10-18,0.5773508683171561,-22.771742757470406,-0.2309623080537646,5.947643572211514
2024-10-21,0.5849845686787255,-22.990441338377277,-0.22794527795740963,5.992096979306286
2024-10-22,0.5899715738867559,-23.12772787032765,-0.22677817663748714,6.0203163881456465
2024-10-23,0.5933430882414499,-23.215844335213607,-0.22503353382522223,6.038043461733241
2024-10-24,0.5991059270717523,-23.360450353403063,-0.22271299346873263,6.067345655312312
2024-10-25,0.6059158309369003,-23.532498963057595,-0.22004069535235488,6.10224481186002
2024-10-28,0.6101292664462283,-23.675373861448296,-0.21654238040217988,6.1307087931684086
2024-10-29,0.615099941957076,-23.827488811641608,-0.21247516707917113,6.1608842600676486
2024-10-30,0.6209960768841742,-24.000807632029748,-0.2079715534772725,6.195305626242524
2024-10-31,0.6245747211075905,-24.050473537299197,-0.20582741449285075,6.204885062867721
2024-11-01,0.6258527661138349,-24.13027493227969,-0.20344501177505578,6.220636264501985
2024-11-04,0.6273041313406535,-24.225973214637126,-0.2011920841906067,6.239759091053028
2024-11-05,0.6284742600749423,-24.308491012195773,-0.19970530044099027,6.256428999180137
2024-11-06,0.628383244502591,-24.171731614516183,-0.19895503110182136,6.227656165689009
2024-11-07,0.6291196373869978,-24.245336708442874,-0.19894783231670554,6.243002635559041
2024-11-08,0.6296781970224924,-24.092630579001735,-0.1974806589889329,6.2106311577597495
2024-11-11,0.6284033779304468,-23.857692934257187,-0.19571383195230385,6.161004530118275
2024-11-12,0.6242602124667551,-23.49001805343068,-0.19612732576801842,6.08455144885597
2024-11-13,0.6189040666693155,-23.06974323985074,-0.19663920727516374,5.997178864936949
2024-11-14,0.6146151562609632,-22.759589921032,-0.19843060428606868,5.933217849321513
2024-11-15,0.6102957187746629,-22.429261145569345,-0.19914205262527426,5.864654966824457
2024-11-18,0.6083293767827802,-22.215345590982743,-0.1994358726192268,5.820191882614403
2024-11-19,0.6080247256608384,-22.070023698341355,-0.1995279844162837,5.7899353359182015
2024-11-20,0.6065907520996072,-21.790481259338716,-0.19847513580451165,5.731308590026154
2024-11-21,0.6066531650988511,-21.499197742815607,-0.197160222953967,5.670167989110428
2024-11-22,0.6067659578800637,-21.182406537655137,-0.1958734920554693,5.6037214676319955
2024-11-25,0.6042418568231931,-20.78792699085913,-0.19358128206641975,5.520695749475327
2024-11-26,0.6012139590754371,-20.342852054040833,-0.190905489252718,5.4269984015842
2024-11-27,0.6002178951129353,-20.01154863966727,-0.18794814082273792,5.356900110757948
2024-11-28,0.5985947425235295,-19.69282138858532,-0.1851624650531226,5.289484008211448
2024-11-29,0.6009557677593471,-19.440055946457186,-0.18382083810979044,5.236398954345262
2024-12-02,0.5987329863892819,-19.066514985995436,-0.18293281913710485,5.158313336155414
2024-12-03,0.5981965135217233,-18.74829805473163,-0.1832418271416465,5.092246399648703
2024-12-04,0.5978138454968122,-18.455305577343736,-0.18273527825399685,5.031104516845036
2024-12-05,0.596592825960025,-18.23223209969622,-0.18233636056842478,4.984541645461109
2024-12-06,0.5957501415000521,-17.95056068094212,-0.1826714727151229,4.926095228193937
2024-12-09,0.5952922872232779,-17.74905598826294,-0.18284697945924838,4.884261051863772
2024-12-10,0.5949713769258125,-17.560872539916552,-0.18264727658126323,4.845037732474456
2024-12-11,0.5955843210532448,-17.435401296389266,-0.182951477276114,4.819077648841177
2024-12-12,0.5951524061064273,-17.30570508245669,-0.18307975431370438,4.792149967795898
2024-12-13,0.5938233588907567,-17.15617082646343,-0.18353992552522294,4.761215336200403
2024-12-16,0.5923742809509783,-17.028152802043657,-0.1838630948059427,4.734703813539335
2024-12-17,0.5902776615884522,-16.885561176426926,-0.1841827906511675,4.705152327265216
2024-12-18,0.5871164537715966,-16.7296645645657,-0.1851960915019255,4.673109796305212
2024-12-19,0.5838266045891787,-16.456293816670453,-0.1875624068974023,4.617205072139726
2024-12-20,0.5834209860593782,-16.255968691178975,-0.1897782816217098,4.576481740070478
2024-12-23,0.5816223242030379,-16.037685932989167,-0.19153505492314438,4.531825214618962
2024-12-24,0.5787754508512479,-15.83180609204718,-0.19250365378300094,4.48941538774348
2024-12-25,0.5759349684861325,-15.61211053552997,-0.1936593520940344,4.444223630469679
2024-12-26,0.574334214582349,-15.400962090539982,-0.19468435377633253,4.400776805655126
2024-12-27,0.5724426245303991,-15.192117820304523,-0.19573541861243318,4.357825701377095
2024-12-30,0.5707360304514464,-14.91168150830507,-0.19768669866021987,4.300358524353723
2024-12-31,0.5689099089071388,-14.61214600052925,-0.2001920001506621,4.239140470123544
2025-01-01,0.5673653257001497,-14.326192196626344,-0.202693664591635,4.180753200804852
2025-01-02,0.5691429770823806,-14.067899420269066,-0.20483790107367833,4.12800676781576
2025-01-03,0.5725687946121966,-13.828102809628422,-0.20717934895524875,4.079206511491464
2025-01-06,0.5760071309141155,-13.688195830713363,-0.20885670981992688,4.050911452031485
2025-01-07,0.5784480764257749,-13.554816530758526,-0.2099484678775492,4.023732497705318
2025-01-08,0.5813319040510116,-13.388116709627262,-0.21139770832439467,3.9897739924258966
2025-01-09,0.5847540534327504,-13.234777870439666,-0.21231890098007689,3.9583804344568856
2025-01-10,0.5859833634720457,-13.060399829314353,-0.21235124948749307,3.922246653033963
2025-01-13,0.5883762551183036,-12.868620615859452,-0.21329619273174522,3.882873380180454
2025-01-14,0.5907171186773166,-12.733500123010439,-0.21354684109425687,3.8550048752954686
2025-01-15,0.5960037604189088,-12.606870508230772,-0.21532175388064,3.8295303962049356
2025-01-16,0.5998454244983902,-12.44437106995085,-0.2163544619787161,3.796288450733291
2025-01-17,0.6049057548152676,-12.280768844842349,-0.21873736187538884,3.763378808512779
2025-01-20,0.6106568290002662,-12.135871090008367,-0.22201421045656902,3.7347222810618086
2025-01-21,0.6160531971294497,-12.065480696642867,-0.22287081723107305,3.7205829965384503
2025-01-22,0.6212937943271777,-12.004725166752378,-0.22243947131192937,3.707927370253378
2025-01-23,0.6256996409470836,-11.949118409383088,-0.22238930372966906,3.6965001282826355
2025-01-24,0.6287171163774063,-11.901461354264551,-0.22188695293538313,3.6865533759525997
2025-01-27,0.63252665261937,-11.807049234709126,-0.22139979060316306,3.666867593020803
2025-01-28,0.6365191541961773,-11.711527636943059,-0.22072676612389033,3.6468798797137723
2025-01-29,0.6398286980346692,-11.605236949816259,-0.21976687253942387,3.6245377015527334
2025-01-30,0.6438764760566629,-11.513431448290474,-0.21741316959771867,3.604657041952559
2025-01-31,0.6496309692671534,-11.418856402534741,-0.21577039709974813,3.5844977005696457
2025-02-03,0.656166739501779,-11.288391260173656,-0.2147423541486549,3.5571169412245647
2025-02-04,0.6606751235355668,-11.209428796706968,-0.21348706671696216,3.5403525488956005
2025-02-05,0.6659084517735869,-11.124800376877108,-0.21251348075793033,3.5225253677251134
2025-02-06,0.6708953286014097,-11.037227108525872,-0.21171023766575858,3.5041502680423697
2025-02-07,0.674978654981981,-10.951365982188108,-0.21034738481959653,3.48590050834356
2025-02-10,0.6785622956549051,-10.885199423561312,-0.20862920676185187,3.4715960122147678
2025-02-11,0.6828870876237707,-10.826478591355723,-0.2076499386132988,3.4591487328667645
2025-02-12,0.6856004030923208,-10.774526292237619,-0.20580082799471341,3.447766315965649
2025-02-13,0.6875348352606343,-10.724593100516541,-0.20430832821224335,3.4369495697371226
2025-02-14,0.6911664050467455,-10.661713948345973,-0.20370088869252154,3.4238202825997948
2025-02-17,0.6954503071273486,-10.605415403285324,-0.20347502992996838,3.412214421338903
2025-02-18,0.6972030624148788,-10.586479008859623,-0.20349944766107897,3.4084718981260025
2025-02-19,0.698807744140819,-10.581876605751658,-0.20372236014871314,3.4077539035899322
2025-02-20,0.7007934737054848,-10.584356476142785,-0.20515169459723112,3.409018199509977
2025-02-21,0.7020170717354322,-10.584900087093093,-0.2067206586943565,3.4099125453838157
2025-02-24,0.7024707578023015,-10.59391411053171,-0.20833420869564054,3.412571221062918
2025-02-25,0.7038249590716666,-10.583013587532067,-0.20972264540741214,3.41097003964315
2025-02-26,0.7051264028947919,-10.57136693638291,-0.2110389192978968,3.4091793964195785
2025-02-27,0.7066570413976863,-10.503408618433937,-0.21129296490953556,3.395258383080297
2025-02-28,0.7068181998506347,-10.40275111891193,-0.21048610521315456,3.3740831632076214
2025-03-03,0.7068692573360922,-10.340008973866894,-0.20984177106402724,3.3608430612847435
2025-03-04,0.7072817688121555,-10.296370001635863,-0.20960886247909968,3.351754802857182
2025-03-05,0.7036657680060456,-10.299289578597659,-0.20984516253776217,3.352555179352613
2025-03-06,0.7000221641498966,-10.273968028685188,-0.209821814532258,3.347414184302251
2025-03-07,0.6952783738303236,-10.252056939794333,-0.20972389077079356,3.3429570359551963
2025-03-10,0.6939656252196469,-10.221634395919327,-0.21029783240102876,3.336988542791549
2025-03-11,0.6929677370594038,-10.179451317297193,-0.21121929906293674,3.3287761353884413
2025-03-12,0.6884259249753166,-10.135372968669065,-0.21128579072215692,3.319815382039684
2025-03-13,0.6832179693933285,-10.109191324474045,-0.21167163925451252,3.3147045513415354
2025-03-14,0.675942107772916,-10.06818293082233,-0.21183308904580792,3.306440247008382
2025-03-17,0.6657434609607925,-10.022933647929982,-0.21164691629747098,3.2971580851117097
2025-03-18,0.6561137788914887,-9.99462292962557,-0.21213268408938724,3.2916649390184
2025-03-19,0.6490828750661911,-10.015282625250068,-0.21312133687215576,3.2965019974004024
2025-03-20,0.6431291132399912,-10.072005650971969,-0.21449686749452296,3.3089451408110824
2025-03-21,0.6394378889823925,-10.154020537433667,-0.2161501767476008,3.3267152113568463
2025-03-24,0.6336567358476657,-10.213073460518363,-0.21692480093783056,3.3393760764593736
2025-03-25,0.6285271192875688,-10.313110115787149,-0.21839573979851273,3.360800740624394
2025-03-26,0.6243298674506511,-10.452267106191647,-0.22014824083469958,3.3904311933828044
2025-03-27,0.6195872418465176,-10.598586184004747,-0.2217364776775558,3.421487719898336
2025-03-28,0.6173235455633794,-10.765246413482156,-0.22504064982039199,3.457452118724525
2025-03-31,0.6189674945992126,-11.001439687270071,-0.23006482366557288,3.508506591617146
2025-04-01,0.6180775461021637,-11.138194234748447,-0.2333008194779152,3.5382565039149054
2025-04-02,0.6174141739374981,-11.33971682395948,-0.2378184429509107,3.5819303297819705
2025-04-03,0.6134179750128794,-11.469329693129604,-0.24314992318035966,3.6110573843145506
2025-04-04,0.6127362853018214,-11.585510583434498,-0.2464019435687237,3.6365204242900058
2025-04-07,0.6129778338360854,-11.717948699403902,-0.24902765534369864,3.665064959842644
2025-04-08,0.6110750212475808,-11.83836038115055,-0.2504689557903048,3.6906561737770516
2025-04-09,0.6032433696780901,-11.929878784366153,-0.25014158711880874,3.709596514006969
2025-04-10,0.5743246997954827,-11.779212812559827,-0.24208493645537435,3.675279122643178
2025-04-11,0.5281671506622643,-11.332285585269666,-0.22639473074829933,3.5765135606998926
2025-04-14,0.4929838530166841,-11.019656890021862,-0.2177480289577222,3.5084233315300404
2025-04-15,0.4592483070382829,-10.678950074627268,-0.2078788561433019,3.4340283970250405
2025-04-16,0.41994072846190655,-10.250388722153573,-0.19758387642283212,3.341288488169413
2025-04-17,0.3823804275819319,-9.755630857301844,-0.18591285659284326,3.234289599931154
2025-04-18,0.3470490341795659,-9.226614396284058,-0.17364882558899566,3.1199551033239588
2025-04-21,0.2991679827260355,-8.337548874299411,-0.15216279874654048,2.9273090615526614
2025-04-22,0.26270499353313903,-7.595149390660223,-0.1356849386046607,2.7670770759515246
2025-04-23,0.23782736321022524,-7.082566775387583,-0.12416230551933738,2.656436111527072
2025-04-24,0.2155027675031771,-6.615985538942382,-0.11577199731960958,2.5566198977270576
2025-04-25,0.19523375884630734,-6.134045932761285,-0.1068654238232733,2.453407890468914
2025-04-28,0.17625558290817367,-5.673725802569335,-0.0997977341258855,2.3554304035068
2025-04-29,0.15925339714875297,-5.237463119583801,-0.09361211087404235,2.2627805343404965
2025-04-30,0.1437292349881415,-4.7913037870401185,-0.08746454419471819,2.16810145518778
2025-05-01,0.13153380764773526,-4.398133764288738,-0.0804895087506005,2.0840367181695703
2025-05-02,0.11729720230722673,-3.8542662000777463,-0.07026339941438088,1.9674299734206753
2025-05-05,0.10126430663701003,-3.1630180328107196,-0.05691735043061946,1.819049926611159
2025-05-06,0.08588974602658961,-2.453189239069527,-0.04436676657172814,1.6671571082957641
2025-05-07,0.07365296004753707,-1.8207631456330766,-0.03384711392823231,1.532112304657822
2025-05-08,0.06470665140062182,-1.232537281010396,-0.02196304606531152,1.4056514363069004
2025-05-09,0.05585680121558312,-0.5190833681738347,-0.007789121297442025,1.2523430367941841
2025-05-12,0.050497866945215075,0.1745421468272017,0.00886468907663085,1.102119216969291
2025-05-13,0.045817329871419954,0.9746245981115909,0.027050231125841928,0.9292271490050505
2025-05-14,0.04279528700536095,1.7735817613122329,0.04456255084600036,0.7568296060789304
2025-05-15,0.04129012590439518,2.6029078638413843,0.06260715465817507,0.5779349928192454
2025-05-16,0.042358845198369965,3.4279433529084287,0.08173429573161756,0.399496940727579
2025-05-19,0.04442181900959796,4.356132485151733,0.1018464773083404,0.1993017533102548
2025-05-20,0.04881246431090125,5.355156526479917,0.12360356331819639,-0.016218400005604483
2025-05-21,0.055714489804299494,6.330991353237065,0.144847762802774,-0.22674835771314994
2025-05-22,0.06246649502243917,7.096784902924753,0.16075325157204406,-0.3916035910022053
2025-05-23,0.0701713002979858,7.916125763313968,0.17655477638807193,-0.5675090951710913
2025-05-26,0.07923020618416698,8.704848092003665,0.19166177071219614,-0.736799983609937
2025-05-27,0.09097096040604835,9.449623769279071,0.20807429532441712,-0.89748395287423
2025-05-28,0.10463022087222795,10.11374403151989,0.2244754437296443,-1.0414710053488614
2025-05-29,0.11731735751681172,10.721028895216504,0.23838116275109844,-1.1726707088016513
2025-05-30,0.1286056603257053,11.266909107786793,0.25001447973210233,-1.2902283041573956
2025-06-02,0.14116507083114105,11.796816288309806,0.26081523451693683,-1.4041445626816484
2025-06-03,0.15304783228482233,12.23189106219991,0.2700518868057284,-1.497801489388035
2025-06-04,0.16523918086818457,12.716118969934612,0.2797712303648153,-1.6018135717989526
2025-06-05,0.17728761950313565,13.131593211125033,0.28768843864384264,-1.6908794847875441
2025-06-06,0.19025608414743378,13.438994501420048,0.2941566361839933,-1.7569990774056428
2025-06-09,0.2022295199088192,13.71076895106494,0.2997136036927886,-1.8153790385824182
2025-06-10,0.2157132042728418,13.995306480066821,0.3058246268749074,-1.876613300156937
2025-06-11,0.23049199626921124,14.34443726095614,0.3127187395974329,-1.9515416827937524
2025-06-12,0.24475275181363176,14.680605161153768,0.318811005064726,-2.023452348782968
2025-06-13,0.2621604404052943,15.02767038576619,0.32659892776493443,-2.0982958839026997
2025-06-16,0.27721470642259693,15.253842737054578,0.3316326087462883,-2.147008520637999
2025-06-17,0.2935868812437832,15.568767633300162,0.3388774789945617,-2.2149771472240447
2025-06-18,0.313198921878165,15.898931576732915,0.34868515926256916,-2.287137934823261
2025-06-19,0.3320414472842127,16.208640846350526,0.35730494938294927,-2.3545819608190666
2025-06-20,0.34882045526495,16.531891769656664,0.364697921059165,-2.424334131458756
2025-06-23,0.3656356823973228,16.85425804901692,0.37205872264856626,-2.4938841374314045
2025-06-24,0.3776024869371475,17.100024888352785,0.3756363106894101,-2.5460650331327908
2025-06-25,0.3915979798560424,17.36835167378666,0.37976100741267005,-2.6031299188544437
2025-06-26,0.407405575928416,17.647743735682667,0.3845905347493005,-2.662775661591477
2025-06-27,0.4217032470865749,17.858551027718573,0.3878985801436316,-2.70761736358991
2025-06-30,0.43292958849903695,18.095468885546694,0.3898750992154937,-2.7573319460281986
2025-07-01,0.4453962099672326,18.34811980356139,0.39191851759315055,-2.8103337466733413
2025-07-02,0.45877544046945284,18.572950602046074,0.3942129108675878,-2.8576807944717286
2025-07-03,0.46817417498081926,18.702096067086277,0.3946086855096091,-2.8844686208800265
2025-07-04,0.47789852448808445,18.836409370693104,0.39480066482288495,-2.9122407146580302
2025-07-07,0.48688306984675656,18.938061585056055,0.3944867002386436,-2.9330419089378914
2025-07-08,0.497276674814232,19.012503250893364,0.3942970094501872,-2.94824483415469
2025-07-09,0.5090221479530745,19.139662569813183,0.3953621133280706,-2.974861055288447
2025-07-10,0.5200790218874629,19.254353076810546,0.39630595545531644,-2.9988466207445437
2025-07-11,0.5336642899164362,19.360136609987364,0.3980991409095308,-3.021329770202385
2025-07-14,0.5478826222939364,19.479629819742257,0.39984181414839953,-3.0466152754846845
2025-07-15,0.5575832166194503,19.525594501331632,0.3994210715312183,-3.055817300745172
2025-07-16,0.5655442299827949,19.56510278417384,0.3989043607749455,-3.0636381560630497
2025-07-17,0.5714574621796931,19.597645327575865,0.3981281409498962,-3.069920274346033
2025-07-18,0.5763312867229922,19.646326012244042,0.39695073809355813,-3.0794016889979368
2025-07-21,0.5789174472209149,19.71250570190866,0.39546096244626094,-3.09238283259777
2025-07-22,0.5814945571835533,19.800113767601122,0.3936532276619096,-3.1096683167015127
2025-07-23,0.5834185370655635,19.81399151579845,0.3910131991804494,-3.1113686059667813
2025-07-24,0.5869045874455635,19.848951793170382,0.38834002306577625,-3.1173867314486583
2025-07-25,0.5927403347626481,19.906646953930228,0.38631759454170744,-3.128353805518836
2025-07-28,0.5986430354825891,19.9680463382549,0.3848385446937219,-3.1403149216882067
2025-07-29,0.6031225124198771,20.069486429543115,0.38253040913202185,-3.160205540877559
2025-07-30,0.6049603577465101,20.116186430912627,0.38025973276878033,-3.1688181438949745
2025-07-31,0.6063587777029733,20.165062836760022,0.377799068609298,-3.177800932909676
2025-08-01,0.6085705908795072,20.27015141502183,0.37432627374765937,-3.1979686149440676
2025-08-04,0.6104329760006917,20.387521201011623,0.3704615875347206,-3.2205024855521005
2025-08-05,0.6126262317819033,20.509646847556088,0.36730676316892186,-3.2443306222543558
2025-08-06,0.6170787032576034,20.64562682931384,0.3642786656981229,-3.271093904899622
2025-08-07,0.620246815173102,20.776963531172647,0.3607902705229176,-3.2967102149030443
2025-08-08,0.6228405115562812,20.892706561092442,0.3570268375035013,-3.3189928165157023
2025-08-11,0.6257739368021125,20.98701797628205,0.3530967687847786,-3.3367528012457606
2025-08-12,0.6292572909204129,21.07951600324457,0.3489539257011077,-3.3540823202770293
2025-08-13,0.6315384001638225,21.16864417708765,0.34455525029500184,-3.3706063202477323
2025-08-14,0.633667148079492,21.24250572500072,0.34040453424806283,-3.3840710278409167
2025-08-15,0.6373191756578495,21.300412223955746,0.3362019412071415,-3.3942169371150275
2025-08-18,0.640555905553754,21.34765683047742,0.33237914986856776,-3.4023128173011665
2025-08-19,0.6453504038564367,21.40340686805348,0.32857716825134586,-3.412160542169867
2025-08-20,0.6501932429138964,21.469980548487055,0.32464619481244755,-3.4241862349181655
2025-08-21,0.6529659950849522,21.510468058429467,0.3203672370764365,-3.4306676250717487
2025-08-22,0.6553330479900435,21.57125829454924,0.3148688061305217,-3.44084159731041
2025-08-25,0.6578385795269144,21.62629537326632,0.309696845583489,-3.449965848321278
2025-08-26,0.6597860213484196,21.685635642211476,0.3034729896503783,-3.4595265782054243
2025-08-27,0.6595305744634299,21.733639934985458,0.29658982850970633,-3.466463655176345
2025-08-28,0.658828893753237,21.776265582513645,0.29026987609928623,-3.4725400176127286
2025-08-29,0.6585044689483079,21.82278429172091,0.2833562662814599,-3.479169294608277
2025-09-01,0.6590267732348063,21.87669078353942,0.2766693460075036,-3.4874247842595034
2025-09-02,0.6594243565525755,21.95277351317707,0.2694596561904104,-3.5000417959906764
2025-09-03,0.6587894476533531,22.03030482900452,0.2603652852731611,-3.512164188999312
2025-09-04,0.6573506562738052,22.089694674960214,0.24934687609629647,-3.5197107417333675
2025-09-05,0.6580228589733894,22.167732937631207,0.23573546054785272,-3.5300168313594957
2025-09-08,0.6579856711434695,22.247767309939235,0.22060972164424603,-3.5400995567861293
2025-09-09,0.6589585205088724,22.32215569226519,0.20676179705766862,-3.549553201496508
2025-09-10,0.6601814742551315,22.387667139456504,0.19138282504760976,-3.5565203021723644
2025-09-11,0.6622974027483659,22.449707587501706,0.17532556808204852,-3.562493181601149
2025-09-12,0.6658849538335638,22.511302087527966,0.1605756201844889,-3.5689135153784246
2025-09-15,0.6722079529511154,22.597541670559863,0.1454534493176991,-3.580282671296935
2025-09-16,0.6805318531006284,22.670213432647632,0.1292599431251576,-3.588395441334243
2025-09-17,0.6907067915097993,22.73110503098984,0.11369653296553223,-3.5943273227035415
2025-09-18,0.6981143751295225,22.74292357463414,0.09736754816937504,-3.589779520429926
2025-09-19,0.7069307344030331,22.76538001543949,0.08045464782487882,-3.58717474484173
2025-09-22,0.7151300538153145,22.792083838319222,0.06536046112006297,-3.586201329109456
2025-09-23,0.7248527774171114,22.843671896948884,0.05293333764932809,-3.591495550478373
2025-09-24,0.7340392300568657,22.87890547832119,0.04092621448047115,-3.59356937740127
2025-09-25,0.7428193687788357,22.902990017711687,0.028754554271807814,-3.5932487851316415
2025-09-26,0.7519507690012573,22.920337267159624,0.01674683422709322,-3.591597339187303
2025-09-29,0.7602193529832517,22.929704381191428,0.004101735929185002,-3.588028828625534
2025-09-30,0.768024001085435,22.94029065082457,-0.008979793822655041,-3.5845286551185884
2025-10-01,0.7764931364859234,22.93558902330152,-0.023260938496089373,-3.57735245606983
2025-10-02,0.7830996462797631,22.897687205356423,-0.03768954500190219,-3.5632380613364414
2025-10-03,0.7889338328540902,22.864335531976067,-0.05041701023687556,-3.5507909470385135
2025-10-06,0.7926148487468806,22.858025896415505,-0.061070052997095337,-3.5448083938545514
2025-10-07,0.7960238098172658,22.82585477444648,-0.07432475072021213,-3.532368936043574
2025-10-08,0.7962890882340143,22.809825338474397,-0.08490428194494096,-3.5243956824752147
2025-10-09,0.7966582141239003,22.78566131234937,-0.09458962768480306,-3.5151220589416727
2025-10-10,0.7968638227913378,22.74910619885967,-0.10466846335809443,-3.5031109710142125
2025-10-13,0.7960696293046925,22.711727050913574,-0.11610889293246862,-3.4903436963174834
2025-10-14,0.7946605691348958,22.67645864420907,-0.12694718189993548,-3.478271837377391
2025-10-15,0.7925195082460227,22.675699552035734,-0.13573304734094688,-3.474217959630015
2025-10-16,0.7901385792806482,22.6596136116991,-0.14682597071565776,-3.4660258776717763
2025-10-17,0.7888187797442237,22.651082082524955,-0.15599739090206627,-3.4602155147173868
2025-10-20,0.7867122062078447,22.638321622354567,-0.1669448083185097,-3.452751417889777
2025-10-21,0.7877295663918562,22.617967618799426,-0.17385484825165098,-3.445458931147777
2025-10-22,0.7894560828131123,22.592962641670212,-0.18094843666908467,-3.437125863282584
2025-10-23,0.7910796697384589,22.563772870918545,-0.1884779234331136,-3.4277323521078653
2025-10-24,0.791704669282665,22.525788071084342,-0.19455080085688975,-3.4171299774719333
2025-10-27,0.7950018708233952,22.49134874060421,-0.2000396672821979,-3.4075171736490812
2025-10-28,0.7982164135200904,22.421249581744057,-0.2061562687156545,-3.390264535324281
2025-10-29,0.802250716802372,22.352946369583314,-0.21167516963154395,-3.3736076388991165
2025-10-30,0.8010370998182268,22.318394150028006,-0.21490367701230026,-3.364908596587447
2025-10-31,0.8000106049078737,22.270509657645395,-0.21815617828194156,-3.353434162700822
2025-11-03,0.7986270111416499,22.22505613865841,-0.22107287566858355,-3.342599968726727
2025-11-04,0.7977010326222262,22.16154005969497,-0.22407973825910832,-3.3279832165159497
2025-11-05,0.7954749010854785,22.12545748051753,-0.2262683786768745,-3.319385360309797
2025-11-06,0.7945776494399402,22.07266422758881,-0.22968889138783588,-3.3068180966847853
2025-11-07,0.7931850793730707,22.032867980569982,-0.23277211385953,-3.297107817764876
2025-11-10,0.7900950317049371,22.02031294332447,-0.23562696040305595,-3.2931436296047663
2025-11-11,0.7866570246285396,22.012215674016005,-0.2388356523472852,-3.2899709031592805
2025-11-12,0.7854411949429227,21.932129394788,-0.24488540965908365,-3.2706236291308306
2025-11-13,0.7838060054394568,21.887401190764535,-0.24883296202394917,-3.2595141901914886
2025-11-14,0.7831915156792074,21.829621198843153,-0.2526179248118738,-3.245749003855859
2025-11-17,0.7829964076847393,21.756252357847927,-0.2566443853439555,-3.22865497485226
2025-11-18,0.7835418874911892,21.645813431130655,-0.26296661889766393,-3.202893707845117
2025-11-19,0.7828868387109488,21.517571251687606,-0.2693707948707158,-3.17339667223745
2025-11-20,0.781924192559488,21.393245831027087,-0.27535667596520713,-3.1448830860787904
2025-11-21,0.7826902484545645,21.207888865000577,-0.2843705090446321,-3.102437183326896
2025-11-24,0.7836748976969302,21.019811626234883,-0.29363787482887865,-3.059300711155945
2025-11-25,0.7855430974468437,20.81803648128333,-0.303352166838252,-3.0131478376329293
2025-11-26,0.7875533757955596,20.647007996387217,-0.31192637612139806,-2.973868300771521
2025-11-27,0.7886842046584035,20.481800619155063,-0.32010833604438593,-2.9359766741757207
2025-11-28,0.788722272130167,20.36155913797426,-0.3267350502637364,-2.908067937167875
2025-12-01,0.787191445759544,20.28215995280231,-0.33108668489080245,-2.889562137308114
2025-12-02,0.7846299979718093,20.2226995332925,-0.3339931767312574,-2.8758112345804294
2025-12-03,0.7833834911837134,20.163172664245057,-0.33700923197570326,-2.862019761774646
2025-12-04,0.7812022225038077,20.126340299844014,-0.33897033556079703,-2.853376363477001
2025-12-05,0.7774795741611658,20.135860490198347,-0.33872706209358483,-2.855274823505917
2025-12-08,0.7718843688096181,20.202047427070063,-0.33825604044307117,-2.8690809801366757
2025-12-09,0.766491261321273,20.264882946264514,-0.3368661097282307,-2.8825448002810354
2025-12-10,0.7614481518836728,20.315019123464765,-0.33704783391326665,-2.892747909124842
2025-12-11,0.7569561488453237,20.39118878695306,-0.3362319011863209,-2.9087676474423665
2025-12-12,0.7509797144139498,20.493171292221916,-0.3341377878333489,-2.9306581831535476
2025-12-15,0.7454338885503513,20.601595143222845,-0.3320343590874133,-2.9538984163812065
2025-12-16,0.7398964791343161,20.715106679335406,-0.33040629126318827,-2.9780171919076244
2025-12-17,0.733438442310284,20.812691023223625,-0.3289195843348156,-2.9987503290892903
2025-12-18,0.7282226420135403,20.899795276930966,-0.32920182181426383,-3.0166117815954063
2025-12-19,0.7217636732740987,21.010672252492462,-0.32820028932706363,-3.0399280164435294
2025-12-22,0.7144511740011854,21.17885402669615,-0.3264024709853857,-3.075477020914666
2025-12-23,0.7069031150048073,21.370768109239137,-0.324404967585994,-3.1160421273314074
2025-12-24,0.7008832960401992,21.52305338464184,-0.32306782905109094,-3.148105159680097
2025-12-25,0.6950521110035417,21.683785682219664,-0.32221778659853867,-3.1817380996782174
2025-12-26,0.68891824512751,21.86637241659318,-0.32172666060131533,-3.2197715321196636
2025-12-29,0.6844651082088316,22.015162284731662,-0.32252657002575463,-3.2503017306415507
2025-12-30,0.6814061466076422,22.223930536083362,-0.3257297595396224,-3.292368764381247
2025-12-31,0.6770291781112714,22.443655152552918,-0.32813312245274806,-3.337034630397961
2026-01-01,0.6725084320875754,22.64006675779121,-0.3304660388935806,-3.376877539433843
2026-01-02,0.6674686918603584,22.82184604562798,-0.33007991220475214,-3.41475784037309
2026-01-05,0.6624036747932798,23.009903997495705,-0.3302233507040917,-3.4537177095724974
2026-01-06,0.6563929005350742,23.203747477224866,-0.3305945292036608,-3.493780777161472
2026-01-07,0.651224315856744,23.373634259836955,-0.33227631087239384,-3.5283476266725655
2026-01-08,0.6447270996095308,23.52829113966204,-0.33221464689015806,-3.560421237551718
2026-01-09,0.6384014027588835,23.68008909354171,-0.3334499215035711,-3.5913801802761878
2026-01-12,0.6319046790517912,23.861676183122718,-0.33504383608934785,-3.6283916731337382
2026-01-13,0.6256660079715314,23.985420747658694,-0.33661311241960884,-3.653362460512434
2026-01-14,0.6196242281046717,24.089769141011,-0.33840960343482496,-3.674196680014231
2026-01-15,0.6134759793665137,24.22574109995459,-0.33966612928370654,-3.701843927080798
2026-01-16,0.6062766669380533,24.382075942378712,-0.3398473042441429,-3.7341643233894857
2026-01-19,0.5997052249668893,24.547731861547376,-0.34017428375154174,-3.7683734978895496
2026-01-20,0.5919589324040253,24.863505395340134,-0.33733964965454283,-3.835096917970044
2026-01-21,0.58593034735262,25.18521522617347,-0.3365133838516875,-3.9022589260332188
2026-01-22,0.5788467804818047,25.497801812627323,-0.33351477240389527,-3.96836612036506
2026-01-23,0.573512684363723,25.777047881418344,-0.3317887650012868,-4.027013733464331
2026-01-26,0.5710682183938363,26.126175517823228,-0.33060119592949866,-4.100028762342486
2026-01-27,0.5703910462934945,26.591190034380517,-0.32936541302128525,-4.197220698158954
2026-01-28,0.5701143831556863,27.192921406740087,-0.32820627883581144,-4.32285361916254
2026-01-29,0.5703825326451519,27.779548735548964,-0.327920778093862,-4.44500409974136
2026-01-30,0.5718075924944706,28.242226696947316,-0.3304832830875374,-4.540301737897375
2026-02-02,0.5713202213378271,28.602130348109668,-0.32993706191865535,-4.615438174904043
2026-02-03,0.5699486943266643,28.911060536407714,-0.32856811833392235,-4.6802181271309715
2026-02-04,0.5674427652025447,29.23090108514885,-0.3264129344421196,-4.747580656095373
2026-02-05,0.5670232278667524,29.571970218734748,-0.3280508157000773,-4.817910071190143
2026-02-06,0.5675073651394187,30.004751140182613,-0.3298815307844409,-4.907274251802058
2026-02-09,0.5687323250340478,30.38748561647757,-0.33100590279799874,-4.98648184213779
2026-02-10,0.570394285816966,30.6987643326678,-0.33228699204635653,-5.050754661785055
2026-02-11,0.5720438007048955,31.053298425036544,-0.3327513009597086,-5.124366099079057
2026-02-12,0.5732722191620676,31.244981804888738,-0.33400507783798494,-5.163753846040696
2026-02-13,0.5750474202300682,31.424403405317086,-0.33629306587841623,-5.200154571366914
2026-02-16,0.5763104507311543,31.684658165285825,-0.33787878754310485,-5.253709398623745
2026-02-17,0.5761819406290667,31.882145309811143,-0.33856030478326926,-5.294552849000369
2026-02-18,0.5763299300679832,32.02227772155526,-0.34079682427874597,-5.322772597199735
2026-02-19,0.5763699384506336,32.32930310136474,-0.3416463474584597,-5.386366420297436
2026-02-20,0.5765111142367878,32.53732205263999,-0.3437440242806149,-5.428785747401408
2026-02-23,0.5770240060233045,32.70906070612443,-0.3473380910544537,-5.463019041241474
2026-02-24,0.5772248239464255,32.89389442426658,-0.3500383114478527,-5.500361788324892
2026-02-25,0.5776015777179146,32.98805298505882,-0.3533586915687048,-5.518545248023865
2026-02-26,0.5783631563826329,33.1430705151134,-0.3568476737715811,-5.549370697052057
2026-02-27,0.5796748014644562,33.311824747621735,-0.36072844814966243,-5.582909981389937
2026-03-02,0.5788449128703457,33.56043104940235,-0.3654278017207683,-5.6327408683759055
2026-03-03,0.5762954751715407,33.711318424713674,-0.3703870832965309,-5.6620965523737
2026-03-04,0.574090761801336,33.904835546609505,-0.37371273012408635,-5.700995325021828
2026-03-05,0.5706269068636962,34.083381569377416,-0.3767626247474578,-5.736874970356423
2026-03-06,0.5676412825508987,34.27423486242871,-0.380376235978641,-5.775096045267906
2026-03-09,0.5650669417747634,34.46644887315536,-0.38446499391315336,-5.81342506308983
2026-03-10,0.5633823072179764,34.795714907693835,-0.3853458027348097,-5.881641080711125
2026-03-11,0.5594586326336916,35.16814487835258,-0.38586334744382067,-5.95899657247221
2026-03-12,0.5532461400413339,35.47116046036256,-0.384979795923473,-6.022410492525439
2026-03-13,0.5440758349400937,35.750839316194764,-0.3831931780574448,-6.081305221936494
2026-03-16,0.5390627333673139,36.19902541971888,-0.38308424110026307,-6.1747467610446005
2026-03-17,0.5356347171487436,36.597368305745285,-0.3830975269225202,-6.257753635747419
2026-03-18,0.5326326963951977,37.12342444634424,-0.3796864493438433,-6.368804825947203
2026-03-19,0.52896938810164,37.54029692922059,-0.3762674265405246,-6.457087165591381
2026-03-20,0.523882523039858,38.18422276583909,-0.36658667320210314,-6.595252634037632
2026-03-23,0.5192473312908675,38.090255547401995,-0.36611328334631266,-6.575691779094585
2026-03-24,0.5121014839956706,38.33242653271279,-0.3589405173401377,-6.628976683666041
2026-03-25,0.5051327044933063,39.213516345428296,-0.34822743601494743,-6.817079015393818
2026-03-26,0.49930906569718925,40.479056959796466,-0.33525509546020665,-7.086372874066734
2026-03-27,0.4928361539998609,42.1323699059926,-0.31657031874412045,-7.43887130537101
2026-03-30,0.4867815781518876,42.910915811048916,-0.31513151586006427,-7.60189306605286
2026-03-31,0.4804612146357592,43.309020926520844,-0.31990590127878044,-7.683001832840263
2026-04-01,0.4744189449754762,43.86261280995698,-0.3153644427234709,-7.800265234802552
2026-04-02,0.469099952047378,44.30299803580728,-0.3155095110309205,-7.892051654934708
2026-04-03,0.4632594045140598,44.62520580355613,-0.3138523934510242,-7.9598689817165
2026-04-06,0.45815840127451046,44.94097205318248,-0.31218705202842745,-8.026351555928066
2026-04-07,0.453343256280056,45.22420251061454,-0.31132700158134774,-8.085718404088109
2026-04-08,0.45364761425905054,45.63159084538368,-0.313148104746219,-8.17001304278584
2026-04-09,0.45344567403394576,46.02903588431664,-0.312895409870919,-8.253047197317848
2026-04-10,0.4527350250634865,46.51644151956481,-0.3122657708744832,-8.355026528678808
2026-04-13,0.4520683713204111,46.90556744743568,-0.3110304890557482,-8.436721225667895
2026-04-14,0.4523155551524801,47.219889691550804,-0.310425393908159,-8.502567480958591
2026-04-15,0.4525989845745523,47.47348424315773,-0.3095344657185134,-8.555850291983196
2026-04-16,0.4522381852043351,47.66657335502285,-0.30817375978036066,-8.596663225740812
2026-04-17,0.45225294998765564,47.757989748068255,-0.3076454361912325,-8.615920329534259
2026-04-20,0.4511302636195229,48.021326785743135,-0.3067369512157032,-8.671252341141463
2026-04-21,0.4491384458239972,48.11726470581434,-0.30611651045498456,-8.691506957985776
2026-04-22,0.4481830344258194,48.33060590461416,-0.30564893562338336,-8.736211562332763
2026-04-23,0.4477464465528661,48.52352152947096,-0.30512813487495083,-8.776674975586184
2026-04-24,0.44693113141878493,48.64815226767696,-0.3047163304174829,-8.802824199266839
2026-04-27,0.4457571992664253,48.93297201940084,-0.30546982914225806,-8.86201515874786
2026-04-28,0.444140150416374,49.159405487320775,-0.306084868219489,-8.909062340204235
2026-04-29,0.4424309796251005,49.83035037785583,-0.3095266419538148,-9.047853636177042
2026-04-30,0.44064776309152753,50.270686006064196,-0.3131786479902333,-9.138402518184277
2026-05-01,0.43715458346600966,50.42571738543363,-0.3152800241064271,-9.169976304518835
2026-05-04,0.4338230831895147,50.71981615965308,-0.3167665355402668,-9.230829606234211
2026-05-05,0.4300908959751424,51.06054793355286,-0.3180636823031237,-9.301506138121985
2026-05-06,0.4272019292557756,51.1636912602368,-0.31889083898996423,-9.322735011967957
2026-05-07,0.4252495107460489,51.34909052716006,-0.3210786674520621,-9.3606229175212
2026-05-08,0.4235864567254827,51.462575570851044,-0.32463580716895213,-9.382947780854348
2026-05-11,0.42156334806561113,51.660568183979855,-0.3281374017871125,-9.42294521447946
2026-05-12,0.41929414922066865,51.853917937145624,-0.32701126304663297,-9.463741096933614
2026-05-13,0.4169563590135966,52.02000745643968,-0.3262625183251523,-9.498702198082556
2026-05-14,0.41341104304389753,52.13430814689421,-0.32333345088551046,-9.523681264040686
2026-05-15,0.40748957784844464,52.39748242818317,-0.3177038701696353,-9.580815913415824
2026-05-18,0.4019486964498853,52.54303162764272,-0.3085060357561925,-9.614763705110589
2026-05-19,0.3945100061558292,52.59920337219852,-0.2952593574963199,-9.631617579939384
2026-05-20,0.38956041676368114,52.68872449123376,-0.2856000306005239,-9.654037741261464
2026-05-21,0.38286705344117744,52.77257695887421,-0.272854371812625,-9.676484979779815
2026-05-22,0.37785161707596715,52.7313985825253,-0.2607193390459771,-9.672547678633133
2026-05-25,0.37268253134614193,52.67809062953122,-0.24790979856245143,-9.666345253336978
2026-05-26,0.3669104742018232,52.63226254237188,-0.23832900691882924,-9.660458481748735
2026-05-27,0.3619646176267328,52.52392739340746,-0.22807665106418296,-9.641773015315922
2026-05-28,0.3566682700671876,52.413984586173626,-0.21784669605342893,-9.622741556481735
2026-05-29,0.35277004690701774,52.2728732935108,-0.2040656724802381,-9.598558157365698
