date,e_dbeta,beta_real,beta_dollar,z_combined_sq
2022-01-03,0.9680815516555666,-0.07233326566077858,-1.52853488737798,0.6808155165556669
2022-01-04,0.9378878808337221,-0.07371992250224971,-1.5336401349084572,0.6881081891271577
2022-01-05,0.9052163855959235,-0.07372594601463639,-1.5187453711174859,0.6516481777250847
2022-01-06,0.8741070427282701,-0.07346946695356257,-1.5203544777619291,0.6563325259830165
2022-01-07,0.8439509020633276,-0.07379109558608711,-1.5202131301640984,0.6550063185531724
2022-01-10,0.8152458330837048,-0.07305342188893031,-1.5212096561180433,0.6598727614433094
2022-01-11,0.7870581594964257,-0.07265766959340436,-1.5182184564622483,0.65424326695841
2022-01-12,0.7584054258504728,-0.07285607728829233,-1.510925059373994,0.6359515075190202
2022-01-13,0.7314741572363882,-0.07265164623827093,-1.5143163890154518,0.6448961505795661
2022-01-14,0.7056614272662671,-0.07276298239592721,-1.515438808414733,0.6471135758555686
2022-01-17,0.679802964326956,-0.0721100656328809,-1.5084938350348107,0.6335570864417684
2022-01-18,0.6549556922815353,-0.07218651249516247,-1.509048774947109,0.6344930318151684
2022-01-19,0.6294433892849592,-0.0712064559452095,-1.4964770519494763,0.6104728411825221
2022-01-20,0.6133348494649845,-0.07006795537456903,-1.5482505582557304,0.7440827865668137
2022-01-21,0.5992394887593862,-0.07034991190554277,-1.5592197925799098,0.7701849044140602
2022-01-24,0.5877848670351847,-0.0687636033407575,-1.5689904166634232,0.8088473483629037
2022-01-25,0.5659423110041514,-0.06966656136981135,-1.499466991723503,0.6283919975482162
2022-01-26,0.5439547738833773,-0.06971644348283199,-1.4923255385335872,0.6114880140033786
2022-01-27,0.5200332023695712,-0.07189732257899552,-1.4760567450598727,0.5602286685890008
2022-01-28,0.5012124194917009,-0.07092961114908031,-1.5075379323022533,0.6380849762647492
2022-01-31,0.483940698511149,-0.0698111997333431,-1.5114362100112309,0.6554011770484881
2022-02-01,0.46788998564797796,-0.0694604849392178,-1.5156509231522333,0.6683330641016273
2022-02-02,0.452498687661885,-0.06934809146044543,-1.5163865389320241,0.671048783726849
2022-02-03,0.43759735295435764,-0.0693460065784551,-1.5162288663865393,0.6706877806756896
2022-02-04,0.42268314853637484,-0.06855537394294872,-1.5084091288776886,0.6591797386960326
2022-02-07,0.4074422420378217,-0.0667674723183754,-1.4917378058564776,0.6394247901453419
2022-02-08,0.3931289820838352,-0.06724256140413726,-1.498132133275516,0.6487045652802512
2022-02-09,0.3785076066895065,-0.06743745352092448,-1.4901115604531991,0.6280768892482564
2022-02-10,0.3658014952791843,-0.06760208005837903,-1.506489733429587,0.6643102757840975
2022-02-11,0.35287534968477846,-0.06807884230505581,-1.5010776346975294,0.6466349711189545
2022-02-14,0.3375740895938395,-0.0712551492485494,-1.477184401791817,0.566383423931212
2022-02-15,0.32186326878349125,-0.06980381521632065,-1.4579634519171354,0.5345963658155437
2022-02-16,0.2986371093443682,-0.07711708551223138,-1.3330785727990926,0.27838428016628886
2022-02-17,0.2780113561300372,-0.07703338319528336,-1.3522275208256667,0.3093372334197483
2022-02-18,0.2588460019914075,-0.07785291656003548,-1.3521151892564414,0.3106269324600814
2022-02-21,0.24077548026163864,-0.07720848667794832,-1.3475747598409886,0.30188136611170174
2022-02-22,0.22407504580948737,-0.07627281175052457,-1.3508177337421086,0.30638973561577987
2022-02-23,0.21156648379765602,-0.07574521575990097,-1.4249715394604365,0.44176907488099604
2022-02-24,0.19959113456861038,-0.07572645603686301,-1.4210341109299032,0.43396756357216915
2022-02-25,0.18620500377293336,-0.07529848776536645,-1.3642155104382105,0.3293223757353088
2022-02-28,0.1728028869210692,-0.07666147398439949,-1.3345724987165484,0.28024937137525546
2022-03-01,0.16152598579547345,-0.07330591536506385,-1.3721036452819544,0.3474124578285153
2022-03-02,0.14980750413166688,-0.07955212695254715,-1.32602621211801,0.2745141528716827
2022-03-03,0.13900105145224786,-0.08012926879754373,-1.3268817226767826,0.2786441011712492
2022-03-04,0.12889705634993676,-0.08000662119297416,-1.3237001332574143,0.2730993761020433
2022-03-07,0.11899472025677992,-0.08337191733755506,-1.277952534940093,0.2317639848753854
2022-03-08,0.10931736799968521,-0.0850868350326561,-1.2261532532498367,0.18674103891232877
2022-03-09,0.10044861518475968,-0.08755870760972917,-1.1966513448092446,0.18871511661796808
2022-03-10,0.09327424291694221,-0.09670314325149787,-1.0584156801915547,0.28576693121937957
2022-03-11,0.08657403417076882,-0.09670685671331347,-1.045114367995352,0.2816657057040177
2022-03-14,0.08008651503941462,-0.09524324196783543,-1.0639915475417883,0.2506391560132859
2022-03-15,0.0740950562797053,-0.09531466790607832,-1.0625885492118325,0.2518767039918495
2022-03-16,0.06889760084885231,-0.09710125626817878,-1.0644845714986313,0.2985422116108763
2022-03-17,0.06376354719801054,-0.09518819249289161,-1.0777772843423121,0.25482838479312586
2022-03-18,0.058519417075443524,-0.09260288840908687,-1.0145575111407772,0.17756612468845664
2022-03-21,0.053651492588848514,-0.09223694134165882,-0.9990220709957307,0.16815225956211075
2022-03-22,0.04872538661292474,-0.087223394515729,-1.010968266002658,0.08183244524539804
2022-03-23,0.04426912385525566,-0.08745984933246084,-1.0123705298471992,0.08543306324694493
2022-03-24,0.04026675206944365,-0.08810023080038604,-1.018122834541916,0.09589993267127919
2022-03-25,0.03657649213827422,-0.08727954288910092,-1.0171889525979125,0.0835466628137177
2022-03-28,0.03319543846725532,-0.08669830377459861,-1.0183937149756397,0.07562112346992587
2022-03-29,0.030107812631257988,-0.08580349592330176,-1.0446620413951642,0.06986442157014121
2022-03-30,0.027297192268871343,-0.08570427057808931,-1.0365562950289973,0.06648138248719855
2022-03-31,0.02473946428682865,-0.08549459236431049,-1.032720004569331,0.0630069360798596
2022-04-01,0.02241852794727065,-0.0854149369761279,-1.0318386653189042,0.061848586271258714
2022-04-04,0.020294931681355276,-0.08455359230644816,-1.0349908121002553,0.05274946200296022
2022-04-05,0.018344001291512334,-0.08325673050487022,-1.0305802101112829,0.038710540900592984
2022-04-06,0.01657192881096613,-0.08288723303965465,-1.0236757894606736,0.03397712833451489
2022-04-07,0.014948207486165674,-0.0813032292092898,-1.0146403168529643,0.020197743230717193
2022-04-08,0.013470667465603034,-0.0801774964462188,-0.9977358760890878,0.011560401519665534
2022-04-11,0.012136399430781713,-0.07982322486764845,-0.9935606025075129,0.009501171171855664
2022-04-12,0.010932194874557172,-0.0794961656269634,-0.9886273179719574,0.007774453129568196
2022-04-13,0.00984876145575531,-0.07967405852152348,-0.9961828806056084,0.00895160465592284
2022-04-14,0.008871898095972556,-0.07936988856302084,-1.002834048032366,0.008135830915160569
2022-04-15,0.007990616300547784,-0.07914761060149572,-0.9958319466844807,0.00665924485219533
2022-04-18,0.0071969104067160896,-0.07916009004779725,-0.9957319864917712,0.006702532097202176
2022-04-19,0.006482047425112853,-0.0791636305696577,-0.9956040196938493,0.0067085162875810565
2022-04-20,0.00584130518488676,-0.08004565909831465,-1.0048996651498696,0.011512569711043056
2022-04-21,0.005260536804917512,-0.07897701014949945,-0.9913495071526591,0.005755800138856034
2022-04-22,0.004737224690600679,-0.07883486354588606,-0.9908171267969237,0.005211571131595207
2022-04-25,0.0042667442430394855,-0.07923219843275035,-0.9931571863666858,0.006843714855468569
2022-04-26,0.0038429726580801005,-0.0788091604338612,-1.0104066290240663,0.006803406014548954
2022-04-27,0.00346091936129874,-0.07868739147342715,-1.0058791676989696,0.005839149081457671
2022-04-28,0.0031172722488860528,-0.07880377342347986,-1.0124851364734773,0.007064087492263029
2022-04-29,0.0028080298470143546,-0.07936901978258953,-1.0010838419492165,0.00797114534283856
2022-05-02,0.002528652810141029,-0.07834877458038764,-1.0085871848004582,0.0050781078043982296
2022-05-03,0.0022778160295974016,-0.07903850789079656,-1.0131432765998067,0.008022060056407244
2022-05-04,0.0020514270075987304,-0.07875454104285148,-1.0062784154611262,0.006113667403225885
2022-05-05,0.001847460940945329,-0.07870128847719791,-1.004463170967481,0.005735685949892197
2022-05-06,0.0016629807244506014,-0.07745947397994099,-0.9892727346088983,0.001439151399161411
2022-05-09,0.0014969886536707591,-0.07754136074448477,-0.9945525425078203,0.0018400794472181884
2022-05-10,0.001347957961387547,-0.07803151572051742,-1.0106384668130626,0.00446344788402748
2022-05-11,0.001213901635342581,-0.07821990369344911,-1.0143632982387965,0.005485854269723174
2022-05-12,0.0010927878961947432,-0.07721787936760635,-1.0062468919943761,0.002277156388726714
2022-05-13,0.000984025031573726,-0.07721729999049547,-1.0227360903159846,0.004721181486850073
2022-05-16,0.0008857397230210771,-0.07702237836160167,-0.9973149267050043,0.001190971783882771
2022-05-17,0.0007973344231361802,-0.07732094722365249,-1.0008409362020558,0.0019043113098190978
2022-05-18,0.0007178253979041728,-0.07808284434484801,-0.9739365043081083,0.002814591658138973
2022-05-19,0.0006461007701777349,-0.07711853272250116,-0.9767005420785427,0.0008067708964932453
2022-05-20,0.0005817391160166861,-0.07553774416671308,-1.0220178349152296,0.00384495527929032
2022-05-23,0.0005237956055665907,-0.07538914395678922,-1.0220631524815886,0.003960558010102929
2022-05-24,0.00047152777984716006,-0.0745317426799771,-0.9991614046399204,0.002133176300850344
2022-05-25,0.00042446409986637303,-0.07451317192839849,-0.995200669577498,0.00188956001612244
2022-05-26,0.00038211575295914386,-0.07440451811758153,-0.9981734843858274,0.002310279701836921
2022-05-27,0.0003440406799334205,-0.0737048376798271,-0.9889565699557225,0.0035722753938820626
2022-05-30,0.00030977836439407077,-0.07349310104658176,-0.9787185196338826,0.00412022363227638
2022-05-31,0.0002789027741147927,-0.07375838161064233,-0.9792893472217437,0.0033006230221729396
2022-06-01,0.0002510859633612305,-0.07417096601755738,-0.9676303707320403,0.0026341314872210847
2022-06-02,0.0002263264152306595,-0.07240520987854114,-0.9318816242349073,0.013901541961147857
2022-06-03,0.00020393959655167035,-0.0727158450454359,-0.9400284662248928,0.010861429666797404
2022-06-06,0.00018401619062446902,-0.07018496734531465,-0.957495668705976,0.023073191078248654
2022-06-07,0.00016692866505536684,-0.07025100388392726,-0.8320918179207921,0.07141184093015379
2022-06-08,0.00015151759985600346,-0.07081825562727133,-0.8187525091266445,0.07678736936811538
2022-06-09,0.0001376179146604132,-0.07145863536296346,-0.8058020243139985,0.08263560082789247
2022-06-10,0.00012495005733405775,-0.07264362025666102,-0.8022055427514254,0.0794906784036976
2022-06-13,0.000115032810770742,-0.06925895100547894,-0.7006855133676376,0.20630316024572792
2022-06-14,0.00010590410134060956,-0.06927152468165819,-0.7005025045473734,0.2064255955350129
2022-06-15,9.786263923216655e-05,-0.0674813970676046,-0.6875002460861688,0.24068454321895777
2022-06-16,9.058185345230044e-05,-0.06603417247950466,-0.6888475988793423,0.2560198828693655
2022-06-17,8.365722113274677e-05,-0.0657181045716295,-0.7081817579980662,0.23553868069169911
2022-06-20,7.714581515855229e-05,-0.06550555173203688,-0.7221475477238855,0.22165643491047654
2022-06-21,7.112409184513696e-05,-0.06546260599863873,-0.724560631859331,0.21943616759518428
2022-06-22,6.570649198709113e-05,-0.06560863329828376,-0.7071220713483797,0.2382890638741824
2022-06-23,6.0731170387581714e-05,-0.06536547158570578,-0.7061192092918219,0.2427960390143959
2022-06-24,5.609005494984955e-05,-0.06479394638845962,-0.7185117519607884,0.23579351293365103
2022-06-27,5.183897427519515e-05,-0.06461752439624607,-0.7153505741981949,0.24209725263145426
2022-06-28,4.790622090098256e-05,-0.06449195239429817,-0.7175199450993464,0.24135200798246037
2022-06-29,4.434421826442603e-05,-0.0642038214643217,-0.7085468151665033,0.25646344679977356
2022-06-30,4.103513166855335e-05,-0.06442813081676435,-0.708009268225791,0.2537727069309327
2022-07-01,3.803795525601357e-05,-0.06312207679149293,-0.7117587103717188,0.2696072144355786
2022-07-04,3.5291248130942034e-05,-0.062170513967580186,-0.7183962938071417,0.2779035816765496
2022-07-05,3.274070448357577e-05,-0.06227184007276888,-0.7174099537512456,0.2772872078927593
2022-07-06,3.0188036220702852e-05,-0.06172944562246433,-0.7813428825864059,0.2203380155874628
2022-07-07,2.7770408045773365e-05,-0.06238048879145447,-0.7923152577651238,0.19914360866192887
2022-07-08,2.5544017713921463e-05,-0.0623603660233812,-0.7937415663681753,0.198286777715988
2022-07-11,2.3492083742181434e-05,-0.06214056759242724,-0.8003100515885558,0.19670664391149761
2022-07-12,2.1596896604589494e-05,-0.06188074178930972,-0.8105348092163731,0.1932656300773254
2022-07-13,1.984505852526991e-05,-0.06198216440473572,-0.8139486367876255,0.18884730922530146
2022-07-14,1.8204500623078556e-05,-0.06255988185875729,-0.8212787702172564,0.17331667220717797
2022-07-15,1.6673352121541778e-05,-0.06259416372844645,-0.8417845787587015,0.15891760326801108
2022-07-18,1.5310304230814834e-05,-0.06202232923914089,-0.8216049921203611,0.1824991874513889
2022-07-19,1.4082634710739555e-05,-0.062118359793435246,-0.7990348010132821,0.19814165573250214
2022-07-20,1.2953515741071443e-05,-0.06221770075567285,-0.7968113647501625,0.19821894634032822
2022-07-21,1.1907215398530304e-05,-0.062481745972488664,-0.7984433510845377,0.19226535601940725
2022-07-22,1.09364728253727e-05,-0.063521691606139,-0.7869397902087903,0.18474425743786443
2022-07-25,1.008737636331147e-05,-0.061978934049062274,-0.7728657134865475,0.2236103215185471
2022-07-26,9.304533902408833e-06,-0.06191670862896928,-0.7737096202010093,0.22393848240868286
2022-07-27,8.624752621675203e-06,-0.06139712562057226,-0.7382209270141862,0.26940856160711435
2022-07-28,7.99779646816517e-06,-0.06162339088698872,-0.7311360008627203,0.27307346539492827
2022-07-29,7.426885969654353e-06,-0.06124451725045631,-0.725820531816475,0.28616525716389274
2022-08-01,6.9144451027799544e-06,-0.06074822821696915,-0.7136234037511863,0.310019207285279
2022-08-02,6.437278846556114e-06,-0.060763452038203186,-0.7134765652301625,0.3098994219623004
2022-08-03,6.0274141998875995e-06,-0.059244198194739396,-0.6955120211402042,0.36329518040408726
2022-08-04,5.644945856300536e-06,-0.05924911343979526,-0.693756340427162,0.365452031496038
2022-08-05,5.266966870074594e-06,-0.059326904888428456,-0.7208616891673418,0.3304116711694195
2022-08-08,4.913785750243682e-06,-0.05935654514625961,-0.7211521240613898,0.3294411593177331
2022-08-09,4.58358676582034e-06,-0.059397601057656305,-0.7216265853830027,0.3280150962891131
2022-08-10,4.273140466008604e-06,-0.0592995099257901,-0.7280472747588238,0.32270006945930796
2022-08-11,4.005746037812859e-06,-0.05959483298061803,-0.6815474681402542,0.374243766796866
2022-08-12,3.7541569102459425e-06,-0.05958875186766885,-0.6833655019837421,0.3719294104219279
2022-08-15,3.51937633180479e-06,-0.059880537016726645,-0.6769046337538731,0.3746117062918077
2022-08-16,3.2941145306699725e-06,-0.05949962058194243,-0.6939061912377901,0.3599382961716391
2022-08-17,3.0913394545147666e-06,-0.05896557056408054,-0.683970429925947,0.38443222217302975
2022-08-18,2.8986975278351913e-06,-0.059045269137889655,-0.6883950270859744,0.37683347456963545
2022-08-19,2.7185629456491612e-06,-0.05879232422602204,-0.6912845670542807,0.37856716523107686
2022-08-22,2.5492669558102632e-06,-0.058780538597422195,-0.6924892836580693,0.37725926078024186
2022-08-23,2.3886784179244535e-06,-0.058818762650635716,-0.6974308447187929,0.3700599400945482
2022-08-24,2.2382369307767723e-06,-0.05894640353442043,-0.6951510782893892,0.3701894486140058
2022-08-25,2.097502044318224e-06,-0.058896063155095255,-0.6952002836543263,0.3712243573350914
2022-08-26,1.972764538474937e-06,-0.058596779518552286,-0.6745694112732545,0.40530448501264393
2022-08-29,1.854510654822664e-06,-0.05918091792883555,-0.6687983477498397,0.40056767370884794
2022-08-30,1.7463587294182543e-06,-0.05884524968517965,-0.6624783416910095,0.41681691003952803
2022-08-31,1.6432961892996816e-06,-0.0587967114011826,-0.6681389057424801,0.4098432447902265
2022-09-01,1.5457258652259126e-06,-0.059057171526911936,-0.6666579803932695,0.40625235603235477
2022-09-02,1.4574994693700157e-06,-0.05860103255719194,-0.6576179168687538,0.42922352636570416
2022-09-05,1.373887952496122e-06,-0.058597417238170184,-0.6596647114795491,0.4263358674838196
2022-09-06,1.2995750845235344e-06,-0.05831536434486405,-0.6418594011192678,0.45910532341758103
2022-09-07,1.232994347571634e-06,-0.05793438607899816,-0.6290746080286022,0.4876730267854429
2022-09-08,1.168476388143879e-06,-0.057979756045334396,-0.6353790396800194,0.4767375896343452
2022-09-09,1.1079938595425664e-06,-0.05832217952576639,-0.62683260681159,0.4823812512173382
2022-09-12,1.0490705104428329e-06,-0.05822890668389556,-0.6372139489539315,0.4681978731898395
2022-09-13,9.92833834939041e-07,-0.057575899356729285,-0.6499660216681825,0.46393807714552193
2022-09-14,9.368471490552055e-07,-0.057581177591048735,-0.6691375484523301,0.4360920839560902
2022-09-15,8.844643960841014e-07,-0.05737579928152889,-0.6692010001207205,0.4408612651067887
2022-09-16,8.332696519744885e-07,-0.057945156415971255,-0.6737595163674679,0.42117801082469475
2022-09-19,7.855799252228266e-07,-0.05763445652337097,-0.6742842743123985,0.4276795436068316
2022-09-20,7.425974730563539e-07,-0.05681244453858461,-0.6703483607061327,0.4528570450131962
2022-09-21,7.013911438177752e-07,-0.056969445314335995,-0.6731662482882501,0.4451054476527795
2022-09-22,6.630460656528481e-07,-0.05727315103560478,-0.6621581033646926,0.45329965308359377
2022-09-23,6.294497722981399e-07,-0.05613448588999881,-0.6539361314825491,0.49330378242078654
2022-09-26,5.946188905367233e-07,-0.056065235490374704,-0.6886902333022079,0.4466455737326313
2022-09-27,5.648437292420574e-07,-0.05469800911769281,-0.6763186299665016,0.49925638474435297
2022-09-28,5.369218314875113e-07,-0.05434526821268142,-0.6787063125318082,0.5056703950309619
2022-09-29,5.08920103688388e-07,-0.05526934870314942,-0.6803190203426092,0.47847663929876594
2022-09-30,4.827666206687866e-07,-0.054274340278756175,-0.6949797034888114,0.48609844983417727
2022-10-03,4.5974480602024597e-07,-0.053290875765825405,-0.6879701494851804,0.5231274561474897
2022-10-04,4.355630563935046e-07,-0.05476515824399187,-0.6939082011235849,0.4740179919362332
2022-10-05,4.116456879764492e-07,-0.05459450314648729,-0.7162838612999406,0.4508862019866245
2022-10-06,3.9008221653220965e-07,-0.05396044402784256,-0.7099034689500927,0.47616428219518936
2022-10-07,3.6998858904248464e-07,-0.0539833785187791,-0.7023291930074453,0.4848873740424453
2022-10-10,3.511801809867044e-07,-0.05384743575786059,-0.7000034553071713,0.4916489693788809
2022-10-11,3.334397849893333e-07,-0.05386583000955607,-0.6970872631662682,0.49483493209877966
2022-10-12,3.166625793933664e-07,-0.0537495055198468,-0.6980962008037561,0.4968445173240607
2022-10-13,3.011017106410852e-07,-0.053753619779315816,-0.6889192190684875,0.5085978020487458
2022-10-14,2.8645376296911286e-07,-0.054223241168278105,-0.6754387785565319,0.5135216056798613
2022-10-17,2.7225240492627797e-07,-0.05365953205654245,-0.6943268253319204,0.5042355912648266
2022-10-18,2.5881625358292685e-07,-0.053971447922328775,-0.6858600342848078,0.5064818124567312
2022-10-19,2.4633380766647e-07,-0.05391287209861663,-0.6787322077287474,0.5177101227741328
2022-10-20,2.3398894070990598e-07,-0.054421098493741854,-0.6821980304659647,0.49885616296408397
2022-10-21,2.223197993694376e-07,-0.054576132891177964,-0.677258105440574,0.5012951763846155
2022-10-24,2.1071700581651801e-07,-0.05489646800968076,-0.6880568815997334,0.4781034534113294
2022-10-25,1.999231194994154e-07,-0.054343691540386235,-0.6922136553430815,0.4877543805599913
2022-10-26,1.9037384150781262e-07,-0.05378125138459215,-0.6780568170423782,0.5223524915220925
2022-10-27,1.8121722161271813e-07,-0.05373739845729387,-0.6814352832842914,0.5190190089892774
2022-10-28,1.7265258756761588e-07,-0.05325369265614889,-0.6855704546184898,0.5273829954525058
2022-10-31,1.640399902908222e-07,-0.05318552649166367,-0.7076124497572074,0.5011602549298169
2022-11-01,1.5580483451504348e-07,-0.05324229733362981,-0.7088589695856988,0.4979787696171618
2022-11-02,1.478204182402544e-07,-0.05328488514789091,-0.7164829417093741,0.48753732195529886
2022-11-03,1.4028291607336928e-07,-0.05330317923606923,-0.7139047988969125,0.49009059393713894
2022-11-04,1.3383140548457703e-07,-0.052373696350857986,-0.6957726705701366,0.5401071798779886
2022-11-07,1.2675873216252668e-07,-0.05271634490926144,-0.7455578319316529,0.47152364600509533
2022-11-08,1.2022400532580087e-07,-0.053055671432388804,-0.7247991715963824,0.4844752132462906
2022-11-09,1.1359610935153362e-07,-0.05340828010658307,-0.7479816530730117,0.44870444498118633
2022-11-10,1.0778271250792567e-07,-0.05237992462273681,-0.7393699001791836,0.48823979300050646
2022-11-11,1.0173985165804898e-07,-0.053592329529109015,-0.7518944451749902,0.4393478592930663
2022-11-14,9.6021954950518e-08,-0.05365392334865701,-0.7515064755631937,0.43798849572251486
2022-11-15,9.064351479495598e-08,-0.053818844536497774,-0.7452283963474946,0.43987391650860275
2022-11-16,8.55360776015272e-08,-0.054229557926533,-0.7376359325802505,0.4365358398797425
2022-11-17,8.074977706479777e-08,-0.05393146906928092,-0.7417274951209463,0.44043488187212776
2022-11-18,7.610829648665093e-08,-0.05419783493433051,-0.7490571170726139,0.42520205666670746
2022-11-21,7.170350822566782e-08,-0.05461476955955004,-0.7419425488457101,0.42124729309167425
2022-11-22,6.752700979566867e-08,-0.05451839292453858,-0.7479216133021014,0.417532205418087
2022-11-23,6.372155752214036e-08,-0.05388850887794586,-0.7465980787068467,0.4364547926758143
2022-11-24,6.012976590951309e-08,-0.0538952516043221,-0.7465357514480183,0.43633022287953543
2022-11-25,5.674636318868948e-08,-0.05392719272631495,-0.7447542497139589,0.43731649880108076
2022-11-28,5.356346176419667e-08,-0.053870067539136784,-0.7445927066045185,0.4391003677347026
2022-11-29,5.05494528954379e-08,-0.05398991226822594,-0.7431141409228912,0.43730133014416434
2022-11-30,4.7752377495849865e-08,-0.05368984920561844,-0.7422991080290695,0.4466655444572746
2022-12-01,4.507355836159934e-08,-0.0539105925406861,-0.7435963722821319,0.43901868875883865
2022-12-02,4.258984766775917e-08,-0.05377668966652861,-0.737901016890458,0.4489650286949118
2022-12-05,4.029444850932518e-08,-0.05317371735543089,-0.7427577854356823,0.46104546408798697
2022-12-06,3.807551345519418e-08,-0.053542256619244964,-0.743759186764052,0.4493199097594202
2022-12-07,3.598361740242315e-08,-0.05363396311211515,-0.7401369633594076,0.4505928186017176
2022-12-08,3.399004296012538e-08,-0.053761174172594905,-0.7410548965197035,0.44597720123503826
2022-12-09,3.2106786908080824e-08,-0.0537545965899266,-0.7412634269002363,0.4459389020914753
2022-12-12,3.038962305888459e-08,-0.05305172900932943,-0.7422352431029323,0.46517106986995305
2022-12-13,2.8751988821394535e-08,-0.053105656205637536,-0.7445470823134948,0.4611205824050787
2022-12-14,2.7148976496877755e-08,-0.053240921334077186,-0.7587972876014093,0.44246906380124407
2022-12-15,2.563034014539297e-08,-0.05331536769571678,-0.7584784029202143,0.4406285070601176
2022-12-16,2.418108878703153e-08,-0.052757485456769115,-0.7821237869288868,0.4345563304504242
2022-12-19,2.2846252099890072e-08,-0.05228848425138595,-0.782829436272777,0.44798321576929234
2022-12-20,2.159064110628743e-08,-0.05221515633076154,-0.7826033351603048,0.45040832600779435
2022-12-21,2.039902160094414e-08,-0.05189010213528779,-0.796838700645546,0.44808516825548983
2022-12-22,1.9306433542265695e-08,-0.05133388384864523,-0.7980620027560243,0.4643919301365553
2022-12-23,1.824078168982822e-08,-0.05207257646802464,-0.7902718452684983,0.4480327761704175
2022-12-26,1.7240153512839016e-08,-0.051855580352397374,-0.7941038021576927,0.4514334999430365
2022-12-27,1.631333589506532e-08,-0.05155252697982885,-0.7922428349951389,0.46240756088193774
2022-12-28,1.5439233026532147e-08,-0.05141102980376579,-0.7953957744192129,0.4641789550857186
2022-12-29,1.4607915450752152e-08,-0.05142518968962331,-0.7980218440321754,0.4615551340203453
2022-12-30,1.3833339419264062e-08,-0.05122152935444431,-0.795868468164035,0.46975594560400386
2023-01-02,1.3099176817952472e-08,-0.05122274044849552,-0.7963938050933943,0.4692802807330928
2023-01-03,1.2402955230891706e-08,-0.05118633489849021,-0.798733682879373,0.46849974106268094
2023-01-04,1.1736522926997451e-08,-0.051780791597387105,-0.7837664000158326,0.46268264982976876
2023-01-05,1.1101853907267743e-08,-0.05183404695196783,-0.7858059481781966,0.4592359051505931
2023-01-06,1.0488362656076199e-08,-0.05188205031959877,-0.7979702564476099,0.44739747404716745
2023-01-09,9.894485223724812e-09,-0.0523327245639358,-0.7978192188446563,0.4337748876300028
2023-01-10,9.343969341467647e-09,-0.0523341741504523,-0.786206887511402,0.44361341716177255
2023-01-11,8.8195700031054e-09,-0.052633515935831016,-0.7815235936973243,0.43878311325894376
2023-01-12,8.33146603148354e-09,-0.0520809589196411,-0.7916854800160162,0.4465671552581262
2023-01-13,7.868104208061542e-09,-0.052128594070459375,-0.7931843977111963,0.4438411899286363
2023-01-16,7.460392827045239e-09,-0.05042530251272194,-0.8128760973295048,0.4818175125355425
2023-01-17,7.069518337807287e-09,-0.05120728444728498,-0.7889673252209048,0.4760671478035766
2023-01-18,6.690189304563665e-09,-0.05170247115215379,-0.7856650978016799,0.4634301587210169
2023-01-19,6.347037902237424e-09,-0.05099463699469649,-0.7841065814231107,0.4870826717979859
2023-01-20,6.01555270715997e-09,-0.05195805382577581,-0.7618815673599774,0.4777324475081508
2023-01-23,5.700871108916687e-09,-0.05207038889330682,-0.7592671085730395,0.47688664107501116
2023-01-24,5.4029213885276e-09,-0.05206023469592834,-0.7591027164709627,0.47736106518340016
2023-01-25,5.115355295952774e-09,-0.052330592351061356,-0.7604951041824558,0.4677581406506632
2023-01-26,4.843327444949525e-09,-0.05235938611993608,-0.759164588399663,0.46821318312245624
2023-01-27,4.586262692129783e-09,-0.05226522878740256,-0.7609960895218963,0.46923936954168444
2023-01-30,4.342703061338303e-09,-0.05228682333148393,-0.7606416619605206,0.4689365892419506
2023-01-31,4.112885320977804e-09,-0.052134177282121885,-0.7634593504629996,0.47079563784480677
2023-02-01,3.904479842809324e-09,-0.05094946778146953,-0.7788078506821394,0.49328643542402717
2023-02-02,3.7026093657571774e-09,-0.05108726807900013,-0.785412439576272,0.4829772846082883
2023-02-03,3.5114123902004826e-09,-0.051346649318109644,-0.7756139568149968,0.4836155892518765
2023-02-06,3.3184282686846815e-09,-0.05187226877508848,-0.7947112605608211,0.45040883818041416
2023-02-07,3.1464116372287286e-09,-0.05151483249639302,-0.7720841687317092,0.48163221402361767
2023-02-08,2.983378123992612e-09,-0.051549692656358746,-0.7707067891687401,0.48184302617277963
2023-02-09,2.830091387251898e-09,-0.0514254641257369,-0.7702142777312666,0.4861974232901582
2023-02-10,2.683650880345558e-09,-0.05166476055638637,-0.7662133066662316,0.48255908778784884
2023-02-13,2.5471782574101893e-09,-0.05138742501545665,-0.7659629560959234,0.4914665542568699
2023-02-14,2.4182903568949814e-09,-0.05148104864935456,-0.7603875305985384,0.49399732766933696
2023-02-15,2.2953408802054632e-09,-0.05115018315335606,-0.7737177468462617,0.4915851343534054
2023-02-16,2.1766257401046464e-09,-0.05122484301516824,-0.7807158933988799,0.48279952174168067
2023-02-17,2.0706712867557174e-09,-0.04952792371833879,-0.8107919032680204,0.5132169421839207
2023-02-20,1.971029899365026e-09,-0.04931535737675604,-0.8129343048445901,0.5187966915463043
2023-02-21,1.8757475133630642e-09,-0.049319165555357286,-0.8157061778080961,0.5165857908464256
2023-02-22,1.7916996442856854e-09,-0.04766578729383827,-0.8497011451399328,0.5519233346779823
2023-02-23,1.717608416310683e-09,-0.046243737569933316,-0.8851692642773461,0.5864751761753011
2023-02-24,1.654833473387395e-09,-0.04475685830812027,-0.9115058566233175,0.6345212195796788
2023-02-27,1.6261430639922699e-09,-0.04009044606809298,-1.0188783426824655,0.8266266071086951
2023-02-28,1.597867350192048e-09,-0.04010901828222159,-1.0208627942710955,0.8261179202105113
2023-03-01,1.5660916966943307e-09,-0.040630759750531084,-1.0129625302450238,0.8011371000609173
2023-03-02,1.5428111170935204e-09,-0.03957138402305732,-1.0231632239291688,0.8513459994076293
2023-03-03,1.5263307485998455e-09,-0.038680811353717995,-1.0227714727586563,0.8931796101863763
2023-03-06,1.505864712471999e-09,-0.03922909995486508,-1.0147290876420734,0.8659134912493841
2023-03-07,1.482270692886341e-09,-0.0397218032671336,-1.0171250623044663,0.8433191282706568
2023-03-08,1.4572913369693622e-09,-0.040008655419756275,-1.0249367099728253,0.831479121614853
2023-03-09,1.424949685917127e-09,-0.04114005857353903,-1.0111867021086638,0.7780701069732848
2023-03-10,1.3925250316890601e-09,-0.0412619652362082,-1.009602932016593,0.772450532474794
2023-03-13,1.3549330825165474e-09,-0.04222135380089535,-1.005682841881791,0.7300447150532317
2023-03-14,1.3104427283771236e-09,-0.04360136747391648,-1.0044937435221877,0.671641686858883
2023-03-15,1.2678633562280739e-09,-0.04352355202864275,-1.0064719105694981,0.6750764361768038
2023-03-16,1.2158743995841176e-09,-0.0456590035926623,-0.9525572479744728,0.5899482669912807
2023-03-17,1.1685898536856858e-09,-0.045085824879888055,-0.9647195692542233,0.611106657771534
2023-03-20,1.1195132929819575e-09,-0.04587894790649745,-0.9672747634005343,0.5800360532915539
2023-03-21,1.0719939504355023e-09,-0.046003894694981964,-0.9632485142810685,0.5755357006982595
2023-03-22,1.0247574734452653e-09,-0.04645260877019393,-0.9546173604908887,0.5593587354569759
2023-03-23,9.765369683864773e-10,-0.04726695496069737,-0.9516688094396533,0.5294447095206986
2023-03-24,9.309822489586385e-10,-0.047128702061222966,-0.960633372273145,0.5335074769047451
2023-03-27,8.877712997483579e-10,-0.04704052045191531,-0.9758846741729188,0.5358563575340572
2023-03-28,8.442208169419648e-10,-0.04776508238092524,-0.9747279506840334,0.5094402937024786
2023-03-29,8.027399110484437e-10,-0.04778583637556915,-0.9763793189296327,0.5086486253231804
2023-03-30,7.631003440428455e-10,-0.04785337729507824,-0.9774795443502191,0.506196634052661
2023-03-31,7.254252417267222e-10,-0.047850243746354514,-0.9788328277225014,0.5062890141482176
2023-04-03,6.899778243180302e-10,-0.047710114317522465,-0.9774861611539026,0.5113567136936668
2023-04-04,6.560228948102084e-10,-0.047805685115303254,-0.9795752849015862,0.5078837563891005
2023-04-05,6.229333439201231e-10,-0.04814888258445289,-0.9828477752104073,0.4956037182260362
2023-04-06,5.917242229164585e-10,-0.048054184154876854,-0.9848547808651974,0.49899742390952107
2023-04-07,5.629546853673959e-10,-0.04764152943098757,-0.9821755830953462,0.5138015914362152
2023-04-10,5.358258822208023e-10,-0.047523606920558896,-0.9845952491933703,0.5180997005311443
2023-04-11,5.098703921752701e-10,-0.04759284116891702,-0.9853714150030339,0.5155984265269961
2023-04-12,4.852069800988713e-10,-0.047574310865729254,-0.9859169776018,0.516280755758801
2023-04-13,4.606918465122739e-10,-0.048193258080118824,-0.9635039003153678,0.49474895061068797
2023-04-14,4.3793931860860824e-10,-0.047854508103331916,-0.980410522875926,0.5061226267424352
2023-04-17,4.159226499514468e-10,-0.04810378765730845,-0.986764362218506,0.4972666823542774
2023-04-18,3.9582498925465193e-10,-0.04757559791882524,-0.9978727016529139,0.5167933100267272
2023-04-19,3.766331837985741e-10,-0.047620478941770975,-0.9975703417168397,0.5151441678248697
2023-04-20,3.594728931474435e-10,-0.046825897895328344,-0.9982002915208379,0.5443765608208319
2023-04-21,3.4305467411700875e-10,-0.046856099276441715,-0.9984266533094341,0.5432696221770398
2023-04-24,3.277465819707728e-10,-0.046583916105776835,-1.0023070621084382,0.5537710662116051
2023-04-25,3.128296190606349e-10,-0.046828558788996374,-1.0047232158512729,0.5448628992424499
2023-04-26,2.9791199149024144e-10,-0.04739795369830856,-0.9961556401253575,0.5231389017706076
2023-04-27,2.834452436600672e-10,-0.047625217317764916,-0.9801278866969934,0.5143952494893662
2023-04-28,2.6997576147340907e-10,-0.04734000199250324,-0.9784162478129365,0.5247942067141534
2023-05-01,2.570122344510084e-10,-0.047476345712569576,-0.9778831706169332,0.5198262632300092
2023-05-02,2.4469649011713107e-10,-0.04746629522020406,-0.964497107318155,0.5208109699452865
2023-05-03,2.3186833898326492e-10,-0.04873857553515628,-0.9615125368682934,0.4757525484846328
2023-05-04,2.198078793989684e-10,-0.048620637712495716,-0.9616032330931537,0.47985742093202877
2023-05-05,2.089975460808055e-10,-0.047797760754331176,-0.9851898657798425,0.508191728716818
2023-05-08,1.9779572550053108e-10,-0.04909469779907493,-0.9558426037103136,0.4640214303787491
2023-05-09,1.8664845388517492e-10,-0.05003204749061951,-0.9319354767856435,0.43642504977559277
2023-05-10,1.7610024479929755e-10,-0.05011675910129444,-0.9266426587954413,0.43486223077064423
2023-05-11,1.6621921154688533e-10,-0.05001752275135158,-0.923678671433179,0.4388972449371897
2023-05-12,1.5710981068163797e-10,-0.04955910429063805,-0.933214550861066,0.45196462066734133
2023-05-15,1.4846420406662458e-10,-0.049670337914604026,-0.9267666183410066,0.44970930984492463
2023-05-16,1.4017732260807765e-10,-0.04989256006737558,-0.9286100493659477,0.4418262967396537
2023-05-17,1.322220549899174e-10,-0.05015041894975061,-0.9320461179719531,0.43248540704386096
2023-05-18,1.2472186812410884e-10,-0.05013760860241863,-0.9327262478340186,0.4327582590982778
2023-05-19,1.177873894524261e-10,-0.04972594045244415,-0.9456373471411469,0.4440045858852762
2023-05-22,1.1119299119552623e-10,-0.0497620691634455,-0.9712385531576543,0.44014395025169445
2023-05-23,1.0496499193166178e-10,-0.049783933060163085,-0.9636194968248205,0.4398928208601924
2023-05-24,9.892632188099838e-11,-0.050263774766800794,-0.9562290500986368,0.4246967546479608
2023-05-25,9.32143005420268e-11,-0.050324254943398934,-0.9572515405712858,0.4225984318063699
2023-05-26,8.784546948405413e-11,-0.050269403453257436,-0.9608732142252102,0.4240335413392923
2023-05-29,8.278672775956069e-11,-0.05026452529148499,-0.961554801518103,0.4241317447325223
2023-05-30,7.802488797559063e-11,-0.05024032942031609,-0.9629518812022337,0.4248063774425433
2023-05-31,7.341924387223759e-11,-0.05079170920433411,-1.0216489745526576,0.40972115143645066
2023-06-01,6.913909651705966e-11,-0.05052787183501789,-1.0141301033944952,0.4170265002148147
2023-06-02,6.493042204872276e-11,-0.05133202291439236,-1.0140243426520712,0.3912743034907261
2023-06-05,6.080821343890739e-11,-0.05214877003498325,-1.0076203358557856,0.3651344809183399
2023-06-06,5.6878037088371866e-11,-0.05249246231481672,-0.9959030690852683,0.3536767274894496
2023-06-07,5.318801925570373e-11,-0.05256498598271531,-0.9910109011523399,0.35124029914484445
2023-06-08,4.96389170690581e-11,-0.05318590741819473,-0.9845461454588293,0.33272525724579055
2023-06-09,4.634898229892288e-11,-0.05305820765024728,-1.000265680524278,0.33722672362932543
2023-06-12,4.325339821532195e-11,-0.05322871368180095,-0.9985644110552678,0.3321139041119971
2023-06-13,4.033206659851685e-11,-0.053476089771918145,-0.9929482926219497,0.3246006701572317
2023-06-14,3.753435545275928e-11,-0.05411062218897465,-0.9842194775572484,0.30633082266592704
2023-06-15,3.492888721455809e-11,-0.05412764688793794,-0.9798348798279668,0.3058444172618272
2023-06-16,3.249645262548429e-11,-0.05420841920881894,-0.9842341271931683,0.3036037552149878
2023-06-19,3.0231341887093835e-11,-0.05423236083455567,-0.9859984213248818,0.3029667685591969
2023-06-20,2.8051852966996185e-11,-0.055108625323645896,-0.9796522720557317,0.27906312321913185
2023-06-21,2.6036116931815976e-11,-0.055022203269861875,-0.9866135168047897,0.2814249962197477
2023-06-22,2.4165549178562854e-11,-0.05501625703217629,-0.9847321604921639,0.28154887376186305
2023-06-23,2.235573047759483e-11,-0.05634027913384839,-0.9397632486050772,0.25107487208545615
2023-06-26,2.0704033466013393e-11,-0.05600122555129843,-0.9323404749952597,0.2611751097836832
2023-06-27,1.9174435324969802e-11,-0.05599933894980395,-0.9324113706346858,0.2612076562016413
2023-06-28,1.7751483368555938e-11,-0.056157942396078984,-0.9292540953466814,0.25789107616595536
2023-06-29,1.6430721043064584e-11,-0.05626947801454306,-0.9255573556385246,0.25597072758952283
2023-06-30,1.5226262280357387e-11,-0.055859551168138885,-0.9234452637707472,0.2669471050294567
2023-07-03,1.4108304348652759e-11,-0.055906116535148244,-0.9233721028937631,0.2657699498931855
2023-07-04,1.3072032675441405e-11,-0.0560965825547357,-0.9078803175479122,0.26548814967241685
2023-07-05,1.21018112871348e-11,-0.05626113093564335,-0.9194877548266468,0.25778843092292436
2023-07-06,1.1209242982951651e-11,-0.0559997638881546,-0.9270187625954371,0.26245065056334954
2023-07-07,1.0389566760145788e-11,-0.05580841967567611,-0.9216103469243416,0.2687497058877935
2023-07-10,9.635384220436426e-12,-0.055576223190615705,-0.9241747989182081,0.2740962572160499
2023-07-11,8.959572391504617e-12,-0.05452968252907889,-0.9398032121074538,0.2986145508360343
2023-07-12,8.304977262457082e-12,-0.05560601127232517,-0.9423122446087622,0.2693902114478098
2023-07-13,7.706866670211501e-12,-0.055272067001100184,-0.9338075374898545,0.27981670106507334
2023-07-14,7.160655510573839e-12,-0.05488496519624374,-0.9288838541334713,0.2912668883336439
2023-07-17,6.659787984864332e-12,-0.05451491935476138,-0.932400005201551,0.30052838742222115
2023-07-18,6.189313597079832e-12,-0.05475174202882094,-0.9347598199000395,0.2935595114232581
2023-07-19,5.750531075129666e-12,-0.05481062259324636,-0.939265135197041,0.2910643239062955
2023-07-20,5.342669509308385e-12,-0.054820099923339194,-0.9396194987579171,0.2907410454919151
2023-07-21,4.9531587741490945e-12,-0.05551184428559792,-0.9478447373078993,0.2709436088444958
2023-07-24,4.594740903590402e-12,-0.055272564271976896,-0.9540824535657338,0.27638525857618795
2023-07-25,4.262066928107566e-12,-0.05538878209656277,-0.9375413445873105,0.2759679327666169
2023-07-26,3.955555508025447e-12,-0.055200879837248355,-0.9380374619647027,0.2808385573189193
2023-07-27,3.670676205098836e-12,-0.05523923002958363,-0.9381475068840347,0.2797995064192325
2023-07-28,3.397335875281744e-12,-0.05621662216682395,-0.9340141415920789,0.2553406660129777
2023-07-31,3.147758332022061e-12,-0.05564674653456919,-0.9667427954887351,0.26537277319102354
2023-08-01,2.9170636082376366e-12,-0.05557958424547796,-0.9668486571753815,0.26711424623177676
2023-08-02,2.7065275376231477e-12,-0.05513954882108266,-0.9778885683751706,0.2782602682370663
2023-08-03,2.5078037405571154e-12,-0.055650730417157485,-0.960595532776713,0.2657610377001876
2023-08-04,2.3273487278776925e-12,-0.05509420730055087,-0.9605303251638163,0.28042609650411493
2023-08-07,2.1676171309046482e-12,-0.05390852692767559,-0.9540706704469101,0.3136757072125281
2023-08-08,2.016717957614551e-12,-0.05429035997209402,-0.9478728626940629,0.3038476623077654
2023-08-09,1.8770381618649006e-12,-0.05412366151111179,-0.9561511069343465,0.3073905291403906
2023-08-10,1.7469368630124552e-12,-0.054161579204100974,-0.9517251961105225,0.30687984136035623
2023-08-11,1.6260975214024914e-12,-0.05412265899123518,-0.9494712802339399,0.3082787124797162
2023-08-14,1.5136931086458878e-12,-0.054138920714810565,-0.9435928273395517,0.30874740735319106
2023-08-15,1.4088399336302995e-12,-0.05420432616895371,-0.9414341607204518,0.3073022898982127
2023-08-16,1.3125839540897689e-12,-0.053855845606936244,-0.9431757872357414,0.31677135746360136
2023-08-17,1.2216832345410638e-12,-0.05415798019527679,-0.9482795128808328,0.3074673870157007
2023-08-18,1.1371514857994074e-12,-0.054154470377212285,-0.9450429367841284,0.30807146769586186
2023-08-21,1.0597417412266907e-12,-0.05373608816236288,-0.9488252600325524,0.3192662056076171
2023-08-22,9.872269031143139e-13,-0.05382127156963157,-0.9576390158207216,0.3157310381259688
2023-08-23,9.195587573530452e-13,-0.05385871028067034,-0.9586731700721636,0.31456339421261115
2023-08-24,8.568618288697466e-13,-0.053730729615600194,-0.9587441362779896,0.3181846403836894
2023-08-25,7.97951530358891e-13,-0.0538952581424201,-0.9740207675276378,0.3124877719367829
2023-08-28,7.4372694519467e-13,-0.05361183582965377,-0.9772926514532798,0.32045264528995904
2023-08-29,6.938985766883248e-13,-0.053278455049585394,-0.9828340695969353,0.3300179746304409
2023-08-30,6.46769125415356e-13,-0.053598285154378464,-0.9807205868166328,0.3208020183886521
2023-08-31,6.02509339521505e-13,-0.05378078275884315,-0.9756377767930804,0.3156787460219765
2023-09-01,5.610568019203337e-13,-0.053932583202259264,-0.96393320245552,0.31200174201297476
2023-09-04,5.225774536895465e-13,-0.05389963144728008,-0.9522135592079857,0.3141630562345277
2023-09-05,4.874546324810184e-13,-0.05347663791898556,-0.9414269480116538,0.32789252654221546
2023-09-06,4.5428070296264325e-13,-0.05378173157296298,-0.9399657030044481,0.3194458046376704
2023-09-07,4.2295737340761486e-13,-0.05409728261363553,-0.9403559394006079,0.3104851394578503
2023-09-08,3.939336575445111e-13,-0.05398003096724652,-0.940258559237412,0.31379099436735597
2023-09-11,3.673709354638268e-13,-0.05348533639676044,-0.9542423062618011,0.3257056975974894
2023-09-12,3.412257147905342e-13,-0.05483988634354481,-0.9513064666414794,0.2883154830884137
2023-09-13,3.16896949019457e-13,-0.05506568651146276,-0.9263894775164738,0.2870183952574612
2023-09-14,2.9307183388967766e-13,-0.056439407437897396,-0.9420555535457357,0.2481746762315268
2023-09-15,2.7085422969887143e-13,-0.056724399903868294,-0.9377787004008955,0.24190585304863915
2023-09-18,2.509614771282352e-13,-0.055755836852692364,-0.9420159152318424,0.2655550333198545
2023-09-19,2.318518115148919e-13,-0.05697037445776412,-0.9258846022254114,0.23854187375623387
2023-09-20,2.1389068531581432e-13,-0.05757054440500643,-0.9215190661159974,0.22531870328200226
2023-09-21,1.9807618763191375e-13,-0.0560928990783746,-0.9248164796925304,0.2606270974096039
2023-09-22,1.8362976738778677e-13,-0.055849747553035636,-0.9114050244105268,0.27066345445962336
2023-09-25,1.697186952095905e-13,-0.056886006770107925,-0.9189404267683321,0.24243915482291936
2023-09-26,1.5693069347630512e-13,-0.05674029460996105,-0.9171566551640361,0.24651779124904813
2023-09-27,1.450864789100376e-13,-0.05678633513563974,-0.9176028642746492,0.2452582535706549
2023-09-28,1.3406419542189985e-13,-0.056898993761950595,-0.9258215960833752,0.24029561052535967
2023-09-29,1.2413671427323992e-13,-0.05624073972617359,-0.9153343662313688,0.2594979504096349
2023-10-02,1.1484899417792984e-13,-0.05650629358000707,-0.9188862616856182,0.2518152144041121
2023-10-03,1.0631706492318577e-13,-0.056176125620721835,-0.9306054998043671,0.2571176338274135
2023-10-04,9.844225499983951e-14,-0.05654314884698654,-0.8939423675370072,0.2593089426390877
2023-10-05,9.119738308663112e-14,-0.05626285736555768,-0.8999333921775825,0.2640485619493177
2023-10-06,8.446121170876358e-14,-0.056326250978290325,-0.9029649822440375,0.2613635227374167
2023-10-09,7.836619992675035e-14,-0.055579045286625245,-0.9092467358674248,0.2783655764932807
2023-10-10,7.271286442254528e-14,-0.05552598287438653,-0.9128852985010992,0.27860027543897725
2023-10-11,6.784620966538208e-14,-0.0537493330057858,-0.9019433867870159,0.3307023735329293
2023-10-12,6.326446851568528e-14,-0.05401725926183161,-0.8977147787394164,0.32468723421780465
2023-10-13,5.900148459026049e-14,-0.05389336413695116,-0.9032390511664978,0.3261645872567692
2023-10-16,5.470706553874053e-14,-0.05695572285494299,-0.8476996334245388,0.2721506786917597
2023-10-17,5.065291819291764e-14,-0.057903219909175935,-0.8330921953265304,0.2589353302176338
2023-10-18,4.6949351964011914e-14,-0.057661523659096686,-0.8268102145068904,0.2688345783355852
2023-10-19,4.369180192039955e-14,-0.057489688187418196,-0.7846535170008407,0.30615654799464564
2023-10-20,4.0696833248647325e-14,-0.05719223023238648,-0.7832122532945183,0.3145238831740926
2023-10-23,3.791139543216892e-14,-0.057080455605339725,-0.7850768026536158,0.3155639900873591
2023-10-24,3.516990108084149e-14,-0.05841132843287099,-0.7939705426550336,0.27686799178033894
2023-10-25,3.281143197224971e-14,-0.05851201727963679,-0.737434582783713,0.329406954210492
2023-10-26,3.0613830337545125e-14,-0.057268652006576104,-0.7644072649239182,0.3302329393721105
2023-10-27,2.867264231212121e-14,-0.05678756490876562,-0.7410284851984192,0.36591141846003916
2023-10-30,2.6831033373317797e-14,-0.056784986025765816,-0.7488045413345646,0.35771216382632676
2023-10-31,2.524918132994069e-14,-0.055545329415001204,-0.729221540832772,0.41043938883466796
2023-11-01,2.3753429565004364e-14,-0.05549958775365994,-0.7328051825492938,0.40760385638219193
2023-11-02,2.2395529907351374e-14,-0.054164005522645164,-0.7469679668573853,0.4283353256686829
2023-11-03,2.116976016516625e-14,-0.05393648391067131,-0.7304958048982962,0.4526721416032284
2023-11-06,2.0083055356918627e-14,-0.054191769591066204,-0.696321114139417,0.48667117635288126
2023-11-07,1.902410657499699e-14,-0.05476620572295122,-0.6948964427275599,0.4727152999870607
2023-11-08,1.803281791218036e-14,-0.0538676327323363,-0.7097815973755068,0.4789302410030405
2023-11-09,1.711983443939622e-14,-0.05370337148757078,-0.7016113041720071,0.49371003620710446
2023-11-10,1.6282735270381865e-14,-0.0524365986465042,-0.7177990795229592,0.5110354764365905
2023-11-13,1.5488823653121037e-14,-0.052378994705916226,-0.7180941798958786,0.5124212215714333
2023-11-14,1.475072028485738e-14,-0.052301965763713834,-0.7108296826957872,0.5234606676441147
2023-11-15,1.4097277643875557e-14,-0.051656162628845856,-0.6997506353224854,0.5570096725021381
2023-11-16,1.3481760389309486e-14,-0.051604051021609296,-0.6960234677344914,0.5633786393974718
2023-11-17,1.2865305734705392e-14,-0.05267684612767989,-0.686775720380888,0.5427491389826836
2023-11-20,1.2298717023932586e-14,-0.0521515870029997,-0.6859958945636282,0.5595994977061934
2023-11-21,1.1787125046959162e-14,-0.05202694380717662,-0.6708451570218034,0.5840281746641727
2023-11-22,1.128564156964289e-14,-0.05245050378861295,-0.6684386323245828,0.5745497945271909
2023-11-23,1.0845780657818197e-14,-0.051562018747274875,-0.6624639042255853,0.6102473137124615
2023-11-24,1.0419671382754223e-14,-0.051410330072672074,-0.6680076963302566,0.6071197744933063
2023-11-27,1.0019034841679063e-14,-0.05086213597099566,-0.6744811824029944,0.6154998306968993
2023-11-28,9.629519637734179e-15,-0.05104988710439132,-0.6732308057503448,0.6112248234485849
2023-11-29,9.212161571555107e-15,-0.05234020428384113,-0.6765731142261064,0.5665847499353817
2023-11-30,8.821860149405242e-15,-0.052270611096661965,-0.6710523147145491,0.5763193913630196
2023-12-01,8.486014680979413e-15,-0.05203629805644854,-0.6463257691929378,0.6193031143794829
2023-12-04,8.136138315027904e-15,-0.053077019202716236,-0.6466256973441026,0.5877023796155706
2023-12-05,7.784026682423689e-15,-0.0547894058804831,-0.6286450173065581,0.5672251147035807
2023-12-06,7.430424291580266e-15,-0.05509427881370705,-0.6371355387851116,0.5457333263748552
2023-12-07,7.092862166888724e-15,-0.05508217993234603,-0.6373642590407933,0.5457027601047358
2023-12-08,6.78314371615267e-15,-0.05598718615033802,-0.6116164212629658,0.5633378409891018
2023-12-11,6.476665350518038e-15,-0.05665225080061913,-0.6106825931530274,0.5481765115711302
2023-12-12,6.182754557201014e-15,-0.05602230650276664,-0.6215250288229275,0.546200432768214
2023-12-13,5.903956822077493e-15,-0.05654661321065953,-0.6117178420572379,0.5490719669620391
2023-12-14,5.641845265641777e-15,-0.0597455373859612,-0.566379680587787,0.556040864906822
2023-12-15,5.470636283625058e-15,-0.0589376397437618,-0.5048119846472573,0.6965372604963778
2023-12-18,5.301889858752896e-15,-0.05870176282641963,-0.5095868969811974,0.691541502444163
2023-12-19,5.1460569960626465e-15,-0.05834002448672586,-0.5065475012707406,0.7060805357301565
2023-12-20,4.991404723273844e-15,-0.05837217564071809,-0.5093127572053587,0.6994742325878978
2023-12-21,4.841819968378011e-15,-0.057570028170130697,-0.5176999921011916,0.7003153156498004
2023-12-22,4.681334434770694e-15,-0.05641853339466257,-0.5473146564601481,0.6685429556334883
2023-12-25,4.529423578894147e-15,-0.05624219530537498,-0.5460221329170947,0.6754966815696235
2023-12-26,4.397135888310658e-15,-0.05642291732791774,-0.5275093065102923,0.707937029338758
2023-12-27,4.2835682547674665e-15,-0.05581976185793196,-0.5185373440631997,0.7417236209481509
2023-12-28,4.165454102883272e-15,-0.0556304656365771,-0.5294196162615261,0.7242622391910551
2023-12-29,4.0464299017140975e-15,-0.056244764163922725,-0.5266041471600105,0.7142587621196428
2024-01-01,3.928541106286902e-15,-0.05653942295416303,-0.5257341356201626,0.7086597363832838
2024-01-02,3.820130178300619e-15,-0.056388331118974594,-0.5200957169593244,0.7240427806322284
2024-01-03,3.7237298038687114e-15,-0.058280941254425886,-0.4880462514000026,0.7476515984206452
2024-01-04,3.621565398146153e-15,-0.0577244149714775,-0.5040081211625626,0.7256395842243606
2024-01-05,3.5233751909090294e-15,-0.05725552553506583,-0.5076828598113531,0.72887357691407
2024-01-08,3.420036375160021e-15,-0.05827249732183005,-0.5069703154337821,0.7067050480015481
2024-01-09,3.3121014811385575e-15,-0.056312423890463634,-0.5405974360053256,0.6844042513541464
2024-01-10,3.2092257289537056e-15,-0.056237442182082174,-0.5390341120965289,0.6893943232998541
2024-01-11,3.109328345309739e-15,-0.056252318256357486,-0.5391855578863104,0.6887181143330344
2024-01-12,3.0126535298687224e-15,-0.05614642629293238,-0.5403520458159422,0.6890813555060689
2024-01-15,2.91629991176562e-15,-0.056330532926808397,-0.5425098427653723,0.6801702646925166
2024-01-16,2.823416148266756e-15,-0.05649832731837294,-0.5397151287563455,0.6815013328220423
2024-01-17,2.7321838252947637e-15,-0.05649143354905474,-0.5421410840150622,0.6768725608231537
2024-01-18,2.6379299543680067e-15,-0.05657254105542344,-0.5523088343535869,0.6550236845187534
2024-01-19,2.5444976822481213e-15,-0.056586045348841665,-0.5569386047009931,0.645812156743687
2024-01-22,2.4562968439234193e-15,-0.05616031843922806,-0.5585759723411854,0.6533664033571533
2024-01-23,2.367304246079171e-15,-0.0547828262225048,-0.5867752615581252,0.6376960786950394
2024-01-24,2.3131762379910073e-15,-0.053652538644826886,-0.5328073774796702,0.7713517044637844
2024-01-25,2.2508582549539053e-15,-0.05448748733344322,-0.5415143568957634,0.730595611291462
2024-01-26,2.190813333179896e-15,-0.05471158305378742,-0.5371019397691829,0.7332354374521112
2024-01-29,2.1315573581732833e-15,-0.05492677699215423,-0.5360461470070742,0.7295252219384432
2024-01-30,2.0737884609880116e-15,-0.05487839888597519,-0.5369696772640117,0.7289826756771588
2024-01-31,2.014833638976376e-15,-0.05526735355165147,-0.5384117549181324,0.7157143888072932
2024-02-01,1.9588588062663788e-15,-0.05479211031629096,-0.5415654002230311,0.7221863302895963
2024-02-02,1.9023661509085387e-15,-0.0553215651917742,-0.539758856768737,0.7116042505099411
2024-02-05,1.8525587048326117e-15,-0.055573526987904395,-0.5233358177935465,0.7381816005707529
2024-02-06,1.8042754559970707e-15,-0.05556413687225609,-0.5228776243820046,0.7393699389412578
2024-02-07,1.757087928236682e-15,-0.055521933848922844,-0.5238515912715602,0.7384682721058634
2024-02-08,1.7111473231184988e-15,-0.055528354789596765,-0.5237344402997088,0.738541228472908
2024-02-09,1.667031971293939e-15,-0.05543092666825848,-0.5232025231715756,0.7421884648473205
2024-02-12,1.625199603945577e-15,-0.0556399404012161,-0.5172490439079852,0.7490607974609411
2024-02-13,1.5849462415681765e-15,-0.05577569158659637,-0.5140115228448925,0.7523174243971534
2024-02-14,1.5414155453463166e-15,-0.05613965307345613,-0.5224959535275806,0.7253490681248929
2024-02-15,1.500390590963026e-15,-0.055908955412586,-0.5212293201183271,0.7338488345524103
2024-02-16,1.4595862404984076e-15,-0.056005936498068426,-0.5228404622574849,0.7280418131759512
2024-02-19,1.4232487814407643e-15,-0.056795149856119165,-0.5025358293191751,0.7510427404053976
2024-02-20,1.3864638078061247e-15,-0.056789869073548174,-0.5070334496073736,0.7415422088230933
2024-02-21,1.3501622031665049e-15,-0.056822103928796455,-0.5082460375339509,0.7381712783613147
2024-02-22,1.314046998196247e-15,-0.0564779824083078,-0.5149565944960466,0.7325121019862625
2024-02-23,1.2875278614613635e-15,-0.05596258938151436,-0.490470186059869,0.7981873040211824
2024-02-26,1.2610456904140418e-15,-0.056310010807987275,-0.4882339322619471,0.794317685543048
2024-02-27,1.2354135201833737e-15,-0.056041751308786525,-0.4902104235882619,0.7967387666798293
2024-02-28,1.2151474936183041e-15,-0.05392289274401248,-0.4982736889274174,0.8359575459230411
2024-02-29,1.203149269174428e-15,-0.05188627156316453,-0.49586088377684984,0.9012611678262491
2024-03-01,1.1918494950307963e-15,-0.05195126999946112,-0.4927447378984591,0.9060816938252283
2024-03-04,1.1736329047974785e-15,-0.051337322821262375,-0.529678677554235,0.8471569580784214
2024-03-05,1.1543812589182528e-15,-0.05216323293497846,-0.5226484794887982,0.83596535338663
2024-03-06,1.1409315438995604e-15,-0.05092391553134515,-0.5183837683914853,0.8834898356605612
2024-03-07,1.1258395785381499e-15,-0.05068949532312948,-0.5297275585619795,0.8677224287284543
2024-03-08,1.1103237412456526e-15,-0.049705311970075945,-0.5488374799130818,0.8621842970501923
2024-03-11,1.0988757466098397e-15,-0.04812731978078013,-0.5591726765594327,0.896894984673817
2024-03-12,1.091863609260426e-15,-0.048531737672990835,-0.531813542515142,0.9361880779419749
2024-03-13,1.0872336502796848e-15,-0.04992253728798507,-0.4988861657689459,0.9575958119542507
2024-03-14,1.0830371379718481e-15,-0.04864226091853816,-0.5176384461862903,0.9614019276651564
2024-03-15,1.080941370054481e-15,-0.04841849508467057,-0.5121980803584578,0.9806491592588447
2024-03-18,1.0785519357962588e-15,-0.04838789999785634,-0.5140196044592531,0.97789487640665
2024-03-19,1.078741820226912e-15,-0.04815560322354439,-0.506627488791505,1.0017605497181388
2024-03-20,1.0771448167482336e-15,-0.04862374457774142,-0.5066583112210954,0.9851956840021306
2024-03-21,1.0749016347096592e-15,-0.04903643280180768,-0.5027861061156491,0.9791747404462452
2024-03-22,1.0770426953584836e-15,-0.048230842545577655,-0.49696032103048277,1.0199186658544903
2024-03-25,1.078675281870546e-15,-0.04712885478712982,-0.5179049239176324,1.0151580482286782
2024-03-26,1.0802092885679666e-15,-0.04692490028894723,-0.5219952667251343,1.0142212093222485
2024-03-27,1.0808411959497388e-15,-0.047317982286430166,-0.5190403703091364,1.0058498606562285
2024-03-28,1.0823238465858464e-15,-0.047840450891820825,-0.5063029514318669,1.0137175622252887
2024-03-29,1.0850243808936396e-15,-0.048051237284541984,-0.49758303541232773,1.024951259424917
2024-04-01,1.0885890983773464e-15,-0.048151199903197495,-0.4923377524588314,1.0328538007668961
2024-04-02,1.1075030471530456e-15,-0.04761526262353913,-0.4397869600360469,1.1737473653180592
2024-04-03,1.1322979933384276e-15,-0.04645671905631536,-0.43679377042383155,1.2238815166163475
2024-04-04,1.1562774414762518e-15,-0.04625655241015526,-0.4448973492165329,1.2117768315311062
2024-04-05,1.1840163519198493e-15,-0.04621586766803566,-0.43398164561978675,1.2398983967738824
2024-04-08,1.219595527590467e-15,-0.04525091545218318,-0.4245793883841752,1.3004956444472127
2024-04-09,1.2555863998455387e-15,-0.04495823231565753,-0.43139002000466237,1.295104987193397
2024-04-10,1.2940853776259508e-15,-0.04519535894241631,-0.42300509447572426,1.3066214940298169
2024-04-11,1.3329702476793365e-15,-0.045284751106950974,-0.4240547168433437,1.300481488514504
2024-04-12,1.3738146180181472e-15,-0.04488085122479915,-0.4280644730786649,1.306416219041079
2024-04-15,1.4097887882757447e-15,-0.04246821283341455,-0.48943646261456714,1.26185607421688
2024-04-16,1.4572987302971056e-15,-0.04031770369368382,-0.49849397592634376,1.3370004245775942
2024-04-17,1.5095715470568046e-15,-0.04036338231989944,-0.48765635991853334,1.3586966465622345
2024-04-18,1.5677392989529061e-15,-0.0397750161327565,-0.48781369279412223,1.3853262338543348
2024-04-19,1.6396952066736878e-15,-0.036736648378861265,-0.5217639506013396,1.4589787840927348
2024-04-22,1.7174559388111107e-15,-0.03669303062460611,-0.5154755645254022,1.4742389428287153
2024-04-23,1.8016342910822494e-15,-0.0367192615633707,-0.507324560279788,1.4901339846273376
2024-04-24,1.8926994053547696e-15,-0.034745014736737384,-0.5496501401563929,1.5054583758939284
2024-04-25,1.986616677727156e-15,-0.03498537704768916,-0.5479182103052397,1.4962080724846019
2024-04-26,2.0856706031112423e-15,-0.03447598627650349,-0.5606482618909953,1.4986061301841795
2024-04-29,2.1858026241921106e-15,-0.03477577745572169,-0.5620705319640902,1.480095087553631
2024-04-30,2.293396075883745e-15,-0.03562232875135147,-0.5332211558611393,1.4922377276923728
2024-05-01,2.3885820268861458e-15,-0.03631648099975993,-0.554452962424336,1.4150436638630857
2024-05-02,2.4846203190091908e-15,-0.036799067506099785,-0.5485925967748251,1.402072405477496
2024-05-03,2.5983749485955325e-15,-0.03612882115426977,-0.5374478521411128,1.457835061220556
2024-05-06,2.7238815744196837e-15,-0.03593365753574863,-0.5298757261641031,1.483019688486436
2024-05-07,2.864928985511891e-15,-0.03541719226994344,-0.5258399557576405,1.5178177069693557
2024-05-08,3.010514862015767e-15,-0.03620810297686769,-0.5109806573476446,1.5081657424673123
2024-05-09,3.163229092168799e-15,-0.03625709690943785,-0.5102289117722818,1.507269477655974
2024-05-10,3.314384455736293e-15,-0.037067483862136624,-0.5049383850827366,1.477851458630421
2024-05-13,3.4798545895581254e-15,-0.03634469344811645,-0.511924950883835,1.4992484608581207
2024-05-14,3.668111635764845e-15,-0.03551847977713676,-0.5121625028104527,1.5409911286857154
2024-05-15,3.86297227441487e-15,-0.03575786779512573,-0.5109463968793666,1.5312287574622663
2024-05-16,4.052004004613692e-15,-0.036089375733675565,-0.5228952895865926,1.4893427049704728
2024-05-17,4.252651484543194e-15,-0.0360794400561823,-0.5203139149774373,1.4951808529829544
2024-05-20,4.472756806747193e-15,-0.03525796568163328,-0.5300160128853093,1.5175719736357203
2024-05-21,4.709800485840902e-15,-0.03543549182927325,-0.5194824261861011,1.5299722058130154
2024-05-22,4.979111274889673e-15,-0.03399024262055874,-0.536319790977458,1.571809336421802
2024-05-23,5.256616803370259e-15,-0.0337841514547155,-0.5492839146841526,1.5573394791959738
2024-05-24,5.509001092533529e-15,-0.03524153731698005,-0.5493155234341591,1.480126854598686
2024-05-27,5.798647605898513e-15,-0.03375338077843365,-0.566753616199975,1.5257695696549247
2024-05-28,6.124628843187263e-15,-0.03331148446557665,-0.5601218022932117,1.5621676974423289
2024-05-29,6.490092086803212e-15,-0.031951401752651876,-0.5822164734804459,1.596710842359844
2024-05-30,6.863043258100805e-15,-0.03191140428100355,-0.5960120680198908,1.5746469638789171
2024-05-31,7.287727371265715e-15,-0.030366042314109106,-0.6225126882333051,1.6187985376073868
2024-06-03,7.745338612991501e-15,-0.029860822712432032,-0.6354332767203944,1.62792036311633
2024-06-04,8.212445140662894e-15,-0.030704916888600622,-0.6200771448675955,1.6030808348235455
2024-06-05,8.744420477567371e-15,-0.029215723219050315,-0.6474778416069865,1.647767294384097
2024-06-06,9.29201747488261e-15,-0.029452503547365696,-0.6524775915642296,1.6262244578929321
2024-06-07,9.859405568794385e-15,-0.03028339864549724,-0.6306655527712275,1.6106188407904614
2024-06-10,1.0229323947288547e-14,-0.032008513420379636,-0.7320717399721618,1.3751933886003946
2024-06-11,1.0663077921906442e-14,-0.03130059135108588,-0.7243532943884714,1.4240299523732074
2024-06-12,1.1120720384307433e-14,-0.03108841377168773,-0.7304659996174834,1.4291842053041808
2024-06-13,1.1598386183995055e-14,-0.031094530196520184,-0.7298511966434518,1.4295277492649574
2024-06-14,1.2170141734661724e-14,-0.029551650277908702,-0.7544920077474376,1.4929612978878435
2024-06-17,1.2755397893791656e-14,-0.029974919749019356,-0.7421696640437966,1.4808951053240844
2024-06-18,1.3324866603765126e-14,-0.030630055075828687,-0.738699801547954,1.4464531131958118
2024-06-19,1.3936527055598114e-14,-0.03041220309947519,-0.7387527933259219,1.4590368294269767
2024-06-20,1.457663320219451e-14,-0.030406641829661574,-0.7388071757781368,1.4593010468410053
2024-06-21,1.5223945685513882e-14,-0.030931749915181748,-0.7252881804677949,1.4440754420725543
2024-06-24,1.5871788037352885e-14,-0.0315003873346361,-0.7134317302015081,1.4255416862498833
2024-06-25,1.653221110452831e-14,-0.031586440123864856,-0.7172477230317605,1.416098719073849
2024-06-26,1.7229033078289803e-14,-0.03154805460675411,-0.7145496191418887,1.421493513091306
2024-06-27,1.7910948147405463e-14,-0.03189810328868244,-0.7195365242865714,1.3957941609473898
2024-06-28,1.8579588626731066e-14,-0.03248404370341182,-0.7109460604726074,1.3733138378955467
2024-07-01,1.9295081123812312e-14,-0.032353913818255774,-0.7072305488977794,1.385095984338354
2024-07-02,2.0038965111108372e-14,-0.03218829310479968,-0.7144754874480073,1.385530375603364
2024-07-03,2.0852889284739017e-14,-0.03174715570935794,-0.7179536851835553,1.406170762371075
2024-07-04,2.166385121219256e-14,-0.03181348185452551,-0.7296451307197301,1.3888966734442039
2024-07-05,2.2490109964079076e-14,-0.03210899191853163,-0.7217177065569869,1.3813997538080816
2024-07-08,2.3233923104549954e-14,-0.032990024623978244,-0.723286553028931,1.330728992281003
2024-07-09,2.3949432382895968e-14,-0.033865299831397834,-0.7027398530206022,1.3079588733793543
2024-07-10,2.4691313224635874e-14,-0.03391691924224466,-0.6991019565687564,1.309769697201569
2024-07-11,2.5441518762617063e-14,-0.03393072694784266,-0.7032276572701928,1.3038337941591103
2024-07-12,2.6048577426777376e-14,-0.03487576134809213,-0.7155536232784907,1.2386094438089572
2024-07-15,2.668586351974491e-14,-0.03491505966332748,-0.7088527410392679,1.2446529353700735
2024-07-16,2.764924505076611e-14,-0.03242537933788085,-0.7240739089092101,1.361008190837974
2024-07-17,2.8510904064536153e-14,-0.03374694459414919,-0.7048981839079141,1.31163925531709
2024-07-18,2.9403606094306334e-14,-0.03389448305741382,-0.6974242799183423,1.3131089872665915
2024-07-19,3.040882050838724e-14,-0.033413291280908725,-0.6952705367250815,1.3418677324328556
2024-07-22,3.133009363160212e-14,-0.033790631701787574,-0.7100353088105835,1.3029624654335952
2024-07-23,3.2185450896343164e-14,-0.03438261493176478,-0.7086344950692287,1.2730145893589822
2024-07-24,3.282986556072651e-14,-0.03575208984791878,-0.7096696506968239,1.2002192439244512
2024-07-25,3.347114066964431e-14,-0.03587505451180512,-0.7085097009502361,1.19533284646921
2024-07-26,3.4146215729675327e-14,-0.0361489526032932,-0.692402170889144,1.20168869256471
2024-07-29,3.4717180107066656e-14,-0.03701364170954717,-0.6855388725100745,1.1672116119430407
2024-07-30,3.530234381864666e-14,-0.03695803883520321,-0.6866152338255007,1.16855162480807
2024-07-31,3.582298316934495e-14,-0.03747105031095767,-0.6833719929697134,1.1474801087919093
2024-08-01,3.621150355045081e-14,-0.03751522709526682,-0.7122988341758689,1.1084556189162917
2024-08-02,3.6697352099571154e-14,-0.03672631917448632,-0.7236421419261325,1.1341696702661053
2024-08-05,3.729681223587974e-14,-0.03635534220242187,-0.7147270465739101,1.1633524224532632
2024-08-06,3.811578148319184e-14,-0.034853464675537085,-0.733038525628882,1.2195815669534014
2024-08-07,3.8811345809096486e-14,-0.035669080247592806,-0.7283296772645637,1.182487226770182
2024-08-08,3.9456962064014284e-14,-0.03604915507562349,-0.7254195008516128,1.1663472990845072
2024-08-09,4.0206127822966735e-14,-0.03527121414479007,-0.7402128289015611,1.1898690927439044
2024-08-12,4.107060851754588e-14,-0.0348920791766774,-0.7353278682233624,1.2150121738620352
2024-08-13,4.1650804290252716e-14,-0.037146614954017707,-0.7004644068120651,1.1412678783317562
2024-08-14,4.228271073352779e-14,-0.03702459712623288,-0.6970090002333295,1.1517153039522439
2024-08-15,4.290792824379679e-14,-0.03814568187865593,-0.6594858972170908,1.1478659952076475
2024-08-16,4.369873865263048e-14,-0.03729911582427512,-0.6629010089019967,1.1843040298614398
2024-08-19,4.455769847345919e-14,-0.03640638333084404,-0.6863626205795852,1.1965639849828944
2024-08-20,4.5477595469375675e-14,-0.03664703701826859,-0.6702019445987046,1.2064507430661728
2024-08-21,4.6288498029227e-14,-0.03698798206904358,-0.6782416234210609,1.1783081430497706
2024-08-22,4.714211998986337e-14,-0.03679634212174048,-0.6807914667847687,1.1844134065653555
2024-08-23,4.795259664590653e-14,-0.036809618413041555,-0.6896800490441708,1.1719219789473525
2024-08-26,4.872726923068848e-14,-0.03691962887161716,-0.6934262270745525,1.1615496634107905
2024-08-27,4.948370701107954e-14,-0.03719667742862434,-0.6877195000479044,1.1552391078617452
2024-08-28,5.0254603216664426e-14,-0.037252631541751215,-0.685215972383798,1.155787884972391
2024-08-29,5.101512511227482e-14,-0.03715666251336289,-0.6922161092125204,1.151333777789781
2024-08-30,5.1818006652711414e-14,-0.03726139556398196,-0.6836970162459124,1.157381078389893
2024-09-02,5.2462614914754113e-14,-0.03786973103861403,-0.6860587494098168,1.124398506172374
2024-09-03,5.3070593262298783e-14,-0.038038569489695015,-0.6862950680168427,1.115887922958598
2024-09-04,5.365208221712947e-14,-0.03800446123278339,-0.6923702493554922,1.1095689569469536
2024-09-05,5.430254995480929e-14,-0.03781142211298257,-0.6906154148046464,1.1212381161736362
2024-09-06,5.4972583079593125e-14,-0.03768971122754411,-0.6935309174170465,1.123388887877554
2024-09-09,5.5680156959399316e-14,-0.03746596490160888,-0.6979292460496148,1.1287139588804929
2024-09-10,5.639471021059014e-14,-0.03762772531632676,-0.6920578445209915,1.1283317595013072
2024-09-11,5.708601571813625e-14,-0.037933357539077645,-0.6850970130898697,1.1225833956703655
2024-09-12,5.776264404841856e-14,-0.03808926567538349,-0.6824776270200325,1.1185278604173647
2024-09-13,5.869805314449259e-14,-0.036551787751411303,-0.7077238882595687,1.1619401451377367
2024-09-16,5.976988866042807e-14,-0.03638309328775683,-0.6980137770341268,1.182601544432332
2024-09-17,6.05782997983809e-14,-0.03700693286602118,-0.710920023849567,1.135253913980935
2024-09-18,6.165722873688434e-14,-0.03561284623564794,-0.7348137723764034,1.1781048563750252
2024-09-19,6.274110613849894e-14,-0.03599703020469314,-0.7195870566343894,1.175790807309862
2024-09-20,6.352024327014933e-14,-0.036558903735888174,-0.7400474073470533,1.1241828809856396
2024-09-23,6.43567376420139e-14,-0.03644684948894786,-0.7383392536146927,1.1316894156571577
2024-09-24,6.521094742325022e-14,-0.036455369189251324,-0.73699603991381,1.1327304354655077
2024-09-25,6.585388612458165e-14,-0.037129429896206934,-0.7373719702569144,1.0985936758683177
2024-09-26,6.652059377980294e-14,-0.037103908334521825,-0.7361161922595268,1.1012404422056459
2024-09-27,6.655182337309556e-14,-0.03893078447810863,-0.7434837826040139,1.004694725575678
2024-09-30,6.680801859406121e-14,-0.03807105140305869,-0.7504519541351298,1.038495597563033
2024-10-01,6.682810338078591e-14,-0.03870906718352095,-0.7551918484267468,1.003006343721514
2024-10-02,6.771219938888443e-14,-0.03504367310523928,-0.8162736939648949,1.132294044477201
2024-10-03,6.880190362805877e-14,-0.03433584716169127,-0.8284080194383634,1.160931744797693
2024-10-04,6.986558858835388e-14,-0.03463523068268468,-0.8151255055435342,1.1546010944763088
2024-10-07,7.067239635333662e-14,-0.034720858583006275,-0.8707336791952827,1.115479992552032
2024-10-08,7.129410889832799e-14,-0.03526980853449574,-0.868320028320837,1.0879710575941142
2024-10-09,7.190016332915691e-14,-0.035260745810363085,-0.8752919073873354,1.0850076451187958
2024-10-10,7.256771915418307e-14,-0.03497374160526295,-0.8914862483336621,1.0928448273434703
2024-10-11,7.316979414958867e-14,-0.03522356294812239,-0.8839794576565996,1.08296733071167
2024-10-14,7.33090192741046e-14,-0.03648002929488753,-0.8830021098669667,1.0190276774909708
2024-10-15,7.339494267792045e-14,-0.03664246403538167,-0.8810594714418543,1.0117207138584958
2024-10-16,7.341258537603354e-14,-0.037127097678639885,-0.8522254286353115,1.0024038029691789
2024-10-17,7.352838507098723e-14,-0.03689609826851714,-0.8490312698373746,1.015773820573213
2024-10-18,7.38501136862379e-14,-0.036429087360642154,-0.8416090050390037,1.0437557026364659
2024-10-21,7.35740042924058e-14,-0.03814534707225259,-0.8359294417635119,0.9626121910921872
2024-10-22,7.342331426619866e-14,-0.03757051755736476,-0.8539854701073133,0.9795185775660442
2024-10-23,7.297453038820873e-14,-0.037972210772524294,-0.8985104332467773,0.938877196912847
2024-10-24,7.261053667460474e-14,-0.03762288716262506,-0.9158482023006546,0.9501204445348912
2024-10-25,7.19668318435247e-14,-0.03850189263663629,-0.9040739324154484,0.9113482890279687
2024-10-28,7.109349751450968e-14,-0.03924987045292075,-0.8965719398010019,0.8786476621738785
2024-10-29,6.947997078579433e-14,-0.04177008331038454,-0.8765474255317326,0.7730415881725362
2024-10-30,6.785527969272722e-14,-0.041956976108466285,-0.8738978583783703,0.7661641082037828
2024-10-31,6.614231072638341e-14,-0.042305804163129505,-0.8814714234851403,0.7475555367097878
2024-11-01,6.397612953994845e-14,-0.043881994453023446,-0.9036675356898762,0.6724968990884038
2024-11-04,6.194619933803894e-14,-0.04357760857853964,-0.9106413081401684,0.6827050625746222
2024-11-05,6.019176556651281e-14,-0.04270685298851638,-0.9187735648979343,0.7167810470578962
2024-11-06,5.850179373207821e-14,-0.042597389651767764,-0.9271610589273127,0.7192353773761321
2024-11-07,5.712032586855691e-14,-0.041800417201488346,-1.0681521675127479,0.7638588878405966
2024-11-08,5.55208137496899e-14,-0.042885170335260264,-1.0748562153878436,0.7199749660833922
2024-11-11,5.40614415478654e-14,-0.04256013713553562,-1.0825714950742835,0.7371486289080836
2024-11-12,5.260958569095793e-14,-0.04266495009072257,-1.0798046059333313,0.7314433697403465
2024-11-13,5.123464564600061e-14,-0.04224292390577451,-1.0509955044588652,0.7386521815560287
2024-11-14,4.995107280669578e-14,-0.042040674874335424,-1.0573660015745254,0.7494717054991321
2024-11-15,4.871387656405806e-14,-0.04189873236110346,-1.0469117651584872,0.7523183841465205
2024-11-18,4.747927627621921e-14,-0.04200916175174539,-1.0435616848634428,0.7465608621364046
2024-11-19,4.6252169359746535e-14,-0.04227089489832999,-1.0630803127027497,0.7415489424620156
2024-11-20,4.545970655033228e-14,-0.040374932655511786,-1.0714145172317509,0.8286647263503253
2024-11-21,4.484618287842132e-14,-0.03930015034082254,-1.0283813069942351,0.8650401160791211
2024-11-22,4.413289947858947e-14,-0.03975273324848243,-1.010677697036836,0.840948916039169
2024-11-25,4.315485619621542e-14,-0.041088536910116574,-0.9829344958957029,0.7783868057777192
2024-11-26,4.3356408892911136e-14,-0.03556841746775351,-0.9452091620836038,1.0467045228419463
2024-11-27,4.3869973520114655e-14,-0.03421869534544796,-0.9397796317747007,1.1184518368373177
2024-11-28,4.445080971547165e-14,-0.03402760428802056,-0.9231469512155333,1.13239948619769
2024-11-29,4.506834210056189e-14,-0.0338815199712437,-0.9283900073636862,1.1389248900173246
2024-12-02,4.811856350510188e-14,-0.02486804241141316,-1.0411496679695205,1.6767991149383579
2024-12-03,5.0796416036532764e-14,-0.027492917431151113,-1.13733486018462,1.5565113204484966
2024-12-04,5.343312189938759e-14,-0.027990266135656222,-1.1272745730327345,1.5190732080307776
2024-12-05,5.603682475374319e-14,-0.0285011367722385,-1.126257581518376,1.4872825621640149
2024-12-06,5.824879808495259e-14,-0.02975772444021531,-1.0964271467231121,1.3947356655074667
2024-12-09,5.994755254196507e-14,-0.03140979641413857,-1.0811495382552265,1.2916376840145174
2024-12-10,6.17041865829571e-14,-0.031378619840158585,-1.0802889444419042,1.2930284834835155
2024-12-11,6.314169629746332e-14,-0.03224600181580914,-1.0507304698587643,1.2329679385001688
2024-12-12,6.49251255776442e-14,-0.03143543414713616,-1.062051269671171,1.2824487438188423
2024-12-13,6.622022579963678e-14,-0.03285514212032821,-1.051621346076041,1.1994759671960704
2024-12-16,6.70538210259799e-14,-0.03425874047967872,-1.0589254570746518,1.1258822687898007
2024-12-17,6.819033939631161e-14,-0.033507187678459775,-1.067691234556151,1.1694934536081463
2024-12-18,6.93952851376727e-14,-0.03339781152339936,-1.0709152987635269,1.1767032914087847
2024-12-19,6.928790955055627e-14,-0.03695608414940241,-1.0519169771777408,0.9845269621843242
2024-12-20,6.973373099785352e-14,-0.03528180865161229,-1.0320990780758348,1.0643433248584087
2024-12-23,6.976955344714951e-14,-0.03637389560415843,-1.0150437501338139,1.0051370332238598
2024-12-24,6.97111945700756e-14,-0.0366401517974412,-1.0144853803929423,0.9916354807805926
2024-12-25,6.972730634466515e-14,-0.03643671077730459,-1.0172773350610442,1.0023112176873297
2024-12-26,6.940980437472769e-14,-0.037401137930231164,-1.0188003966215147,0.9544651892376276
2024-12-27,6.910609448130096e-14,-0.03738768372279,-1.024950933836327,0.9562439490843302
2024-12-30,6.861261078075118e-14,-0.03794093764299301,-1.0218244457726824,0.9285904225591297
2024-12-31,6.827606784246762e-14,-0.037514359104445685,-1.0295139570486855,0.9509502794815723
2025-01-01,6.781614896044655e-14,-0.037812349753530525,-1.0068691701934518,0.9326383465605782
2025-01-02,6.735932816805958e-14,-0.0378123497535305,-1.0068691701934518,0.9326383465605798
2025-01-03,6.665102253924341e-14,-0.03857621949751917,-0.9965211446299409,0.8948466904169496
2025-01-06,6.573603612284108e-14,-0.03924685557980692,-0.9741111054897765,0.8627198231109332
2025-01-07,6.43376236225828e-14,-0.04108490246323166,-0.9191526313492644,0.7872685086084206
2025-01-08,6.298904395203526e-14,-0.04101956653323797,-0.9184150286347053,0.7903901955629404
2025-01-09,6.144833471306008e-14,-0.041941425096650754,-0.9009797691464587,0.7554004407260954
2025-01-10,5.980377900642008e-14,-0.042370739025029316,-0.9145383132210463,0.7323677339150967
2025-01-13,5.897288110004213e-14,-0.03935196687875544,-0.9426421449116039,0.8610626418292325
2025-01-14,5.836915088473035e-14,-0.038527346569276734,-0.9608961727832503,0.8976257893373619
2025-01-15,5.777832080382288e-14,-0.03850078330393863,-0.9622317563689722,0.8987769957328465
2025-01-16,5.743458120217021e-14,-0.03762393385363578,-0.9744153025605553,0.9405071665513148
2025-01-17,5.688485640200155e-14,-0.03837981261450506,-0.9659204053655348,0.9042867922665471
2025-01-20,5.604335491805096e-14,-0.03948719094377842,-0.9637400773564326,0.852069331422083
2025-01-21,5.540300800988376e-14,-0.038769343822943766,-0.9651164500858034,0.8857407967271783
2025-01-22,5.504719253445637e-14,-0.037728476948448664,-0.9963184350812464,0.9357768669592897
2025-01-23,5.474423095899321e-14,-0.0375441662231214,-0.9985958442670061,0.9449633012122338
2025-01-24,5.4339660862867995e-14,-0.037927722356682264,-0.9967135148951933,0.9260981314308313
2025-01-27,5.3934796613941303e-14,-0.03793251168500328,-0.9896380431187761,0.9254937843744696
2025-01-28,5.4263102121337754e-14,-0.03534899264694931,-1.0321664760168452,1.060870815875418
2025-01-29,5.457945664198224e-14,-0.035379710791063036,-1.02767184490784,1.0583001170734772
2025-01-30,5.490304148207486e-14,-0.03537406747631159,-1.0309050466943677,1.059286929552125
2025-01-31,5.5602103690069485e-14,-0.0340949783538976,-1.033915770005936,1.1273266815687966
2025-02-03,5.613617260181864e-14,-0.034656106549990906,-1.0272436114855128,1.0960519254318368
2025-02-04,5.62035957577185e-14,-0.03620287779190543,-0.9995997542431168,1.0120106435431726
2025-02-05,5.620361007137452e-14,-0.03643671743417335,-0.9974044659670638,1.0000025467509461
2025-02-06,5.615778678447581e-14,-0.036598385024527724,-0.9972568848800538,0.9918469139543683
2025-02-07,5.612267567912105e-14,-0.03656039526890022,-0.9971131376595037,0.9937477761562132
2025-02-10,5.6171644335304983e-14,-0.03626269847010731,-0.9962147792854958,1.0087252889480882
2025-02-11,5.6085000415297636e-14,-0.03673212383235173,-0.9813621639984282,0.9845751497873
2025-02-12,5.5949752052287195e-14,-0.03690874838542205,-0.9735720796003882,0.9758851097425268
2025-02-13,5.593751896899759e-14,-0.0364696443401627,-0.9771506462074653,0.9978135589808811
2025-02-14,5.5895092459055037e-14,-0.03657596798402323,-0.9814996022999809,0.9924153750962588
2025-02-17,5.595636461321316e-14,-0.03643913876160135,-0.9094533552317839,1.010961991735316
2025-02-18,5.606793317287123e-14,-0.03625269247052185,-0.9108826787184292,1.019938493222211
2025-02-19,5.738223599539585e-14,-0.03219914554717882,-0.9161095462280711,1.234412568494781
2025-02-20,5.850638936768915e-14,-0.03299536145708222,-0.8992504117357458,1.195906163779241
2025-02-21,5.982115664642688e-14,-0.03257050372262864,-0.8857689929272023,1.2247219992461016
2025-02-24,6.127855709748633e-14,-0.03226892217774217,-0.8809270860728013,1.2436262574582804
2025-02-25,6.268385684675465e-14,-0.032567394377152205,-0.8759547896013795,1.2293297714292748
2025-02-26,6.498217957036271e-14,-0.03001310092282883,-0.8954634624452171,1.366653049002211
2025-02-27,6.737171921211162e-14,-0.029997118287569173,-0.8951243062793678,1.3677222982589392
2025-02-28,7.007907590425409e-14,-0.029265010248724643,-0.9234392824544214,1.4018535854218872
2025-03-03,7.322526947838215e-14,-0.02845032957142068,-0.9312831671148729,1.4489490669692284
2025-03-04,7.631387131770672e-14,-0.028865123323752587,-0.9416685880831451,1.4217945336802569
2025-03-05,8.03248433575168e-14,-0.02717142938796957,-0.9410713728583309,1.5255888569866585
2025-03-06,8.32294352173427e-14,-0.03021046005858859,-0.880007638393319,1.3616056674891897
2025-03-07,8.597476879717753e-14,-0.03091400641641369,-0.8618170061686823,1.3298512806996434
2025-03-10,8.922050986260192e-14,-0.030061487419387536,-0.8652811136749172,1.3775225116430996
2025-03-11,9.361181985237795e-14,-0.027966830756180967,-0.8885049329625443,1.492186157256733
2025-03-12,9.837528780888034e-14,-0.027698681363810294,-0.8880564226133342,1.508853258489609
2025-03-13,1.0329854925274364e-13,-0.02783825583695454,-0.8875976621782689,1.5004571324282312
2025-03-14,1.0812184238445484e-13,-0.028462514006451257,-0.8772972826130565,1.4669274802601535
2025-03-17,1.1328075465184073e-13,-0.028320343932008905,-0.8739834525841157,1.4771387680430188
2025-03-18,1.1878425886324862e-13,-0.028137483763289346,-0.8791953934788308,1.4858287030592852
2025-03-19,1.2397995342099436e-13,-0.02899957705452324,-0.8713368203309539,1.437405983542579
2025-03-20,1.268244260734483e-13,-0.032551123720448286,-0.8776597433240789,1.22943004687178
2025-03-21,1.2923262813030273e-13,-0.033399017490181614,-0.8635947988324306,1.1898847194829734
2025-03-24,1.3181950160993157e-13,-0.033189818642335125,-0.8657148428783051,1.2001718542023685
2025-03-25,1.3365552073441727e-13,-0.034284686709137,-0.869321190895211,1.1392828149145118
2025-03-26,1.3407740358681822e-13,-0.0363195239507548,-0.8734572366426003,1.0315649402346247
2025-03-27,1.343284649568043e-13,-0.03662798405045498,-0.8679932075852029,1.018725106786823
2025-03-28,1.34905993241402e-13,-0.036182358869429734,-0.864604211506541,1.0429937381316303
2025-03-31,1.3480470089613226e-13,-0.03721097980844863,-0.8625518495239002,0.9924916348906413
2025-04-01,1.3333303617295737e-13,-0.03960798305705107,-0.8397918927238452,0.8908298662144843
2025-04-02,1.3100352942548344e-13,-0.04183465830256408,-0.7929890011909024,0.8252866045552258
2025-04-03,1.2637347016207564e-13,-0.046452597934743524,-0.7825984973920277,0.6465698837494764
2025-04-04,1.2425219435623368e-13,-0.04473821420670917,-0.6772432319331492,0.8321423156995333
2025-04-07,1.2060341614416086e-13,-0.04610208333241473,-0.7360271274785494,0.7063409438378494
2025-04-08,1.1553631360656775e-13,-0.04898814432742604,-0.7565326312460983,0.5798541451316707
2025-04-09,1.11329491479717e-13,-0.047161107545099334,-0.7657193005818405,0.6358874542963163
2025-04-10,1.0840139939079407e-13,-0.04340890299252373,-0.8200104166706655,0.7369886406553551
2025-04-11,1.0908239940544096e-13,-0.03523434084259215,-0.9534442740176782,1.0628220685778864
2025-04-14,1.1134783120492562e-13,-0.03252539324189063,-1.0029068623741462,1.2076807818522999
2025-04-15,1.1563365969107645e-13,-0.029433268832300415,-0.998253283004835,1.384904532021191
2025-04-16,1.2024274605918198e-13,-0.029202986019668233,-0.9978940991780455,1.3985938333543415
2025-04-17,1.2414725719759114e-13,-0.03058595653882345,-1.041485288447558,1.3247190592676028
2025-04-18,1.293621039230045e-13,-0.028898615673483202,-1.0227872416729502,1.4200533175786276
2025-04-21,1.3513460824137685e-13,-0.02846873135722286,-1.0239700486768868,1.446228388632902
2025-04-22,1.464550059894388e-13,-0.022950130248186505,-1.117330944009606,1.8377126996099709
2025-04-23,1.6034450011656277e-13,-0.02149294092236339,-1.1338435459852367,1.948379608691955
2025-04-24,1.7842596317686196e-13,-0.01941347024757,-1.1749440058805338,2.1276634401027077
2025-04-25,1.961759519462478e-13,-0.021218677402168585,-1.1695625770506826,1.994809749284731
2025-04-28,2.157415101427202e-13,-0.02115415090520159,-1.1672103960980447,1.9973474323618048
2025-04-29,2.3782121040894843e-13,-0.020845380406225127,-1.1724348452810278,2.023433100640761
2025-04-30,2.61983059080098e-13,-0.02085830777776316,-1.164630926551162,2.015966937078563
2025-05-01,2.8881385255257704e-13,-0.02074094172550619,-1.1645215112087801,2.0241423077770686
2025-05-02,3.165676107642506e-13,-0.02190374979450349,-1.1851642944667846,1.9609566150093525
2025-05-05,3.460384765250591e-13,-0.022118425923205058,-1.1677870597323996,1.9309501275149747
2025-05-06,3.8325967486331314e-13,-0.020402282661811152,-1.1954197163444051,2.0756375623899164
2025-05-07,4.1795509394005314e-13,-0.022971646586270413,-1.203259284048347,1.905271839233142
2025-05-08,4.589328290065308e-13,-0.0219730245398717,-1.2101446426630718,1.9804339188734592
2025-05-09,5.002286330121858e-13,-0.0234717744988611,-1.2299849208703346,1.8998224009175704
2025-05-12,5.457722742657816e-13,-0.02322356695484161,-1.2245141902528465,1.9104565042458532
2025-05-13,5.996611022996863e-13,-0.022850277381783326,-1.2679920843811483,1.9873866917552885
2025-05-14,6.57588172538025e-13,-0.023100307262257595,-1.2644930061277164,1.9659967941256922
2025-05-15,7.198167481075802e-13,-0.02300267511938197,-1.2430063601126238,1.9463153105290418
2025-05-16,7.729902156145109e-13,-0.025799213185010793,-1.2221653596300532,1.738708395528807
2025-05-19,8.343448837807449e-13,-0.025061756243085473,-1.2289545956613441,1.7937314978490186
2025-05-20,9.016039193324352e-13,-0.025079354560673714,-1.2408513824168805,1.8061298973502673
2025-05-21,9.788594840799033e-13,-0.024387467608593342,-1.245516231713879,1.8568681112729455
2025-05-22,1.078226469579364e-12,-0.02234207525196817,-1.2625936968482105,2.015130231821393
2025-05-23,1.1834456387188178e-12,-0.022854332015355097,-1.2591064294408603,1.9758540724798057
2025-05-26,1.3049023089453607e-12,-0.02252993411508959,-1.2810020509854168,2.0262969945795826
2025-05-27,1.4372977276771521e-12,-0.022652812914506132,-1.2785210945396375,2.0146002334749173
2025-05-28,1.6535914843636606e-12,-0.0151450822180765,-1.2324919790137487,2.5048639716147565
2025-05-29,1.8984641229199993e-12,-0.015616540563897366,-1.2433006984100858,2.480853287355744
2025-05-30,2.1829611153491413e-12,-0.015401751848862222,-1.2442645077436478,2.4985639654414955
2025-06-02,2.520810171751881e-12,-0.014867565044049198,-1.2506446550355124,2.5476641064616543
2025-06-03,2.958816003441567e-12,-0.013021100972186103,-1.284658504217662,2.737559759945292
2025-06-04,3.479435223222091e-12,-0.012960537936873691,-1.2969833331768506,2.7595525344426814
2025-06-05,4.1011247548339786e-12,-0.012612438709130019,-1.296369151721037,2.7867541475198876
2025-06-06,4.806411699528591e-12,-0.01338730967415126,-1.2930011047964876,2.7197402831096382
2025-06-09,5.560816292474586e-12,-0.015326409744411323,-1.2946603857612013,2.5695796367589514
2025-06-10,6.4596514015346844e-12,-0.014913961015175274,-1.3049829199896366,2.616372600325772
2025-06-11,7.54599183618533e-12,-0.014183013198435415,-1.310481340898623,2.681732290371817
2025-06-12,8.823295011322964e-12,-0.014044100913754139,-1.310475670216583,2.6926909051406183
2025-06-13,1.0288201259103688e-11,-0.01451222067159835,-1.3134664499207975,2.660271186558753
2025-06-16,1.205991548830803e-11,-0.01353869909226946,-1.3031422982682304,2.7220835640599628
2025-06-17,1.4080407665586562e-11,-0.014011295732305694,-1.2967172710013914,2.6753783882129127
2025-06-18,1.6421205245154307e-11,-0.01414313013876441,-1.2949367812858754,2.6624501471564512
2025-06-19,1.9083587885755504e-11,-0.014765512366498933,-1.300375382745293,2.6213076938349813
2025-06-20,2.2152714290156278e-11,-0.014954954820734601,-1.3015757802681764,2.6082543926090622
2025-06-23,2.5721068246791474e-11,-0.014801376245562534,-1.2949469580248671,2.6107976250209872
2025-06-24,2.984303409023596e-11,-0.014879857773859723,-1.293444525083356,2.602564016352098
2025-06-25,3.485415720673455e-11,-0.012917750776931048,-1.2309056012453596,2.679160068425519
2025-06-26,4.0833648281744724e-11,-0.012545599961919347,-1.2365350069407357,2.7155747130947123
2025-06-27,4.782484423957215e-11,-0.01233421841421567,-1.2178725367671381,2.7121164167329286
2025-06-30,5.5716338883181886e-11,-0.013096411838063522,-1.2174007925148402,2.650082665001124
2025-07-01,6.509978652123307e-11,-0.012585481244171557,-1.2105999634450573,2.684146486675136
2025-07-02,7.625876888761059e-11,-0.012300673985088047,-1.2172061869861635,2.7141350168234193
2025-07-03,8.944164531150163e-11,-0.01216447792801404,-1.2204785402622051,2.7287030221166777
2025-07-04,1.0623791551015505e-10,-0.01047583285799505,-1.229500662738264,2.8779026414548263
2025-07-07,1.2615116190286846e-10,-0.010574926800566164,-1.2337507142339579,2.8744010833693467
2025-07-08,1.496722242699772e-10,-0.010578101570811384,-1.225111079966827,2.8645141283136835
2025-07-09,1.7834471081157447e-10,-0.009864308926772196,-1.2170032113257463,2.9156852035470413
2025-07-10,2.1219604522784908e-10,-0.010072472548479955,-1.2169407506878933,2.898084572412087
2025-07-11,2.5254400097839375e-10,-0.010050477955293841,-1.2183665053068085,2.901447112608556
2025-07-14,3.029656922031443e-10,-0.008913918902562875,-1.2171051832104816,2.996550740837616
2025-07-15,3.628998284620433e-10,-0.009152702912421606,-1.219077492700103,2.9782482901962513
2025-07-16,4.3866510169826305e-10,-0.007999369202193508,-1.228565099508911,3.0877737406851273
2025-07-17,5.299613098147149e-10,-0.008113447544927523,-1.2315580040904415,3.081227974666891
2025-07-18,6.431441887291541e-10,-0.007578233668330622,-1.238513906778322,3.1356819227805492
2025-07-21,7.83571505723407e-10,-0.006812007421687824,-1.2210434990778452,3.1834499861024166
2025-07-22,9.464505886279774e-10,-0.008072276278789203,-1.2260497435409334,3.0786754203650717
2025-07-23,1.1405335067680797e-09,-0.008543500204983592,-1.2373108871605183,3.050639731984909
2025-07-24,1.3380591957456533e-09,-0.012098121205916863,-1.2183840605571934,2.7318709867393656
2025-07-25,1.5913503850453397e-09,-0.010196869176173377,-1.2219387633699406,2.8929744670865154
2025-07-28,1.903852642293915e-09,-0.009497151145430862,-1.2325663586497133,2.963755186697452
2025-07-29,2.2668266848041846e-09,-0.010121217639126722,-1.2285109259757772,2.906523826722884
2025-07-30,2.6819264602695012e-09,-0.011010235950310275,-1.2274979583235546,2.8311932634637103
2025-07-31,3.2082767390032705e-09,-0.009953804169721928,-1.263815173589815,2.962582816983253
2025-08-01,3.834281627349831e-09,-0.010002525583415276,-1.2580302940051293,2.9512184866603817
2025-08-04,4.568401859913264e-09,-0.011100921931022537,-1.2993149402391504,2.914622617511885
2025-08-05,5.430793969731153e-09,-0.011458410689280303,-1.3011485125371445,2.8877325950354713
2025-08-06,6.4211979238647995e-09,-0.01203486716353747,-1.289225325680662,2.823681693052094
2025-08-07,7.564573411279077e-09,-0.012608360824078,-1.2917699451097202,2.7806264515922354
2025-08-08,8.915352293240368e-09,-0.012544150576461029,-1.2916570332900426,2.7856643177620692
2025-08-11,1.0493059917730204e-08,-0.012699151197445333,-1.2891492534595792,2.769652586455904
2025-08-12,1.2431064607126523e-08,-0.0118217828833752,-1.2934225351695776,2.8469395053407047
2025-08-13,1.465031663824821e-08,-0.012433135203668563,-1.2848262020212777,2.7852469609476924
2025-08-14,1.729096089067871e-08,-0.012281327387698554,-1.2883844174955708,2.802448587040395
2025-08-15,2.0403857834209136e-08,-0.01237688732649125,-1.2924318984002183,2.800303038802503
2025-08-18,2.4028218491139893e-08,-0.012601930490921011,-1.288281151509767,2.7763114634400723
2025-08-19,2.8285100479802912e-08,-0.01279240101747103,-1.295941342285964,2.7716178127116127
2025-08-20,3.348493212289701e-08,-0.01201370567229813,-1.298459331847557,2.838364211153172
2025-08-21,3.95658725958171e-08,-0.012247960333094743,-1.2961649187360686,2.8160229355107487
2025-08-22,4.672957927320464e-08,-0.01230964947614403,-1.2958597604673412,2.8105771988319375
2025-08-25,5.514379294525109e-08,-0.012464255070234832,-1.2976868344128922,2.8006183241780906
2025-08-26,6.504213313036672e-08,-0.01252636126800632,-1.2972770562142668,2.795005322710212
2025-08-27,7.632066887657662e-08,-0.013188725109995315,-1.291861224828514,2.7340353403852573
2025-08-28,8.968084194712143e-08,-0.013019326773596502,-1.2939374661729204,2.7505314441295754
2025-08-29,1.0583181379270512e-07,-0.012539082166307265,-1.302148759265955,2.800938917935969
2025-09-01,1.2495236607378877e-07,-0.012546965910338029,-1.3065560653604615,2.8066922975104034
2025-09-02,1.4657011403596408e-07,-0.013248256868847725,-1.2924429114765248,2.7300791206634045
2025-09-03,1.738418614948211e-07,-0.0110986297940434,-1.25880196171072,2.8606622255997896
2025-09-04,2.052866476268548e-07,-0.0117564391086642,-1.2606739676877918,2.8088155442911242
2025-09-05,2.4259635275206157e-07,-0.011665968195360504,-1.2616364336644112,2.817444317811841
2025-09-08,2.8795942298367033e-07,-0.011198636164619963,-1.2725201268312452,2.869899102645239
2025-09-09,3.4094634553141605e-07,-0.011432320600261933,-1.264347799393223,2.8400829533107785
2025-09-10,4.0231632268183655e-07,-0.011965608247086604,-1.2672067791703576,2.7999892931765094
2025-09-11,4.7441535993663615e-07,-0.012061597824084273,-1.267163340174204,2.7920982368845446
2025-09-12,5.6123896096986e-07,-0.011465341468295193,-1.2585860557281157,2.830117832711409
2025-09-15,6.638731052351027e-07,-0.011489959391491267,-1.2590798564214696,2.8287066900680613
2025-09-16,7.852222838249583e-07,-0.01157388418806135,-1.2639238472807324,2.8278971934987753
2025-09-17,9.242720576500122e-07,-0.012155792024974913,-1.2563704687158803,2.7708332619868865
2025-09-18,1.0892549699347486e-06,-0.01194598364139104,-1.2539744674266453,2.785003786701171
2025-09-19,1.3081979665309284e-06,-0.009561575325223889,-1.2748732122004522,3.010025224941544
2025-09-22,1.5762085990038572e-06,-0.009073411445548022,-1.272702700090238,3.0487008796049286
2025-09-23,1.908154799601516e-06,-0.00851088195310626,-1.2795409511174798,3.1059788711179674
2025-09-24,2.314529311333221e-06,-0.0082458756276793,-1.2801631341223587,3.129672665008977
2025-09-25,2.806618429855767e-06,-0.008367933603442458,-1.2853028464614407,3.1260872183082937
2025-09-26,3.4041034293917385e-06,-0.008157583906578917,-1.2737847054968263,3.1288429990345175
2025-09-29,4.1312795708964395e-06,-0.008047967111315436,-1.2721332970799093,3.1361752267164005
2025-09-30,5.020946825552119e-06,-0.008087498698195278,-1.2876088469907634,3.153490799613533
2025-10-01,6.105471118720761e-06,-0.007968324195129616,-1.2848145158193525,3.1599995595439996
2025-10-02,7.42358351837789e-06,-0.007978799461526586,-1.2846773312874258,3.158903668572772
2025-10-03,9.05951174458647e-06,-0.007695789288585414,-1.299149151831182,3.203690740676205
2025-10-06,1.1115005360049521e-05,-0.007190956344226522,-1.3135666967183255,3.2688790228582745
2025-10-07,1.3721163947825694e-05,-0.00625292630006257,-1.308802343903592,3.344720945563779
2025-10-08,1.686669154867721e-05,-0.006697517728008986,-1.2999585325316607,3.292464118067753
2025-10-09,2.0455800186049342e-05,-0.008381709144010673,-1.287513693181595,3.1279268830013156
2025-10-10,2.4795402281513987e-05,-0.00868221223008359,-1.301308342738555,3.1214531115845654
2025-10-13,3.0074985169390667e-05,-0.008445873845072113,-1.2924670966676899,3.1292588149750857
2025-10-14,3.6509990172447445e-05,-0.008285287478428681,-1.2899798905234339,3.1396535914525114
2025-10-15,4.415744762661977e-05,-0.008775026364942578,-1.287892947455838,3.0946205183981483
2025-10-16,5.386184796799359e-05,-0.007813812782430308,-1.3021246517046992,3.1976814474040416
2025-10-17,6.500746214761203e-05,-0.00943941702719828,-1.3098962470372282,3.0692966543297
2025-10-20,7.763592064657061e-05,-0.010925789206649925,-1.308617911210384,2.9426167522558053
2025-10-21,9.244179237979945e-05,-0.011446244465449805,-1.313686823280836,2.907090379030996
2025-10-22,0.0001170248467942503,-0.004190112236870055,-1.3867991380075955,3.659300926733529
2025-10-23,0.00014821177864563604,-0.004159369075485425,-1.3883704034011362,3.6649837795744036
2025-10-24,0.00018802864137377928,-0.003922855209291663,-1.3882557188427183,3.686484373373758
2025-10-27,0.00023817236514157004,-0.0029722417094425494,-1.3243108641118342,3.666813066425917
2025-10-28,0.00030125788833176533,-0.0027939926178915,-1.3009798866966378,3.6487339600753983
2025-10-29,0.00038197420849854415,-0.0024158155869311304,-1.2975959380908861,3.679309763928521
2025-10-30,0.0004806947162489793,-0.00334982037745673,-1.2921149682043729,3.5844809820664
2025-10-31,0.0006059428541727119,-0.0023957436081490533,-1.2388781040551862,3.6055651058760367
2025-11-03,0.0007653903481832381,-0.0020832109304618303,-1.2357659966399033,3.6313949065084454
2025-11-04,0.000967458864336566,-0.001981559668388749,-1.2349638945059653,3.640071391453599
2025-11-05,0.0012305181221210658,-0.0014215454031406317,-1.256795841810251,3.7190743449840853
2025-11-06,0.0015854896515192587,0.0004130215097149139,-1.2477396556831293,3.8847322360951733
2025-11-07,0.0020522946802613543,0.0010639488231940376,-1.2441900450601642,3.9442325801041336
2025-11-10,0.0026596374895266877,0.001031812882625242,-1.259234796104531,3.9593352996850806
2025-11-11,0.003454004137360051,0.0011489285981932836,-1.2716966996196692,3.986747821691785
2025-11-12,0.004523636724974604,0.001993613909167388,-1.2913323170603324,4.0967901168528735
2025-11-13,0.0056430017340787205,-0.005266355768878421,-1.3358203759795937,3.4744803289004196
2025-11-14,0.006980408856444535,-0.006346289607966773,-1.33091477431759,3.3700278422547028
2025-11-17,0.008576886295434996,-0.007666063085874763,-1.3514697316924154,3.2870829944531708
2025-11-18,0.010571449599400288,-0.007357426075982705,-1.358303783072139,3.3255097890558276
2025-11-19,0.01307631939137576,-0.006773601247938119,-1.3539166280446169,3.369466711658516
2025-11-20,0.016157962100021125,-0.006711809307512869,-1.3428321141041795,3.356659099867051
2025-11-21,0.01997474147895697,-0.006656723227374492,-1.3432239934941381,3.362166314854059
2025-11-24,0.02470387969036689,-0.006621940899349835,-1.3446461695367562,3.3675591578454145
2025-11-25,0.03066421615398224,-0.006285477066268605,-1.3539098994529484,3.4127127148937433
2025-11-26,0.03811064418257998,-0.006058598997217196,-1.3511830475492501,3.428377099615082
2025-11-27,0.047220931394179454,-0.0064838433927293685,-1.3511418044525352,3.3904836580442033
2025-11-28,0.05873416624491192,-0.0063096414095424914,-1.3700584793981117,3.438163439561386
2025-12-01,0.07306275492109375,-0.00635191300135786,-1.3730034882949205,3.4395662000944967
2025-12-02,0.09196871224721283,-0.004655650258129734,-1.3704511573909983,3.5876326928182656
2025-12-03,0.11691045181841905,-0.0032075306474172276,-1.3653926888487113,3.711980951104606
2025-12-04,0.14885863314552952,-0.002827709159806905,-1.356809104651894,3.7327053167779365
2025-12-05,0.18948632856444042,-0.002820323017824422,-1.3543605901355638,3.7292804293850956
2025-12-08,0.24781670812029788,0.0008809152775449639,-1.3512556491779377,4.078342379514755
2025-12-09,0.31978188897145526,-0.0014873030496280453,-1.3826173159752642,3.903968073703217
2025-12-10,0.41302656304609636,-0.0013437027498115813,-1.3816466919530956,3.9158835221892265
2025-12-11,0.5329496332116707,-0.0014196788612116842,-1.3787810276301338,3.9035195528620292
2025-12-12,0.6885115296607275,-0.0013150969568887592,-1.3818009349625293,3.9188855147832062
2025-12-15,0.89265985695195,-0.0007677326905926717,-1.3783629348629982,3.965067664034895
2025-12-16,1.1579540773343715,-0.0006789517269362652,-1.3774414899734635,3.9719519514217585
2025-12-17,1.5114235750701746,0.00020246008014148525,-1.3748476369157552,4.052534678659238
2025-12-18,1.9678496862860264,7.110967440846286e-05,-1.3633980109412627,4.01984247661785
2025-12-19,2.5765509789525427,0.0005636943539559965,-1.3779480539602067,4.093230630919449
2025-12-22,3.375309848408769,0.0006431207121756904,-1.377452001928822,4.1001089284907115
2025-12-23,4.480734473047118,0.002030266548401152,-1.3983137641717245,4.2750315505389285
2025-12-24,5.989026057037495,0.00280788084094364,-1.4053864958249895,4.366170419298836
2025-12-25,8.133545030415872,0.004300683790683322,-1.437319512508729,4.580747441995898
2025-12-26,11.039123010099695,0.00418283597649304,-1.4391005255378506,4.572338960217522
2025-12-29,15.07233004109682,0.004710521778601925,-1.4520860612760105,4.653557467660376
2025-12-30,20.832826680969777,0.0057787323311659575,-1.478608674292111,4.821901871950887
2025-12-31,28.592926844643134,0.004234716410683377,-1.5058858070912164,4.724938666514225
2026-01-01,39.130278029425845,0.0038961605807106992,-1.5037321588205137,4.685299949192465
2026-01-02,53.65604091371662,0.003969565035768176,-1.5119253270103554,4.712154274336471
2026-01-05,74.17907109446355,0.005062477088597413,-1.5121453391616564,4.824924431854687
2026-01-06,102.03137408039429,0.004337003160657701,-1.5140269668341806,4.754738712009772
2026-01-07,140.2296645022266,0.004457021912605691,-1.5042090898664549,4.743778888220644
2026-01-08,193.95576082342794,0.005182773083348328,-1.509588759204257,4.831293222579759
2026-01-09,268.9954959203221,0.005772295972271803,-1.4995216962292042,4.8689098368781325
2026-01-12,371.47648509249586,0.005325609447616552,-1.4940436285547287,4.809765989633121
2026-01-13,515.9317728313853,0.0058090869593519,-1.506323621214837,4.888679190633586
2026-01-14,717.1031919244866,0.005656958277170578,-1.5173918757378082,4.899186475550656
2026-01-15,987.5152758084914,0.004600170855391777,-1.5094689995693618,4.770894997110547
2026-01-16,1358.7250394563066,0.004278523782398428,-1.5183073523405992,4.759028065099052
2026-01-19,1867.494799907098,0.004121499832166033,-1.5189290870033376,4.7444644477470925
2026-01-20,2566.638580048706,0.004287639462192093,-1.5115422932666196,4.743752219156851
2026-01-21,3692.457618289992,0.00857426323436483,-1.5867960105564778,5.386355940383003
2026-01-22,5380.619208578018,0.009442223240368882,-1.6195450099003503,5.571918664485124
2026-01-23,7945.195559971978,0.010590778212568111,-1.642976685922414,5.766321964032314
2026-01-26,11755.804890306843,0.01066207744212901,-1.650312675210475,5.796117731239709
2026-01-27,17408.18889949055,0.010705506604697825,-1.6527198665614304,5.808164189458713
2026-01-28,25964.304414955022,0.010750742457144082,-1.6856840467009078,5.914994641237428
2026-01-29,38751.0817578931,0.010795285519095114,-1.6872087087078929,5.924752513521245
2026-01-30,58010.52401958573,0.011056663534256661,-1.6923343475941062,5.970039902891157
2026-02-02,90742.00959037997,0.010583144526602969,-1.891434748190892,6.64233578716567
2026-02-03,141733.2055014245,0.008079864156850745,-1.950556052244016,6.619359339871872
2026-02-04,224029.76359899578,0.00384464790758407,-2.085820972359979,6.806441603181277
2026-02-05,353996.56533321645,0.003957294407278112,-2.0824685212095337,6.801318523321582
2026-02-06,568396.9639829695,0.004625972703242318,-2.119608576928166,7.056567199965288
2026-02-09,922376.2080609918,0.004650581996102708,-2.1521207274555803,7.227676544884362
2026-02-10,1514649.689227155,0.003923298967372247,-2.202021614674087,7.421170407368102
2026-02-11,2496109.7823540024,0.004684590855069257,-2.198483416924157,7.479782751796783
2026-02-12,4136772.3813007255,0.005401057576359565,-2.2019598916747833,7.572878366749832
2026-02-13,7045027.989499792,0.009081986210269769,-2.2140378139809718,8.030252912500398
2026-02-16,11838053.463926125,0.007216905852279069,-2.2092153207035663,7.803415801285737
2026-02-17,19845268.55700635,0.007511076965747331,-2.1963208243766026,7.763962603717266
2026-02-18,33191480.748371042,0.005887921546395036,-2.220346548930822,7.725135592409423
2026-02-19,55521250.05346162,0.006790769008357574,-2.203628651253214,7.727560446722898
2026-02-20,91356698.68427117,0.004503336048149696,-2.19724193085694,7.454366318536321
2026-02-23,165855009.85824195,0.011250673069154707,-2.3648576160390773,9.15466323180495
2026-02-24,300779445.30052066,0.009956434629668253,-2.3845749091226396,9.13508350200573
2026-02-25,546307513.6669601,0.009980778843148602,-2.3885847785141667,9.163060082816603
2026-02-26,983316342.3754635,0.00915001830328278,-2.3769755685723193,8.999319390194433
2026-02-27,1741876863.8750563,0.007336509009529599,-2.362520053059332,8.714308089979347
2026-03-02,3079299948.9648814,0.006893961416897408,-2.36423865722191,8.67805757586408
2026-03-03,5376550388.03627,0.009458813750387686,-2.2824170322202604,8.460300968223681
2026-03-04,9818529321.587963,0.010469014030595207,-2.3956878580621748,9.261763794562135
2026-03-05,17931530986.877773,0.010431763609534801,-2.3965210049827173,9.26294997912955
2026-03-06,33138054506.678898,0.011416589799210248,-2.4134410605687515,9.480326376442257
2026-03-09,61859336141.946686,0.012167137134824247,-2.4293337377146784,9.667159874904293
2026-03-10,115676658683.02446,0.012363170441628806,-2.4309814207022185,9.699951518649485
2026-03-11,212681301384.63538,0.011160018090787028,-2.403155768792568,9.385844111163511
2026-03-12,393955388215.148,0.012886687433984443,-2.3942904614586977,9.523273350799982
2026-03-13,731074403946.375,0.011952714567281279,-2.416081774239167,9.557289119932523
2026-03-16,1356861488695.8538,0.011898905764102106,-2.417411634020478,9.55982758213732
2026-03-17,2526254725348.678,0.01286339035503423,-2.4096090444988834,9.618368539420967
2026-03-18,4793075657592.835,0.015851952360440305,-2.4112048248436166,9.973049746324746
2026-03-19,9240190859982.064,0.016395871579708246,-2.448290381325622,10.278207814943316
2026-03-20,17893499537932.367,0.014699402050706262,-2.4908914249396346,10.364859242709548
2026-03-23,32331739511104.77,0.0035990424925386663,-2.477520533588485,9.06898613799099
2026-03-24,60099766417806.516,-0.004899542562214285,-2.664682395985338,9.588472914414147
2026-03-25,111672167576382.27,-0.004298507368446043,-2.6564504558706385,9.581131713566176
2026-03-26,203550064691960.28,-0.007343683348930135,-2.6456420438399295,9.227466083053738
2026-03-27,364516092329283.8,-0.014063640990540124,-2.677474726481026,8.907933012987263
2026-03-30,628249888967866.2,-0.011371003291248852,-2.5562966024356735,8.235175680538678
2026-03-31,1107253403715291.4,-0.009781473222560948,-2.592160703774268,8.624410655039966
2026-04-01,1970832901252710.0,-0.011764349873400581,-2.63847412517105,8.799294133030036
2026-04-02,3390770767952508.0,-0.018609435681056774,-2.629921601750703,8.204760311223037
2026-04-03,5975778782084123.0,-0.016341868865488732,-2.66329402147372,8.623659017482225
2026-04-06,1.044604558025526e+16,-0.014353777813930043,-2.6235280182924225,8.480643044507225
2026-04-07,1.821925760132265e+16,-0.014377547561434906,-2.618438731898072,8.441296288961233
2026-04-08,3.1795676406127948e+16,-0.014663826598391026,-2.6228994416447664,8.451686068602305
2026-04-09,4.94513144728259e+16,-0.022483699925833118,-2.4319461156995423,6.552842418315474
2026-04-10,7.545873840787155e+16,-0.025587669148361854,-2.4183970494668534,6.259197700262732
2026-04-13,1.1199311341158491e+17,-0.02768894956525993,-2.3735029164532246,5.841636074835645
2026-04-14,1.6893753275323347e+17,-0.024597779764846082,-2.380899623757334,6.084635796521977
2026-04-15,2.5669373587181117e+17,-0.024951985977579104,-2.401918163568162,6.19459481196304
2026-04-16,3.908145321944767e+17,-0.02423465091226578,-2.3992970192098926,6.2249345262419515
2026-04-17,5.934903994551665e+17,-0.025194457952493535,-2.403037710506988,6.185985948952261
2026-04-20,8.981912084390102e+17,-0.026297678051576776,-2.4059784706761116,6.134047817177251
2026-04-21,1.3593976741550733e+18,-0.024785164354212533,-2.3908025199304115,6.134836117106989
2026-04-22,2.1315610753084014e+18,-0.02246794694032836,-2.4511997853367875,6.680187746630242
2026-04-23,3.247731186758145e+18,-0.024902075149468576,-2.4079476692643755,6.236397513443251
2026-04-24,4.993856923687508e+18,-0.022176403729655306,-2.4013177889559882,6.3764478539626825
2026-04-27,7.56682553776145e+18,-0.024317350795211,-2.388703692244585,6.152267382490471
2026-04-28,1.1346786695315909e+19,-0.024008472109160992,-2.3603748967886737,5.9954384949024115
2026-04-29,1.7091973547619097e+19,-0.02432264498054433,-2.374608445196337,6.063272102114074
2026-04-30,2.5597696018075537e+19,-0.02284899626308569,-2.344661959518771,5.9764425663069165
2026-05-01,3.880505961498104e+19,-0.02252224667591829,-2.3706954435048364,6.159590764566908
2026-05-04,5.953160525338301e+19,-0.022155603095517028,-2.3955545666189044,6.341196700648892
2026-05-05,9.372164903261712e+19,-0.020270696468715425,-2.4374788913902328,6.7431751812691045
2026-05-06,1.4659172934482683e+20,-0.020873377399752174,-2.428371248184571,6.641181184702528
2026-05-07,2.3320476165422832e+20,-0.0212684198642747,-2.4730662679988176,6.908452864053594
2026-05-08,3.659568361458106e+20,-0.02326228356330765,-2.461189642499115,6.692511317089404
2026-05-11,5.786595696921674e+20,-0.022413257687761794,-2.470509695505496,6.812235557245052
2026-05-12,9.094832604168273e+20,-0.022948634940925236,-2.4616999020827546,6.717069379854005
2026-05-13,1.414417923457171e+21,-0.022287087728536353,-2.4297332347291647,6.551885174983067
2026-05-14,2.1976263406926755e+21,-0.022339228632865388,-2.4280421420544243,6.537319658118828
2026-05-15,3.3077223326761296e+21,-0.027003218692366524,-2.399982473597574,6.0513409464939025
2026-05-18,4.961123107711586e+21,-0.030610399617848682,-2.4255654670757005,5.998608131952151
2026-05-19,7.433393009657557e+21,-0.03142027628747575,-2.430362037835857,5.983286744291918
2026-05-20,1.1070534617350944e+22,-0.03347958663902574,-2.4340639704951896,5.892976333913675
2026-05-21,1.5768914063981436e+22,-0.03917550241876996,-2.3777041714317053,5.244040246499667
2026-05-22,2.244321754590407e+22,-0.038470458982396497,-2.3705231159503946,5.23257014074786
2026-05-25,3.192081644695913e+22,-0.03919927793326579,-2.3745114218303645,5.222923420703869
2026-05-26,4.5738350012696615e+22,-0.037937624464223,-2.381764702911261,5.32869052353262
2026-05-27,6.639367579931358e+22,-0.034779255158706265,-2.386133260230939,5.5159752769575405
2026-05-28,9.674343799900688e+22,-0.03428497450662154,-2.3907306469804155,5.571182696892812
2026-05-29,1.4106289269847406e+23,-0.034246302523857304,-2.391976697679559,5.58113290329028
