date,rc_real_gold_252d,rc_dollar_gold_252d
2010-12-22,-0.25058701648796833,-0.2243431375352981
2010-12-23,-0.25226507313080854,-0.22402591172230088
2010-12-24,-0.26007654044312584,-0.22285139251486433
2010-12-27,-0.2628492862880719,-0.2212911192215881
2010-12-28,-0.24564645443853847,-0.22306088487633724
2010-12-29,-0.2528000922516529,-0.21752568123869903
2010-12-30,-0.2785645650052806,-0.2147865752916929
2010-12-31,-0.29060200854699847,-0.2148131500122423
2011-01-03,-0.2916736804152953,-0.20902427685144184
2011-01-04,-0.28727181151621617,-0.21528495453210578
2011-01-05,-0.28802179052867266,-0.21603154690447704
2011-01-06,-0.28622567532364596,-0.21882952615297468
2011-01-07,-0.29534852002267864,-0.20324404112901662
2011-01-10,-0.2992943845137443,-0.20411804688838306
2011-01-11,-0.29838578206104444,-0.2043615817093595
2011-01-12,-0.2984735048894511,-0.20520084764564017
2011-01-13,-0.29706527268707644,-0.19762552176643505
2011-01-14,-0.29649386598792493,-0.19995766081672306
2011-01-17,-0.2964948022850739,-0.19998501671692337
2011-01-18,-0.29955347569424096,-0.19852573698245154
2011-01-19,-0.30077373865882906,-0.20004044032017568
2011-01-20,-0.31984343070902577,-0.20668956996529161
2011-01-21,-0.3185397755853115,-0.20415615244424987
2011-01-24,-0.3380700634830092,-0.18471467802806915
2011-01-25,-0.3367907629627997,-0.18732271886252008
2011-01-26,-0.3319299430487307,-0.18879949437276472
2011-01-27,-0.33063195120498073,-0.18974563836455877
2011-01-28,-0.33588193754427836,-0.1826724918065019
2011-01-31,-0.3422876587429123,-0.18369269416707662
2011-02-01,-0.34039731537670087,-0.18902681563894755
2011-02-02,-0.34102331993538854,-0.1887374493082024
2011-02-03,-0.3292035144895906,-0.17412528174485353
2011-02-04,-0.32970920423598377,-0.1739122005352355
2011-02-07,-0.3309615778274082,-0.17536063643462108
2011-02-08,-0.32255752457579656,-0.17706076116713676
2011-02-09,-0.32083022715326626,-0.17847379385579412
2011-02-10,-0.3269620455415192,-0.17610566752636572
2011-02-11,-0.32532575187767265,-0.17740950066272618
2011-02-14,-0.3261796351248835,-0.1821485922010459
2011-02-15,-0.32502365461965116,-0.17543400534126033
2011-02-16,-0.324813895487038,-0.17530178666696736
2011-02-17,-0.32785411300398426,-0.17319063926949338
2011-02-18,-0.32809483643213905,-0.17155615035773272
2011-02-21,-0.3297715174969805,-0.16810096170382022
2011-02-22,-0.3314055802737056,-0.1659114091916578
2011-02-23,-0.3318239647950759,-0.16629935658744402
2011-02-24,-0.32798640754951736,-0.16427294507354406
2011-02-25,-0.32877644682672263,-0.16717739757553882
2011-02-28,-0.3286450243632573,-0.16733471204094863
2011-03-01,-0.33272083781716527,-0.17214103821323667
2011-03-02,-0.33315283709541965,-0.17334423855394626
2011-03-03,-0.3362970509656989,-0.16496851970633353
2011-03-04,-0.3411394591713302,-0.16774872356928444
2011-03-07,-0.34419673849775506,-0.1703755645815034
2011-03-08,-0.3401609620115775,-0.16488371781532415
2011-03-09,-0.34097028673697966,-0.16411056853844658
2011-03-10,-0.3328249212883542,-0.16855913862150018
2011-03-11,-0.3200382896687028,-0.15525846050613512
2011-03-14,-0.3225881303155724,-0.15574470101934765
2011-03-15,-0.31893605146481835,-0.1648449434511292
2011-03-16,-0.31760005173373695,-0.1651553610892176
2011-03-17,-0.31845685409656704,-0.16694297726601054
2011-03-18,-0.31299898995146236,-0.1650845385025272
2011-03-21,-0.31235264282611774,-0.16413039736330187
2011-03-22,-0.31323897983715876,-0.163731803596565
2011-03-23,-0.3111377186149304,-0.158972314995369
2011-03-24,-0.3086464863819092,-0.1555217138456698
2011-03-25,-0.3004000432554613,-0.15647696434275
2011-03-28,-0.30015240441939584,-0.15748860728487898
2011-03-29,-0.29991729320132987,-0.1559621194991237
2011-03-30,-0.30264886894953574,-0.15841429100356783
2011-03-31,-0.3033737334997569,-0.15983963985426236
2011-04-01,-0.30176702111572995,-0.15742679129009005
2011-04-04,-0.3012278497019943,-0.15912313555339538
2011-04-05,-0.30411762973155104,-0.15214829449379896
2011-04-06,-0.3028059709010372,-0.1519544495483278
2011-04-07,-0.30264428529017323,-0.1514916377819395
2011-04-08,-0.3024021098645619,-0.15483028746272445
2011-04-11,-0.3015573477140693,-0.15258656943784538
2011-04-12,-0.29866934321219774,-0.15447168222108545
2011-04-13,-0.2991984321234592,-0.15542305152513977
2011-04-14,-0.28954799909567025,-0.17069561265492877
2011-04-15,-0.2916466944331188,-0.1696302025613112
2011-04-18,-0.29449926577386,-0.1667320641603351
2011-04-19,-0.2932738594141856,-0.1654688133299469
2011-04-20,-0.29182551920738603,-0.1683584720172773
2011-04-21,-0.29272029204330613,-0.1631485961935496
2011-04-22,-0.29268722825042376,-0.16518516890125834
2011-04-25,-0.28739362641872324,-0.2060430924430051
2011-04-26,-0.2856679315901301,-0.20515966890491574
2011-04-27,-0.2743822799403738,-0.2154344564421948
2011-04-28,-0.2753234882093299,-0.22493453538438352
2011-04-29,-0.27625579916131787,-0.22970561809341997
2011-05-02,-0.2755394080729936,-0.22814222161385816
2011-05-03,-0.27518083329868576,-0.22970933788784378
2011-05-04,-0.26748561087153944,-0.22904771669452817
2011-05-05,-0.26321099194714437,-0.25107582525066774
2011-05-06,-0.25164804348098285,-0.2272295041652588
2011-05-09,-0.25051170420425384,-0.21355836071138268
2011-05-10,-0.2506662798489124,-0.22106822263111028
2011-05-11,-0.25508313079345696,-0.23056024584920792
2011-05-12,-0.25467011600563494,-0.23894157265079105
2011-05-13,-0.2531598420246894,-0.23921042883006838
2011-05-16,-0.25393322367562876,-0.24102180611283036
2011-05-17,-0.2542075263335224,-0.24277161013108653
2011-05-18,-0.25397157014080995,-0.2443789881247071
2011-05-19,-0.2532706611744659,-0.24908389281419482
2011-05-20,-0.25692835823956905,-0.24684891484631288
2011-05-23,-0.2608108657145429,-0.24706977429519716
2011-05-24,-0.257704571504028,-0.2612747044602225
2011-05-25,-0.2585333836815897,-0.2735717724262456
2011-05-26,-0.25609196983875754,-0.2744512571869481
2011-05-27,-0.25354414280625953,-0.28323187407615563
2011-05-30,-0.24751737435629556,-0.29266226804628054
2011-05-31,-0.24492449849727085,-0.29334341447021356
2011-06-01,-0.24420226212072985,-0.30121345694942253
2011-06-02,-0.24674475505201884,-0.3018886492946078
2011-06-03,-0.24978473856143873,-0.30422251730510597
2011-06-06,-0.24546985827744083,-0.3045447889819974
2011-06-07,-0.24765122153949365,-0.3032757448255593
2011-06-08,-0.251514315470024,-0.3214481830244854
2011-06-09,-0.2478797296585622,-0.3255955001264319
2011-06-10,-0.24715949267832968,-0.32874421399476816
2011-06-13,-0.24850281219776066,-0.32941744303664505
2011-06-14,-0.2459303451918713,-0.3301175009551975
2011-06-15,-0.25215781053009073,-0.32851946771348584
2011-06-16,-0.2519917304250051,-0.3335422078671172
2011-06-17,-0.2510275029517281,-0.3356200811745763
2011-06-20,-0.24083557881118905,-0.35851239388605555
2011-06-21,-0.24839610316604357,-0.358533310854279
2011-06-22,-0.24788212763920028,-0.35850969102171965
2011-06-23,-0.2299593852840459,-0.38982010372933706
2011-06-24,-0.22359891300110527,-0.3918339417770426
2011-06-27,-0.2271531661488445,-0.3964584541389017
2011-06-28,-0.22653730222394822,-0.3968283120198483
2011-06-29,-0.22614036317299854,-0.3958054974303721
2011-06-30,-0.2284256237860924,-0.3865775662738576
2011-07-01,-0.23036178914769306,-0.3847320763066997
2011-07-04,-0.23064643301475798,-0.38504900643109163
2011-07-05,-0.22505782030576088,-0.3748183199599682
2011-07-06,-0.22395019102238078,-0.36894053363127505
2011-07-07,-0.22369153526897928,-0.36900799381866634
2011-07-08,-0.2334155952465342,-0.36798869635841586
2011-07-11,-0.23817228942173013,-0.356018925667185
2011-07-12,-0.23776725130380882,-0.35436689679139466
2011-07-13,-0.23796720515912004,-0.362695364892673
2011-07-14,-0.23418522795192062,-0.36511857464774694
2011-07-15,-0.23499895089402772,-0.3649761944212196
2011-07-18,-0.23614162883851833,-0.356297527148357
2011-07-19,-0.22657185296484525,-0.33905618420328687
2011-07-20,-0.22007438208765373,-0.34217155322370135
2011-07-21,-0.2228298755948209,-0.33359497354313705
2011-07-22,-0.2286437138022682,-0.33393550979514053
2011-07-25,-0.22974173466120476,-0.3338708092943221
2011-07-26,-0.22873027735261203,-0.33396633229150124
2011-07-27,-0.2283207284895823,-0.33475178333640343
2011-07-28,-0.22798808361339165,-0.33859733474554554
2011-07-29,-0.23067075862473232,-0.3376737011811104
2011-08-01,-0.2399798568928873,-0.34274283266611266
2011-08-02,-0.24445603300276467,-0.3365140153541447
2011-08-03,-0.2423313627205127,-0.3350160468795916
2011-08-04,-0.23384207988839437,-0.3384408402868901
2011-08-05,-0.22912351649699292,-0.3359462870259238
2011-08-08,-0.2504585944320305,-0.32382653647732684
2011-08-09,-0.2545746261787059,-0.31872264323625893
2011-08-10,-0.2765724438227763,-0.3094364181888528
2011-08-11,-0.2993069652458661,-0.3053159582371102
2011-08-12,-0.29538239061601956,-0.30813939471341284
2011-08-15,-0.2906124304393766,-0.3151125568373515
2011-08-16,-0.2913842780151234,-0.31444807694675336
2011-08-17,-0.29298684674739217,-0.31426409339606054
2011-08-18,-0.27825501265100416,-0.29630714485318776
2011-08-19,-0.2804945729164756,-0.30529264003130674
2011-08-22,-0.2757597399500555,-0.29154072512504087
2011-08-23,-0.29182870150714646,-0.27703285634412633
2011-08-24,-0.31100592118377945,-0.2824236290160131
2011-08-25,-0.30906047260378666,-0.28546163095242716
2011-08-26,-0.30031829129190085,-0.286901213461506
2011-08-29,-0.30552259491548095,-0.27929456128803426
2011-08-30,-0.3138284892001533,-0.268277949004919
2011-08-31,-0.3177529511939051,-0.2687870523232266
2011-09-01,-0.31641537776893713,-0.26156404588398
2011-09-02,-0.32257710267098605,-0.24367523957380416
2011-09-05,-0.32372959098265097,-0.2437905984005507
2011-09-06,-0.3242515310052834,-0.24203383803324582
2011-09-07,-0.3267319262169885,-0.22961051710850613
2011-09-08,-0.33257323017339446,-0.2216722752284268
2011-09-09,-0.33113623595280495,-0.22723921549750256
2011-09-12,-0.33269641034532993,-0.2328430854683783
2011-09-13,-0.32807035866201006,-0.2319120877122846
2011-09-14,-0.3300996740922657,-0.23342110333674854
2011-09-15,-0.3274248450964931,-0.22372716677802332
2011-09-16,-0.327334185855383,-0.22320510642748434
2011-09-19,-0.3218179458080928,-0.23502600567594006
2011-09-20,-0.3245116261303806,-0.23278545160580874
2011-09-21,-0.3231110755977833,-0.23780380884703992
2011-09-22,-0.31335164150658623,-0.26603986774743704
2011-09-23,-0.32595655331170403,-0.228741557844052
2011-09-26,-0.32655880095045925,-0.22799813339028463
2011-09-27,-0.3223899744782754,-0.23873374231417463
2011-09-28,-0.32514244311843926,-0.23951842155504574
2011-09-29,-0.32387104978960335,-0.23627172692395204
2011-09-30,-0.3211712088877527,-0.2278931850733798
2011-10-03,-0.3271595492070013,-0.21653738012421947
2011-10-04,-0.32039086149020635,-0.22237928248807398
2011-10-05,-0.31431550163566324,-0.22792491293685674
2011-10-06,-0.3235653650956755,-0.2120486026941324
2011-10-07,-0.32656392674462725,-0.20086176759801017
2011-10-10,-0.3222955715140396,-0.20010889626100614
2011-10-11,-0.32428464620808567,-0.19743319699314976
2011-10-12,-0.32147515362417795,-0.19704519377437524
2011-10-13,-0.32233451840109817,-0.19890946013121533
2011-10-14,-0.31784891639217505,-0.19617450205971426
2011-10-17,-0.3139407915970506,-0.1910471655025812
2011-10-18,-0.3106798222131464,-0.19130474143742446
2011-10-19,-0.3112258351804218,-0.18776509858950238
2011-10-20,-0.30977121353451526,-0.1949865735008785
2011-10-21,-0.3084614340039438,-0.20062682857445532
2011-10-24,-0.3023009480482462,-0.18455780772932176
2011-10-25,-0.31451282756947313,-0.18085339172809678
2011-10-26,-0.3125829840915349,-0.1828727902277032
2011-10-27,-0.29786232927874573,-0.1929958774585514
2011-10-28,-0.296733912475323,-0.19740754748568629
2011-10-31,-0.2853439494847155,-0.20367562785248441
2011-11-01,-0.2641476274537084,-0.1922720672954018
2011-11-02,-0.2598438532868526,-0.1933774022456194
2011-11-03,-0.25238707972829516,-0.18625103250757324
2011-11-04,-0.25085625485162366,-0.1873768390032813
2011-11-07,-0.2536374137982392,-0.18208503170777854
2011-11-08,-0.2570037872822652,-0.1799040076445629
2011-11-09,-0.25397721498679476,-0.18373978625507612
2011-11-10,-0.2538308299461331,-0.1901295610914128
2011-11-11,-0.25294441423694713,-0.19016910921750094
2011-11-14,-0.25368627929597026,-0.1893655481818382
2011-11-15,-0.2563285683220252,-0.18524335646638107
2011-11-16,-0.2565397924024063,-0.186240225850819
2011-11-17,-0.257527860321155,-0.18584471936268213
2011-11-18,-0.25833171535726734,-0.18645092395151058
2011-11-21,-0.25921570139983685,-0.19957373706691064
2011-11-22,-0.2639290490074603,-0.19347260288035492
2011-11-23,-0.260513820645887,-0.19522991767854603
2011-11-24,-0.2496601294512393,-0.19714339694029465
2011-11-25,-0.244577840100183,-0.19628339913510368
2011-11-28,-0.2467563426478222,-0.20518187847090874
2011-11-29,-0.24740831131277452,-0.2051972170102275
2011-11-30,-0.24294905263921568,-0.21391249840080323
2011-12-01,-0.24785230651247256,-0.2128719760791092
2011-12-02,-0.2513710296294198,-0.21005901050569395
2011-12-05,-0.2538490930081117,-0.20426580753042256
2011-12-06,-0.2534901985356502,-0.20389814510906334
2011-12-07,-0.2549634074814877,-0.2046101487017221
2011-12-08,-0.25637970028892965,-0.2109518474450736
2011-12-09,-0.2561683799286181,-0.21129127153545407
2011-12-12,-0.24349333029746437,-0.22534080492388178
2011-12-13,-0.2369800587651851,-0.22767855882467977
2011-12-14,-0.2359553288286037,-0.2424480507416779
2011-12-15,-0.2497022732985532,-0.23883555280858265
2011-12-16,-0.2522449521778007,-0.2384870538476102
2011-12-19,-0.24985275153124173,-0.2400682430756504
2011-12-20,-0.24364255378362581,-0.24402702282796784
2011-12-21,-0.24210985082395986,-0.24802360326114598
2011-12-22,-0.2491777804006519,-0.24143289495106732
2011-12-23,-0.24824525015774335,-0.24097778773631687
2011-12-26,-0.24992222658422736,-0.24010789994795545
2011-12-27,-0.25194357571547166,-0.23985000676431703
2011-12-28,-0.2423629550965953,-0.24639426759305816
2011-12-29,-0.24345645424023096,-0.24517430808588273
2011-12-30,-0.24442453422595883,-0.2466798065840401
2012-01-02,-0.24516499107567355,-0.252914809187838
2012-01-03,-0.23663324232474722,-0.26261954361439666
2012-01-04,-0.23726506769398334,-0.2612869623029151
2012-01-05,-0.2375856743091941,-0.2567250356659437
2012-01-06,-0.23743326856475147,-0.25697077679859465
2012-01-09,-0.21978159503738082,-0.251689932917441
2012-01-10,-0.21481442684324042,-0.25706235445295883
2012-01-11,-0.21585879058724308,-0.256473398233046
2012-01-12,-0.2175211162875421,-0.2567464613121823
2012-01-13,-0.2185711453183261,-0.2571044549982807
2012-01-16,-0.21955334082872852,-0.25802972991240025
2012-01-17,-0.21500637331505842,-0.26459305346221007
2012-01-18,-0.21406976885607312,-0.2662908961470882
2012-01-19,-0.2148355261878457,-0.2630847755915404
2012-01-20,-0.2137125960094189,-0.2632291162970333
2012-01-23,-0.2199969130622429,-0.2669231465613491
2012-01-24,-0.2172742362076273,-0.26742643119556675
2012-01-25,-0.22996440533126383,-0.2633091654789357
2012-01-26,-0.23644242809611637,-0.26187620222565605
2012-01-27,-0.23765957552838474,-0.26261386011485666
2012-01-30,-0.23462786362134003,-0.2632165584627222
2012-01-31,-0.23650392545400076,-0.26192076886267934
2012-02-01,-0.2362427915096969,-0.26128280090913064
2012-02-02,-0.2366570745029141,-0.2626685138926193
2012-02-03,-0.24621075389017347,-0.26089824211130613
2012-02-06,-0.24356781333912975,-0.2595959945374844
2012-02-07,-0.2376906677278849,-0.2609867683971366
2012-02-08,-0.23775587898910922,-0.26115984260065367
2012-02-09,-0.23700705211415607,-0.262621432711125
2012-02-10,-0.2333321891770165,-0.26394907973027026
2012-02-13,-0.23577110767066659,-0.2656706820613743
2012-02-14,-0.23389431029923635,-0.2658527975143883
2012-02-15,-0.23347621221139006,-0.2657553452059983
2012-02-16,-0.23198816360073482,-0.2651704345141345
2012-02-17,-0.23221163564837147,-0.2649272959068703
2012-02-20,-0.226901588397239,-0.26676627932267377
2012-02-21,-0.22094669782111018,-0.2683101195912955
2012-02-22,-0.22319486030079955,-0.26585666159329535
2012-02-23,-0.22278895754565972,-0.2654826061035068
2012-02-24,-0.22334439775606812,-0.2644052251585649
2012-02-27,-0.22874119417130248,-0.2618923135156275
2012-02-28,-0.2289307756290348,-0.26254192159853035
2012-02-29,-0.2316549934604419,-0.25009739971000133
2012-03-01,-0.22687790462564852,-0.24644528598878263
2012-03-02,-0.22822494582633168,-0.2466509374272056
2012-03-05,-0.2285760782381916,-0.24627902480846678
2012-03-06,-0.2293642184075902,-0.2515658459521835
2012-03-07,-0.23160748562552333,-0.2511741305332783
2012-03-08,-0.23066301315754448,-0.253723457724067
2012-03-09,-0.23348960628533394,-0.2549963773359661
2012-03-12,-0.23513436852339056,-0.25863982228235627
2012-03-13,-0.2394525808476272,-0.25578148890947594
2012-03-14,-0.24924378236008593,-0.2592800210599696
2012-03-15,-0.249032043403163,-0.25990261398482156
2012-03-16,-0.2487913884809753,-0.25954586222117226
2012-03-19,-0.2474753851917644,-0.2585623878719252
2012-03-20,-0.24876006806507978,-0.2616040411824373
2012-03-21,-0.24806956543518832,-0.2617432872174885
2012-03-22,-0.2519454587008975,-0.2615190342582496
2012-03-23,-0.25433624878522876,-0.2628610701904323
2012-03-26,-0.24993695699828963,-0.2657327583682207
2012-03-27,-0.24622828420925613,-0.26357983067087254
2012-03-28,-0.24690964280743574,-0.26618782841514077
2012-03-29,-0.24992111905313794,-0.26543487510989633
2012-03-30,-0.24822528578698363,-0.26603176370684656
2012-04-02,-0.2504912558567197,-0.26566103912200223
2012-04-03,-0.25534841841870404,-0.26317737052330126
2012-04-04,-0.25541850800407434,-0.27257583883841063
2012-04-05,-0.2564977728843512,-0.27317889807144385
2012-04-06,-0.25734969868184393,-0.2728543789289026
2012-04-09,-0.2575978773056449,-0.27286499531656777
2012-04-10,-0.26036171090055316,-0.2698900655571157
2012-04-11,-0.2604820885599858,-0.2697938012562771
2012-04-12,-0.25884796621636125,-0.2726897319516309
2012-04-13,-0.2638998320277964,-0.27513068842502936
2012-04-16,-0.263388064262063,-0.2748225712366136
2012-04-17,-0.2618685145253304,-0.270796660294566
2012-04-18,-0.2620937190245518,-0.2729503894812818
2012-04-19,-0.2618009848231288,-0.27261970060447693
2012-04-20,-0.26470133443545907,-0.2703681735538575
2012-04-23,-0.2662390042787785,-0.2600659000929344
2012-04-24,-0.26758427965028647,-0.259767979170638
2012-04-25,-0.2667259393288476,-0.2651308071302836
2012-04-26,-0.26996693180496306,-0.2653933165148469
2012-04-27,-0.26906119137042117,-0.2653081808624708
2012-04-30,-0.26919690281414044,-0.265709507998408
2012-05-01,-0.26955545682420484,-0.26416439822785087
2012-05-02,-0.2694259970196906,-0.26513768206545035
2012-05-03,-0.2696417207184511,-0.26454855149302886
2012-05-04,-0.27013754666293643,-0.26224886592438573
2012-05-07,-0.27226468580198343,-0.26225607214903535
2012-05-08,-0.26755205709015295,-0.26646804608486774
2012-05-09,-0.2680074604147086,-0.27079563624430564
2012-05-10,-0.26680207769023917,-0.27017952119913563
2012-05-11,-0.2652947399816313,-0.27005594050590115
2012-05-14,-0.26111345830374194,-0.2744510123481838
2012-05-15,-0.26158480254239963,-0.27279599207667277
2012-05-16,-0.26171587589044853,-0.2728300723816792
2012-05-17,-0.26225388652162024,-0.2713219772700066
2012-05-18,-0.2640344589284261,-0.2694686005881341
2012-05-21,-0.2637180452069317,-0.26918228049763054
2012-05-22,-0.26553372472957604,-0.2673872902545402
2012-05-23,-0.2651172414474154,-0.26713059215944174
2012-05-24,-0.2650649892366187,-0.2670776416794918
2012-05-25,-0.2650696050709289,-0.2656692787265501
2012-05-28,-0.2668115812785602,-0.2657014909632666
2012-05-29,-0.26785373977627397,-0.26232176809431457
2012-05-30,-0.268593127676287,-0.26028385357573086
2012-05-31,-0.2692161050860839,-0.25914271104732634
2012-06-01,-0.28193943545167255,-0.2588345088634088
2012-06-04,-0.28198212805341244,-0.2585829685652218
2012-06-05,-0.2831598484951975,-0.2571901367377395
2012-06-06,-0.28269666266104254,-0.256001322545051
2012-06-07,-0.28316593511435695,-0.2502255739100554
2012-06-08,-0.28400092369448277,-0.24919999253300582
2012-06-11,-0.2984302518604221,-0.24287463008997712
2012-06-12,-0.302453715704274,-0.24300784179067758
2012-06-13,-0.30237891603871525,-0.24357775848811142
2012-06-14,-0.30311725775399806,-0.24323862316748954
2012-06-15,-0.30292361267356094,-0.24158457376250042
2012-06-18,-0.3024650714974183,-0.24461736606505027
2012-06-19,-0.3020076675521688,-0.24191403154720503
2012-06-20,-0.3027943192958585,-0.24222835520629343
2012-06-21,-0.3084023875949075,-0.25011281809686825
2012-06-22,-0.30557080896227634,-0.2511068035088032
2012-06-25,-0.3069587261542868,-0.24950823579010967
2012-06-26,-0.3062969404341864,-0.24873533780346227
2012-06-27,-0.30443416558813685,-0.2531897139849435
2012-06-28,-0.30133418532627615,-0.25427754627388777
2012-06-29,-0.29515916533072073,-0.26822950413981855
2012-07-02,-0.2981803128841521,-0.26812729526117973
2012-07-03,-0.2946992112102957,-0.27076453152361063
2012-07-04,-0.2937987587358869,-0.27464871962486986
2012-07-05,-0.2948415970023175,-0.2849172888026838
2012-07-06,-0.29928895401779393,-0.2870522408552148
2012-07-09,-0.29776466182935485,-0.2912194850727356
2012-07-10,-0.29426214332257755,-0.2892158639028505
2012-07-11,-0.29241286953653745,-0.28871288428677977
2012-07-12,-0.2922509904162628,-0.28869661371457833
2012-07-13,-0.29240651352590435,-0.2904953574749573
2012-07-16,-0.2925100806760703,-0.29050136230142476
2012-07-17,-0.2925585743778961,-0.28976821876795855
2012-07-18,-0.2939334479513859,-0.288487069518577
2012-07-19,-0.2910189717670756,-0.2900705073244577
2012-07-20,-0.29239174349206876,-0.28925917058067324
2012-07-23,-0.2991584369442935,-0.28950903535176054
2012-07-24,-0.3045924463374547,-0.28946237938303754
2012-07-25,-0.2863253579745426,-0.2959097607343055
2012-07-26,-0.2846526463265007,-0.2994228217191891
2012-07-27,-0.2610176435862286,-0.30334404219493966
2012-07-30,-0.24349878959821875,-0.30638518447183427
2012-07-31,-0.24484188215947877,-0.30580024042095366
2012-08-01,-0.25428464436939696,-0.3029635751292538
2012-08-02,-0.2532286396209033,-0.30405681702840426
2012-08-03,-0.250041794755233,-0.30679234272171696
2012-08-06,-0.2645447609286599,-0.3188887741678484
2012-08-07,-0.25981682479808976,-0.3165065467082356
2012-08-08,-0.26308631687901013,-0.324101913973495
2012-08-09,-0.24126539377464862,-0.33577675210209684
2012-08-10,-0.21763826434266179,-0.33457698490521687
2012-08-13,-0.21820837803551496,-0.3351227095641155
2012-08-14,-0.22712081728309105,-0.3342225576067987
2012-08-15,-0.21433121104369313,-0.340434915552872
2012-08-16,-0.19814671961292743,-0.3484947565355405
2012-08-17,-0.19638584211018895,-0.350448159261929
2012-08-20,-0.19793703053461245,-0.35076933965490714
2012-08-21,-0.18598165177998968,-0.36578359722792736
2012-08-22,-0.19227232086021387,-0.3640721852145805
2012-08-23,-0.19585103225213887,-0.3698600184658845
2012-08-24,-0.1876636428032756,-0.38094897470289346
2012-08-27,-0.17072647614765035,-0.3879166006424817
2012-08-28,-0.17259671410727542,-0.3880094507109686
2012-08-29,-0.16971226779601659,-0.3863367214689609
2012-08-30,-0.1776636840571542,-0.3870317033468632
2012-08-31,-0.182486904217905,-0.3920330375716575
2012-09-03,-0.18141709094097777,-0.3994502186669356
2012-09-04,-0.18184138848512124,-0.4002725063503909
2012-09-05,-0.18738594432990233,-0.3940714950079778
2012-09-06,-0.179867076119687,-0.3947720273026807
2012-09-07,-0.1888390858410805,-0.39814118009678373
2012-09-10,-0.19232077326678018,-0.37693509269478936
2012-09-11,-0.1572721865328448,-0.41780470381620227
2012-09-12,-0.15399570177743035,-0.41794496267278486
2012-09-13,-0.1705937773584614,-0.40784357264588433
2012-09-14,-0.16286336618571223,-0.40682538002843927
2012-09-17,-0.16567661191968863,-0.41122098819034
2012-09-18,-0.16468668791456265,-0.4135903718247707
2012-09-19,-0.15192758319620497,-0.4271501774340825
2012-09-20,-0.15662412052553012,-0.4217616998262241
2012-09-21,-0.16550889367579547,-0.4182350520064827
2012-09-24,-0.1654104653654425,-0.418044495781178
2012-09-25,-0.1631367735468115,-0.42790152695886147
2012-09-26,-0.16403422720826416,-0.4335026988334386
2012-09-27,-0.1605396746414849,-0.4392645729558921
2012-09-28,-0.1633742658921179,-0.4380250729917063
2012-10-01,-0.16281578452089462,-0.43709577463857174
2012-10-02,-0.1628362649423094,-0.43565799837139374
2012-10-03,-0.1647397982453579,-0.4347582286167264
2012-10-04,-0.16691697938376043,-0.4352956286781465
2012-10-05,-0.167685729615238,-0.43855619217874825
2012-10-08,-0.1690387862278309,-0.432985985439246
2012-10-09,-0.1714929105769028,-0.43058319553754354
2012-10-10,-0.17218287755838538,-0.42827571863494907
2012-10-11,-0.14785762078511597,-0.43723061278944275
2012-10-12,-0.15121447257893206,-0.4388430784149843
2012-10-15,-0.16505580690234722,-0.43395113812306435
2012-10-16,-0.15952637784102547,-0.43440015515881614
2012-10-17,-0.1752777485497415,-0.428720088097959
2012-10-18,-0.17800528510143504,-0.4517038405907622
2012-10-19,-0.16977925155514914,-0.4518362957700032
2012-10-22,-0.18261934446059905,-0.4547919275798692
2012-10-23,-0.1849271909735805,-0.4574765231594
2012-10-24,-0.1786324914495858,-0.4642377790053229
2012-10-25,-0.16849592767114516,-0.46793121593526144
2012-10-26,-0.1683255809886267,-0.46578888622950987
2012-10-29,-0.1679856587129693,-0.46521948932457663
2012-10-30,-0.16926557569459943,-0.46748299512454417
2012-10-31,-0.17020992562226842,-0.46818908304697515
2012-11-01,-0.17196987671218544,-0.4699143161132788
2012-11-02,-0.17825685916536393,-0.47092471298708705
2012-11-05,-0.17756715385693206,-0.4732238618994203
2012-11-06,-0.16972141006552957,-0.4755234767777471
2012-11-07,-0.165357457337857,-0.46435290725116496
2012-11-08,-0.16741357526897818,-0.46393694961785803
2012-11-09,-0.17002902228753808,-0.4667764771538699
2012-11-12,-0.17008585356270692,-0.46674391751303235
2012-11-13,-0.16541215269876955,-0.46460797442775076
2012-11-14,-0.161078750974793,-0.4557215072189511
2012-11-15,-0.16169176646997632,-0.4563646307985681
2012-11-16,-0.1675454661618593,-0.44613713786062703
2012-11-19,-0.16197846025279858,-0.451749636404005
2012-11-20,-0.1628437985502992,-0.45202709158733173
2012-11-21,-0.16402843812830087,-0.45932424508551495
2012-11-22,-0.16545026328676432,-0.4611009470285784
2012-11-23,-0.1648198948346958,-0.46467026537771566
2012-11-26,-0.1612669234148429,-0.4582949152173327
2012-11-27,-0.16243825635905312,-0.4579280524916032
2012-11-28,-0.18041133911114013,-0.442683353832084
2012-11-29,-0.19229846726036473,-0.4412101199471753
2012-11-30,-0.19164769488341782,-0.4210327531066116
2012-12-03,-0.19049390748172346,-0.4241239183315617
2012-12-04,-0.18208678160821432,-0.4243777914490707
2012-12-05,-0.18474505575187494,-0.42415012112565553
2012-12-06,-0.18936124260873058,-0.41862166567511094
2012-12-07,-0.18935597328713427,-0.41882492264414534
2012-12-10,-0.18953345853451833,-0.42119532074276417
2012-12-11,-0.19052548895029323,-0.42086414369142544
2012-12-12,-0.189438356618314,-0.4208630623590318
2012-12-13,-0.19230772283783326,-0.42068854310892906
2012-12-14,-0.209401206933817,-0.41183822584599034
2012-12-17,-0.20708837380372164,-0.4129151857036442
2012-12-18,-0.20971126251757924,-0.4057191688971133
2012-12-19,-0.2100002116906691,-0.40557114021506213
2012-12-20,-0.21795634947145118,-0.39066788236354266
2012-12-21,-0.21695700374413215,-0.3902818606363846
2012-12-24,-0.2152988885223374,-0.3993406376329911
2012-12-25,-0.2157195888327854,-0.39883378063301306
2012-12-26,-0.21693058861268683,-0.39875208422198827
2012-12-27,-0.22726702569469345,-0.39228423514656
2012-12-28,-0.22631402477693835,-0.3964063598711581
2012-12-31,-0.21824449917370597,-0.39397528288645467
2013-01-01,-0.22203943997264614,-0.3919445733996886
2013-01-02,-0.21673644937455208,-0.39419877809713116
2013-01-03,-0.22335680825924942,-0.392204372904711
2013-01-04,-0.2248286562671867,-0.3913301494675253
2013-01-07,-0.22391703922122938,-0.3925172221447838
2013-01-08,-0.22442421511966382,-0.3917305976353588
2013-01-09,-0.22505864892152833,-0.38953436444904804
2013-01-10,-0.2247745647513718,-0.3914161563524608
2013-01-11,-0.19675983567282135,-0.40116459316330777
2013-01-14,-0.19568858333712713,-0.40313207103857907
2013-01-15,-0.19367479519523348,-0.40122175414869826
2013-01-16,-0.198580719805237,-0.39988429739010517
2013-01-17,-0.19491574493179833,-0.4017559370891824
2013-01-18,-0.19451326651443868,-0.40260050211708276
2013-01-21,-0.19294954558797334,-0.4005335558368818
2013-01-22,-0.17508221606957303,-0.40583944694289315
2013-01-23,-0.17797576942638071,-0.40636291195709184
2013-01-24,-0.19435095265894992,-0.4039051214824254
2013-01-25,-0.19670583580720155,-0.40455073336011166
2013-01-28,-0.1961299964351326,-0.4050262683965116
2013-01-29,-0.20075037476611984,-0.40495861817346124
2013-01-30,-0.20210078909951948,-0.4049126805953628
2013-01-31,-0.2016382094825343,-0.40357295626344764
2013-02-01,-0.20209952806783107,-0.4040704197577277
2013-02-04,-0.20330231426408085,-0.4012339765431969
2013-02-05,-0.2023605373967065,-0.40186890831591243
2013-02-06,-0.2030602809928613,-0.40091643047785414
2013-02-07,-0.20871908514457657,-0.3981374426026488
2013-02-08,-0.2032016822014765,-0.40485526584883624
2013-02-11,-0.2012280291820398,-0.40609461137605574
2013-02-12,-0.200482404683991,-0.40846488932580416
2013-02-13,-0.2033824130060236,-0.4079727538302028
2013-02-14,-0.20430636144325948,-0.406788899449269
2013-02-15,-0.20323896547393797,-0.44687107583837254
2013-02-18,-0.215553956509372,-0.4502752652204551
2013-02-19,-0.21606736340372137,-0.45125339448721186
2013-02-20,-0.2111165194382373,-0.449656035463392
2013-02-21,-0.21674843122137197,-0.43111854495067103
2013-02-22,-0.2169566976703134,-0.4296631596732179
2013-02-25,-0.22410323724704148,-0.4225943105467988
2013-02-26,-0.22074668142878656,-0.4181355522369535
2013-02-27,-0.22187759879345867,-0.41051884927864085
2013-02-28,-0.209785732836689,-0.4182390660224931
2013-03-01,-0.18428817923268884,-0.411588395093733
2013-03-04,-0.1838071508443903,-0.41013653062756206
2013-03-05,-0.18363334308371906,-0.41024162983266027
2013-03-06,-0.18243534687048657,-0.40981135240159283
2013-03-07,-0.1854516638315485,-0.40675249557302084
2013-03-08,-0.18401673115069275,-0.4067835417886299
2013-03-11,-0.18393425296021854,-0.4063741427650871
2013-03-12,-0.1816196283000354,-0.40492688529274046
2013-03-13,-0.1919617741956549,-0.39960585110598706
2013-03-14,-0.19789790825011452,-0.4009859809553471
2013-03-15,-0.19585731018783628,-0.39691171150177784
2013-03-18,-0.2014378384338222,-0.3916162714350784
2013-03-19,-0.2059306338923186,-0.38763377212044026
2013-03-20,-0.20519904514400447,-0.3847965999612272
2013-03-21,-0.1864773735105229,-0.39202095660811936
2013-03-22,-0.18285129684419638,-0.3770361279194424
2013-03-25,-0.18045806698170286,-0.37852250602517346
2013-03-26,-0.18190806937126638,-0.3778099102657835
2013-03-27,-0.18279988080428117,-0.37606922671240944
2013-03-28,-0.17348071530793438,-0.3824772588384331
2013-03-29,-0.17350157704343763,-0.3825732582614068
2013-04-01,-0.17964743496276306,-0.3773807604824448
2013-04-02,-0.18910435036810802,-0.36984701077234733
2013-04-03,-0.18545545197740013,-0.36706667281375344
2013-04-04,-0.1825813363795356,-0.37154622256255887
2013-04-05,-0.1903128518100331,-0.3761021340554725
2013-04-08,-0.19419338389744445,-0.37732696817472594
2013-04-09,-0.19094322001611796,-0.38060619875427376
2013-04-10,-0.20648032614653278,-0.37642142357200736
2013-04-11,-0.20750314075690965,-0.3767084663826089
2013-04-12,-0.17564066175358203,-0.36145929342397387
2013-04-15,-0.13272859493565162,-0.3204107331556529
2013-04-16,-0.12588041375995188,-0.3211706079435936
2013-04-17,-0.1257711716387403,-0.31994176295080684
2013-04-18,-0.11111656833514194,-0.3188611825916399
2013-04-19,-0.11476658130753101,-0.31707026965431173
2013-04-22,-0.12079620539235433,-0.3105409882689937
2013-04-23,-0.11901060705632455,-0.3141713306614175
2013-04-24,-0.11937104808515507,-0.31209392294937155
2013-04-25,-0.12303879479979012,-0.31600484716433613
2013-04-26,-0.12092585780780135,-0.3111779552224443
2013-04-29,-0.1200091810628701,-0.3137918225328321
2013-04-30,-0.1211973840430207,-0.3144990370157127
2013-05-01,-0.12995308853889234,-0.3070752652646964
2013-05-02,-0.1321577019426383,-0.30152444086657687
2013-05-03,-0.12846179381042297,-0.3021997403346679
2013-05-06,-0.1245931943936315,-0.30701546360629295
2013-05-07,-0.12109591983971127,-0.3083564909290445
2013-05-08,-0.11690907101209405,-0.31388110833053184
2013-05-09,-0.10914820837891752,-0.3162146478970189
2013-05-10,-0.11433741867873483,-0.32162074432400944
2013-05-13,-0.11738441764874154,-0.32174267618760094
2013-05-14,-0.11807917140381513,-0.3249902131962362
2013-05-15,-0.11948018721511264,-0.33462749289144833
2013-05-16,-0.11664090853738499,-0.33567554275273087
2013-05-17,-0.1317158895770598,-0.35375487205044065
2013-05-20,-0.13110148819614623,-0.3543403138683834
2013-05-21,-0.09056680776012117,-0.3615404450862943
2013-05-22,-0.09597418661939063,-0.36374009303496246
2013-05-23,-0.09554542033683915,-0.3639268691803477
2013-05-24,-0.09535987336821448,-0.3673849812892963
2013-05-27,-0.09416526591782791,-0.3768236858649018
2013-05-28,-0.0935664551060487,-0.3800517906058625
2013-05-29,-0.08737131613800361,-0.37943933315088696
2013-05-30,-0.08364569572262684,-0.3811154478900334
2013-05-31,-0.08122491107790501,-0.38293694501561043
2013-06-03,-0.08730786138057381,-0.3912483112794119
2013-06-04,-0.08873389441787666,-0.39304619810915237
2013-06-05,-0.08903217438106728,-0.39355168845938293
2013-06-06,-0.08789225941106414,-0.4046724447338113
2013-06-07,-0.10431208949272884,-0.39238156033485583
2013-06-10,-0.09002835318467514,-0.37588755183852063
2013-06-11,-0.09351906419097344,-0.3773664443091333
2013-06-12,-0.082113139669775,-0.3839867647298031
2013-06-13,-0.07827080860180731,-0.38575425466547997
2013-06-14,-0.08138185767505056,-0.38642504383829296
2013-06-17,-0.08766842862185166,-0.3855159642526972
2013-06-18,-0.09220254702710559,-0.3610543602902344
2013-06-19,-0.1058420113343997,-0.35904443802416536
2013-06-20,-0.1843480332834077,-0.4337140983550145
2013-06-21,-0.16544937062654047,-0.4262915534987782
2013-06-24,-0.17203146954258164,-0.4238375696700268
2013-06-25,-0.17508054291821695,-0.41787672136985293
2013-06-26,-0.15241067757153837,-0.4094344901893368
2013-06-27,-0.13494510243043242,-0.40663163484330855
2013-06-28,-0.12805039963642662,-0.40024434816926946
2013-07-01,-0.13552359664316138,-0.4035392100407811
2013-07-02,-0.13095999094075586,-0.4021160829632302
2013-07-03,-0.12840408630769382,-0.4012544459260135
2013-07-04,-0.12798346276028622,-0.4015197497117102
2013-07-05,-0.1532811182237706,-0.4127080008216684
2013-07-08,-0.16007670685903466,-0.41280591999291366
2013-07-09,-0.15870201531871048,-0.4155176741829958
2013-07-10,-0.1574202021247042,-0.4177489639585073
2013-07-11,-0.17313267531848162,-0.43776265790150537
2013-07-12,-0.17422901692564027,-0.4355946400835662
2013-07-15,-0.1742024900656197,-0.43537422182290153
2013-07-16,-0.1792681601231777,-0.4357082673167773
2013-07-17,-0.17570295114848267,-0.43548704087131423
2013-07-18,-0.1786157860921466,-0.4361328348800577
2013-07-19,-0.18304074389965536,-0.43759503230062297
2013-07-22,-0.18520896984830487,-0.44164592361110105
2013-07-23,-0.18436132808264097,-0.44162013340786815
2013-07-24,-0.19402137353080162,-0.4423046948646347
2013-07-25,-0.19435437212820222,-0.4422542548561435
2013-07-26,-0.19532199717168594,-0.4423918599838529
2013-07-29,-0.19644407733737934,-0.44287526367828595
2013-07-30,-0.19627541728703696,-0.44255007694760784
2013-07-31,-0.19385706152522753,-0.44184283051165985
2013-08-01,-0.19767910927998494,-0.44353723059902184
2013-08-02,-0.19985045403056287,-0.4429419789417279
2013-08-05,-0.20132808344419229,-0.44169323260935184
2013-08-06,-0.1972375412955776,-0.43742080568609504
2013-08-07,-0.1975607992091182,-0.43722837543639714
2013-08-08,-0.19693655715258745,-0.4419463416582408
2013-08-09,-0.1904781675851618,-0.4450808676166377
2013-08-12,-0.18031214545283913,-0.4389748650121028
2013-08-13,-0.18601639445915769,-0.4419556686858203
2013-08-14,-0.18578871093961483,-0.44249952300151013
2013-08-15,-0.16731410291362697,-0.43601438966754347
2013-08-16,-0.16088434474920385,-0.43573723908186573
2013-08-19,-0.1618600920547983,-0.4369263887579358
2013-08-20,-0.15529955798876008,-0.42886264968520704
2013-08-21,-0.15560060381132312,-0.4268207207723244
2013-08-22,-0.15241346206121967,-0.423740016178226
2013-08-23,-0.16275564153723546,-0.4280549847989514
2013-08-26,-0.16636256683679498,-0.4252440605724924
2013-08-27,-0.16360995738057388,-0.41177035631453385
2013-08-28,-0.16322655206172024,-0.4124058476009761
2013-08-29,-0.16357708114031663,-0.412661246807253
2013-08-30,-0.16595655364755513,-0.4132344445404616
2013-09-02,-0.15144226901050642,-0.4129194845207828
2013-09-03,-0.14156162882178094,-0.41417979564398627
2013-09-04,-0.14571209095867385,-0.40367329079516406
2013-09-05,-0.1550112710277398,-0.4114039081455137
2013-09-06,-0.16025671744011893,-0.41774622436687425
2013-09-09,-0.15995289312758085,-0.4174938430444206
2013-09-10,-0.16056879151619208,-0.4142286728291745
2013-09-11,-0.16117511697271356,-0.41328114875365424
2013-09-12,-0.16022823369658584,-0.4038966451334293
2013-09-13,-0.16183295323744235,-0.40354773007221506
2013-09-16,-0.15693277041684053,-0.39247213116450735
2013-09-17,-0.1569886697563588,-0.3924911202008259
2013-09-18,-0.20854199789128863,-0.3814464375089911
2013-09-19,-0.20889504587522015,-0.37084111167797884
2013-09-20,-0.20013536072912252,-0.37522362214529537
2013-09-23,-0.19704178790586135,-0.373374059701284
2013-09-24,-0.19603201640833118,-0.37471112911311094
2013-09-25,-0.19794413285502768,-0.37445784091548223
2013-09-26,-0.1983471111068934,-0.3763801007346679
2013-09-27,-0.19907183291476166,-0.37645659937896436
2013-09-30,-0.19927505033315382,-0.37548326885598937
2013-10-01,-0.19913617107091758,-0.3737491524791248
2013-10-02,-0.2030156115105095,-0.3773963603808673
2013-10-03,-0.20708389639807395,-0.37692127876237247
2013-10-04,-0.2088129818920483,-0.37691748097929045
2013-10-07,-0.20981965029586197,-0.375992079022112
2013-10-08,-0.2140410461141589,-0.37345890942999826
2013-10-09,-0.21316046629956406,-0.37541489762700075
2013-10-10,-0.216288440725928,-0.367029556706157
2013-10-11,-0.21535276408791323,-0.3661518466289623
2013-10-14,-0.2190974237489211,-0.36536829460276316
2013-10-15,-0.21728994254702433,-0.36627497773117695
2013-10-16,-0.2168479236833953,-0.3661255582223821
2013-10-17,-0.22486597380875065,-0.38300976825181454
2013-10-18,-0.2222874285752708,-0.38314373439093097
2013-10-21,-0.2219467882844912,-0.38191818108409165
2013-10-22,-0.2258330269851485,-0.3844727176697494
2013-10-23,-0.22480785157555822,-0.3866575269655557
2013-10-24,-0.229141189026662,-0.38235347238937784
2013-10-25,-0.2300983288077629,-0.38318977226037
2013-10-28,-0.22740446087593688,-0.38471300755518484
2013-10-29,-0.2272270147630348,-0.3854427626196337
2013-10-30,-0.2272520528036506,-0.38545317819662006
2013-10-31,-0.22896927569664682,-0.3893692207023932
2013-11-01,-0.23050157883869082,-0.3897413802842207
2013-11-04,-0.2304115275880828,-0.38874140432954696
2013-11-05,-0.23032402445942773,-0.38825312240541304
2013-11-06,-0.23462081207950558,-0.38491288765481063
2013-11-07,-0.23310972691229084,-0.3862183694169401
2013-11-08,-0.24077049657204966,-0.3893078928563643
2013-11-11,-0.24065566023977722,-0.38926187188979117
2013-11-12,-0.24109520066598286,-0.38599421665064015
2013-11-13,-0.2419274915823184,-0.3864500930526863
2013-11-14,-0.24661006699427435,-0.3867947240111867
2013-11-15,-0.24793130071711456,-0.3865260286698369
2013-11-18,-0.2427369444190871,-0.38039870584966234
2013-11-19,-0.2425248652063889,-0.38127461942998375
2013-11-20,-0.2529349663874771,-0.38349729570163427
2013-11-21,-0.25423147562506304,-0.38328119015195405
2013-11-22,-0.25432213110807794,-0.3832356272020205
2013-11-25,-0.25403651502911334,-0.38274335465851966
2013-11-26,-0.25344041533410444,-0.38238556755861214
2013-11-27,-0.2531823457601655,-0.38203746202003325
2013-11-28,-0.25339735264743285,-0.38221858449645246
2013-11-29,-0.25291397181671355,-0.3824510340338554
2013-12-02,-0.25715008519002075,-0.3866732574680335
2013-12-03,-0.2577187143240547,-0.3870003390715465
2013-12-04,-0.24705916252451474,-0.3839876947751494
2013-12-05,-0.2470199106459979,-0.37762373317677606
2013-12-06,-0.24687572408209288,-0.3779393721816571
2013-12-09,-0.25158716685287086,-0.3793832708243946
2013-12-10,-0.25560633974086666,-0.3819630909028784
2013-12-11,-0.256337711269339,-0.3814861793664772
2013-12-12,-0.2590549931676579,-0.38648425478406134
2013-12-13,-0.2604961256440975,-0.38702169633802624
2013-12-16,-0.2603904733932978,-0.3875655883497414
2013-12-17,-0.25787515545741596,-0.38825419436748043
2013-12-18,-0.2635720843251074,-0.38972407156398287
2013-12-19,-0.2697738947827461,-0.39453157579428766
2013-12-20,-0.27556328482996534,-0.3927292200150207
2013-12-23,-0.2725210687977805,-0.3913045677824217
2013-12-24,-0.27134754345219425,-0.3903732647589654
2013-12-25,-0.2737742168022934,-0.39148741176240887
2013-12-26,-0.27379232078478744,-0.39151984207918605
2013-12-27,-0.27411873382733815,-0.3917527524919776
2013-12-30,-0.2707345330050728,-0.38423061300925254
2013-12-31,-0.2692711341355142,-0.3843157035275093
2014-01-01,-0.26873362687901853,-0.3841589544979629
2014-01-02,-0.2735294963119794,-0.37742972501036287
2014-01-03,-0.2728437302571455,-0.37675029850628716
2014-01-06,-0.2734014436276124,-0.376255179834517
2014-01-07,-0.27273408825223283,-0.3778046795155661
2014-01-08,-0.2729906545226195,-0.3782721569793574
2014-01-09,-0.27308363237718286,-0.37726754339430074
2014-01-10,-0.2781055611461412,-0.381219377956132
2014-01-13,-0.2774337766250033,-0.38156084223205333
2014-01-14,-0.278490607862972,-0.3819479355961495
2014-01-15,-0.2784399225050115,-0.3811900257528982
2014-01-16,-0.2792032019786874,-0.37950277810304683
2014-01-17,-0.2802721748419483,-0.37843275812811533
2014-01-20,-0.28162390317433544,-0.379276313763803
2014-01-21,-0.28197728194866156,-0.3795243195592881
2014-01-22,-0.28157500825361154,-0.38229450629655937
2014-01-23,-0.2756288273165897,-0.3808465968348138
2014-01-24,-0.2760897361441898,-0.3815528000051387
2014-01-27,-0.2771747927138358,-0.3817619290043153
2014-01-28,-0.27718009478968125,-0.3817881334717192
2014-01-29,-0.28247115105844856,-0.38060477449958136
2014-01-30,-0.28306930958200766,-0.3841628238305696
2014-01-31,-0.2831414962177332,-0.38413573290622416
2014-02-03,-0.2865711760110806,-0.38271799186461597
2014-02-04,-0.2852065907509902,-0.38134546981054185
2014-02-05,-0.2837908442561016,-0.38139570183870514
2014-02-06,-0.2837236089000059,-0.38028194291354284
2014-02-07,-0.28758311018311,-0.3781388975754518
2014-02-10,-0.28743456680778007,-0.38389597871511
2014-02-11,-0.28295395223756187,-0.38485802412326103
2014-02-12,-0.2805107929055524,-0.3861177718012366
2014-02-13,-0.2819859582187515,-0.3905371866446505
2014-02-14,-0.2792652688913297,-0.39715248980961004
2014-02-17,-0.2816738259788403,-0.3969679259001053
2014-02-18,-0.2827736064301673,-0.39738013154977264
2014-02-19,-0.28363723799251633,-0.3983979128121509
2014-02-20,-0.281517317914872,-0.39352193610237435
2014-02-21,-0.28309192025610064,-0.3936246602525504
2014-02-24,-0.2839407573605535,-0.3956435440100231
2014-02-25,-0.2850241286196293,-0.3955403854715236
2014-02-26,-0.282409796892151,-0.3967172322308515
2014-02-27,-0.28164865449237847,-0.39577181353784807
2014-02-28,-0.2816030821137954,-0.39321652869278834
2014-03-03,-0.2861260708703854,-0.39154321188032304
2014-03-04,-0.28923431221428664,-0.39414288865318287
2014-03-05,-0.2872566506813521,-0.39734258469422545
2014-03-06,-0.2862906604852245,-0.4014266697797147
2014-03-07,-0.2869155724236577,-0.40335469233168275
2014-03-10,-0.28689688799222585,-0.40266585395634036
2014-03-11,-0.2879724604013662,-0.4033513341504613
2014-03-12,-0.290018127474773,-0.4011809419845469
2014-03-13,-0.2908299696373236,-0.40178811411980425
2014-03-14,-0.2906322320853619,-0.4029293439133205
2014-03-17,-0.2923117150348884,-0.4042446332926994
2014-03-18,-0.2910383368766888,-0.40418530116827833
2014-03-19,-0.2989321868179638,-0.40474325447822745
2014-03-20,-0.29835352303575824,-0.40213402855932445
2014-03-21,-0.3011646856165328,-0.4037484147913331
2014-03-24,-0.29910465657880114,-0.4006409012613347
2014-03-25,-0.29586737538780167,-0.3972504533437686
2014-03-26,-0.2930845721937402,-0.3956590623775412
2014-03-27,-0.2934354333509612,-0.3922400315346787
2014-03-28,-0.28890828854532324,-0.3935804450872032
2014-03-31,-0.2884150946359739,-0.3922352097510451
2014-04-01,-0.3050327330042492,-0.39621472262421875
2014-04-02,-0.34246942483257603,-0.4182136683129805
2014-04-03,-0.34520765622229377,-0.4176367658301003
2014-04-04,-0.34828028601497374,-0.4220337342215018
2014-04-07,-0.3555742260088328,-0.42186520186271315
2014-04-08,-0.35436601115573335,-0.4250732986232802
2014-04-09,-0.3514218292460874,-0.43032984385551254
2014-04-10,-0.35345380860874803,-0.4311011008417296
2014-04-11,-0.35297477688033774,-0.43273149608982425
2014-04-14,-0.352375924918057,-0.4230203909677071
2014-04-15,-0.3488109770018509,-0.4254256064604427
2014-04-16,-0.3496327456103365,-0.42346394095739115
2014-04-17,-0.3513009423700919,-0.4225510295037943
2014-04-18,-0.3522258356593771,-0.42246689295101336
2014-04-21,-0.35313804058102316,-0.42472945264379947
2014-04-22,-0.35569135320546846,-0.424746980166608
2014-04-23,-0.35563070723075463,-0.42503613472991175
2014-04-24,-0.35580227775796675,-0.4281406477779356
2014-04-25,-0.3588918838692754,-0.423574168201068
2014-04-28,-0.36183618233914916,-0.42253521225568524
2014-04-29,-0.36030820598689967,-0.4252615316512212
2014-04-30,-0.35715831674981896,-0.42412640008893776
2014-05-01,-0.35430387135391084,-0.42367049803800044
2014-05-02,-0.35673090062959695,-0.4165958050554699
2014-05-05,-0.3552925980995858,-0.4179871037637317
2014-05-06,-0.34699955959848544,-0.4067476633646964
2014-05-07,-0.34660901308170367,-0.4056780729401575
2014-05-08,-0.35181407034690293,-0.4089280741042723
2014-05-09,-0.35015919168669696,-0.40647555319207695
2014-05-12,-0.34947022858966936,-0.4059089878852619
2014-05-13,-0.349861231425909,-0.4056587979438978
2014-05-14,-0.3529787013675273,-0.4061237967782442
2014-05-15,-0.3506877342790605,-0.4074310276829216
2014-05-16,-0.35438391540205116,-0.4068600124639967
2014-05-19,-0.3602405233101004,-0.40597215155447164
2014-05-20,-0.3626458011695572,-0.4027811778688486
2014-05-21,-0.36200384687456216,-0.3953749061665918
2014-05-22,-0.3615342818268638,-0.3944168688775408
2014-05-23,-0.36091551879348716,-0.3943529199236026
2014-05-26,-0.36171464500806083,-0.3925022276789378
2014-05-27,-0.34955618863714477,-0.4050519801656146
2014-05-28,-0.3488219318344595,-0.41019669787609636
2014-05-29,-0.34838224367337506,-0.41105953301689696
2014-05-30,-0.3553498832092661,-0.40942041069548535
2014-06-02,-0.35900019799652155,-0.4114294186065874
2014-06-03,-0.35370887766595516,-0.4103662652897277
2014-06-04,-0.3530510338741775,-0.40993208753253463
2014-06-05,-0.35584692824556274,-0.40886537807770534
2014-06-06,-0.35103173422872835,-0.41092266570422553
2014-06-09,-0.3065898992757339,-0.3234013130041445
2014-06-10,-0.3224449544927958,-0.33022530324907684
2014-06-11,-0.32012672422371125,-0.3285942588811537
2014-06-12,-0.3222396852175677,-0.33296846263287844
2014-06-13,-0.3458300835089305,-0.33878924919931175
2014-06-16,-0.36755667580535034,-0.34595695723598235
2014-06-17,-0.37942061070098637,-0.35340209557208807
2014-06-18,-0.37575313423228485,-0.34964728367375847
2014-06-19,-0.3690383301297023,-0.35652093025429527
2014-06-20,-0.36979528147514895,-0.3575351864382734
2014-06-23,-0.3697403886449334,-0.3578198171020611
2014-06-24,-0.35041227228906535,-0.34208854593043253
2014-06-25,-0.3454754446604066,-0.3413563479433809
2014-06-26,-0.34602505403489436,-0.3409805540868863
2014-06-27,-0.3481007101266283,-0.34014543728643787
2014-06-30,-0.3358691568033706,-0.31644026866358926
2014-07-01,-0.33628193504079845,-0.3159051384657724
2014-07-02,-0.3370211318235542,-0.3157101882622542
2014-07-03,-0.3350040847251193,-0.31463754930030824
2014-07-04,-0.3396493545806117,-0.31491027758617096
2014-07-07,-0.3396956480412603,-0.31690686025187614
2014-07-08,-0.33534747564612216,-0.3144619857898646
2014-07-09,-0.3394136989848748,-0.3065029130504802
2014-07-10,-0.3438670499997774,-0.3046863689825515
2014-07-11,-0.33303841886617663,-0.3009406640246557
2014-07-14,-0.3362311928147579,-0.29720584997390176
2014-07-15,-0.33786360251392034,-0.2994664455469751
2014-07-16,-0.33715525520106043,-0.2993055147272002
2014-07-17,-0.3448531920065839,-0.2952744837910314
2014-07-18,-0.3488346375763824,-0.29503741253624666
2014-07-21,-0.343813402831314,-0.29172350179640216
2014-07-22,-0.3460696373718415,-0.2934722869484259
2014-07-23,-0.34621834565041254,-0.29438696318540186
2014-07-24,-0.3508911793894017,-0.30252609680475095
2014-07-25,-0.3543205743973845,-0.2979465654695471
2014-07-28,-0.35581848145500156,-0.28458343416812637
2014-07-29,-0.3551104412274649,-0.2851407486185259
2014-07-30,-0.36372778215717866,-0.2900777706017382
2014-07-31,-0.3575354725314623,-0.28459814738305755
2014-08-01,-0.36220244265971363,-0.2824371475963496
2014-08-04,-0.38950543496597456,-0.2902041609073803
2014-08-05,-0.39811018832169737,-0.2888689232494095
2014-08-06,-0.3971753731990789,-0.28869533285702725
2014-08-07,-0.39817233633244675,-0.28780959844237775
2014-08-08,-0.3983913366152479,-0.28891416226172423
2014-08-11,-0.40394364514776054,-0.2923932134203838
2014-08-12,-0.3947426872749863,-0.2841339076509941
2014-08-13,-0.39409341848863455,-0.2876092242617694
2014-08-14,-0.3904822079776388,-0.2934570747088642
2014-08-15,-0.3898600870532419,-0.29240292786867955
2014-08-18,-0.3896663657352277,-0.290130195689377
2014-08-19,-0.38812196495921014,-0.28873369939532073
2014-08-20,-0.38862991437860234,-0.2894145857474796
2014-08-21,-0.40154979553514203,-0.2984210104340271
2014-08-22,-0.39531471135547336,-0.31156463883358876
2014-08-25,-0.38425871020573027,-0.3032987843378107
2014-08-26,-0.37884353038005253,-0.2908727740274605
2014-08-27,-0.37951091686707644,-0.29236879623720063
2014-08-28,-0.3786974766389709,-0.2962342622061829
2014-08-29,-0.3803066976153654,-0.29733986669983986
2014-09-01,-0.38422907965911773,-0.313166165673347
2014-09-02,-0.38857518288907616,-0.3231004895573638
2014-09-03,-0.3952185331942551,-0.3379779772719546
2014-09-04,-0.39784274052565327,-0.3394359926562223
2014-09-05,-0.3328175426105767,-0.3570137775999739
2014-09-08,-0.3368400760176112,-0.38274620291584177
2014-09-09,-0.35264707906792836,-0.37019966047900016
2014-09-10,-0.35808088945964417,-0.3697106078767842
2014-09-11,-0.3565127333678073,-0.3709587437795673
2014-09-12,-0.3586102912714375,-0.3733978075230491
2014-09-15,-0.3578700068914306,-0.3704824283311025
2014-09-16,-0.3572684489397119,-0.3695487226163759
2014-09-17,-0.3640444060331088,-0.37126035625059506
2014-09-18,-0.3654357524523944,-0.3748930515239412
2014-09-19,-0.357286723186862,-0.37095054247228787
2014-09-22,-0.35747985841527674,-0.3710435407389195
2014-09-23,-0.35905207005699175,-0.37205277436063305
2014-09-24,-0.35941060921157414,-0.37398571981379863
2014-09-25,-0.35997859381710984,-0.3706316291178911
2014-09-26,-0.3617662194477435,-0.3655739447090441
2014-09-29,-0.3588318205956698,-0.37823623345203333
2014-09-30,-0.36008897748359286,-0.3825171471640916
2014-10-01,-0.3613386228958646,-0.38229483730005437
2014-10-02,-0.3658455771453734,-0.37939381826299295
2014-10-03,-0.3701084085923226,-0.39677213858636484
2014-10-06,-0.3633965927172339,-0.3696814174452013
2014-10-07,-0.3659738709595561,-0.3710338937213989
2014-10-08,-0.37024452372976535,-0.3716228945870286
2014-10-09,-0.3604563843913386,-0.3601418781410504
2014-10-10,-0.36108448333600346,-0.35808489229825097
2014-10-13,-0.3613515631847745,-0.3608847341162708
2014-10-14,-0.35958208029062777,-0.36062843463726973
2014-10-15,-0.35963766213717574,-0.36104580799934105
2014-10-16,-0.36012005409611736,-0.3603948823432519
2014-10-17,-0.36025762451389365,-0.3604217228137901
2014-10-20,-0.35773886984949055,-0.35058705727751116
2014-10-21,-0.35369728023354213,-0.3484016223290013
2014-10-22,-0.354068816953317,-0.35211785301953574
2014-10-23,-0.3563746306156013,-0.35408295102739046
2014-10-24,-0.35451553230133687,-0.3518178277583202
2014-10-27,-0.3569316114194165,-0.3481830261696689
2014-10-28,-0.34294236783184984,-0.3392041528017835
2014-10-29,-0.3461792532563487,-0.327972218393007
2014-10-30,-0.3425063628304029,-0.3335105559544137
2014-10-31,-0.33999325185973994,-0.3565857706203215
2014-11-03,-0.33302612849779506,-0.35648607694662077
2014-11-04,-0.33343552205450067,-0.3567753625584747
2014-11-05,-0.33869560077543276,-0.37720950451966595
2014-11-06,-0.3399926885706657,-0.37444178894986524
2014-11-07,-0.3338400970882185,-0.37150637838422257
2014-11-10,-0.34614572609638844,-0.3611543212853856
2014-11-11,-0.3449237625898349,-0.36058897014331787
2014-11-12,-0.3459196654912509,-0.3615534217183893
2014-11-13,-0.34728001344672343,-0.3608403374806219
2014-11-14,-0.3528170141303801,-0.3568188266068383
2014-11-17,-0.353516973969618,-0.35737472229916395
2014-11-18,-0.35663660230393984,-0.35946380618459106
2014-11-19,-0.3498365101963608,-0.35467459033171583
2014-11-20,-0.35267948258786525,-0.35345885259735
2014-11-21,-0.38083647883062527,-0.358207270052842
2014-11-24,-0.37742987670164857,-0.38060349625324286
2014-11-25,-0.3781988709378582,-0.38064642575818025
2014-11-26,-0.37599573888470017,-0.37521711903060334
2014-11-27,-0.3693268931807998,-0.37720060910302183
2014-11-28,-0.3509593917309267,-0.41201467049112733
2014-12-01,-0.31028812469673717,-0.4041970572544712
2014-12-02,-0.31602570403148394,-0.4103576756327954
2014-12-03,-0.31611656102760727,-0.406549842650651
2014-12-04,-0.3204379485336321,-0.40328363804680695
2014-12-05,-0.32480179623996036,-0.4100985775394997
2014-12-08,-0.3110042605573664,-0.3943096183186545
2014-12-09,-0.3164576223463766,-0.40872048559423685
2014-12-10,-0.31507380005880126,-0.41105224012877495
2014-12-11,-0.3187338988455349,-0.41100530240894767
2014-12-12,-0.31740871893344647,-0.41020665839532455
2014-12-15,-0.3248400971859615,-0.41832539445327327
2014-12-16,-0.32639600138514885,-0.4189320532645825
2014-12-17,-0.3380042852099532,-0.4306703384559631
2014-12-18,-0.33102052389637227,-0.4277608662141065
2014-12-19,-0.3248434025440792,-0.4280984511831106
2014-12-22,-0.3098140384338719,-0.4330281442866505
2014-12-23,-0.30640586697611777,-0.43091758116618256
2014-12-24,-0.3055363085616834,-0.4310434017422743
2014-12-25,-0.30718385153925154,-0.43033758857338084
2014-12-26,-0.30580012953662467,-0.4271386541453681
2014-12-29,-0.3034629446717268,-0.42776438356334034
2014-12-30,-0.2949505819495662,-0.42571926459248166
2014-12-31,-0.2790687575678575,-0.4265324094395643
2015-01-01,-0.2752353723973116,-0.4254993372525419
2015-01-02,-0.27682954054781717,-0.4137030546988918
2015-01-05,-0.2768434431754208,-0.3897051752952188
2015-01-06,-0.2722042619923998,-0.3939438738670478
2015-01-07,-0.2705611425477161,-0.39558246544981684
2015-01-08,-0.27069555910102655,-0.38931007125503075
2015-01-09,-0.2744055767719257,-0.3912194103748778
2015-01-12,-0.2888075572581082,-0.39064991271936395
2015-01-13,-0.28806643788667324,-0.3905424353339743
2015-01-14,-0.28136631880917135,-0.3897313463912804
2015-01-15,-0.3014612931766607,-0.38624632184950325
2015-01-16,-0.2867927092849071,-0.3820416849801986
2015-01-19,-0.2848333226972668,-0.3759884045315536
2015-01-20,-0.282936440401896,-0.366047048354499
2015-01-21,-0.2777134441580168,-0.36688710430909866
2015-01-22,-0.2734917273562653,-0.3670921999156074
2015-01-23,-0.2657325438555862,-0.3703290095023472
2015-01-26,-0.26636014211840087,-0.3734961235405656
2015-01-27,-0.2685445016829377,-0.37870405049602696
2015-01-28,-0.26195443680620395,-0.3807718055241488
2015-01-29,-0.2751605993411099,-0.3977174742166317
2015-01-30,-0.29624154468387215,-0.3813533247817683
2015-02-02,-0.2941586221881263,-0.3714763483564851
2015-02-03,-0.3056127888807864,-0.34502368484585727
2015-02-04,-0.3048209070096902,-0.3435035935950719
2015-02-05,-0.3034544568116399,-0.3429176652319994
2015-02-06,-0.3229232795970589,-0.359325291445246
2015-02-09,-0.3269719160877469,-0.36713217798315945
2015-02-10,-0.3289235790340416,-0.36857644452640687
2015-02-11,-0.32808125675386696,-0.36992011015941145
2015-02-12,-0.32748091649855726,-0.36386362752212303
2015-02-13,-0.33109740124114484,-0.362190672971017
2015-02-16,-0.3310519014667642,-0.3622274308876443
2015-02-17,-0.34140741856369033,-0.3632024477041347
2015-02-18,-0.3348790313557847,-0.361328414345081
2015-02-19,-0.3286464947468459,-0.3567658312770422
2015-02-20,-0.32903776077423835,-0.3575883852362858
2015-02-23,-0.3310972060866644,-0.3512774927594857
2015-02-24,-0.32604238860401885,-0.3489504326603405
2015-02-25,-0.32688347423368386,-0.34948098688431006
2015-02-26,-0.3270893692935948,-0.3447885815140252
2015-02-27,-0.3234311511106598,-0.3473624022122961
2015-03-02,-0.3228218865880127,-0.3471746042596002
2015-03-03,-0.3226234658547795,-0.3459532835022476
2015-03-04,-0.3191979198072123,-0.3467812563157786
2015-03-05,-0.3211145689371869,-0.3474781909463529
2015-03-06,-0.33238137472089735,-0.38108497065757024
2015-03-09,-0.33163765531284084,-0.3845141453784423
2015-03-10,-0.3282565061646943,-0.38375309222267256
2015-03-11,-0.33270955156249926,-0.39285591596094305
2015-03-12,-0.33344676502313486,-0.3908796209108905
2015-03-13,-0.33545749458765006,-0.3866094631160174
2015-03-16,-0.3363621609564249,-0.3892980046397609
2015-03-17,-0.33505671358832606,-0.3879538989130157
2015-03-18,-0.35637194588564447,-0.3944809346132252
2015-03-19,-0.35561333961141967,-0.39430810597117993
2015-03-20,-0.3622655914018243,-0.40281415357598505
2015-03-23,-0.3625023317122663,-0.40384508941667346
2015-03-24,-0.35851328688158673,-0.39935946271806316
2015-03-25,-0.3594491820263681,-0.4015491493059408
2015-03-26,-0.34928641022674245,-0.39373756016638184
2015-03-27,-0.3483349466507742,-0.3941634033782064
2015-03-30,-0.34947390045024473,-0.3973167255605734
2015-03-31,-0.3484064586439168,-0.39736076882003696
2015-04-01,-0.3623460613131004,-0.40646301258458917
2015-04-02,-0.36873562421145634,-0.40281280627772276
2015-04-03,-0.36591508000271056,-0.39592200221063445
2015-04-06,-0.35580085481456253,-0.3985585130496981
2015-04-07,-0.3540336141799782,-0.3989356485424865
2015-04-08,-0.35501869192054425,-0.39800270787158565
2015-04-09,-0.35739576442554644,-0.40014768468068024
2015-04-10,-0.35528528828361333,-0.3916078499681698
2015-04-13,-0.3554507654396886,-0.39273800084624344
2015-04-14,-0.3523167095917048,-0.3813226680588849
2015-04-15,-0.35299425718789296,-0.3803085258114014
2015-04-16,-0.3523103226605004,-0.3681434047695707
2015-04-17,-0.35630654916200893,-0.36991324972393685
2015-04-20,-0.36085391942570155,-0.37094907362853335
2015-04-21,-0.35567165404205436,-0.3698525571061356
2015-04-22,-0.36584749700225344,-0.36676783695988396
2015-04-23,-0.36803446070380597,-0.37169999696041145
2015-04-24,-0.3681988325813964,-0.36588933765459
2015-04-27,-0.36653723286233525,-0.3697379566775672
2015-04-28,-0.35667768258495997,-0.37411448308474016
2015-04-29,-0.36171559342512477,-0.3647793416851567
2015-04-30,-0.355365854480256,-0.3753152557427654
2015-05-01,-0.3510667260801266,-0.37482984721555307
2015-05-04,-0.3499296000647305,-0.3741494807114074
2015-05-05,-0.34935303804929185,-0.37489101897194943
2015-05-06,-0.3471928006140938,-0.37190313903949374
2015-05-07,-0.3431667842863386,-0.37498841188898013
2015-05-08,-0.34366029208970233,-0.3761864506959266
2015-05-11,-0.3423182008205416,-0.3764058158244517
2015-05-12,-0.34234904446114595,-0.37959342930147727
2015-05-13,-0.3384104065434195,-0.3880596974889936
2015-05-14,-0.3452114941180381,-0.3895660045755048
2015-05-15,-0.3530532421436342,-0.3902464885941476
2015-05-18,-0.35182830998674863,-0.38904027646830963
2015-05-19,-0.3549939968972662,-0.396144139345041
2015-05-20,-0.35332679396911115,-0.3945025766782323
2015-05-21,-0.35723120086030496,-0.39316871283593025
2015-05-22,-0.3569547253889203,-0.3921189199545345
2015-05-25,-0.3556152618458575,-0.3908141073917969
2015-05-26,-0.3513220549512381,-0.39927394656763804
2015-05-27,-0.351258634386047,-0.39916106079656516
2015-05-28,-0.352968813116696,-0.4000464121804388
2015-05-29,-0.35301596897324145,-0.4000073424119486
2015-06-01,-0.3492166304214007,-0.39723245048698097
2015-06-02,-0.346958102335766,-0.39684756597505505
2015-06-03,-0.3494995137198906,-0.3932721692971075
2015-06-04,-0.34520666222668406,-0.3947278041121052
2015-06-05,-0.3457780808395195,-0.39540919509778766
2015-06-08,-0.35804106604868974,-0.39008751571735617
2015-06-09,-0.35916136861819353,-0.38982078499966516
2015-06-10,-0.3512491306655642,-0.39241001906225115
2015-06-11,-0.34673868868864394,-0.3931982834367192
2015-06-12,-0.3467636884441781,-0.3929753904076418
2015-06-15,-0.3486485574528994,-0.3927620741745547
2015-06-16,-0.34486329979619257,-0.3930290094120938
2015-06-17,-0.3463930335206145,-0.3908462001992879
2015-06-18,-0.3396105325648361,-0.39938497639565584
2015-06-19,-0.3390652871713542,-0.3993243312974318
2015-06-22,-0.34475407352263804,-0.39611277932781314
2015-06-23,-0.3458328380083473,-0.397848811815258
2015-06-24,-0.3453533211724388,-0.3980513032478693
2015-06-25,-0.34583222739246405,-0.3977017264860208
2015-06-26,-0.3414721862212068,-0.3962761984502588
2015-06-29,-0.34210571167781656,-0.39717747714997775
2015-06-30,-0.3424568848870188,-0.3976812797243491
2015-07-01,-0.34117455499022925,-0.40465477594825733
2015-07-02,-0.33816395811596556,-0.40354917220274644
2015-07-03,-0.33864270430383947,-0.40354148406990786
2015-07-06,-0.33077595652526315,-0.4055834651951441
2015-07-07,-0.32570245723793056,-0.4110611818037647
2015-07-08,-0.32577353979154294,-0.41142085336972634
2015-07-09,-0.3219248714507642,-0.4115800053789023
2015-07-10,-0.31894861545355624,-0.41140056119204604
2015-07-13,-0.320424439833789,-0.41250696952852395
2015-07-14,-0.31617166979674516,-0.4149621197375362
2015-07-15,-0.31367729568082836,-0.4160859397113198
2015-07-16,-0.31422461658357026,-0.4160219598821644
2015-07-17,-0.31289323454402695,-0.4177858418554878
2015-07-20,-0.3199050231397981,-0.4144783424097045
2015-07-21,-0.31673463644924116,-0.4129287250508613
2015-07-22,-0.3163975910307331,-0.41423633194173914
2015-07-23,-0.3144819543341352,-0.4138645275559971
2015-07-24,-0.31199197108433063,-0.41000136900595396
2015-07-27,-0.3101640925665451,-0.40722118784425543
2015-07-28,-0.30992647930081657,-0.4072909679580558
2015-07-29,-0.3097271781459204,-0.408013833754188
2015-07-30,-0.3089658887368051,-0.4107911220463976
2015-07-31,-0.31082589392023996,-0.4127996589590278
2015-08-03,-0.3102959560890527,-0.41441895847742377
2015-08-04,-0.3099650876753822,-0.4157671147407286
2015-08-05,-0.3097312630178668,-0.41630381341403083
2015-08-06,-0.3102603789106699,-0.4168261646563412
2015-08-07,-0.31040681678997173,-0.4170194526336853
2015-08-10,-0.30935635952541535,-0.41974111979967854
2015-08-11,-0.3118679659575179,-0.4126831261432976
2015-08-12,-0.3072735851159931,-0.4176547987503828
2015-08-13,-0.31019547109108814,-0.4190914234592664
2015-08-14,-0.3102016473332161,-0.41942256757013674
2015-08-17,-0.309403495042853,-0.4186012069158356
2015-08-18,-0.3088704053319889,-0.4185997140143962
2015-08-19,-0.31484199724341905,-0.4149970695597379
2015-08-20,-0.31241855338237584,-0.41598291042317664
2015-08-21,-0.3119145430766332,-0.41503629769263983
2015-08-24,-0.3105484594802747,-0.41175773529275034
2015-08-25,-0.31721076758890326,-0.41399493742472504
2015-08-26,-0.31945596993260744,-0.4140689518693151
2015-08-27,-0.32015607345857033,-0.4162157537973257
2015-08-28,-0.31996445169813087,-0.4147062523135584
2015-08-31,-0.3214455809596496,-0.41513797653148865
2015-09-01,-0.3171597785706875,-0.4151961804512574
2015-09-02,-0.31797622958552874,-0.4160840933246643
2015-09-03,-0.3178290411652082,-0.4156709265992894
2015-09-04,-0.3123480034041876,-0.4168806980698469
2015-09-07,-0.314127830768802,-0.41761968146922945
2015-09-08,-0.3165055357422515,-0.416457561359273
2015-09-09,-0.3128882541046939,-0.41583477311520867
2015-09-10,-0.31079293240556205,-0.4164855539701159
2015-09-11,-0.30955982143833105,-0.416003578793848
2015-09-14,-0.30880440460242137,-0.41714910251630566
2015-09-15,-0.3082084738079752,-0.4170575635287974
2015-09-16,-0.305957479599681,-0.4221786668308113
2015-09-17,-0.31195944257057695,-0.4210574317915634
2015-09-18,-0.31264842303196705,-0.4227654520451363
2015-09-21,-0.3150082319923269,-0.42453527777509137
2015-09-22,-0.3105388719445459,-0.4182557491617533
2015-09-23,-0.30897260159039375,-0.41130610347019547
2015-09-24,-0.3056382157635113,-0.4122044794571311
2015-09-25,-0.3046900823821435,-0.41175987074525133
2015-09-28,-0.30337422162514577,-0.41011035523431616
2015-09-29,-0.30107459533032566,-0.4104814021254224
2015-09-30,-0.2997790045836558,-0.40668906159340174
2015-10-01,-0.2988308158284698,-0.40569812567087454
2015-10-02,-0.3090081373230097,-0.40975172176694374
2015-10-05,-0.308890993167652,-0.40846792960657463
2015-10-06,-0.310511089184944,-0.41086384598490294
2015-10-07,-0.31019358147369924,-0.40952789956631924
2015-10-08,-0.31155934377006234,-0.407808408648885
2015-10-09,-0.30402938239509747,-0.4133546226406871
2015-10-12,-0.3024447710278582,-0.4130515743194673
2015-10-13,-0.3035498457851362,-0.41129136432397434
2015-10-14,-0.30740901579366,-0.4142477310171936
2015-10-15,-0.3083928802336243,-0.41105830349638545
2015-10-16,-0.3071134246143882,-0.4184993726775558
2015-10-19,-0.3085104553658477,-0.41633878682308106
2015-10-20,-0.3091316607792735,-0.40729517285808414
2015-10-21,-0.3079518489223105,-0.4086003895639591
2015-10-22,-0.30777940194508513,-0.4084202905444063
2015-10-23,-0.311083211379807,-0.4073772794930197
2015-10-26,-0.311341646135879,-0.40756697958271904
2015-10-27,-0.30112241885898205,-0.40856531199373003
2015-10-28,-0.2965782364760492,-0.41320420594245943
2015-10-29,-0.3001068080133016,-0.41744228649928444
2015-10-30,-0.2976864391222373,-0.41312780946993505
2015-11-02,-0.29857441944015434,-0.4130506967472286
2015-11-03,-0.2926283077152516,-0.414852519439588
2015-11-04,-0.2934369329132078,-0.41712130199850295
2015-11-05,-0.2943691418016296,-0.4157293321587886
2015-11-06,-0.2940313069268077,-0.42219147371477195
2015-11-09,-0.2909821697954063,-0.42236968932655394
2015-11-10,-0.289841667797622,-0.42254839227253344
2015-11-11,-0.29001182958561683,-0.42216207240787484
2015-11-12,-0.2895850673217062,-0.42168412311052716
2015-11-13,-0.28901371111529894,-0.42232146337900484
2015-11-16,-0.2890093379182483,-0.421904687525374
2015-11-17,-0.29505438370519044,-0.40540747309225816
2015-11-18,-0.3212853277523586,-0.41025539303102015
2015-11-19,-0.31730138631695326,-0.41157891297747584
2015-11-20,-0.3161265269904567,-0.41432287484376085
2015-11-23,-0.3149398778657815,-0.4171001490124019
2015-11-24,-0.3095795381620392,-0.41320035929551735
2015-11-25,-0.3094387220304745,-0.4177634180536168
2015-11-26,-0.30171454533388137,-0.4098936694753577
2015-11-27,-0.30105126865104154,-0.4122826461353045
2015-11-30,-0.30049259571732323,-0.41178165272636
2015-12-01,-0.30232358314863106,-0.41286847203193106
2015-12-02,-0.3016913680874242,-0.4128754033703856
2015-12-03,-0.2852465798668739,-0.41755357346733457
2015-12-04,-0.28769843182857235,-0.41594218702249486
2015-12-07,-0.29348968175113366,-0.4243079590196876
2015-12-08,-0.2972671302651273,-0.4231789476442772
2015-12-09,-0.3041913445152716,-0.42790784541367777
2015-12-10,-0.3080233086710025,-0.42941957480169907
2015-12-11,-0.3105876715478718,-0.425484529173659
2015-12-14,-0.31917095452320543,-0.4236723145060205
2015-12-15,-0.320390374617301,-0.4266591112360126
2015-12-16,-0.3157763943961804,-0.4243788160018659
2015-12-17,-0.29593928976401584,-0.43234129868465776
2015-12-18,-0.3118422320286944,-0.4378124524174555
2015-12-21,-0.3086935611831532,-0.43530863102928374
2015-12-22,-0.3078923217950094,-0.43917228794993163
2015-12-23,-0.30742001763974336,-0.4541581584455321
2015-12-24,-0.31114093593477316,-0.453336750647451
2015-12-25,-0.31262737189313594,-0.45228271377834184
2015-12-28,-0.3123301234658285,-0.4542789257657045
2015-12-29,-0.3077042724215782,-0.4532927622412539
2015-12-30,-0.30547738106898686,-0.4571821643213614
2015-12-31,-0.3050589883771899,-0.45731404563280725
2016-01-01,-0.3077243820501292,-0.4579359901921425
2016-01-04,-0.2939793707137308,-0.4456354274003657
2016-01-05,-0.3010480899332218,-0.4491590106445432
2016-01-06,-0.30497556575533036,-0.4407698786743853
2016-01-07,-0.3034030785423438,-0.44593296690397544
2016-01-08,-0.30328612597909416,-0.44714173089129794
2016-01-11,-0.31032227913110705,-0.44796394022278524
2016-01-12,-0.31683679074914395,-0.4466839648127693
2016-01-13,-0.3183786617903254,-0.44764916979123237
2016-01-14,-0.3148061735951184,-0.4451579279664277
2016-01-15,-0.31900430837611843,-0.438163465477603
2016-01-18,-0.31715639880687285,-0.4269880357689006
2016-01-19,-0.2974414249629011,-0.44141674835733585
2016-01-20,-0.29545456625862704,-0.43596710875989503
2016-01-21,-0.2894419953669246,-0.4486263852341749
2016-01-22,-0.28880195015055093,-0.4494684114454333
2016-01-25,-0.2921080878633976,-0.44840267481126456
2016-01-26,-0.27502802687294037,-0.4381651246423844
2016-01-27,-0.2766498231628947,-0.4384188970076745
2016-01-28,-0.26856825108603793,-0.431469436554584
2016-01-29,-0.26997347379486986,-0.42529277629916346
2016-02-01,-0.26465559063050215,-0.4290406213127987
2016-02-02,-0.2649891252455932,-0.42823644288349216
2016-02-03,-0.2652758818370738,-0.4344397354526335
2016-02-04,-0.2512465366389581,-0.4460728618921843
2016-02-05,-0.24511256789154703,-0.4308550090672874
2016-02-08,-0.24511631482927665,-0.4278637685345388
2016-02-09,-0.24495515705835097,-0.4257307251902565
2016-02-10,-0.2466607222068818,-0.4242722302247355
2016-02-11,-0.2585515272866014,-0.41302340186440195
2016-02-12,-0.25947987210629997,-0.412545891187402
2016-02-15,-0.25951228266521875,-0.4152304440300666
2016-02-16,-0.2656507241162944,-0.4105832202145956
2016-02-17,-0.26402209689293105,-0.41196070926409606
2016-02-18,-0.26511228121162295,-0.40758803417692246
2016-02-19,-0.26462754421141654,-0.40721035455307786
2016-02-22,-0.2548984614252727,-0.40086263113103693
2016-02-23,-0.23000075979378487,-0.3680371651318708
2016-02-24,-0.2311370325851786,-0.36813927170902944
2016-02-25,-0.2335162832601393,-0.3669763341701406
2016-02-26,-0.23672334670917036,-0.3673398331838456
2016-02-29,-0.23937325254261366,-0.3689021771915741
2016-03-01,-0.242356962890636,-0.368737744660542
2016-03-02,-0.24333391279547337,-0.37015743549042407
2016-03-03,-0.2485058998163005,-0.377554268830252
2016-03-04,-0.22308985986256455,-0.3735109917108907
2016-03-07,-0.2200818282745828,-0.3740906804915251
2016-03-08,-0.21434582971342314,-0.3681528283485951
2016-03-09,-0.2157080909008015,-0.3601029269337333
2016-03-10,-0.2036509801022077,-0.35840824402236493
2016-03-11,-0.20026595076036513,-0.3395262732328561
2016-03-14,-0.20840765311645015,-0.3461403670952681
2016-03-15,-0.20916461136130007,-0.34449432950096825
2016-03-16,-0.2247947333894354,-0.3314171944807978
2016-03-17,-0.22492510462531054,-0.29882068314146865
2016-03-18,-0.20717139262457293,-0.2939129315495151
2016-03-21,-0.20681906709416578,-0.29759499994531774
2016-03-22,-0.20781298195296663,-0.30013911185967307
2016-03-23,-0.2100105435553663,-0.31180504098702955
2016-03-24,-0.21250643650418216,-0.31052172233941433
2016-03-25,-0.2108166810572579,-0.31101278269104876
2016-03-28,-0.2083100448462462,-0.3085350050833944
2016-03-29,-0.22836617320937438,-0.31269621285851834
2016-03-30,-0.22466196858321447,-0.28767209755059053
2016-03-31,-0.22845802469641535,-0.29552451544078545
2016-04-01,-0.2268506172865123,-0.298786519263475
2016-04-04,-0.22522125353407613,-0.3061075523708773
2016-04-05,-0.22237143433562256,-0.2970904389212221
2016-04-06,-0.22203176319275214,-0.29261473780602176
2016-04-07,-0.23109931464173256,-0.2865190958834492
2016-04-08,-0.22497430646992686,-0.28592864822311526
2016-04-11,-0.21720246461742948,-0.2881632204621432
2016-04-12,-0.22227918578641911,-0.2939911994797824
2016-04-13,-0.2203080399609442,-0.2941914014544919
2016-04-14,-0.23222540517435294,-0.2892605683623867
2016-04-15,-0.2327073773954507,-0.2952496449524706
2016-04-18,-0.240373838831832,-0.2842027349488179
2016-04-19,-0.2409869317748328,-0.2919551136379234
2016-04-20,-0.2494466645120904,-0.29296347269237794
2016-04-21,-0.24931130282814765,-0.28995574344683217
2016-04-22,-0.2514795524735589,-0.29509719920096134
2016-04-25,-0.2554613533538317,-0.2921117543706883
2016-04-26,-0.25422565600497987,-0.29186114952352943
2016-04-27,-0.2539339000316647,-0.2904482348672868
2016-04-28,-0.2642828148721668,-0.2967684391543345
2016-04-29,-0.2657934746623295,-0.2945493868612413
2016-05-02,-0.26489216403258825,-0.2931132341404915
2016-05-03,-0.26322535620806137,-0.29268388851219707
2016-05-04,-0.2633717364128129,-0.29628954806155194
2016-05-05,-0.2571627309780484,-0.288455779813068
2016-05-06,-0.2511209335693132,-0.2872601160489772
2016-05-09,-0.25025585847874526,-0.29646778483027875
2016-05-10,-0.25085515658570307,-0.29709884985673246
2016-05-11,-0.2512381790236136,-0.30078646136989073
2016-05-12,-0.2560712158858181,-0.29346698182347086
2016-05-13,-0.25674660927116183,-0.2898455800771453
2016-05-16,-0.25645561822125196,-0.2898391715308584
2016-05-17,-0.2563620844195935,-0.2900017163082083
2016-05-18,-0.2715622620870645,-0.295081601073722
2016-05-19,-0.2747835755459902,-0.29406649560745524
2016-05-20,-0.2707653976755699,-0.2973790630066899
2016-05-23,-0.27585671106333776,-0.2958232594666703
2016-05-24,-0.274095505654507,-0.29153391523973915
2016-05-25,-0.27316475665915946,-0.29057397346273656
2016-05-26,-0.27177064051706334,-0.2889334228402341
2016-05-27,-0.2814311732664897,-0.28693225962592667
2016-05-30,-0.286602266341701,-0.285973803056282
2016-05-31,-0.2850227173526375,-0.2845435650943673
2016-06-01,-0.2839991865442677,-0.28502943396338865
2016-06-02,-0.2869300336181109,-0.2848980629892053
2016-06-03,-0.30176441191398734,-0.30562941619201495
2016-06-06,-0.3088100051297229,-0.2970004468179576
2016-06-07,-0.3103470192266847,-0.2957125812582236
2016-06-08,-0.3064131612779517,-0.30515515655875103
2016-06-09,-0.30459058482566975,-0.29948589357314337
2016-06-10,-0.30520739396138713,-0.2962215627333756
2016-06-13,-0.30206927875770223,-0.29287801269312425
2016-06-14,-0.3049714066174855,-0.29218569657624993
2016-06-15,-0.3070490009609884,-0.2932703932554451
2016-06-16,-0.30754734765405556,-0.2962684226999156
2016-06-17,-0.2978808491907981,-0.3015658239103255
2016-06-20,-0.30195736421967667,-0.2955020955300882
2016-06-21,-0.3073587573643829,-0.2955350305716025
2016-06-22,-0.30707854137723206,-0.2960703051949902
2016-06-23,-0.3110488216366444,-0.2855924525729726
2016-06-24,-0.33667919571372396,-0.17933431330955543
2016-06-27,-0.34216670057626625,-0.17317878970480083
2016-06-28,-0.341413340043122,-0.16844136846775498
2016-06-29,-0.33984576075499173,-0.16854596320390414
2016-06-30,-0.340769614787281,-0.16754035932979136
2016-07-01,-0.34956658388265843,-0.17117204962202465
2016-07-04,-0.34960991649289047,-0.17068886948614137
2016-07-05,-0.3537040407860194,-0.1613671754319898
2016-07-06,-0.3458569663918815,-0.159490068060797
2016-07-07,-0.3481229240264231,-0.1609339777304576
2016-07-08,-0.3491592312349173,-0.15986136693137684
2016-07-11,-0.35650235634467164,-0.16087792209374926
2016-07-12,-0.366251613449535,-0.15524262819749252
2016-07-13,-0.36895840305897054,-0.15776656533516434
2016-07-14,-0.37171852220104223,-0.15531912869753808
2016-07-15,-0.3726836346779231,-0.15687888016871293
2016-07-18,-0.3741482800237048,-0.15121481694621483
2016-07-19,-0.37248638175728005,-0.14818667565165503
2016-07-20,-0.37294638317191475,-0.1449352254819061
2016-07-21,-0.382322927376578,-0.145208145060768
2016-07-22,-0.38210673020521435,-0.14563700688702008
2016-07-25,-0.3827346550423786,-0.14627160393590305
2016-07-26,-0.38299876768570384,-0.14630263671024576
2016-07-27,-0.390539178291465,-0.14175241020756021
2016-07-28,-0.38839814707226983,-0.14369707454567604
2016-07-29,-0.39604329933933385,-0.14467219346746132
2016-08-01,-0.3888734413164539,-0.1414748728537219
2016-08-02,-0.3819806296675928,-0.1430299540710321
2016-08-03,-0.38066418485305153,-0.14446126313113758
2016-08-04,-0.38045155558542,-0.14441718814161375
2016-08-05,-0.381213775405049,-0.1531331941260121
2016-08-08,-0.3801618480898258,-0.14857620666790147
2016-08-09,-0.380341728664477,-0.14985865805045467
2016-08-10,-0.3802939323497988,-0.15245829039759035
2016-08-11,-0.3765939860502668,-0.14719140582987972
2016-08-12,-0.3697755861339826,-0.14459154943201954
2016-08-15,-0.36950637024485966,-0.14515406436137074
2016-08-16,-0.3666272361096198,-0.14833480832553939
2016-08-17,-0.3657528852126442,-0.14806591255857135
2016-08-18,-0.36732454074782933,-0.14947925040535767
2016-08-19,-0.3684489233964497,-0.15160005767635829
2016-08-22,-0.3681329885437946,-0.1516519933752428
2016-08-23,-0.36900259913424993,-0.15086051626597732
2016-08-24,-0.3693957378225735,-0.15408599570096077
2016-08-25,-0.3706665348140939,-0.15414732593041489
2016-08-26,-0.37393981772955853,-0.1531652532434765
2016-08-29,-0.3736202865429833,-0.15131597003529162
2016-08-30,-0.3742339877413938,-0.15478389246677515
2016-08-31,-0.37429875278303165,-0.15502466126909226
2016-09-01,-0.37533990489282526,-0.15525406139860704
2016-09-02,-0.37620587402047534,-0.1511667698116313
2016-09-05,-0.37224492966380046,-0.1515263298115491
2016-09-06,-0.377491710930288,-0.1625533011652182
2016-09-07,-0.37387098613680103,-0.15869640581755318
2016-09-08,-0.37836183314111205,-0.15692255429421834
2016-09-09,-0.38108376095157004,-0.162279330171275
2016-09-12,-0.38443425800110564,-0.1604026238969578
2016-09-13,-0.38474384158793395,-0.1630070919598741
2016-09-14,-0.3861311394705051,-0.16350153541262052
2016-09-15,-0.3902904470817824,-0.1629260021076393
2016-09-16,-0.39077392937220257,-0.16641896898858574
2016-09-19,-0.39352387572624487,-0.1673037403268261
2016-09-20,-0.3832341105339229,-0.16204729024737444
2016-09-21,-0.38771155100855104,-0.16479228786183298
2016-09-22,-0.3846827802061256,-0.16273559811538535
2016-09-23,-0.3842531658992903,-0.16321945514564173
2016-09-26,-0.3838697512152959,-0.1643261147773412
2016-09-27,-0.3921440474456741,-0.15595787018572915
2016-09-28,-0.3907031780019987,-0.1561119564746042
2016-09-29,-0.38998302103434185,-0.1569370218284609
2016-09-30,-0.38512734005214627,-0.1530998228634011
2016-10-03,-0.3840524810073537,-0.15626334090450725
2016-10-04,-0.39753269419554615,-0.154908479140754
2016-10-05,-0.39679073736256415,-0.15382240602813535
2016-10-06,-0.398311680313285,-0.15494993575622795
2016-10-07,-0.3997479770868946,-0.15169645607454071
2016-10-10,-0.399912710192513,-0.15166420048983284
2016-10-11,-0.40075896476698913,-0.15178901129129319
2016-10-12,-0.40015627552336375,-0.1516171425471362
2016-10-13,-0.40014258925195334,-0.15243861925055743
2016-10-14,-0.39783931862540955,-0.15511093887264962
2016-10-17,-0.3952997662347706,-0.15108807367267793
2016-10-18,-0.3975102048646239,-0.15597682963101836
2016-10-19,-0.39673005870016154,-0.1564851077128612
2016-10-20,-0.3981596525757433,-0.1578511203194469
2016-10-21,-0.3961039279579529,-0.15376661123144436
2016-10-24,-0.39571058285360555,-0.15330229901926817
2016-10-25,-0.3932473689928206,-0.1432933236464893
2016-10-26,-0.39413328162199934,-0.14422699920356855
2016-10-27,-0.39166215293653495,-0.1434220611965102
2016-10-28,-0.39143923428478106,-0.14386042948218503
2016-10-31,-0.39168710870129436,-0.1441610675647173
2016-11-01,-0.3921589524570733,-0.14365425378803123
2016-11-02,-0.3916602325526037,-0.14418681516141632
2016-11-03,-0.39720273571058096,-0.14418091097752322
2016-11-04,-0.3967794325202132,-0.14412543382139012
2016-11-07,-0.39464781760589335,-0.13602241783001554
2016-11-08,-0.3968860843922756,-0.1339206187410659
2016-11-09,-0.39495061167101314,-0.13060292380464353
2016-11-10,-0.3956199465860758,-0.14315297599372326
2016-11-11,-0.3921268395221702,-0.14095585626823723
2016-11-14,-0.39429501893867014,-0.14822137308508082
2016-11-15,-0.3939022630691576,-0.14756050339078758
2016-11-16,-0.39326271952253206,-0.14788846029875177
2016-11-17,-0.3939666672254681,-0.14759850602001434
2016-11-18,-0.39124000474603227,-0.14946912111511168
2016-11-21,-0.4081163706760458,-0.14425534365577117
2016-11-22,-0.40387092379078887,-0.14327015782006414
2016-11-23,-0.4092868846938039,-0.14386507092207157
2016-11-24,-0.4095107195238116,-0.14418230923679037
2016-11-25,-0.41045183524804446,-0.14489077063902472
2016-11-28,-0.4099676778733043,-0.14711776103999377
2016-11-29,-0.4068818759491978,-0.14884464352064272
2016-11-30,-0.3971291977265582,-0.1497411221240489
2016-12-01,-0.3964616322328989,-0.14927688298183076
2016-12-02,-0.4026662310061868,-0.15211286233188917
2016-12-05,-0.42232735100014096,-0.136910192237887
2016-12-06,-0.4187421052109608,-0.13033721711912577
2016-12-07,-0.42266186636559083,-0.13238556355562447
2016-12-08,-0.4218837194566918,-0.13425772983375692
2016-12-09,-0.4266572621573749,-0.13624588165277665
2016-12-12,-0.4252978029526995,-0.13641180301634426
2016-12-13,-0.4257256176059335,-0.1359522455579638
2016-12-14,-0.4317278981907403,-0.13452267918732508
2016-12-15,-0.43970923752571167,-0.15269163846179218
2016-12-16,-0.4381055576506055,-0.15311647870026204
2016-12-19,-0.4395850435277631,-0.15302928169706037
2016-12-20,-0.43825381232150495,-0.1541846568055214
2016-12-21,-0.43471706103500346,-0.16518419362509906
2016-12-22,-0.4327218640476964,-0.1657999832942156
2016-12-23,-0.42982246605171454,-0.17083716241997435
2016-12-26,-0.43304755665745304,-0.17170920667316295
2016-12-27,-0.4334375301840882,-0.16977703550868706
2016-12-28,-0.43065847774330096,-0.16944307526852262
2016-12-29,-0.43284400401952083,-0.17353439775457263
2016-12-30,-0.4268945027463804,-0.17087225558797775
2017-01-02,-0.4258810986156884,-0.16861406021597325
2017-01-03,-0.42815634346081743,-0.16648730853700705
2017-01-04,-0.42803481592670706,-0.16699067453247243
2017-01-05,-0.432381113213072,-0.17614420387852328
2017-01-06,-0.43719345887497507,-0.1847373416729743
2017-01-09,-0.4406064581451748,-0.18410561561524375
2017-01-10,-0.44182111349690883,-0.18377010995720583
2017-01-11,-0.4403432907812841,-0.18257090377971763
2017-01-12,-0.4379712129086305,-0.1839438249936464
2017-01-13,-0.43610788681560075,-0.18252532492206783
2017-01-16,-0.4426793497921942,-0.18586340498787898
2017-01-17,-0.4464839054263031,-0.19395432133307763
2017-01-18,-0.4552958153038879,-0.19499753054513824
2017-01-19,-0.45750463564967137,-0.19506702148405952
2017-01-20,-0.4571391759447282,-0.18864862006512037
2017-01-23,-0.46113901240132893,-0.1841557777963352
2017-01-24,-0.46761396626565493,-0.1940101418979604
2017-01-25,-0.469865823777946,-0.19505487157187995
2017-01-26,-0.4667088357654542,-0.19791325679989713
2017-01-27,-0.46554738582030114,-0.19946643490270488
2017-01-30,-0.46040182114396777,-0.20321150779647668
2017-01-31,-0.460056626089453,-0.20775814483186733
2017-02-01,-0.46035984395721496,-0.2080788713508573
2017-02-02,-0.45688883549051745,-0.209294780522165
2017-02-03,-0.4568840480376588,-0.2071619999608595
2017-02-06,-0.4609779478534372,-0.2041142155594941
2017-02-07,-0.46203997753126536,-0.20437553910548784
2017-02-08,-0.475420971960569,-0.20953023936613777
2017-02-09,-0.47355175839050445,-0.2163290474999327
2017-02-10,-0.47328611403609505,-0.21665396734029455
2017-02-13,-0.4757476623860461,-0.2170323422802157
2017-02-14,-0.47352324727939343,-0.21480734889426617
2017-02-15,-0.47168669369453986,-0.21464841560160547
2017-02-16,-0.4710222906026302,-0.21816091467851553
2017-02-17,-0.4689339287065031,-0.21835881636601714
2017-02-20,-0.4667559122961179,-0.2114786800850956
2017-02-21,-0.468844840766888,-0.21296198601682165
2017-02-22,-0.4752715914691109,-0.21317225731009512
2017-02-23,-0.48288294113731617,-0.21608109360073474
2017-02-24,-0.4834091858206984,-0.2190878437678965
2017-02-27,-0.5015062481661474,-0.2192867323834392
2017-02-28,-0.5073336041600913,-0.233086099534324
2017-03-01,-0.5034678158994154,-0.2294212532905155
2017-03-02,-0.5076520930207248,-0.2333224899335021
2017-03-03,-0.49228648297102257,-0.24053800529425876
2017-03-06,-0.4949134119916728,-0.2616193801655511
2017-03-07,-0.5010430949931397,-0.26124189554250365
2017-03-08,-0.5020872047916556,-0.261419551657427
2017-03-09,-0.504853430530307,-0.2618581071110458
2017-03-10,-0.5149287378379841,-0.24954056738183172
2017-03-13,-0.5137584168752248,-0.24904263674187635
2017-03-14,-0.5133042775824489,-0.24960038144966618
2017-03-15,-0.5244248821602808,-0.2509601098834366
2017-03-16,-0.5116239019530936,-0.2547523748227805
2017-03-17,-0.5185259158539763,-0.27777716723770357
2017-03-20,-0.5185021995343825,-0.2774694012053233
2017-03-21,-0.5193219788853009,-0.27730297162955014
2017-03-22,-0.5235408776161973,-0.27708798716578376
2017-03-23,-0.5254595531242559,-0.286605892027585
2017-03-24,-0.5238429661284367,-0.2905580840035478
2017-03-27,-0.5197981130138243,-0.29941959107157284
2017-03-28,-0.52035804642612,-0.3015545861482792
2017-03-29,-0.5283188327101924,-0.2958314254865643
2017-03-30,-0.5321800138521163,-0.2937255851794119
2017-03-31,-0.5354097189218308,-0.2904627866414907
2017-04-03,-0.5347365356927943,-0.29135031774771225
2017-04-04,-0.5327895566365223,-0.29142740274541523
2017-04-05,-0.5319348545874079,-0.2919894347450733
2017-04-06,-0.5320998157971457,-0.28291796504241595
2017-04-07,-0.52765417594957,-0.2825334537785343
2017-04-10,-0.5283715309806691,-0.28517863760756906
2017-04-11,-0.5312470564853515,-0.28184702344029966
2017-04-12,-0.5329882559166488,-0.2821467221064143
2017-04-13,-0.5341325192153963,-0.2823937684423988
2017-04-14,-0.5365337242571284,-0.28272598264867227
2017-04-17,-0.5280234778105432,-0.27180722465261004
2017-04-18,-0.5341457134380443,-0.26626333890998355
2017-04-19,-0.5374469169072147,-0.270854407763857
2017-04-20,-0.5377016802257686,-0.2708800082226589
2017-04-21,-0.5387095697660369,-0.2672736131640928
2017-04-24,-0.5400022514710524,-0.26259283024812324
2017-04-25,-0.5507138773359905,-0.26521309618363026
2017-04-26,-0.5584714696057838,-0.25294825980371394
2017-04-27,-0.5557019212734944,-0.2526334936383628
2017-04-28,-0.5562267725247898,-0.2485900847828844
2017-05-01,-0.5584536630991147,-0.24285997849164917
2017-05-02,-0.5578826204542324,-0.24684090629385702
2017-05-03,-0.562248357961987,-0.24489009923246124
2017-05-04,-0.5645992651862033,-0.24653718220689017
2017-05-05,-0.5543998239737792,-0.24121358454096903
2017-05-08,-0.5545008122494463,-0.24164845304239407
2017-05-09,-0.5555599638129933,-0.24326291158652666
2017-05-10,-0.5554206059081405,-0.24282779235082938
2017-05-11,-0.5586318216443175,-0.24524596364331808
2017-05-12,-0.5601856981479545,-0.2463871646881341
2017-05-15,-0.5618456304297086,-0.24877305479500955
2017-05-16,-0.56140264327563,-0.24896123930176492
2017-05-17,-0.5687827730340984,-0.2516036256402856
2017-05-18,-0.5687680544357546,-0.25716215970164963
2017-05-19,-0.56929317861911,-0.25920307215404775
2017-05-22,-0.5704939212272274,-0.25982823277915046
2017-05-23,-0.5599384246802305,-0.23597844757083117
2017-05-24,-0.56016402411786,-0.23602098377618144
2017-05-25,-0.5621024618700385,-0.2362206974837422
2017-05-26,-0.560242242097127,-0.2254310341913924
2017-05-29,-0.560675958801713,-0.22898264737633997
2017-05-30,-0.5573536039242152,-0.23230860955268703
2017-05-31,-0.5617894011182155,-0.23776821366793097
2017-06-01,-0.562424557139588,-0.23909174862079902
2017-06-02,-0.562412293311727,-0.23821866262108313
2017-06-05,-0.560691008198401,-0.2337422730849331
2017-06-06,-0.575135598765204,-0.22774009441920928
2017-06-07,-0.5747766802595967,-0.23482752316937877
2017-06-08,-0.5722184049869552,-0.2341661683768145
2017-06-09,-0.5735090875879834,-0.2348434568956761
2017-06-12,-0.5752000055744315,-0.2403732388000682
2017-06-13,-0.5629281724698113,-0.4031942156017014
2017-06-14,-0.5590154328986097,-0.410944692368523
2017-06-15,-0.5679597806342572,-0.4198271616188703
2017-06-16,-0.5690007149250553,-0.41897716321093736
2017-06-19,-0.5701222964303,-0.4227839014645367
2017-06-20,-0.5626450295113355,-0.41614776306774887
2017-06-21,-0.5625129427162265,-0.4157021464479641
2017-06-22,-0.5597770926405191,-0.4308345408416865
2017-06-23,-0.5591725528615771,-0.4338011904393714
2017-06-26,-0.5537129331244359,-0.43119352652754295
2017-06-27,-0.5432906160407447,-0.43109666156927023
2017-06-28,-0.5393561598771366,-0.430165054085968
2017-06-29,-0.5335393491496749,-0.4450724866971072
2017-06-30,-0.5307682459793632,-0.44537465743777177
2017-07-03,-0.5271901814100816,-0.45446289887027336
2017-07-04,-0.5265595735572892,-0.4537223318391437
2017-07-05,-0.5270610575486795,-0.4516937626520983
2017-07-06,-0.5272400311927786,-0.45335603411585307
2017-07-07,-0.5331731783823517,-0.45267696859938633
2017-07-10,-0.5234515721972403,-0.45608155514267246
2017-07-11,-0.5231850558251588,-0.45388964284713623
2017-07-12,-0.523052568442129,-0.4539523260184362
2017-07-13,-0.522812950694095,-0.4534672095628767
2017-07-14,-0.5187068564093886,-0.466924524828748
2017-07-17,-0.5222541116799013,-0.46967026291918934
2017-07-18,-0.5217573480307978,-0.46566540684454444
2017-07-19,-0.5301579388531251,-0.46620886330425554
2017-07-20,-0.543317676521745,-0.4648376894186565
2017-07-21,-0.5468147733615242,-0.4631850103523038
2017-07-24,-0.5476821339662853,-0.46317032646259754
2017-07-25,-0.5427704826861459,-0.45820470663654367
2017-07-26,-0.5450047781534941,-0.4558963201142599
2017-07-27,-0.5442531991298579,-0.4542746112210019
2017-07-28,-0.5457244943705832,-0.454606453475944
2017-07-31,-0.5435602753426948,-0.45692261690216107
2017-08-01,-0.5453656798546591,-0.45704642692271286
2017-08-02,-0.5483735778657601,-0.45585286808389197
2017-08-03,-0.5524720586897602,-0.4536058099231377
2017-08-04,-0.5535251819736094,-0.4589200988215412
2017-08-07,-0.5520271552676033,-0.4571790138943865
2017-08-08,-0.5493073819811686,-0.45303585701066024
2017-08-09,-0.5538785923084055,-0.45062635276778584
2017-08-10,-0.5550089117810655,-0.4515194345785431
2017-08-11,-0.5557954064175774,-0.44884622720189543
2017-08-14,-0.558142640841146,-0.44882147996925176
2017-08-15,-0.5625197122229106,-0.45146387595261067
2017-08-16,-0.5651148553934436,-0.45661168511667233
2017-08-17,-0.5688407695547432,-0.4541880635357848
2017-08-18,-0.5690629715616572,-0.4535609749921803
2017-08-21,-0.5699063268867666,-0.45369665588154123
2017-08-22,-0.5746380307734547,-0.45352409383917586
2017-08-23,-0.5753687407500542,-0.4533698881481585
2017-08-24,-0.566902073265861,-0.437111661164262
2017-08-25,-0.5705808794519721,-0.4383867728921627
2017-08-28,-0.5664183286666181,-0.4362317037066079
2017-08-29,-0.5635237898123541,-0.43250535037632704
2017-08-30,-0.5635654273525624,-0.4318476461936057
2017-08-31,-0.563680930685468,-0.4275076476661888
2017-09-01,-0.5625963614548374,-0.42773487488193473
2017-09-04,-0.5625900982497827,-0.4282530453976244
2017-09-05,-0.5706678502240656,-0.42980280850095404
2017-09-06,-0.571936249106548,-0.42482555314778564
2017-09-07,-0.5764200430757299,-0.4314381818483659
2017-09-08,-0.5709615235033721,-0.4308125197486519
2017-09-11,-0.5796518533301808,-0.43596086554807406
2017-09-12,-0.578755810958765,-0.4367460814601383
2017-09-13,-0.5795403718358588,-0.4393114411207161
2017-09-14,-0.5819931632431623,-0.44201004198316424
2017-09-15,-0.5843136332557937,-0.4382064825765671
2017-09-18,-0.5835117194066731,-0.442579400737838
2017-09-19,-0.5850373212393118,-0.44270849059920253
2017-09-20,-0.5881401615263365,-0.4386144097279734
2017-09-21,-0.5807840079028964,-0.4563061317491429
2017-09-22,-0.5816284220536778,-0.4567516786887685
2017-09-25,-0.5856553925206758,-0.43960807173334815
2017-09-26,-0.5858579148578685,-0.4455273968541941
2017-09-27,-0.5887885336282314,-0.4484206724322659
2017-09-28,-0.5876542686899464,-0.446812196028313
2017-09-29,-0.5899138370236378,-0.4463723518049531
2017-10-02,-0.5905024785386552,-0.4480167135436049
2017-10-03,-0.5902018535042448,-0.4477695455122092
2017-10-04,-0.5905358256949063,-0.4475630788057932
2017-10-05,-0.5913296483723905,-0.4471060300227
2017-10-06,-0.5897524160217784,-0.4445847149215789
2017-10-09,-0.5886353877670238,-0.442419168491942
2017-10-10,-0.5888479987994765,-0.44516970216213236
2017-10-11,-0.5892700621123537,-0.44512666007782753
2017-10-12,-0.5867669430432868,-0.4443152816136623
2017-10-13,-0.5867667735715459,-0.44305493921148176
2017-10-16,-0.5924756133513556,-0.44732632890764884
2017-10-17,-0.5936398976186913,-0.4495874120153793
2017-10-18,-0.5937488040345066,-0.44779813692721465
2017-10-19,-0.5948359909565839,-0.44984666779483357
2017-10-20,-0.5973741976003942,-0.4532161156048512
2017-10-23,-0.6018066733041422,-0.4518278238969309
2017-10-24,-0.6031505525761177,-0.45251716009413506
2017-10-25,-0.6091639866472197,-0.4600364709232132
2017-10-26,-0.6076754649672356,-0.46419161266847947
2017-10-27,-0.6190319926511784,-0.47071254576990224
2017-10-30,-0.6197162463600043,-0.4552266354476905
2017-10-31,-0.6342944221190233,-0.464406470686094
2017-11-01,-0.6363141982747388,-0.4588319673608317
2017-11-02,-0.6402617155743369,-0.4549510526930957
2017-11-03,-0.6416337151567207,-0.45671137537937306
2017-11-06,-0.6412182271111216,-0.457668543612744
2017-11-07,-0.6381173118118478,-0.4526283785179516
2017-11-08,-0.63650646097355,-0.45310937792183437
2017-11-09,-0.6354044094026664,-0.453499340493998
2017-11-10,-0.6404542625785259,-0.441315398863209
2017-11-13,-0.6404191139961651,-0.440167230020811
2017-11-14,-0.6392498123838544,-0.44109802016156474
2017-11-15,-0.6403809711140843,-0.4387779084161671
2017-11-16,-0.6424854996299478,-0.43939787084391657
2017-11-17,-0.6547840620573104,-0.4418811069941775
2017-11-20,-0.6571117470280415,-0.44520896171591823
2017-11-21,-0.6590360492436159,-0.44358299827108005
2017-11-22,-0.6693783517728867,-0.450377424351171
2017-11-23,-0.6698574426821874,-0.45100340266825323
2017-11-24,-0.6697904919846063,-0.4447942779213458
2017-11-27,-0.6697924084463989,-0.4428728992443776
2017-11-28,-0.6653524850960275,-0.44021999457901306
2017-11-29,-0.6671033126837044,-0.43886205767339653
2017-11-30,-0.6681190113053285,-0.4407968682775821
2017-12-01,-0.6606086119279678,-0.44833335822426545
2017-12-04,-0.6501424978925144,-0.43172636458580055
2017-12-05,-0.6574118635074364,-0.4294761738166491
2017-12-06,-0.6543943624049025,-0.4309761679907146
2017-12-07,-0.6594480660184001,-0.4294108864144549
2017-12-08,-0.6606095415597876,-0.4290799715820821
2017-12-11,-0.6657499244236043,-0.4267073645596246
2017-12-12,-0.6653855358540361,-0.42387810696006173
2017-12-13,-0.6670039991395951,-0.42578940640860147
2017-12-14,-0.6678865799384209,-0.42774685258438183
2017-12-15,-0.6677683254184125,-0.42984301852641243
2017-12-18,-0.6660181481485593,-0.4230326213318667
2017-12-19,-0.6741165165961875,-0.427709766632315
2017-12-20,-0.672356473071898,-0.42822907141420896
2017-12-21,-0.6706004610359428,-0.4466125750981568
2017-12-22,-0.6710300747301653,-0.4420068380556914
2017-12-25,-0.6662843834911045,-0.426763134950344
2017-12-26,-0.6638382477277642,-0.42352120146390576
2017-12-27,-0.6617482670758673,-0.4269490484708473
2017-12-28,-0.6623948365643281,-0.4307406529582929
2017-12-29,-0.6640370770015102,-0.4395821325635292
2018-01-01,-0.663831286018406,-0.4451871179311894
2018-01-02,-0.6562931651064055,-0.4529596381226884
2018-01-03,-0.6559725935710834,-0.45312917819131937
2018-01-04,-0.6511512347220036,-0.4423100200044643
2018-01-05,-0.6475238037600163,-0.4363527186139411
2018-01-08,-0.6474086208360459,-0.4383071756041439
2018-01-09,-0.6491337211810345,-0.4408482881994873
2018-01-10,-0.6472211108073367,-0.439137405267869
2018-01-11,-0.6442981098843169,-0.4423344934442191
2018-01-12,-0.6368702837223726,-0.45494740045842247
2018-01-15,-0.6453501794189085,-0.45035348425455685
2018-01-16,-0.6447086080484677,-0.4478391768244432
2018-01-17,-0.6468247848533047,-0.44155472531966405
2018-01-18,-0.6473088309402303,-0.43281147336873427
2018-01-19,-0.6451472440007532,-0.43233331530355706
2018-01-22,-0.6447426560398921,-0.4283818982158312
2018-01-23,-0.6465433437600616,-0.4282551479246972
2018-01-24,-0.6353843773368056,-0.46216688037138703
2018-01-25,-0.6298912340622146,-0.4469892821047322
2018-01-26,-0.628717041716377,-0.44435098420331665
2018-01-29,-0.6287055000922153,-0.44590450016612715
2018-01-30,-0.6292295863084006,-0.445313458577446
2018-01-31,-0.6284731873223242,-0.4459734605738868
2018-02-01,-0.6208455674898278,-0.4470790911204171
2018-02-02,-0.6219897545400417,-0.45866986674871946
2018-02-05,-0.6211162409501227,-0.45534201271926644
2018-02-06,-0.6240568843606206,-0.45651729437881905
2018-02-07,-0.6252201744402605,-0.45803583405376097
2018-02-08,-0.6242313899960634,-0.45204816939463666
2018-02-09,-0.6245706101791835,-0.4523078548510189
2018-02-12,-0.6207771198191286,-0.4480637123381602
2018-02-13,-0.6190224791010367,-0.45392897140124516
2018-02-14,-0.592288758981624,-0.45869265305825674
2018-02-15,-0.5915352082839767,-0.45901288922681166
2018-02-16,-0.5976457636175637,-0.46002481252369176
2018-02-19,-0.592088068114975,-0.45335179802002024
2018-02-20,-0.5877190889744306,-0.46537274039789056
2018-02-21,-0.5872713142414636,-0.4713777401358762
2018-02-22,-0.5882602912002163,-0.4715765060381947
2018-02-23,-0.5803356535904072,-0.4671526813708055
2018-02-26,-0.5784904128948706,-0.46556340576994576
2018-02-27,-0.5825776798020696,-0.4721281109312406
2018-02-28,-0.5833183147790878,-0.47254649180776953
2018-03-01,-0.5794738642368136,-0.47180479904028466
2018-03-02,-0.5547458530119245,-0.47244031913204243
2018-03-05,-0.5563271791360398,-0.47281565392024655
2018-03-06,-0.5504647927986767,-0.4796956894413765
2018-03-07,-0.5480124295445762,-0.48142347124373747
2018-03-08,-0.5454348791087432,-0.4803981719127077
2018-03-09,-0.5434102773984106,-0.47979588459528755
2018-03-12,-0.5433321479994403,-0.47977425546051394
2018-03-13,-0.5445821734464121,-0.47985219202531504
2018-03-14,-0.5437364565406169,-0.47756437769335974
2018-03-15,-0.5409447891333706,-0.47948140496330005
2018-03-16,-0.5417086549643904,-0.4831100211428374
2018-03-19,-0.5379567467484435,-0.4880089574335758
2018-03-20,-0.5396224230590947,-0.4916610334584845
2018-03-21,-0.5338631920652517,-0.48496510928232406
2018-03-22,-0.5250824762814023,-0.4778575125455481
2018-03-23,-0.5226675214998509,-0.4798127200840034
2018-03-26,-0.5185154549446018,-0.481401068462008
2018-03-27,-0.5086586674733911,-0.48321341860600453
2018-03-28,-0.5062854602465537,-0.4862322364794472
2018-03-29,-0.5013915274090721,-0.4888768079034009
2018-03-30,-0.49892785322810124,-0.4887569656237156
2018-04-02,-0.49733231795298094,-0.47605463147942756
2018-04-03,-0.49991643501703037,-0.4723791211536174
2018-04-04,-0.5006011362858803,-0.4737974058535335
2018-04-05,-0.5012251222103511,-0.47449465096610605
2018-04-06,-0.4996996082628108,-0.46721118718503335
2018-04-09,-0.5010551567390306,-0.46780411018886864
2018-04-10,-0.501224370060079,-0.47024434990237085
2018-04-11,-0.5047342979949149,-0.48184004788317275
2018-04-12,-0.5027293137058844,-0.4823513669621654
2018-04-13,-0.5020224023801437,-0.48975233543183394
2018-04-16,-0.5056515486469264,-0.48961013382882007
2018-04-17,-0.5041776017433741,-0.4890234742817075
2018-04-18,-0.49830935783911207,-0.49477552339216935
2018-04-19,-0.49819677728331424,-0.49440020034230964
2018-04-20,-0.49369315750820697,-0.5042784149810579
2018-04-23,-0.48864882854281055,-0.5071406245364437
2018-04-24,-0.48385087670292665,-0.5074865205142585
2018-04-25,-0.48580324858168883,-0.5106676922503635
2018-04-26,-0.4771328476906419,-0.5084252487518115
2018-04-27,-0.4784289996770675,-0.5101352049881539
2018-04-30,-0.47408102612598274,-0.511559285466377
2018-05-01,-0.4761831958854179,-0.5144849398394028
2018-05-02,-0.4787476428620594,-0.5125923050605018
2018-05-03,-0.4795227137111475,-0.5103149268686367
2018-05-04,-0.46253545843006744,-0.5100200939951937
2018-05-07,-0.4667017453284044,-0.5038092817652474
2018-05-08,-0.4642674168826396,-0.49895304025861736
2018-05-09,-0.4672300937058353,-0.4969350277779592
2018-05-10,-0.4665683972286258,-0.4994110506267229
2018-05-11,-0.4662574023048605,-0.4991964358115198
2018-05-14,-0.46783175531445387,-0.5016619039450648
2018-05-15,-0.477022835404208,-0.5214535408003127
2018-05-16,-0.47723987175822585,-0.5216015148687431
2018-05-17,-0.48200351318731305,-0.5212906487017461
2018-05-18,-0.48016121947997603,-0.5183454692922697
2018-05-21,-0.48009502542208987,-0.5183982963495577
2018-05-22,-0.4763213688363493,-0.5154294535625814
2018-05-23,-0.4767287657676997,-0.5113042597110403
2018-05-24,-0.4749957042622915,-0.5104329754744477
2018-05-25,-0.47052740959639927,-0.5103342125931867
2018-05-28,-0.4703754615427382,-0.5112422746198818
2018-05-29,-0.4525540086531866,-0.5069845436064677
2018-05-30,-0.44803778109351927,-0.5053011073573994
2018-05-31,-0.44621732096202577,-0.5063143602015463
2018-06-01,-0.45265994531116066,-0.5145904069170555
2018-06-04,-0.45095808206703447,-0.5148654804487633
2018-06-05,-0.45230074636335854,-0.5090892406315728
2018-06-06,-0.44722859679925037,-0.5060271974132972
2018-06-07,-0.4474109325186789,-0.50582309697458
2018-06-08,-0.4465992700700467,-0.5063495926242572
2018-06-11,-0.44514032986094804,-0.5056648538795587
2018-06-12,-0.44414851255895227,-0.5047609381087295
2018-06-13,-0.4484211388533275,-0.5087481900971809
2018-06-14,-0.45970292208272506,-0.5018515711277826
2018-06-15,-0.44789418502664474,-0.5110072072245037
2018-06-18,-0.44478354243113716,-0.5129663497986602
2018-06-19,-0.44081120504329924,-0.5136501143657497
2018-06-20,-0.44226522822096465,-0.5049643423425362
2018-06-21,-0.4407118506633567,-0.5052199379621763
2018-06-22,-0.44005654097906055,-0.508282498150081
2018-06-25,-0.43915887705016554,-0.508602104584322
2018-06-26,-0.42975111211252204,-0.5137267087359491
2018-06-27,-0.42128756533646805,-0.5162824993272174
2018-06-28,-0.4228302809351628,-0.5155001139538022
2018-06-29,-0.4214864760808429,-0.5154903263577026
2018-07-02,-0.4160084107059791,-0.523887507193372
2018-07-03,-0.41782441946707366,-0.5265823968494119
2018-07-04,-0.4160230885134118,-0.5272752956117206
2018-07-05,-0.4127326521093871,-0.524731843734018
2018-07-06,-0.41211127988437657,-0.522161465219961
2018-07-09,-0.409083838170721,-0.5219516795330782
2018-07-10,-0.40703172010820543,-0.5223788138078975
2018-07-11,-0.40407022693326144,-0.5244699799173583
2018-07-12,-0.40145149750210996,-0.5245246542614376
2018-07-13,-0.39289484427567367,-0.529305587375886
2018-07-16,-0.39231194722433144,-0.5290866517636669
2018-07-17,-0.3922087911373969,-0.5291892676516141
2018-07-18,-0.39186562340085657,-0.5287184928666634
2018-07-19,-0.38578044513992393,-0.5296235179091664
2018-07-20,-0.3790469520997083,-0.5336018586074626
2018-07-23,-0.38120486649903373,-0.5341466368718722
2018-07-24,-0.38092871897837516,-0.5304236751271229
2018-07-25,-0.3839852270011087,-0.5319756779843113
2018-07-26,-0.3901748187563404,-0.530361719720456
2018-07-27,-0.38238448176657985,-0.5337278393070641
2018-07-30,-0.3802526444798535,-0.5315330732964847
2018-07-31,-0.3811182833246507,-0.5296270701939471
2018-08-01,-0.37940095729536544,-0.5309399779632603
2018-08-02,-0.37284707690625757,-0.5293998603320907
2018-08-03,-0.3696507446477253,-0.5308344513689561
2018-08-06,-0.3663910955899768,-0.5302621395673371
2018-08-07,-0.3646153462690166,-0.5314094705296174
2018-08-08,-0.36471628675631057,-0.5287045327283418
2018-08-09,-0.36153612521436485,-0.5284929014589439
2018-08-10,-0.35787092834253825,-0.5205014490276872
2018-08-13,-0.3521403733923157,-0.528265758540763
2018-08-14,-0.3498552714807189,-0.5271344399159793
2018-08-15,-0.33631975369063033,-0.5345451273421838
2018-08-16,-0.3376990889737722,-0.5319216932063794
2018-08-17,-0.33633834520978423,-0.5324472584675292
2018-08-20,-0.33403363303459854,-0.5363208998365568
2018-08-21,-0.33266027540825194,-0.5365925416257961
2018-08-22,-0.3336627584949226,-0.5370726399106972
2018-08-23,-0.31622700148832816,-0.5399341028564846
2018-08-24,-0.31007987690078714,-0.5526743675229768
2018-08-27,-0.2976979018055599,-0.5477959004359427
2018-08-28,-0.3016678521082951,-0.5473128563615894
2018-08-29,-0.28773536810450484,-0.5401651026091338
2018-08-30,-0.2879454513253969,-0.5432748558622306
2018-08-31,-0.2858159533724251,-0.541045598887986
2018-09-03,-0.2859895859840155,-0.5411079652037295
2018-09-04,-0.28805960658082047,-0.5476931411449614
2018-09-05,-0.2864704239160966,-0.5457965356212794
2018-09-06,-0.2876184128029034,-0.5460141053078451
2018-09-07,-0.28098793346265344,-0.5510226669572246
2018-09-10,-0.2803140077971474,-0.5477531714273064
2018-09-11,-0.27764541634968837,-0.5468260809902081
2018-09-12,-0.27065819516619594,-0.5711220482696936
2018-09-13,-0.2687715821093317,-0.5634417710839988
2018-09-14,-0.2642086048578895,-0.5616711342820964
2018-09-17,-0.26397081357826746,-0.5634725320495735
2018-09-18,-0.2602371751044134,-0.5656753112011224
2018-09-19,-0.2568312905261658,-0.5645186388952451
2018-09-20,-0.25759584971992644,-0.5650365717697602
2018-09-21,-0.25595041269671504,-0.5633386321467003
2018-09-24,-0.2552839748638309,-0.5617654742238696
2018-09-25,-0.25560110379706563,-0.5639021917578476
2018-09-26,-0.25270369470219645,-0.5645479367620925
2018-09-27,-0.24732549487684038,-0.5664386621279481
2018-09-28,-0.24618801994664932,-0.5675264573432016
2018-10-01,-0.24615317732740602,-0.5675103438494135
2018-10-02,-0.24910063513689118,-0.5624705433425712
2018-10-03,-0.24836916023480293,-0.5617127060567183
2018-10-04,-0.24435347089832038,-0.5556950414506454
2018-10-05,-0.2390187454948018,-0.5585574283174541
2018-10-08,-0.23545024824685176,-0.5527748978373282
2018-10-09,-0.23213999895033016,-0.5498544104882283
2018-10-10,-0.2304978895368252,-0.5510177750594544
2018-10-11,-0.24576879232602158,-0.5413244359194197
2018-10-12,-0.2464812812562253,-0.5402147061399176
2018-10-15,-0.2454618226736518,-0.5408114665567822
2018-10-16,-0.24252711892799844,-0.5485614406419234
2018-10-17,-0.24104171719192446,-0.5474623627550634
2018-10-18,-0.24110754400644557,-0.5428536531951168
2018-10-19,-0.23959755427489404,-0.5430133914953746
2018-10-22,-0.23923100768989364,-0.5436764397137233
2018-10-23,-0.241051716195132,-0.5415170059743037
2018-10-24,-0.2388397475011985,-0.5385152069910784
2018-10-25,-0.2418953672543231,-0.5379960230542881
2018-10-26,-0.24502501123953066,-0.5369656169559096
2018-10-29,-0.24571542253445794,-0.537426210054477
2018-10-30,-0.24063980783646635,-0.5408003252892477
2018-10-31,-0.24336048363973098,-0.5434197661311174
2018-11-01,-0.23496850661991087,-0.5511465472497366
2018-11-02,-0.23530497982061488,-0.5508701256642976
2018-11-05,-0.23522646339040715,-0.5514968614610487
2018-11-06,-0.22602098019583028,-0.5484686009088865
2018-11-07,-0.21997763282950897,-0.5464121152235459
2018-11-08,-0.22052509684509017,-0.5462660506084622
2018-11-09,-0.20482772764613535,-0.55007062780962
2018-11-12,-0.20382281018511514,-0.5482916156896287
2018-11-13,-0.20300816882030776,-0.5541228485495819
2018-11-14,-0.20166528053444127,-0.5561317764238214
2018-11-15,-0.20203812080310105,-0.5566090719527874
2018-11-16,-0.20633299419577258,-0.5608949751116971
2018-11-19,-0.20209926487677157,-0.5608653410687829
2018-11-20,-0.19811778518964773,-0.55907492135507
2018-11-21,-0.19934760245430855,-0.5586593210415233
2018-11-22,-0.20029134825593028,-0.5591542608748161
2018-11-23,-0.20242927739130187,-0.5583988062685853
2018-11-26,-0.19598943603327248,-0.5605305913978541
2018-11-27,-0.2003444955341045,-0.5622179696607995
2018-11-28,-0.20217454668058663,-0.5645113396669448
2018-11-29,-0.20482429422516146,-0.5671204936694588
2018-11-30,-0.19875993633717484,-0.5656262750464426
2018-12-03,-0.20214339321647545,-0.5704358692775728
2018-12-04,-0.2075586927813383,-0.5684555611355082
2018-12-05,-0.2114645252973077,-0.5674374370091192
2018-12-06,-0.21380290584910058,-0.5666041552588177
2018-12-07,-0.21677854573015087,-0.5683614185350001
2018-12-10,-0.21803990784106905,-0.568714434767925
2018-12-11,-0.2160299936187895,-0.5723153551207089
2018-12-12,-0.2148172020177593,-0.5714959347587232
2018-12-13,-0.21326268146377703,-0.5714465379118501
2018-12-14,-0.20856284844755443,-0.5719769719956211
2018-12-17,-0.21038244739936932,-0.5725013401297455
2018-12-18,-0.20778924597082213,-0.5699488902206005
2018-12-19,-0.20035069937493047,-0.5631098829384203
2018-12-20,-0.18157787475875284,-0.5531094205646452
2018-12-21,-0.18030443029456378,-0.5538916470644324
2018-12-24,-0.18588471186334438,-0.5497772811495185
2018-12-25,-0.1857670026417281,-0.5503421162104797
2018-12-26,-0.18782149872508228,-0.5496330343846392
2018-12-27,-0.18559495386625674,-0.5486595151031493
2018-12-28,-0.1886686569443728,-0.5493100568071958
2018-12-31,-0.19078294690988834,-0.5489887507959487
2019-01-01,-0.19184656818482004,-0.541812614142787
2019-01-02,-0.19203620329253665,-0.5411966161956305
2019-01-03,-0.2046053777333652,-0.5456519048488053
2019-01-04,-0.20621773569697255,-0.5386780530356111
2019-01-07,-0.20425429257965586,-0.5403079752136698
2019-01-08,-0.2046324600686947,-0.5400701249349177
2019-01-09,-0.205426395746397,-0.5440012690050178
2019-01-10,-0.20443277747319213,-0.5410907842550471
2019-01-11,-0.209609489862216,-0.5306176969368762
2019-01-14,-0.21217886481089074,-0.5448136158698009
2019-01-15,-0.21266982074565244,-0.5455003105024676
2019-01-16,-0.2088022410045958,-0.544212601691841
2019-01-17,-0.2074294082787395,-0.5449961876479802
2019-01-18,-0.20360204253322062,-0.542082106060664
2019-01-21,-0.21037003580927707,-0.5411937408479314
2019-01-22,-0.20458675639793567,-0.5310918666581661
2019-01-23,-0.20336903294845318,-0.531816391310306
2019-01-24,-0.19960523672365382,-0.5315434960005186
2019-01-25,-0.18636687217846265,-0.53949410500806
2019-01-28,-0.18723470316421845,-0.5449049036029552
2019-01-29,-0.19003343250755858,-0.5448850885941818
2019-01-30,-0.19884285931466741,-0.5423817480997165
2019-01-31,-0.19577043595649304,-0.5379775305467339
2019-02-01,-0.21682656204205042,-0.5362895498047697
2019-02-04,-0.21930844134031025,-0.5381971139043489
2019-02-05,-0.2212302858789409,-0.5371046230246946
2019-02-06,-0.22062832304612953,-0.5377348676837922
2019-02-07,-0.22425239874246986,-0.5282594417818939
2019-02-08,-0.22087977129998446,-0.5263741204412878
2019-02-11,-0.22183858872761722,-0.5287720788477202
2019-02-12,-0.22333017770324887,-0.5302108102041525
2019-02-13,-0.22183458421705826,-0.5312866585051619
2019-02-14,-0.21834548618035277,-0.5240001323693211
2019-02-15,-0.2200089750317903,-0.5244841658417049
2019-02-18,-0.22311997759617025,-0.5241811979845618
2019-02-19,-0.23185754439662323,-0.5302667264402587
2019-02-20,-0.23042492431277478,-0.5313976849999246
2019-02-21,-0.23798953273879114,-0.5184096580640364
2019-02-22,-0.24087388506304525,-0.5174735290710913
2019-02-25,-0.24174629950723744,-0.5164706437851805
2019-02-26,-0.24359734258744992,-0.5174700659832526
2019-02-27,-0.24871110640525018,-0.5150453772546695
2019-02-28,-0.2500254559680525,-0.5153017995878879
2019-03-01,-0.25373804509284226,-0.5172403995618509
2019-03-04,-0.25280742039943777,-0.5154074646892213
2019-03-05,-0.2514179676626459,-0.5145961588152483
2019-03-06,-0.2512282014561227,-0.5142653239604986
2019-03-07,-0.24673702803352332,-0.5117814334350376
2019-03-08,-0.250224776454189,-0.5195245004968102
2019-03-11,-0.25721332963419585,-0.5262706691934521
2019-03-12,-0.2618428929238806,-0.5265192903614088
2019-03-13,-0.26743658250756125,-0.5258094234438587
2019-03-14,-0.2769496551088715,-0.5219314792393978
2019-03-15,-0.27972742508618403,-0.5225915587495783
2019-03-18,-0.28002188082169577,-0.522652332529046
2019-03-19,-0.2782402668361271,-0.5237927372129955
2019-03-20,-0.2852239590164015,-0.5341374898988994
2019-03-21,-0.28115865139976554,-0.538618672718283
2019-03-22,-0.2823271470702109,-0.533339084353015
2019-03-25,-0.2759281258925542,-0.5356279654338756
2019-03-26,-0.2720372941906163,-0.5376689043680334
2019-03-27,-0.272837440130222,-0.5387726883991631
2019-03-28,-0.2739719170508157,-0.5351209445393099
2019-03-29,-0.26874514691672363,-0.5330075614019117
2019-04-01,-0.2682852211283869,-0.5306835926603467
2019-04-02,-0.2681127105770204,-0.5288851355490212
2019-04-03,-0.2695056457776395,-0.5254795754152263
2019-04-04,-0.2691649165495036,-0.5233910892229598
2019-04-05,-0.27020048403450525,-0.5234560387310675
2019-04-08,-0.26807762725060313,-0.5251596730855047
2019-04-09,-0.2634258750528247,-0.521605901409031
2019-04-10,-0.2644990498128726,-0.5168429932103016
2019-04-11,-0.27538053356672737,-0.5158586127558786
2019-04-12,-0.27168379515437174,-0.5109423255183355
2019-04-15,-0.2760250326268989,-0.5115145030789718
2019-04-16,-0.2784380809449877,-0.5109919034148396
2019-04-17,-0.2812400814093284,-0.5091789959683192
2019-04-18,-0.27760241104035627,-0.5053713110532823
2019-04-19,-0.2777434387693282,-0.5069293910650973
2019-04-22,-0.2756884054009802,-0.5076910458244184
2019-04-23,-0.27519618287939096,-0.5081486706925078
2019-04-24,-0.2769831982514932,-0.5069503454376644
2019-04-25,-0.27797176958084185,-0.5079668352350936
2019-04-26,-0.27964385444070416,-0.5117800900053807
2019-04-29,-0.28033519048451877,-0.5077739735144656
2019-04-30,-0.2810358613130375,-0.509231613293843
2019-05-01,-0.28245764877326757,-0.5012110629349631
2019-05-02,-0.2716301980181015,-0.4866157964924608
2019-05-03,-0.27419790433325075,-0.488715863229373
2019-05-06,-0.2756764312470445,-0.48830577079183846
2019-05-07,-0.27731164946741,-0.4875973422923081
2019-05-08,-0.2784123330242532,-0.4866531059957663
2019-05-09,-0.2791176496328138,-0.48678583526600927
2019-05-10,-0.279407235291568,-0.4909917847392497
2019-05-13,-0.28553518622873053,-0.4761746659148921
2019-05-14,-0.28760674865670394,-0.4758927713674394
2019-05-15,-0.287119838593055,-0.4756445959392676
2019-05-16,-0.29822042420018663,-0.48067046719975665
2019-05-17,-0.3044165526401269,-0.4856061429566739
2019-05-20,-0.3054398457171914,-0.48501872095650744
2019-05-21,-0.3022277535968371,-0.487798937982655
2019-05-22,-0.3021131708459896,-0.48767182904620143
2019-05-23,-0.30249106748952653,-0.4929365127864905
2019-05-24,-0.3046403532704877,-0.4956254869114256
2019-05-27,-0.3056083250805623,-0.49644876196217724
2019-05-28,-0.303015129990982,-0.4975353075730186
2019-05-29,-0.30332797920675897,-0.4968241029073555
2019-05-30,-0.30542223614447644,-0.49757487959957786
2019-05-31,-0.3258860063189314,-0.4822688853250528
2019-06-03,-0.33880605928580293,-0.49080921872602834
2019-06-04,-0.34589407354885116,-0.4811091667612852
2019-06-05,-0.3467359656752766,-0.48095845188679864
2019-06-06,-0.3472114554937764,-0.480631782533258
2019-06-07,-0.34761862415440953,-0.4850920337364529
2019-06-10,-0.3595332729965072,-0.47545225682623016
2019-06-11,-0.35946314637275334,-0.47442167439295513
2019-06-12,-0.3610595396179995,-0.47380674881499024
2019-06-13,-0.3619446964432175,-0.4707634042218495
2019-06-14,-0.3684699831848546,-0.4669225915375657
2019-06-17,-0.36749830425123536,-0.46783118792262807
2019-06-18,-0.37086931566473924,-0.46784347832894047
2019-06-19,-0.3794105956061757,-0.45798876981840886
2019-06-20,-0.4064617552365063,-0.4797388334761496
2019-06-21,-0.3913501616797876,-0.47833988853184073
2019-06-24,-0.3954249693099664,-0.47827726903051027
2019-06-25,-0.3948329026349479,-0.48156237388727513
2019-06-26,-0.39920462228928905,-0.477282965374378
2019-06-27,-0.3979678469374759,-0.47801644955996886
2019-06-28,-0.40079149789372304,-0.47513151034524703
2019-07-01,-0.4062895226359204,-0.47092150940351707
2019-07-02,-0.4052034690273824,-0.4547448315241028
2019-07-03,-0.40555323345568906,-0.45599664218982544
2019-07-04,-0.40342561543028993,-0.4521280418336879
2019-07-05,-0.40959440022194993,-0.4560815892904293
2019-07-08,-0.41445486369769813,-0.45170958788838533
2019-07-09,-0.41897633817745716,-0.44791702890980245
2019-07-10,-0.4198020443013978,-0.44318378512397566
2019-07-11,-0.4232656305345224,-0.43608870139348543
2019-07-12,-0.4218604516482537,-0.43452165645886287
2019-07-15,-0.415022424768585,-0.43598417643196924
2019-07-16,-0.41628616839834975,-0.43982927512057085
2019-07-17,-0.41663480440434847,-0.4410752467539409
2019-07-18,-0.4255750623531018,-0.438794609342278
2019-07-19,-0.41869940490831176,-0.43238957100107034
2019-07-22,-0.42040359464987054,-0.43033177350569385
2019-07-23,-0.42034608402047935,-0.43203542223021735
2019-07-24,-0.42098670131637794,-0.4307016172499643
2019-07-25,-0.42410775026790615,-0.43020713308032826
2019-07-26,-0.4233423454278215,-0.43014084031937017
2019-07-29,-0.4255426900830158,-0.42860809820782364
2019-07-30,-0.42800887902704793,-0.4363466618146179
2019-07-31,-0.4231601071488248,-0.4170822308358544
2019-08-01,-0.4369812740779297,-0.3762543564153151
2019-08-02,-0.4491653114696264,-0.36535347068316537
2019-08-05,-0.4555934321244483,-0.35438976092509394
2019-08-06,-0.46028809027631684,-0.3509501727867644
2019-08-07,-0.45953066067856263,-0.3435489492587072
2019-08-08,-0.4617871676429419,-0.3455822317865717
2019-08-09,-0.46240798981445547,-0.3447509282126171
2019-08-12,-0.469509445995803,-0.33032465341759015
2019-08-13,-0.4764919539882683,-0.3162301069673568
2019-08-14,-0.4792267902982109,-0.3088561435576111
2019-08-15,-0.47830935439994116,-0.3066866756352946
2019-08-16,-0.4812935545782683,-0.3064998953353623
2019-08-19,-0.486453322448986,-0.30844359908624486
2019-08-20,-0.4871719499601834,-0.3077828367186922
2019-08-21,-0.4882375742233908,-0.3053160822780061
2019-08-22,-0.48760706533772996,-0.30181920067059903
2019-08-23,-0.5039626068724685,-0.29963582539007844
2019-08-26,-0.5036755198383848,-0.2990374712184189
2019-08-27,-0.5070714774065643,-0.29760955484341384
2019-08-28,-0.5052757082215757,-0.298047480119637
2019-08-29,-0.5033188314041049,-0.30005627717842787
2019-08-30,-0.5042292945408481,-0.29502371045234205
2019-09-02,-0.5032873787678216,-0.29933119528972996
2019-09-03,-0.4921075040529197,-0.2919687678902913
2019-09-04,-0.49278199728521516,-0.2943461885598685
2019-09-05,-0.5015650900902884,-0.2762782297195728
2019-09-06,-0.5015082276812504,-0.2663015424265895
2019-09-09,-0.5024208516752856,-0.2645636096167734
2019-09-10,-0.5078946237441235,-0.26459117230652895
2019-09-11,-0.5031963861537438,-0.26166490697384487
2019-09-12,-0.5035618775855829,-0.2616027917640842
2019-09-13,-0.5111519524696733,-0.2602946185003547
2019-09-16,-0.5173168991886012,-0.2508396302512465
2019-09-17,-0.5181920436909904,-0.24931612029637695
2019-09-18,-0.5210795288667606,-0.2485725046503559
2019-09-19,-0.5210724516687437,-0.25025119613995245
2019-09-20,-0.5244609545163215,-0.2452043697025762
2019-09-23,-0.526701666318492,-0.2454547319368269
2019-09-24,-0.5310570530655988,-0.24563933820152112
2019-09-25,-0.5445676846497662,-0.2597157805319717
2019-09-26,-0.5454921716202878,-0.25981667424536825
2019-09-27,-0.5482784400850861,-0.25907470481321787
2019-09-30,-0.5394084977319558,-0.25837527839453195
2019-10-01,-0.539543247092396,-0.2591147239551264
2019-10-02,-0.5423833381006241,-0.2550156810152515
2019-10-03,-0.5430343620752597,-0.2578245879368274
2019-10-04,-0.5418767165790627,-0.25745935932566816
2019-10-07,-0.5445777927971661,-0.2604944176041785
2019-10-08,-0.5417732359656843,-0.2566607771697817
2019-10-09,-0.5397426241128099,-0.25522107168532476
2019-10-10,-0.5436354506809233,-0.24466221019225162
2019-10-11,-0.5465770984563436,-0.237568096020604
2019-10-14,-0.5472838560294756,-0.23701412680846726
2019-10-15,-0.549593629511286,-0.2361557769602186
2019-10-16,-0.5507921980931028,-0.23482041237664117
2019-10-17,-0.5496935237248571,-0.23161976067013532
2019-10-18,-0.5477477867133294,-0.22790824549507482
2019-10-21,-0.5576030428741321,-0.213458254668497
2019-10-22,-0.5594953812035989,-0.2142959663401969
2019-10-23,-0.560932237422532,-0.21368294077296765
2019-10-24,-0.5603230578035865,-0.21376993348387954
2019-10-25,-0.5601242186107439,-0.21519832200544808
2019-10-28,-0.5637102891351582,-0.2118358951134337
2019-10-29,-0.5710641845713503,-0.19470475203859136
2019-10-30,-0.5725142840146845,-0.1928168403945772
2019-10-31,-0.5769450606997812,-0.1969271780753734
2019-11-01,-0.5786016320918437,-0.19453413168625636
2019-11-04,-0.5789777984065676,-0.1954556009578923
2019-11-05,-0.579218068925886,-0.19749280978432598
2019-11-06,-0.5798793766352103,-0.19749078704491685
2019-11-07,-0.5895684164011704,-0.19615227962920403
2019-11-08,-0.5889570853593266,-0.19885072713299334
2019-11-11,-0.5888980096411914,-0.19877979878599605
2019-11-12,-0.5889577536346055,-0.1970456155457507
2019-11-13,-0.5884909290538051,-0.19423911787195774
2019-11-14,-0.5870959638194113,-0.19110570464262758
2019-11-15,-0.5870456278279238,-0.18724781952108682
2019-11-18,-0.5895218404327731,-0.186772254870361
2019-11-19,-0.5895999418007958,-0.1858067442197031
2019-11-20,-0.5881568467825586,-0.17954793970338562
2019-11-21,-0.587361829476865,-0.1794282789621108
2019-11-22,-0.5875745223976877,-0.18017493792386086
2019-11-25,-0.586266194109604,-0.1816413469107216
2019-11-26,-0.5871604516554344,-0.1767491767538634
2019-11-27,-0.5874331402445246,-0.1742483246786176
2019-11-28,-0.5914397600109197,-0.17397254987400634
2019-11-29,-0.5875970467554524,-0.173874510019895
2019-12-02,-0.5876349492569362,-0.17238291390787425
2019-12-03,-0.5913568969616114,-0.17027770531301292
2019-12-04,-0.590895021112063,-0.16508429910712805
2019-12-05,-0.5908000891568178,-0.16430337817126908
2019-12-06,-0.5984832225978522,-0.1738200901990132
2019-12-09,-0.6234818376090809,-0.17270412643479105
2019-12-10,-0.6243773939468444,-0.17106693594033964
2019-12-11,-0.6244259008761969,-0.17289695636018418
2019-12-12,-0.6215606865845954,-0.16964035537175937
2019-12-13,-0.6215805234728515,-0.17197034425775018
2019-12-16,-0.6202774401455561,-0.17000788371960537
2019-12-17,-0.6194253481866716,-0.16830993481544515
2019-12-18,-0.6189389448129183,-0.1681379479685967
2019-12-19,-0.6190087990846476,-0.16839672411236992
2019-12-20,-0.6192615126590518,-0.16836786159559927
2019-12-23,-0.6140200077391991,-0.16282678600124167
2019-12-24,-0.6135829176960993,-0.1745711164833162
2019-12-25,-0.6146112234426376,-0.1728932584734347
2019-12-26,-0.6123293463157446,-0.17438358081056415
2019-12-27,-0.6132078310243595,-0.16636086762189045
2019-12-30,-0.612125052683815,-0.16871979666230508
2019-12-31,-0.6137599826960811,-0.16900338496342088
2020-01-01,-0.6151467285171781,-0.16900561072992662
2020-01-02,-0.6162330491250186,-0.16200449999011737
2020-01-03,-0.6201732064702328,-0.15981608561618138
2020-01-06,-0.6128824890117716,-0.15920242130892356
2020-01-07,-0.6111850969921574,-0.15466316824864568
2020-01-08,-0.6129495773931533,-0.1539234094738943
2020-01-09,-0.611174932909826,-0.15679014244179826
2020-01-10,-0.6120467146165272,-0.1597935187554351
2020-01-13,-0.6125777497546783,-0.15850249020198126
2020-01-14,-0.6213774844935723,-0.14114388601987646
2020-01-15,-0.6216332159038891,-0.14218366218171882
2020-01-16,-0.6206713300739899,-0.14215503667450607
2020-01-17,-0.6205125844506273,-0.14264118563940678
2020-01-20,-0.6278590863491091,-0.1445839406286843
2020-01-21,-0.625983859817988,-0.14330653883465194
2020-01-22,-0.625013873689075,-0.14205134521440774
2020-01-23,-0.6249648416506132,-0.1410971394294531
2020-01-24,-0.6263841653930348,-0.1380401573961413
2020-01-27,-0.6278433668402778,-0.13496008171963578
2020-01-28,-0.6292262315492614,-0.1330187712091771
2020-01-29,-0.6291668376837052,-0.12741461702269052
2020-01-30,-0.6292806523552043,-0.12698192393498892
2020-01-31,-0.6292517974932454,-0.12565768165152033
2020-02-03,-0.6302805769920746,-0.13377108946311425
2020-02-04,-0.6357221082216402,-0.1246955266633108
2020-02-05,-0.6340725642996512,-0.12455783649836227
2020-02-06,-0.6357413403163253,-0.108714852156387
2020-02-07,-0.6357578351686068,-0.10638870800638646
2020-02-10,-0.6350888405429899,-0.1088243650361022
2020-02-11,-0.6354379805874611,-0.10468730220704063
2020-02-12,-0.6352239095523209,-0.10499993321669063
2020-02-13,-0.6361121827807635,-0.10323261802189303
2020-02-14,-0.6341976643552756,-0.10415691269748589
2020-02-17,-0.6333393160170837,-0.10186655090714573
2020-02-18,-0.6357219598941836,-0.08208710449997833
2020-02-19,-0.6353734958583706,-0.07850789655956508
2020-02-20,-0.6360076590296053,-0.0742679673481407
2020-02-21,-0.6385666925739352,-0.08022907934274852
2020-02-24,-0.6434617346455396,-0.07122159701267969
2020-02-25,-0.6389800385081597,-0.05907760035302993
2020-02-26,-0.6387157230328757,-0.05878650774743596
2020-02-27,-0.6377610028104761,-0.05428314050111637
2020-02-28,-0.5762069789183192,-0.07365939460231166
2020-03-02,-0.5792086245482295,-0.07997205201900974
2020-03-03,-0.6004148336939099,-0.09796396539290156
2020-03-04,-0.600503247199575,-0.0973306523646499
2020-03-05,-0.6033866511006464,-0.09536296148241151
2020-03-06,-0.5954702315494927,-0.09418255084120235
2020-03-09,-0.5791011680593763,-0.0926476495589786
2020-03-10,-0.5947281397408256,-0.1258050532285387
2020-03-11,-0.5935301536974328,-0.12470346804255691
2020-03-12,-0.6089187727752133,-0.2588865853665645
2020-03-13,-0.6184759972581164,-0.2452501932274581
2020-03-16,-0.6111143252546108,-0.25100119581614855
2020-03-17,-0.4640404517081233,-0.20553586985184868
2020-03-18,-0.4791404160161327,-0.24284200971902173
2020-03-19,-0.4852768898234703,-0.2613056282747725
2020-03-20,-0.46546242333087867,-0.26557527721918306
2020-03-23,-0.5003285571721896,-0.18604458759238618
2020-03-24,-0.5043618547759074,-0.21432930327728564
2020-03-25,-0.4957196513706477,-0.19693225786436092
2020-03-26,-0.4975534978699635,-0.20925381703308563
2020-03-27,-0.498189613277228,-0.20822408156844133
2020-03-30,-0.49753767063326426,-0.20062096470117713
2020-03-31,-0.503792347848803,-0.16705247873587753
2020-04-01,-0.5058201094276791,-0.1518314561084244
2020-04-02,-0.5102303918197928,-0.15357095169859122
2020-04-03,-0.5105072266609925,-0.14973271307947436
2020-04-06,-0.5050090539660738,-0.155490833975314
2020-04-07,-0.5060460945014712,-0.14581082111614788
2020-04-08,-0.5053960620722142,-0.14640061611515712
2020-04-09,-0.5107893153892791,-0.1617541897695971
2020-04-10,-0.5109181568575707,-0.16170323160462413
2020-04-13,-0.5081507780869728,-0.15564161947549673
2020-04-14,-0.5084526531718169,-0.15649185667866772
2020-04-15,-0.5060880220477538,-0.16028016577923296
2020-04-16,-0.5017435431867143,-0.16038762144740934
2020-04-17,-0.5043777451290006,-0.14925917112052559
2020-04-20,-0.5006016856741053,-0.14591576614341747
2020-04-21,-0.4950110262787829,-0.1492015962571301
2020-04-22,-0.49698260165111446,-0.14871193594849502
2020-04-23,-0.49652881116298564,-0.15065494726810036
2020-04-24,-0.49240195884657695,-0.15277241400507854
2020-04-27,-0.49248797842700304,-0.15069024118130522
2020-04-28,-0.49158175594386877,-0.14714552983005957
2020-04-29,-0.4899718785089754,-0.15264443968021518
2020-04-30,-0.49490867951159756,-0.142542485575395
2020-05-01,-0.4944448099794342,-0.13779651706271856
2020-05-04,-0.4939842356858008,-0.13668737900749434
2020-05-05,-0.4935105492400853,-0.1349155677371942
2020-05-06,-0.49630124595203956,-0.14374415403152055
2020-05-07,-0.4991989336105212,-0.1496058189185135
2020-05-08,-0.4996598531513453,-0.1449435845173824
2020-05-11,-0.5002148540615231,-0.14841159557006695
2020-05-12,-0.5001528313589487,-0.14889955973420832
2020-05-13,-0.5007073312426235,-0.14495820637310822
2020-05-14,-0.5012464198880796,-0.1434564954356578
2020-05-15,-0.5017907620747442,-0.14360198960386453
2020-05-18,-0.5016018996519483,-0.13495541710235245
2020-05-19,-0.4984338700716019,-0.14066126869951412
2020-05-20,-0.4961509170110634,-0.13796314418683603
2020-05-21,-0.49651135655642725,-0.1374949518603018
2020-05-22,-0.4961764243571435,-0.13637331186075702
2020-05-25,-0.4967050719233056,-0.13620505896773788
2020-05-26,-0.4962925938871448,-0.12016884037283543
2020-05-27,-0.49381373214021973,-0.12304368987476008
2020-05-28,-0.4938375811110871,-0.12409528289416648
2020-05-29,-0.4940634960494087,-0.12469393810910685
2020-06-01,-0.4945821547588885,-0.12708260422770992
2020-06-02,-0.49525842174112383,-0.12219065216092496
2020-06-03,-0.49859127540832576,-0.11332325119124317
2020-06-04,-0.49434464095680525,-0.11253849772007693
2020-06-05,-0.49507115268349877,-0.10149220836541166
2020-06-08,-0.4900770386263017,-0.08273790492343186
2020-06-09,-0.49472699651764174,-0.08347055774135824
2020-06-10,-0.49811893872722457,-0.08195282919838037
2020-06-11,-0.49639757774973603,-0.08634033489618641
2020-06-12,-0.49490397995767627,-0.0869633153602648
2020-06-15,-0.4947917449785158,-0.08736912953118713
2020-06-16,-0.49471269145153013,-0.08656692989400314
2020-06-17,-0.4942284295984451,-0.08445330895146706
2020-06-18,-0.4954110218536785,-0.08722814604691928
2020-06-19,-0.4960115700281518,-0.08723566570209676
2020-06-22,-0.4964632654144542,-0.08940058820279019
2020-06-23,-0.4954852173794489,-0.08922917235837333
2020-06-24,-0.4961047319865026,-0.09207682868018606
2020-06-25,-0.49635507515029786,-0.09253613994381976
2020-06-26,-0.49628518202744204,-0.09167832559027578
2020-06-29,-0.49524850448053415,-0.09431088029100625
2020-06-30,-0.49449510948790415,-0.09454887532586204
2020-07-01,-0.49472183613186665,-0.09248641406926691
2020-07-02,-0.4944570408217009,-0.0902402284950778
2020-07-03,-0.4950581514782276,-0.08848405369967655
2020-07-06,-0.4931976740999965,-0.09076021656675101
2020-07-07,-0.49518092530696406,-0.09005873013692728
2020-07-08,-0.49343117178825563,-0.09009454600395135
2020-07-09,-0.4927170693737791,-0.08830298178088013
2020-07-10,-0.4928733604054188,-0.08743545263969477
2020-07-13,-0.49232514855756504,-0.08726267377268164
2020-07-14,-0.49237706183413643,-0.0867951590881996
2020-07-15,-0.49241037904392837,-0.08684227371043067
2020-07-16,-0.49031251130323533,-0.0855927630766982
2020-07-17,-0.4941035772848869,-0.08644780241231856
2020-07-20,-0.4916116611581633,-0.09952256297412411
2020-07-21,-0.492252800324737,-0.10491975971141353
2020-07-22,-0.48925124828176036,-0.11327282842649757
2020-07-23,-0.4886012485433006,-0.11447911954894302
2020-07-24,-0.48918573918348435,-0.1156753185210274
2020-07-27,-0.4829021035647121,-0.1258956302917828
2020-07-28,-0.482952420303659,-0.1264327846128309
2020-07-29,-0.4824901766868748,-0.12974483904074785
2020-07-30,-0.48077434024934956,-0.13127975231863656
2020-07-31,-0.48088085284629584,-0.1347135303897216
2020-08-03,-0.4801516029502043,-0.1348743706191563
2020-08-04,-0.47902968412439373,-0.1355726326185637
2020-08-05,-0.47766637361248154,-0.1376941679150565
2020-08-06,-0.47735679130428155,-0.13547686944716877
2020-08-07,-0.47871612121237966,-0.14406728415327738
2020-08-10,-0.4787941981417816,-0.14332579178543658
2020-08-11,-0.4603563442391693,-0.12598119789228082
2020-08-12,-0.4605977106062958,-0.12528699154806658
2020-08-13,-0.451974897978604,-0.12760962499687034
2020-08-14,-0.4529249966828166,-0.12636860790616836
2020-08-17,-0.4538508746301002,-0.12759492908562112
2020-08-18,-0.4544385830089313,-0.12838904018353675
2020-08-19,-0.45138885793867817,-0.12663714580363322
2020-08-20,-0.45325539370512075,-0.12727591206933742
2020-08-21,-0.451146768453754,-0.1267187740534974
2020-08-24,-0.44715524267061707,-0.1311661391022345
2020-08-25,-0.44747569469605575,-0.13430922960177463
2020-08-26,-0.44701679150441964,-0.13609978089737346
2020-08-27,-0.44677663573204285,-0.13599582249135128
2020-08-28,-0.44961293940001124,-0.14535227871207662
2020-08-31,-0.4495703942449203,-0.14547134002151088
2020-09-01,-0.44742555589733074,-0.1461457909665821
2020-09-02,-0.4460324335424839,-0.15273312456137147
2020-09-03,-0.44765008390428523,-0.15283054468409393
2020-09-04,-0.44526777066136736,-0.15300386178984043
2020-09-07,-0.4450533701250428,-0.15333544451168288
2020-09-08,-0.443278240694454,-0.15521130867693222
2020-09-09,-0.4428251477632316,-0.1577712366413799
2020-09-10,-0.4420425465566014,-0.1565714561574853
2020-09-11,-0.43715048173665544,-0.15079221554361977
2020-09-14,-0.4361658831770998,-0.15279605682147376
2020-09-15,-0.43497105827520405,-0.15271047595724788
2020-09-16,-0.43734477806069905,-0.1504523935578506
2020-09-17,-0.4376548636042773,-0.1510010747027776
2020-09-18,-0.4369178960491599,-0.15140060002028735
2020-09-21,-0.437620566296153,-0.1676602650477476
2020-09-22,-0.438079011872797,-0.1684599369824063
2020-09-23,-0.4367255673631406,-0.17935859726136036
2020-09-24,-0.4374968032095239,-0.1799127513406097
2020-09-25,-0.43779227583272173,-0.18063228142092844
2020-09-28,-0.4362796775081284,-0.18584951793096835
2020-09-29,-0.43610565976130655,-0.18919716503744874
2020-09-30,-0.4372908186660413,-0.18512257279048266
2020-10-01,-0.4369014432386479,-0.18654088385740517
2020-10-02,-0.4365752090499588,-0.18601720598366472
2020-10-05,-0.43490589367010135,-0.1872589665641454
2020-10-06,-0.43426152829880194,-0.18797923273277725
2020-10-07,-0.4336200007739499,-0.18858234122145065
2020-10-08,-0.4337059108819739,-0.1887992603022294
2020-10-09,-0.4313446098940401,-0.19863330186682596
2020-10-12,-0.4313856204116245,-0.19907564279048098
2020-10-13,-0.4280011243772365,-0.20587058992666796
2020-10-14,-0.42586633202741525,-0.20683051569254615
2020-10-15,-0.4252213637605338,-0.20573434596158252
2020-10-16,-0.4249884079955718,-0.20508707028137563
2020-10-19,-0.42318471059894663,-0.20327439848183756
2020-10-20,-0.4223757911294749,-0.20372207061146286
2020-10-21,-0.42175167344361897,-0.20478326086794188
2020-10-22,-0.42105895695953977,-0.20368647366652515
2020-10-23,-0.4206768746574528,-0.20350054638141976
2020-10-26,-0.41565681974736296,-0.20423208816643443
2020-10-27,-0.4158317886025835,-0.2033301615773328
2020-10-28,-0.4154194068455447,-0.211993285618436
2020-10-29,-0.41616221300643297,-0.21385685990715392
2020-10-30,-0.41476683779029583,-0.21501706046437016
2020-11-02,-0.41488772339070185,-0.21399481265715056
2020-11-03,-0.41375575206962495,-0.21673433151854693
2020-11-04,-0.41296242721541965,-0.2160421686373961
2020-11-05,-0.41096892001170493,-0.2253874002576746
2020-11-06,-0.4104029278504177,-0.22508087496740103
2020-11-09,-0.41150459163741804,-0.2225884822487691
2020-11-10,-0.4114172030888385,-0.2222912221262173
2020-11-11,-0.4117781205473263,-0.22191580738022865
2020-11-12,-0.4122460706471909,-0.22107699429141126
2020-11-13,-0.4114202271613712,-0.2208484614597631
2020-11-16,-0.4114080532507809,-0.22015068301889917
2020-11-17,-0.41223839616423913,-0.21966307295598175
2020-11-18,-0.41241694442399673,-0.21856234077426714
2020-11-19,-0.4100157673513934,-0.21877065762311096
2020-11-20,-0.40997737343451324,-0.21938598127812123
2020-11-23,-0.4092604833754099,-0.2225437608159938
2020-11-24,-0.40649616986678627,-0.21674976811445748
2020-11-25,-0.406487454427538,-0.21663318029484174
2020-11-26,-0.4065717182813031,-0.21656707541175316
2020-11-27,-0.40256028933908894,-0.21601342836401227
2020-11-30,-0.40128185593509386,-0.21718626069001878
2020-12-01,-0.39314340702394857,-0.2214642779213858
2020-12-02,-0.3933769058106706,-0.22230464897467195
2020-12-03,-0.39441259171376863,-0.22441276214395275
2020-12-04,-0.3947511252591693,-0.2235585320380128
2020-12-07,-0.394890086540266,-0.2221202152191467
2020-12-08,-0.3950815481554848,-0.22209999176204626
2020-12-09,-0.3955615382070427,-0.22365346282493892
2020-12-10,-0.3948773490608173,-0.22386764606369094
2020-12-11,-0.3948859585511919,-0.2236397717845353
2020-12-14,-0.39537152690185406,-0.22311369889673321
2020-12-15,-0.3949224927756245,-0.22602143062667826
2020-12-16,-0.39499436264940135,-0.22628815069594913
2020-12-17,-0.39429241895644207,-0.22890364634552893
2020-12-18,-0.3943068748704681,-0.2292494680979911
2020-12-21,-0.3931499120990127,-0.23181919918327729
2020-12-22,-0.39050809784771806,-0.23382892230731137
2020-12-23,-0.392868694472563,-0.2346738551494517
2020-12-24,-0.3940311797970541,-0.23522366485029675
2020-12-25,-0.39305135997292967,-0.23545331597413088
2020-12-28,-0.3934834636975997,-0.2350460263260567
2020-12-29,-0.3925198464003698,-0.23505337131766102
2020-12-30,-0.3922106289516494,-0.23614217549830113
2020-12-31,-0.3928609935682179,-0.23606683665766315
2021-01-01,-0.39284968840606255,-0.2359530143813248
2021-01-04,-0.39220423873399624,-0.2359613358637701
2021-01-05,-0.3922455891809498,-0.23625057876151187
2021-01-06,-0.39534912309602527,-0.2341328212175802
2021-01-07,-0.39594863332464386,-0.2347254899965421
2021-01-08,-0.4046266785032351,-0.2308361418102733
2021-01-11,-0.4047653865394851,-0.23178396436496937
2021-01-12,-0.40478711352984326,-0.23276241355643787
2021-01-13,-0.40303258245331963,-0.2334071107461268
2021-01-14,-0.40236911891449656,-0.23383114787502185
2021-01-15,-0.3970484530119635,-0.23657528242788736
2021-01-18,-0.397300252095517,-0.2365736299156977
2021-01-19,-0.39655504133862923,-0.23650504841676342
2021-01-20,-0.39554221233183123,-0.234111663442715
2021-01-21,-0.3923930268883933,-0.23599602948848272
2021-01-22,-0.3921071000029348,-0.23782206379697715
2021-01-25,-0.39157370019287585,-0.2381517248494796
2021-01-26,-0.39161739644794186,-0.2384509174848219
2021-01-27,-0.39102459477050666,-0.24017867748612656
2021-01-28,-0.39054081127867224,-0.24087012101112076
2021-01-29,-0.3902714543484708,-0.24091167266886857
2021-02-01,-0.38943714271597374,-0.23766735695428196
2021-02-02,-0.3881237393527418,-0.23620355121977427
2021-02-03,-0.3880141250737515,-0.23616542741468266
2021-02-04,-0.3875396816105637,-0.24429780466306542
2021-02-05,-0.3875166952936239,-0.24760539234593784
2021-02-08,-0.3872050509772282,-0.25022048308683764
2021-02-09,-0.38563441225270917,-0.2495160167621902
2021-02-10,-0.38423834336555995,-0.25255422043811754
2021-02-11,-0.3851961295988378,-0.25490165225366246
2021-02-12,-0.38545342900089763,-0.2554585332477277
2021-02-15,-0.3855476093227795,-0.25546584249886933
2021-02-16,-0.4070107043811859,-0.25465154842829585
2021-02-17,-0.4072038369132798,-0.25503631191191756
2021-02-18,-0.3942986225810221,-0.25182734458232603
2021-02-19,-0.3913026544260519,-0.25305714440078586
2021-02-22,-0.38714665832229694,-0.2516377379807628
2021-02-23,-0.38905031986818445,-0.2516179247843924
2021-02-24,-0.3937781804291638,-0.25252357705988926
2021-02-25,-0.391162574406588,-0.24590620130787688
2021-02-26,-0.36972333960914533,-0.2579802364157981
2021-03-01,-0.3553132834117931,-0.2075384206375236
2021-03-02,-0.3466782919979789,-0.21056390767160182
2021-03-03,-0.3524139228235829,-0.20866585655378062
2021-03-04,-0.43547998330661286,-0.22958122076513818
2021-03-05,-0.4244290305084698,-0.20737541474637355
2021-03-08,-0.4204197780775977,-0.20026039097651857
2021-03-09,-0.47028075168699124,-0.20369329771796893
2021-03-10,-0.4284958879869564,-0.255131535040013
2021-03-11,-0.4073155565674001,-0.2411004419719326
2021-03-12,-0.4099593041711805,-0.2505257442962324
2021-03-15,-0.4070007062822962,-0.2402178064491616
2021-03-16,-0.40583412251808154,-0.2403534683908831
2021-03-17,-0.4040787030619247,-0.2446709473445399
2021-03-18,-0.3875686874739015,-0.26947997617274877
2021-03-19,-0.3857077680033124,-0.28564222539740136
2021-03-22,-0.37232223527480923,-0.2847020528569942
2021-03-23,-0.36955657780106993,-0.29326015662877813
2021-03-24,-0.37212536315218103,-0.2895467263771765
2021-03-25,-0.3708446333904782,-0.29999190121144015
2021-03-26,-0.3703733320796246,-0.29943600983300817
2021-03-29,-0.3598775448938162,-0.2888979632673151
2021-03-30,-0.35986852544117387,-0.29282114600346254
2021-03-31,-0.361848029391522,-0.30544680831815174
2021-04-01,-0.3627281668623508,-0.3032934914419086
2021-04-02,-0.3647949465472418,-0.30259846439222
2021-04-05,-0.3757093810467735,-0.30243165295675173
2021-04-06,-0.368893826913692,-0.31797768211766714
2021-04-07,-0.37462017448304324,-0.3208127397820524
2021-04-08,-0.3857286227842803,-0.3190263510932929
2021-04-09,-0.3813923483192616,-0.32319060540852806
2021-04-12,-0.3808851348803926,-0.3224647219159417
2021-04-13,-0.3897340850927932,-0.321993698373865
2021-04-14,-0.3892069835553659,-0.32267357610920794
2021-04-15,-0.39875419593993194,-0.3266874536886366
2021-04-16,-0.39940599523507314,-0.3256427401561659
2021-04-19,-0.38954743140485804,-0.335025648985444
2021-04-20,-0.39086979818804934,-0.3440579834048803
2021-04-21,-0.3918385005063511,-0.3441656308479929
2021-04-22,-0.39138549776200166,-0.34379659450088845
2021-04-23,-0.3859529204383054,-0.3362343388172567
2021-04-26,-0.37907876887000785,-0.33188893703556166
2021-04-27,-0.37841593524504796,-0.3375458720246713
2021-04-28,-0.3773411991763925,-0.3357740329951937
2021-04-29,-0.37786328115031276,-0.33531164172273514
2021-04-30,-0.37617157975341936,-0.34339713861583876
2021-05-03,-0.3794314704998229,-0.34491920458506625
2021-05-04,-0.37642487536301417,-0.34698001467195455
2021-05-05,-0.37572576273605784,-0.35727784510859745
2021-05-06,-0.3712968419159091,-0.35919214234293917
2021-05-07,-0.3722730604731544,-0.36264555133698956
2021-05-10,-0.3706570577969861,-0.3638522346145665
2021-05-11,-0.370681307899263,-0.36610358746106764
2021-05-12,-0.3737102766905103,-0.3704329390572045
2021-05-13,-0.3716498967010141,-0.39055661474678777
2021-05-14,-0.3733936642036097,-0.3938210177244747
2021-05-17,-0.3743374213868707,-0.3931967256771186
2021-05-18,-0.3726531985407856,-0.39340484919654656
2021-05-19,-0.3672508866243223,-0.39307990680887356
2021-05-20,-0.36475745034753054,-0.399443073319839
2021-05-21,-0.35595279348285574,-0.411347398377311
2021-05-24,-0.36257950108130865,-0.41317707931278336
2021-05-25,-0.35825663037743455,-0.428995968926841
2021-05-26,-0.35519060960803944,-0.4286181187525864
2021-05-27,-0.35389793323183155,-0.42887071392142134
2021-05-28,-0.34575588213235176,-0.43009098820966163
2021-05-31,-0.34933280477515066,-0.4282101116243044
2021-06-01,-0.351733223385688,-0.429124958339935
2021-06-02,-0.3527757393836229,-0.4282465667066805
2021-06-03,-0.3623049569732885,-0.43871280707525667
2021-06-04,-0.36602589686666454,-0.4433973001321989
2021-06-07,-0.3677481599169559,-0.4438948185432141
2021-06-08,-0.364911656425598,-0.44573454783606764
2021-06-09,-0.36378298308046625,-0.444270657814819
2021-06-10,-0.3614019274870613,-0.44215412742631094
2021-06-11,-0.36517643481912027,-0.447274723859807
2021-06-14,-0.36512912796294195,-0.4468914224528683
2021-06-15,-0.36309653639762784,-0.44929832142082277
2021-06-16,-0.3756233714155223,-0.4424741096300798
2021-06-17,-0.3704391931616153,-0.47006079872267936
2021-06-18,-0.36686766500412005,-0.47367989194178917
2021-06-21,-0.35974279078057114,-0.47448998517780283
2021-06-22,-0.351962441696576,-0.4747598232441969
2021-06-23,-0.35061812039010204,-0.4711459977432118
2021-06-24,-0.34934150746053144,-0.47444530490528697
2021-06-25,-0.3517254248235654,-0.4750786647160062
2021-06-28,-0.3516341891564037,-0.47509129088255225
2021-06-29,-0.3518907673944581,-0.4773092653373846
2021-06-30,-0.3529106280369863,-0.47433097447867123
2021-07-01,-0.35297903931199015,-0.47474435169296325
2021-07-02,-0.3540869064216738,-0.4759533399334547
2021-07-05,-0.356932137351087,-0.4775797493130458
2021-07-06,-0.3562833500018052,-0.47617548604779286
2021-07-07,-0.3558720198891926,-0.4749412284606242
2021-07-08,-0.35300255085240445,-0.4709953621220914
2021-07-09,-0.3523496322442503,-0.46960194214382683
2021-07-12,-0.34968706105845376,-0.46969145367982507
2021-07-13,-0.348227996937078,-0.4702175033202759
2021-07-14,-0.35781641688118576,-0.46184609510570435
2021-07-15,-0.35589045161764915,-0.46175170741929417
2021-07-16,-0.35256202630859607,-0.46137178905187043
2021-07-19,-0.3546506682965491,-0.45718702036517056
2021-07-20,-0.3525918496165542,-0.4561181692650169
2021-07-21,-0.35282816267935896,-0.4577635472219792
2021-07-22,-0.3493548074400037,-0.4611897345222353
2021-07-23,-0.3467409606141507,-0.45835834922704605
2021-07-26,-0.3417918873511455,-0.4624120411686701
2021-07-27,-0.3374712911444342,-0.45647126231931023
2021-07-28,-0.33788107431496733,-0.4565360292332978
2021-07-29,-0.3386671155764384,-0.5029034450520519
2021-07-30,-0.3369539140703401,-0.5048017610566754
2021-08-02,-0.3471439192647597,-0.507598320336857
2021-08-03,-0.34619159686445306,-0.5086535374849335
2021-08-04,-0.34180565816134356,-0.5093523267830656
2021-08-05,-0.3392925022267408,-0.50773469502071
2021-08-06,-0.34605788606162785,-0.5267326838115308
2021-08-09,-0.3502504200696109,-0.5301552721478436
2021-08-10,-0.35399356212176314,-0.5288690381053155
2021-08-11,-0.3587606548641345,-0.5311846315403035
2021-08-12,-0.3586415328529893,-0.5311081054678732
2021-08-13,-0.36019841890044046,-0.5311549232621758
2021-08-16,-0.35744853743365357,-0.5307851799740906
2021-08-17,-0.35215311846983044,-0.5218165136432829
2021-08-18,-0.3514160697442139,-0.5213401477269989
2021-08-19,-0.35163507697241336,-0.5208787498551427
2021-08-20,-0.35059550791050353,-0.5150430395264581
2021-08-23,-0.34793576345275734,-0.5195957926360903
2021-08-24,-0.3504438843997034,-0.5189199148425641
2021-08-25,-0.35086561544808,-0.5180439506054912
2021-08-26,-0.3508875984090934,-0.5183451792011274
2021-08-27,-0.36081936805056614,-0.5205197376022656
2021-08-30,-0.3611342656957312,-0.5212174836532465
2021-08-31,-0.35881053951198383,-0.5218990069477223
2021-09-01,-0.36044723465905193,-0.519497081083228
2021-09-02,-0.36118058025442,-0.5193140166376076
2021-09-03,-0.35733457899939997,-0.5203784932118096
2021-09-06,-0.35650393869506014,-0.5201272484863366
2021-09-07,-0.3600577374570719,-0.5250591295677813
2021-09-08,-0.35366870855882665,-0.5126080725805653
2021-09-09,-0.3550570462117623,-0.5126231882841863
2021-09-10,-0.3548118356432394,-0.5014194066721381
2021-09-13,-0.3548821273200957,-0.5033627774433417
2021-09-14,-0.3556629910403942,-0.5029084313410117
2021-09-15,-0.35469829359150495,-0.5010226488091107
2021-09-16,-0.35563539337100325,-0.5046684386331372
2021-09-17,-0.35335698041882496,-0.511996880897823
2021-09-20,-0.3541207472627813,-0.5052174311071843
2021-09-21,-0.3517829208264823,-0.5055944389616479
2021-09-22,-0.3553599308137947,-0.5036869465591797
2021-09-23,-0.36157200142641777,-0.5006074248501692
2021-09-24,-0.36139753436316485,-0.5003131999389893
2021-09-27,-0.360518892066513,-0.4998382801232314
2021-09-28,-0.36543287828082555,-0.49225489712225645
2021-09-29,-0.36610403456077034,-0.4925462454564022
2021-09-30,-0.37562182563730157,-0.48353579491172727
2021-10-01,-0.3757118190389071,-0.4832913954809416
2021-10-04,-0.37550992301914415,-0.48777894500586544
2021-10-05,-0.3741331474335228,-0.49063362581830716
2021-10-06,-0.3740774160870649,-0.48863427992913455
2021-10-07,-0.37652424952817326,-0.4858726176505966
2021-10-08,-0.3770880666698027,-0.48381569051417345
2021-10-11,-0.3757952981927636,-0.4824900627633462
2021-10-12,-0.37627080687010034,-0.4811159731746526
2021-10-13,-0.38434169200248336,-0.48445166946098434
2021-10-14,-0.38440888532535583,-0.48439438791353456
2021-10-15,-0.3877363212497387,-0.4704962133312389
2021-10-18,-0.38729545528133524,-0.47005499168477904
2021-10-19,-0.38600334750718873,-0.46983377473854676
2021-10-20,-0.3867186438719515,-0.4731823876016644
2021-10-21,-0.3874913361667202,-0.47298295053305683
2021-10-22,-0.3894576278491144,-0.4730830702183
2021-10-25,-0.3937225448611047,-0.46047276748918864
2021-10-26,-0.39163205089628483,-0.4617533266993996
2021-10-27,-0.38438790761149155,-0.47872418077052764
2021-10-28,-0.37711953350575594,-0.47842132982266766
2021-10-29,-0.37986657869549745,-0.48139291177206645
2021-11-01,-0.3738588806285476,-0.4833513141663757
2021-11-02,-0.3731373767331801,-0.483627656862502
2021-11-03,-0.3746091385035297,-0.485423198160993
2021-11-04,-0.38305722178553925,-0.48508467458675997
2021-11-05,-0.3884795439518939,-0.49069204748517375
2021-11-08,-0.3896258753366644,-0.4912607787477816
2021-11-09,-0.3906007579695623,-0.4910103586686382
2021-11-10,-0.38613669269693157,-0.4789752231223625
2021-11-11,-0.38989939622451286,-0.4907410661912806
2021-11-12,-0.3901263178883663,-0.48918588712532757
2021-11-15,-0.3902784133323897,-0.48927499446415074
2021-11-16,-0.3988248554759354,-0.49294808391415856
2021-11-17,-0.40021975202612453,-0.49360875754701294
2021-11-18,-0.41356198095698915,-0.4873530549842157
2021-11-19,-0.4151127697933191,-0.48683636817544085
2021-11-22,-0.43298350445513234,-0.4903901005851849
2021-11-23,-0.4343601650204821,-0.4947294030086601
2021-11-24,-0.43316572043306323,-0.49835233275535556
2021-11-25,-0.4325305382464956,-0.4985795837518902
2021-11-26,-0.4263703346556627,-0.49855906658821647
2021-11-29,-0.42570860218880385,-0.4989078710724376
2021-11-30,-0.41983834289321503,-0.49343114396857923
2021-12-01,-0.415742522391094,-0.4943734846279189
2021-12-02,-0.4145724130963243,-0.4913175862536771
2021-12-03,-0.41721208758529627,-0.48646964730284264
2021-12-06,-0.4176984540511765,-0.4816405247520789
2021-12-07,-0.41646505958978824,-0.48297244432569425
2021-12-08,-0.4165942796800931,-0.4812293584044323
2021-12-09,-0.4190131577002926,-0.4810856044086602
2021-12-10,-0.4180743899572397,-0.48051874525728155
2021-12-13,-0.4178437570965182,-0.478771095272498
2021-12-14,-0.42090445405925636,-0.48155252446134933
2021-12-15,-0.42026622214419984,-0.4801246734893776
2021-12-16,-0.42585146208392965,-0.48611937720560366
2021-12-17,-0.4258115501218941,-0.48476710351280017
2021-12-20,-0.42530492460456754,-0.48550850182720817
2021-12-21,-0.42530348100775484,-0.48545597346700947
2021-12-22,-0.4292612041996997,-0.49056066831499123
2021-12-23,-0.42770667957877084,-0.49037953010651736
2021-12-24,-0.4226829483344103,-0.4974092983549109
2021-12-27,-0.42268376454239037,-0.4984175804422835
2021-12-28,-0.4073251641764698,-0.5173934159902178
2021-12-29,-0.4067172577046195,-0.5191613955164309
2021-12-30,-0.4090601182505215,-0.5179039824388941
2021-12-31,-0.40874656920690045,-0.5196070430259562
2022-01-03,-0.41651736830551733,-0.5193899858318817
2022-01-04,-0.4193242824904818,-0.5164659234010477
2022-01-05,-0.41834478244961665,-0.5149909335933714
2022-01-06,-0.42528209649455556,-0.5171548021344312
2022-01-07,-0.42397995914344744,-0.5217468572712809
2022-01-10,-0.42349948709800533,-0.5215680594045814
2022-01-11,-0.432338281998625,-0.5233075693276413
2022-01-12,-0.4298785027099612,-0.5241854864154569
2022-01-13,-0.43014933414727824,-0.524145373066458
2022-01-14,-0.4313778026646759,-0.5228430880263268
2022-01-17,-0.4313691198858368,-0.5228046605712563
2022-01-18,-0.4308760297685897,-0.5223338728046065
2022-01-19,-0.4251229858377373,-0.5330569073090026
2022-01-20,-0.4284040666019321,-0.5375598760940036
2022-01-21,-0.4211379364318278,-0.5380530767788726
2022-01-24,-0.42417580267019256,-0.5209505784952587
2022-01-25,-0.4251666340684269,-0.5172118070585142
2022-01-26,-0.43564782162472876,-0.5091545210437975
2022-01-27,-0.4223815028511334,-0.5159406173868396
2022-01-28,-0.41712303465600836,-0.5154283776461014
2022-01-31,-0.415353979563155,-0.519216062581577
2022-02-01,-0.4142087618301234,-0.5194392167371225
2022-02-02,-0.41446032047364817,-0.5200009026383704
2022-02-03,-0.4069180083433607,-0.5158848651638214
2022-02-04,-0.402320210630985,-0.5131479795221694
2022-02-07,-0.40270671156583077,-0.5139245955202285
2022-02-08,-0.40719715338039897,-0.5130812685979524
2022-02-09,-0.4119532984765223,-0.5226089835233658
2022-02-10,-0.4129559658442167,-0.5198561530805954
2022-02-11,-0.42422436426966315,-0.5054363191331057
2022-02-14,-0.4021872253767976,-0.5006838966688489
2022-02-15,-0.4534503435489072,-0.47424056519466157
2022-02-16,-0.4522368135484315,-0.4786014144259078
2022-02-17,-0.4527992728662698,-0.47681684317765205
2022-02-18,-0.4491586621362601,-0.4750177289748363
2022-02-21,-0.4439926612454922,-0.47786594997290766
2022-02-22,-0.44415062863961574,-0.4911247353767719
2022-02-23,-0.44217402088700414,-0.4861564731845028
2022-02-24,-0.4325848719148277,-0.47792304326075746
2022-02-25,-0.4317836042778803,-0.4669973922529614
2022-02-28,-0.4338013755341089,-0.4727109037500799
2022-03-01,-0.4522395350555877,-0.4477336146000353
2022-03-02,-0.4550314043955089,-0.4467255928406255
2022-03-03,-0.45329773401683177,-0.44465066174476414
2022-03-04,-0.46424353989026484,-0.42193655731534413
2022-03-07,-0.46771661136959886,-0.4062833239527507
2022-03-08,-0.47088399925954516,-0.3872329930201367
2022-03-09,-0.499181299994105,-0.31988193502927914
2022-03-10,-0.5009600979710644,-0.31687439678095947
2022-03-11,-0.4932048968417195,-0.32151265888406444
2022-03-14,-0.5037342284771419,-0.3207853540229352
2022-03-15,-0.5143138965345363,-0.31936622286847816
2022-03-16,-0.5038754607602077,-0.3198380295832509
2022-03-17,-0.5060131841022752,-0.3169787550429223
2022-03-18,-0.5054426768098791,-0.3114904333148691
2022-03-21,-0.48449710876723584,-0.31262312649547
2022-03-22,-0.48654440814462063,-0.31356302003303554
2022-03-23,-0.492495844372725,-0.31497910188896383
2022-03-24,-0.48741661720561225,-0.31305115571072395
2022-03-25,-0.4875266705021827,-0.31112471203799247
2022-03-28,-0.4775066069301478,-0.3165932903046836
2022-03-29,-0.47485255150666317,-0.3134927840957779
2022-03-30,-0.4776865007688035,-0.3177422705204781
2022-03-31,-0.4759850130741394,-0.316646320953938
2022-04-01,-0.4780855052427645,-0.3209643888816112
2022-04-04,-0.46975360949536915,-0.3194175501055951
2022-04-05,-0.4721199175350638,-0.3206012958717462
2022-04-06,-0.46768311348744784,-0.321599972389145
2022-04-07,-0.4641047185536735,-0.3193211965091399
2022-04-08,-0.46250027696792123,-0.31830460674669464
2022-04-11,-0.46147445533548226,-0.317364011266656
2022-04-12,-0.46251005468153766,-0.31991772469339086
2022-04-13,-0.4599116005980401,-0.32007574913767367
2022-04-14,-0.4602770789969872,-0.32091616914646565
2022-04-15,-0.45998236560480604,-0.32048182782422313
2022-04-18,-0.4601315139751408,-0.3205006591338599
2022-04-19,-0.4652716957219106,-0.3230012258785497
2022-04-20,-0.46464976687953613,-0.3241141063290509
2022-04-21,-0.46407357973478425,-0.3231443567854187
2022-04-22,-0.46534724853763987,-0.3296492745805697
2022-04-25,-0.4612581117315274,-0.33472195037940816
2022-04-26,-0.46015759814615353,-0.3278186512207181
2022-04-27,-0.4601833101876911,-0.3305248563360348
2022-04-28,-0.4616286042987852,-0.3242482375390167
2022-04-29,-0.4542937816176185,-0.3156645412664136
2022-05-02,-0.46898257937306415,-0.3214299298206095
2022-05-03,-0.46790392170748063,-0.31747698582036304
2022-05-04,-0.47072968570146106,-0.3186028232140921
2022-05-05,-0.4707023705724809,-0.3194627213389225
2022-05-06,-0.47000727321875485,-0.3196937033726877
2022-05-09,-0.4725254080692786,-0.32779317869903396
2022-05-10,-0.47395102200709116,-0.32989943614973344
2022-05-11,-0.47655822852377044,-0.3327986848607504
2022-05-12,-0.4766404172602304,-0.34355891419297613
2022-05-13,-0.4747356416748368,-0.33660703285891896
2022-05-16,-0.4766747356705442,-0.33808450761620573
2022-05-17,-0.4776554975639363,-0.3263711541757455
2022-05-18,-0.4746379982013158,-0.3262065400892945
2022-05-19,-0.4605355234292053,-0.33620073332163913
2022-05-20,-0.4602672790801625,-0.3367847480430691
2022-05-23,-0.45495135318986696,-0.3278054098688075
2022-05-24,-0.4541540367219854,-0.3237137004189876
2022-05-25,-0.4531344902589248,-0.32434529710694543
2022-05-26,-0.45136595289148485,-0.3232127647862554
2022-05-27,-0.4512652938774657,-0.3225711039987561
2022-05-30,-0.45051618462976617,-0.32240936280913374
2022-05-31,-0.4523636044014941,-0.31232540679151005
2022-06-01,-0.4464850222961766,-0.3066782275455227
2022-06-02,-0.4491096790650007,-0.3129774369741636
2022-06-03,-0.43378055368660945,-0.32293442656235394
2022-06-06,-0.4479665412975134,-0.27716662388923463
2022-06-07,-0.45231875619420053,-0.273279021084211
2022-06-08,-0.4585189505870062,-0.2704732257231721
2022-06-09,-0.4643950394253514,-0.27136271282916524
2022-06-10,-0.4481016969968989,-0.24783072587716917
2022-06-13,-0.4803422815642822,-0.27831213485435147
2022-06-14,-0.4815590147255756,-0.2809775223119677
2022-06-15,-0.48747455894975544,-0.28081427827302574
2022-06-16,-0.4848243716330804,-0.2879188538324745
2022-06-17,-0.48333623914898827,-0.2941187485124144
2022-06-20,-0.48331707344043207,-0.29502999522487783
2022-06-21,-0.4831006208326211,-0.2885430173923756
2022-06-22,-0.4835334285710099,-0.2891115294642787
2022-06-23,-0.4799900454439987,-0.2937967288882302
2022-06-24,-0.4793746714785887,-0.2937777474175597
2022-06-27,-0.47861091832207414,-0.2927977922462224
2022-06-28,-0.47857253036300235,-0.29212583294992356
2022-06-29,-0.4796318693029477,-0.29225974651627673
2022-06-30,-0.4723066423354245,-0.2923644079315073
2022-07-01,-0.4670449816657341,-0.2904390023671232
2022-07-04,-0.4674835254054615,-0.2905091929680532
2022-07-05,-0.4597957713468502,-0.31133758008787876
2022-07-06,-0.4670129417373256,-0.31748133149456276
2022-07-07,-0.4665018131629494,-0.31720971217569743
2022-07-08,-0.46554610197961593,-0.31980328121060364
2022-07-11,-0.46203567992524985,-0.32192416297872173
2022-07-12,-0.4622522560798809,-0.3226093748176411
2022-07-13,-0.4653842444834843,-0.3245898405728133
2022-07-14,-0.46418145096822006,-0.33273853271952575
2022-07-15,-0.4620673964783125,-0.3293098635521376
2022-07-18,-0.46287430142971175,-0.3209827821510922
2022-07-19,-0.46395527788712326,-0.3206047848724709
2022-07-20,-0.46511127199952396,-0.32078601933739653
2022-07-21,-0.4702298983295906,-0.314328205192841
2022-07-22,-0.4675287920761939,-0.31484271839555245
2022-07-25,-0.46705228069673255,-0.3157426784257771
2022-07-26,-0.4688051687458294,-0.3056561241749308
2022-07-27,-0.47473212474384396,-0.3047022332513183
2022-07-28,-0.48100401608434357,-0.3120463149482772
2022-07-29,-0.48046673622674635,-0.3100902733907624
2022-08-01,-0.48167811615723577,-0.31185908413540986
2022-08-02,-0.4809737385677438,-0.31164702610226325
2022-08-03,-0.4807989241700082,-0.31042104552964395
2022-08-04,-0.4789220129942167,-0.3184575986155749
2022-08-05,-0.4842945709474167,-0.3226823210830372
2022-08-08,-0.48683761527214353,-0.32526695891074725
2022-08-09,-0.485934957604441,-0.32624647878616025
2022-08-10,-0.4867197056741874,-0.3111471686121674
2022-08-11,-0.4869932168497192,-0.31141489657754273
2022-08-12,-0.48831882301630813,-0.30850365122028794
2022-08-15,-0.48375284426308196,-0.31267389474054236
2022-08-16,-0.4787099625374353,-0.306698222200405
2022-08-17,-0.48025185889858657,-0.30959863980325225
2022-08-18,-0.47872392603361913,-0.309743286661331
2022-08-19,-0.48040155608087826,-0.31338415961922755
2022-08-22,-0.48102009639906446,-0.3163788156413863
2022-08-23,-0.4827823050090198,-0.31700496631467884
2022-08-24,-0.4822999386545661,-0.3168802565683614
2022-08-25,-0.48452222007553547,-0.31127642025107294
2022-08-26,-0.4869670961259487,-0.3091462781774217
2022-08-29,-0.4848760093083447,-0.30740493808493863
2022-08-30,-0.48435599083921954,-0.3095538511790941
2022-08-31,-0.48699524297296415,-0.3075646476117702
2022-09-01,-0.4899677015888455,-0.3123297775773767
2022-09-02,-0.49299361412274667,-0.3176451659027084
2022-09-05,-0.49645744885958343,-0.31429016371632557
2022-09-06,-0.4977307167102846,-0.3167156566172313
2022-09-07,-0.4981512375674128,-0.3190665642631795
2022-09-08,-0.5005054405403303,-0.31547117152795495
2022-09-09,-0.4995033094302743,-0.3191893474367363
2022-09-12,-0.49593215801703605,-0.32433064503808784
2022-09-13,-0.49549963174823525,-0.3339300967737615
2022-09-14,-0.4940069005264158,-0.3336336900273125
2022-09-15,-0.49639184269814424,-0.33435510766196475
2022-09-16,-0.49380548521232936,-0.33310377010199804
2022-09-19,-0.4921785897069088,-0.3336269703362116
2022-09-20,-0.49200365234181664,-0.33331947271364276
2022-09-21,-0.49320164918465487,-0.3282587705673626
2022-09-22,-0.48998819480578637,-0.3278165848596323
2022-09-23,-0.4885792375676419,-0.34249055163839354
2022-09-26,-0.49360479209720964,-0.35233649705573933
2022-09-27,-0.49142282178050234,-0.352496641503466
2022-09-28,-0.5076598168097693,-0.35675859304755086
2022-09-29,-0.5017809723413904,-0.35632892351476575
2022-09-30,-0.49690557916844486,-0.3529590480941202
2022-10-03,-0.5155536057632163,-0.3583888609188296
2022-10-04,-0.5188197474401973,-0.3726414727750087
2022-10-05,-0.5191733866753532,-0.37492436804673174
2022-10-06,-0.5204880717983668,-0.3741703408653706
2022-10-07,-0.5181016304443243,-0.37207855171146315
2022-10-10,-0.5147791670153982,-0.3689775377498686
2022-10-11,-0.5141489493641698,-0.36954059146862006
2022-10-12,-0.5130159293401141,-0.36575991555731574
2022-10-13,-0.515724615753288,-0.36167321522798807
2022-10-14,-0.5092541522778427,-0.36565104074874816
2022-10-17,-0.5114254736711809,-0.36620340668209655
2022-10-18,-0.5105362374022088,-0.36201427883711695
2022-10-19,-0.516338042299517,-0.36571891346574376
2022-10-20,-0.5170873287556801,-0.36444168160915125
2022-10-21,-0.5182213359605996,-0.36820648927915506
2022-10-24,-0.5134010195528976,-0.3692492090939113
2022-10-25,-0.5109550378805151,-0.36649629508225234
2022-10-26,-0.5100336468745623,-0.36845278056249275
2022-10-27,-0.506480509152772,-0.36819902951904043
2022-10-28,-0.5076107041032308,-0.37685662025966116
2022-10-31,-0.5090698458315446,-0.37854550393820524
2022-11-01,-0.5092465306034828,-0.3814201916480152
2022-11-02,-0.5086466294992285,-0.3800332358654385
2022-11-03,-0.5070039020497673,-0.3780819743763687
2022-11-04,-0.5060572548005239,-0.3960479772578705
2022-11-07,-0.5070367370770466,-0.3901604748594175
2022-11-08,-0.5079138415926381,-0.3986135876520709
2022-11-09,-0.5016862107318792,-0.39592731181228796
2022-11-10,-0.5250116332186018,-0.4162208190232942
2022-11-11,-0.5251092802615003,-0.41603466764127295
2022-11-14,-0.5233220805798993,-0.41225751292316054
2022-11-15,-0.5268012867021312,-0.4127364334296199
2022-11-16,-0.5246228740883856,-0.4129292393355125
2022-11-17,-0.5296782297944808,-0.41891631961869613
2022-11-18,-0.5326527673240202,-0.4166906839790236
2022-11-21,-0.5312420153934088,-0.41784938943972344
2022-11-22,-0.5291380603632332,-0.4198848600662
2022-11-23,-0.5300222956728485,-0.42181589634114847
2022-11-24,-0.5304042650637669,-0.42124803555040663
2022-11-25,-0.5303324256063913,-0.42143984297307363
2022-11-28,-0.5316785574045174,-0.42125125673358904
2022-11-29,-0.529553749664425,-0.42031799231524014
2022-11-30,-0.5342819582061504,-0.4215499899980842
2022-12-01,-0.541616097877204,-0.4327465993974723
2022-12-02,-0.5382542183359629,-0.43349077186774704
2022-12-05,-0.5414836550183092,-0.4338404102799045
2022-12-06,-0.5416446069630548,-0.43238036945268987
2022-12-07,-0.5427556585551155,-0.4331372421175356
2022-12-08,-0.5424685371288097,-0.43289119731561937
2022-12-09,-0.5374226184206962,-0.43092934268455985
2022-12-12,-0.5376473264362497,-0.43200539922969583
2022-12-13,-0.5395476470100549,-0.43999884374732645
2022-12-14,-0.5395788432293331,-0.4397110860623224
2022-12-15,-0.5338917701054356,-0.44574235961182385
2022-12-16,-0.52966090582391,-0.44449688381911345
2022-12-19,-0.528390464587285,-0.4437888586231931
2022-12-20,-0.5243542869475457,-0.4467391487126806
2022-12-21,-0.5219772118190364,-0.44780690570166065
2022-12-22,-0.5265026888653674,-0.44536289792905986
2022-12-23,-0.5247476543121076,-0.44651718916777633
2022-12-26,-0.5223428128195977,-0.4455275320878409
2022-12-27,-0.5207992215098621,-0.4456339011161408
2022-12-28,-0.5210996132493063,-0.44673213150158403
2022-12-29,-0.5187886572297659,-0.4452908445259023
2022-12-30,-0.5191733250401298,-0.44580161235399335
2023-01-02,-0.5192783343828066,-0.4467437711111097
2023-01-03,-0.5202695484135184,-0.43967176662071
2023-01-04,-0.521875310446326,-0.442399587823217
2023-01-05,-0.5209065943591977,-0.4458004391905418
2023-01-06,-0.5319743264890116,-0.4552217858141088
2023-01-09,-0.5320047569359933,-0.45404540583375896
2023-01-10,-0.5337997577132197,-0.45346457698242654
2023-01-11,-0.5321450996205798,-0.4577673126384357
2023-01-12,-0.5348394148633205,-0.4616207280692285
2023-01-13,-0.5237120913181613,-0.4667611607153211
2023-01-16,-0.5310848962003624,-0.4614467062357185
2023-01-17,-0.5341762970228249,-0.4611354551806886
2023-01-18,-0.5303380354778658,-0.45938474445185
2023-01-19,-0.5323660713405207,-0.4490128819583269
2023-01-20,-0.5326213292908849,-0.4473539691489379
2023-01-23,-0.5328204655911842,-0.4481647231162555
2023-01-24,-0.5345244588120078,-0.4486778192615248
2023-01-25,-0.5351416403285875,-0.4486260222544821
2023-01-26,-0.5336119591574272,-0.44832456525163045
2023-01-27,-0.5334803922352972,-0.4477099755683441
2023-01-30,-0.5331890459734321,-0.44905379957275376
2023-01-31,-0.5289886523380862,-0.457116527345408
2023-02-01,-0.533530359201425,-0.46138223676106543
2023-02-02,-0.5304003718291631,-0.4547759879866778
2023-02-03,-0.5373610984574934,-0.46716822276534825
2023-02-06,-0.5357761735076672,-0.4628301232842732
2023-02-07,-0.5361362271468912,-0.46281113423482195
2023-02-08,-0.5360992804492156,-0.46303330303386525
2023-02-09,-0.5366734641818491,-0.4609446728348363
2023-02-10,-0.5349632401289105,-0.4605922058556396
2023-02-13,-0.5373297462031561,-0.4594181080228629
2023-02-14,-0.5368038051413135,-0.4636180148824188
2023-02-15,-0.5328415834252214,-0.4665070782234319
2023-02-16,-0.5277404873655117,-0.4801524049787491
2023-02-17,-0.5273288327116922,-0.48142065894112074
2023-02-20,-0.5281229962093836,-0.48286623962472863
2023-02-21,-0.5242345860641372,-0.4975414668074834
2023-02-22,-0.5211687322788364,-0.5114644864481243
2023-02-23,-0.5215497805776831,-0.5272287812124969
2023-02-24,-0.5152365861595978,-0.5737963760210175
2023-02-27,-0.5157784657861991,-0.5747776238205881
2023-02-28,-0.5204994240421763,-0.574096229127362
2023-03-01,-0.5113014924309124,-0.5764929335720036
2023-03-02,-0.5074733709702163,-0.5789978840874981
2023-03-03,-0.5154096091572542,-0.5792567187133224
2023-03-06,-0.5149941057162802,-0.5769413587822442
2023-03-07,-0.520527680634833,-0.5837998374099236
2023-03-08,-0.5293613185113205,-0.5832890960394882
2023-03-09,-0.5292877083263966,-0.582081272387209
2023-03-10,-0.5368569677726849,-0.5811608664745348
2023-03-13,-0.5462331669524868,-0.5812778495329198
2023-03-14,-0.545975622299283,-0.5824108571225075
2023-03-15,-0.5549062481986632,-0.5674921154950221
2023-03-16,-0.5516943283147335,-0.5692798631362813
2023-03-17,-0.5481345966981557,-0.5614014347713222
2023-03-20,-0.5479203933603026,-0.5601082029183512
2023-03-21,-0.544434692194464,-0.5524934548265785
2023-03-22,-0.5519430253847605,-0.5528394803975742
2023-03-23,-0.5500345467647477,-0.5559764085611436
2023-03-24,-0.5479708260526587,-0.5597853420055445
2023-03-27,-0.5520502511280101,-0.5585357661855992
2023-03-28,-0.5536712768027126,-0.5609114084934406
2023-03-29,-0.5542414987157387,-0.5614338195745112
2023-03-30,-0.5545071371333458,-0.5622115823886621
2023-03-31,-0.5535238680036663,-0.5614440117099854
2023-04-03,-0.5534591521829618,-0.5609748865462306
2023-04-04,-0.5532860520775372,-0.5596893878770516
2023-04-05,-0.552841688703052,-0.5602349005349899
2023-04-06,-0.5500168992930092,-0.559105714356557
2023-04-07,-0.5484683706354738,-0.5584907147251749
2023-04-10,-0.5492927497067718,-0.5593744053551085
2023-04-11,-0.5485732437139406,-0.5574250938862333
2023-04-12,-0.5549129777836143,-0.5541442449299088
2023-04-13,-0.5519007271444314,-0.5581856881916574
2023-04-14,-0.5527512845762458,-0.5590394461508618
2023-04-17,-0.5526018165869508,-0.5643183828518429
2023-04-18,-0.5545628110017738,-0.5662893639329892
2023-04-19,-0.5473334444550659,-0.565404651062207
2023-04-20,-0.5475394857247592,-0.5655127806380648
2023-04-21,-0.5448958336977039,-0.5658032679414643
2023-04-24,-0.544977900796189,-0.5655269650570033
2023-04-25,-0.5471658201769783,-0.5626216022184232
2023-04-26,-0.5474736909809356,-0.5568153656461818
2023-04-27,-0.5460326816763016,-0.5559520893523956
2023-04-28,-0.5443022995712662,-0.5546144502550752
2023-05-01,-0.5451167112574448,-0.5495764592722702
2023-05-02,-0.5520374130914568,-0.5472170636936384
2023-05-03,-0.5524858562838445,-0.5486428334522199
2023-05-04,-0.551049533723451,-0.5568517440058375
2023-05-05,-0.5532396893208718,-0.545581754675042
2023-05-08,-0.5615907439591841,-0.542205534732126
2023-05-09,-0.5608862408766092,-0.5398619399357498
2023-05-10,-0.561014403388804,-0.5389661620229245
2023-05-11,-0.5573299604617332,-0.5406535498244579
2023-05-12,-0.5588015451010151,-0.5397909447531957
2023-05-15,-0.5599280160672998,-0.5404886630835496
2023-05-16,-0.5601386762771531,-0.5397223020494714
2023-05-17,-0.5598795702079562,-0.5400856043178528
2023-05-18,-0.5592972133875206,-0.545936747342942
2023-05-19,-0.5600469843926503,-0.5527679986445748
2023-05-22,-0.5599098001366514,-0.5498695476799589
2023-05-23,-0.5639375970728209,-0.5494998502406657
2023-05-24,-0.5638642045687031,-0.5495781134995185
2023-05-25,-0.5655310074105772,-0.5521428244058643
2023-05-26,-0.5655966499261421,-0.5525532796851375
2023-05-29,-0.5656446979427032,-0.5524843919779461
2023-05-30,-0.5769325488771995,-0.573081817408389
2023-05-31,-0.5593064093575251,-0.5596395048263646
2023-06-01,-0.5582038306044654,-0.5592477403595412
2023-06-02,-0.5562999633196296,-0.5576173242352248
2023-06-05,-0.5596165637734368,-0.553779671130444
2023-06-06,-0.5602242891805104,-0.5519139167235796
2023-06-07,-0.5625055368522857,-0.5487254096299804
2023-06-08,-0.5634809386632731,-0.5537636289949601
2023-06-09,-0.5634110238906663,-0.5530295496405991
2023-06-12,-0.565412848007473,-0.5523722997310984
2023-06-13,-0.5671076900363801,-0.5481755720249114
2023-06-14,-0.5676459548052135,-0.5483021295409098
2023-06-15,-0.5690147450626412,-0.5491696177393446
2023-06-16,-0.569047738096331,-0.5491458613697597
2023-06-19,-0.5747440735385045,-0.5495703355954318
2023-06-20,-0.5744062309407142,-0.5529617826682736
2023-06-21,-0.5742033693650711,-0.5523896791641532
2023-06-22,-0.5843590354696193,-0.5413190659000751
2023-06-23,-0.5799712660985147,-0.537425799341629
2023-06-26,-0.5802076764281281,-0.5377743402022819
2023-06-27,-0.5807940374602294,-0.536811983667523
2023-06-28,-0.5824531827997861,-0.5362694452641108
2023-06-29,-0.5817959975667298,-0.5360084911619729
2023-06-30,-0.582271877563462,-0.536040288500612
2023-07-03,-0.5837057673387558,-0.5310241447945341
2023-07-04,-0.5851665048077128,-0.534021734931724
2023-07-05,-0.5855864996758605,-0.5363954552303518
2023-07-06,-0.5860508831678802,-0.5365150039931831
2023-07-07,-0.5847171042770583,-0.5380667685617246
2023-07-10,-0.5818737333743268,-0.5449682710543716
2023-07-11,-0.5852826877167889,-0.5454565684576764
2023-07-12,-0.5894839915092701,-0.550532489105083
2023-07-13,-0.5881544204436281,-0.5496133979037179
2023-07-14,-0.5863302558725829,-0.5509211058215685
2023-07-17,-0.5825213756952385,-0.5475200998589878
2023-07-18,-0.5806688653944487,-0.5467148573494591
2023-07-19,-0.5794703657832535,-0.5454351716731197
2023-07-20,-0.5781961660960517,-0.5448582756193274
2023-07-21,-0.5776283514629846,-0.5472294545284432
2023-07-24,-0.5789857942311982,-0.5429630655339558
2023-07-25,-0.5735327885403448,-0.5397197337279983
2023-07-26,-0.5721279211243,-0.5382661075348818
2023-07-27,-0.5786649529117829,-0.5372993678480659
2023-07-28,-0.5798160685849861,-0.5467685553932063
2023-07-31,-0.5792403121722922,-0.5467698086266314
2023-08-01,-0.5807329040798217,-0.5543018603088208
2023-08-02,-0.5857363995950846,-0.5528188534753232
2023-08-03,-0.5836175575319839,-0.552455334402559
2023-08-04,-0.5800094011716549,-0.5511648107960806
2023-08-07,-0.582652036483569,-0.5511044782517007
2023-08-08,-0.5796442233184376,-0.5506758321421036
2023-08-09,-0.5788914566726914,-0.5479703077489917
2023-08-10,-0.578535337471006,-0.5456884585519044
2023-08-11,-0.5787144575684999,-0.5448220157000083
2023-08-14,-0.5788773937022892,-0.5450349360228804
2023-08-15,-0.5789509673984281,-0.5470715873305959
2023-08-16,-0.5808889626100181,-0.5484000857969156
2023-08-17,-0.5812403933156675,-0.5478665200623817
2023-08-18,-0.5791280733201626,-0.5498575451202331
2023-08-21,-0.5752514390555156,-0.5470531120865456
2023-08-22,-0.5735361865499757,-0.5450487727954492
2023-08-23,-0.5761274575390072,-0.5462773817879301
2023-08-24,-0.5745029339248352,-0.5459170619008888
2023-08-25,-0.574069947213663,-0.5480462143897059
2023-08-28,-0.57329168307208,-0.5506524600647108
2023-08-29,-0.5762811563558928,-0.5497394187014616
2023-08-30,-0.5773385887642983,-0.5487507495052608
2023-08-31,-0.5776348700852222,-0.5427770944847429
2023-09-01,-0.5780942145988496,-0.5410960087307207
2023-09-04,-0.5765733011203453,-0.5385239941341337
2023-09-05,-0.5800352604715598,-0.5413736556618844
2023-09-06,-0.5815062915985982,-0.5423574480900913
2023-09-07,-0.5810426124409004,-0.5420720055178212
2023-09-08,-0.5804634978572026,-0.5469870084922535
2023-09-11,-0.5847737366020908,-0.5463315497961062
2023-09-12,-0.5856725791539502,-0.5366526554632212
2023-09-13,-0.581430740672732,-0.5304593686005629
2023-09-14,-0.5831081873177003,-0.5302669272703242
2023-09-15,-0.5694716018424613,-0.5293506892363367
2023-09-18,-0.5765979840915733,-0.53069231149448
2023-09-19,-0.579184374103347,-0.5306572757022807
2023-09-20,-0.5630400314938633,-0.5291761159147379
2023-09-21,-0.5634641070402956,-0.5254459437229181
2023-09-22,-0.5640919768705296,-0.5240964802507847
2023-09-25,-0.5653308464591577,-0.5254930574473397
2023-09-26,-0.5678969732500202,-0.5280632875935649
2023-09-27,-0.572512510194863,-0.5347926422035882
2023-09-28,-0.5679967259164329,-0.530503074917291
2023-09-29,-0.569003736604798,-0.530534113202686
2023-10-02,-0.572627677884305,-0.5391467110415576
2023-10-03,-0.5789084251870951,-0.5345245775086772
2023-10-04,-0.5777972005658486,-0.5350226003329446
2023-10-05,-0.5783826016983521,-0.5361490922531926
2023-10-06,-0.5704283863571584,-0.5338094120746562
2023-10-09,-0.565921818414303,-0.5305087459502921
2023-10-10,-0.5591202768196735,-0.5276334002114618
2023-10-11,-0.5619593152509278,-0.527374506932715
2023-10-12,-0.5622543161372822,-0.5287572444889433
2023-10-13,-0.5628774181409704,-0.5003997533646347
2023-10-16,-0.5670603238130516,-0.4979199948966214
2023-10-17,-0.5663719676142417,-0.4949676896199285
2023-10-18,-0.5569850385362151,-0.4774145475350447
2023-10-19,-0.5536366678120791,-0.47508799156270753
2023-10-20,-0.5542876753607378,-0.47659247191543036
2023-10-23,-0.5557075825665742,-0.47441632713372733
2023-10-24,-0.5581652730854691,-0.45820509809001786
2023-10-25,-0.55429314094151,-0.4651662181606842
2023-10-26,-0.5529760248761596,-0.45679018022095774
2023-10-27,-0.5518080136756741,-0.4580152526473674
2023-10-30,-0.5252061423614206,-0.43216689755023363
2023-10-31,-0.52570576109544,-0.4342946857549855
2023-11-01,-0.5224934908034455,-0.43996593975417886
2023-11-02,-0.521882750056853,-0.4380047625534833
2023-11-03,-0.5247374713534341,-0.43500279200541575
2023-11-06,-0.5243138013429716,-0.42997652412183723
2023-11-07,-0.518873128356401,-0.4328738716850949
2023-11-08,-0.5170580636358624,-0.42992150869427354
2023-11-09,-0.509836434518743,-0.4302533972358711
2023-11-10,-0.5065097106858071,-0.4270741991648241
2023-11-13,-0.5049511430866382,-0.4243548817290954
2023-11-14,-0.5078665015279272,-0.4288990800027394
2023-11-15,-0.5062144669974182,-0.4259667032301784
2023-11-16,-0.5110549468111965,-0.42369117630810416
2023-11-17,-0.504660831775752,-0.4229294314926689
2023-11-20,-0.4920451817195385,-0.4027296017504801
2023-11-21,-0.4924757700484589,-0.4018617809908206
2023-11-22,-0.48318214045230595,-0.39506231476919407
2023-11-23,-0.4830388251606885,-0.3969931469894935
2023-11-24,-0.479081184052557,-0.39691281773880027
2023-11-27,-0.480329765393858,-0.3970790073896638
2023-11-28,-0.4887944424147227,-0.40278220242804047
2023-11-29,-0.48828999447764077,-0.3998448810127401
2023-11-30,-0.48611675596380144,-0.3899248548190078
2023-12-01,-0.49518035190161336,-0.39263094431066126
2023-12-04,-0.5055833074712649,-0.3910692840641358
2023-12-05,-0.5086008773505792,-0.39395612642311
2023-12-06,-0.5085955580335234,-0.3951773855947475
2023-12-07,-0.5161627709970159,-0.3910937421905399
2023-12-08,-0.5189249275112903,-0.3913995968719465
2023-12-11,-0.5154510407666268,-0.3945909476651953
2023-12-12,-0.51810134862404,-0.39357402366722577
2023-12-13,-0.5309294183436706,-0.373921250721228
2023-12-14,-0.532247891483698,-0.37073926787834616
2023-12-15,-0.5298103824582454,-0.370714714792779
2023-12-18,-0.52670399407533,-0.36820571150340287
2023-12-19,-0.527095639144032,-0.3695383435766548
2023-12-20,-0.5222780942295279,-0.36975963642924026
2023-12-21,-0.5185768667140425,-0.3799601887210649
2023-12-22,-0.5161134416262083,-0.3769323118238652
2023-12-25,-0.5168601015992933,-0.37096066074202766
2023-12-26,-0.50612145848371,-0.35764841237232925
2023-12-27,-0.5066991322553828,-0.3607973469098911
2023-12-28,-0.5100486593479082,-0.36053146460912633
2023-12-29,-0.511629929352062,-0.36068195711130124
2024-01-01,-0.5078064990692902,-0.35420227608038635
2024-01-02,-0.5198980627951708,-0.3514241056227512
2024-01-03,-0.5164067162940785,-0.3544489373884055
2024-01-04,-0.5139638756896778,-0.35461366426362745
2024-01-05,-0.5192181006766788,-0.35506781725799746
2024-01-08,-0.5123409254352983,-0.36752048083249983
2024-01-09,-0.5117837320789475,-0.36824148117793726
2024-01-10,-0.5118702841998322,-0.3682167529709611
2024-01-11,-0.5111821576908478,-0.367726056497292
2024-01-12,-0.5134623615275138,-0.3700339338228501
2024-01-15,-0.5157056383668287,-0.37040831706232086
2024-01-16,-0.5184319674622409,-0.3770692015679862
2024-01-17,-0.518549566141482,-0.3812107695937215
2024-01-18,-0.5184283274133242,-0.38243374170774713
2024-01-19,-0.5120837998958625,-0.3796741432851667
2024-01-22,-0.5125014440367442,-0.3928861519598527
2024-01-23,-0.49871668555631177,-0.36544067390357976
2024-01-24,-0.5015157667823738,-0.3635705396062728
2024-01-25,-0.5020080318364005,-0.36123631428736575
2024-01-26,-0.5021256872522823,-0.3603899173703735
2024-01-29,-0.5024567660062784,-0.360290844456888
2024-01-30,-0.5043351566791318,-0.36080344236198497
2024-01-31,-0.5028837357771403,-0.3620261052652913
2024-02-01,-0.5055293993536982,-0.36214851372249507
2024-02-02,-0.5118538551722969,-0.36216396426508746
2024-02-05,-0.5133674121819467,-0.3642338179100461
2024-02-06,-0.5140034250939546,-0.3660849521306871
2024-02-07,-0.5140295609794513,-0.3660209130751073
2024-02-08,-0.5131231312548326,-0.36598348883195975
2024-02-09,-0.5142843976952597,-0.3645008510230012
2024-02-12,-0.5148302932079541,-0.3639624536894448
2024-02-13,-0.5173336259531863,-0.36780338994385575
2024-02-14,-0.5161369684748796,-0.36707064803140615
2024-02-15,-0.5160550138324351,-0.3678709249379436
2024-02-16,-0.520395311991472,-0.36582711766331477
2024-02-19,-0.520405014534927,-0.36644731980958656
2024-02-20,-0.5160045983174477,-0.36400059446969113
2024-02-21,-0.5150523322659579,-0.3668350605658147
2024-02-22,-0.5080491692866568,-0.35185257031979283
2024-02-23,-0.509990241378013,-0.35199167219795185
2024-02-26,-0.5093343237178234,-0.35295065098089307
2024-02-27,-0.4927308416670532,-0.35225889303201446
2024-02-28,-0.47993217875470634,-0.34742242688052455
2024-02-29,-0.48011993465410646,-0.34622621332331094
2024-03-01,-0.4792237232176793,-0.3644802140426377
2024-03-04,-0.47972773933058144,-0.3642457944511746
2024-03-05,-0.4823097275676129,-0.3677553600300109
2024-03-06,-0.4818245071715805,-0.37228368376987264
2024-03-07,-0.4831697720379892,-0.3819446212021967
2024-03-08,-0.4696577229585751,-0.38094296424409413
2024-03-11,-0.47045455272953235,-0.37147681480393285
2024-03-12,-0.4771150497482986,-0.3641489125527735
2024-03-13,-0.46908727165757935,-0.3698212467486926
2024-03-14,-0.4682125738420304,-0.36712717459948924
2024-03-15,-0.4685361128051515,-0.3679697193438237
2024-03-18,-0.46659709013368106,-0.36481495025083466
2024-03-19,-0.46991995074366294,-0.36577191765908273
2024-03-20,-0.4712429329362486,-0.3643238704204073
2024-03-21,-0.46937365946402787,-0.3634874262216766
2024-03-22,-0.46268323815735235,-0.3663405576260222
2024-03-25,-0.4625999467183073,-0.3675089236971265
2024-03-26,-0.46394515216773013,-0.3672047263732888
2024-03-27,-0.46670927492694897,-0.3639779575169637
2024-03-28,-0.46478004464422606,-0.3593106429199651
2024-03-29,-0.464995179507602,-0.35745194487199183
2024-04-01,-0.45689693341686527,-0.33936911454559304
2024-04-02,-0.44779935212384325,-0.33372531607734496
2024-04-03,-0.44545172887061124,-0.33412788340823824
2024-04-04,-0.4433582419529436,-0.3300476455817561
2024-04-05,-0.43063120894673806,-0.32049717302431574
2024-04-08,-0.42844262202768046,-0.3212021607635783
2024-04-09,-0.43066672289069236,-0.3196522944652971
2024-04-10,-0.43710041517469245,-0.32770993277623306
2024-04-11,-0.42915593575068384,-0.3265557156822798
2024-04-12,-0.4177597752811037,-0.3394977584883607
2024-04-15,-0.39820989920901967,-0.3323086190907519
2024-04-16,-0.3977562158803492,-0.32991113309353753
2024-04-17,-0.39115551687394307,-0.3266729417103278
2024-04-18,-0.37701570983921645,-0.33503162225531247
2024-04-19,-0.3745589648994849,-0.33074835740320374
2024-04-22,-0.36533880071017244,-0.3205174490245533
2024-04-23,-0.36176465933115626,-0.33495378807032555
2024-04-24,-0.36325683698969025,-0.335305201701909
2024-04-25,-0.36171575680061696,-0.33852735278626467
2024-04-26,-0.36355930744345355,-0.3391802995259586
2024-04-29,-0.3669888468938105,-0.33273775559085156
2024-04-30,-0.3709955059540469,-0.33904549595091477
2024-05-01,-0.37300531515726415,-0.3377655314612512
2024-05-02,-0.36911719694181044,-0.33478694597777464
2024-05-03,-0.36775137173339617,-0.33227829042947826
2024-05-06,-0.36264414580480053,-0.3282509924059912
2024-05-07,-0.36715728256857755,-0.32635226024030023
2024-05-08,-0.36720225420839847,-0.32587820774852116
2024-05-09,-0.36996863940558594,-0.324574188526201
2024-05-10,-0.3655752491230937,-0.3245781657313145
2024-05-13,-0.35654031424804045,-0.3194649912286955
2024-05-14,-0.3576552079800702,-0.3192546319545891
2024-05-15,-0.3626409548073123,-0.32600166243428447
2024-05-16,-0.3606978500449417,-0.32451424279301067
2024-05-17,-0.3536600726065539,-0.32292741356440585
2024-05-20,-0.3531304142682406,-0.31822734984512085
2024-05-21,-0.34790005070422714,-0.3223637935988106
2024-05-22,-0.34463097900994805,-0.3229371568748566
2024-05-23,-0.35130756306158306,-0.32392644428686357
2024-05-24,-0.3454346237262153,-0.3278926789488902
2024-05-27,-0.3418861484838441,-0.32465400206360745
2024-05-28,-0.33473340905341187,-0.32713598273440236
2024-05-29,-0.3373600702970315,-0.333510303984342
2024-05-30,-0.33353797349940334,-0.34084330994622597
2024-05-31,-0.3310839773932595,-0.34255053524032586
2024-06-03,-0.3316642012124301,-0.3373070109103002
2024-06-04,-0.3240628642432551,-0.3411738144542196
2024-06-05,-0.3257331517461913,-0.34285824200026993
2024-06-06,-0.3294667210480977,-0.33847349016508316
2024-06-07,-0.35305197637427194,-0.3757091135812328
2024-06-10,-0.34753412453615146,-0.3716151838346749
2024-06-11,-0.3475803677475929,-0.37314405846289855
2024-06-12,-0.3479402242352969,-0.3733323147495859
2024-06-13,-0.34083680773960323,-0.3763270325038733
2024-06-14,-0.3410845235262959,-0.37200960890384593
2024-06-17,-0.34308128773907803,-0.37177693597426636
2024-06-18,-0.3419025789815916,-0.37152909529125755
2024-06-19,-0.34201627365121606,-0.3715819194722546
2024-06-20,-0.34178909758258835,-0.36698724453568526
2024-06-21,-0.34024982507195506,-0.36149552428442144
2024-06-24,-0.3388804327724046,-0.36122428673899826
2024-06-25,-0.3384261860018589,-0.35908377308307604
2024-06-26,-0.341267134261833,-0.3615479846076243
2024-06-27,-0.34257766563365083,-0.35905463180242936
2024-06-28,-0.33234778204421267,-0.3481171060494273
2024-07-01,-0.33114039786897076,-0.348576855740672
2024-07-02,-0.329575645807512,-0.34936511197472386
2024-07-03,-0.3321653625459147,-0.35425733330222914
2024-07-04,-0.33397896719891385,-0.3535852218754907
2024-07-05,-0.3411628696152467,-0.35718453781139964
2024-07-08,-0.34248371511646303,-0.3516424601876874
2024-07-09,-0.3426316543666887,-0.350660156157023
2024-07-10,-0.3439159186365279,-0.35262831502997477
2024-07-11,-0.3511820438397611,-0.3589383826976537
2024-07-12,-0.3505140448480756,-0.35718954630568667
2024-07-15,-0.33730850627792597,-0.3566188858061574
2024-07-16,-0.3392123318958528,-0.35062779449906395
2024-07-17,-0.3387591658073932,-0.34845714199317285
2024-07-18,-0.3324899339373619,-0.3430478419319123
2024-07-19,-0.3339120297664904,-0.34533994418213354
2024-07-22,-0.33541341045460077,-0.34534214061656726
2024-07-23,-0.3374802923204484,-0.34450169555349075
2024-07-24,-0.3382915112981909,-0.3444846307910568
2024-07-25,-0.33601083322219993,-0.33777954731596016
2024-07-26,-0.33972871792492226,-0.3370739633651109
2024-07-29,-0.34013113377862686,-0.33884686618317117
2024-07-30,-0.3409632201107327,-0.3371544639634362
2024-07-31,-0.34441029345004265,-0.34578999355025974
2024-08-01,-0.3402136375057235,-0.34620153923544655
2024-08-02,-0.33667940821097647,-0.3429688198732433
2024-08-05,-0.32851780745688647,-0.34263026228437515
2024-08-06,-0.33247805113206697,-0.34277615336293416
2024-08-07,-0.334079209603425,-0.34258223053974207
2024-08-08,-0.3295461011761369,-0.3430989270151157
2024-08-09,-0.323833240682636,-0.3398947103034097
2024-08-12,-0.3283830883064162,-0.3313687829368551
2024-08-13,-0.3273535276827391,-0.33000420024361643
2024-08-14,-0.3272546805920482,-0.3202564286997219
2024-08-15,-0.32296029749542915,-0.31969316380063323
2024-08-16,-0.31807333140436694,-0.32146056372838716
2024-08-19,-0.3177850743736757,-0.3177573587005349
2024-08-20,-0.319099021611998,-0.31914936617401407
2024-08-21,-0.3182769189316124,-0.31931808501073883
2024-08-22,-0.3178348538963361,-0.3201563279936517
2024-08-23,-0.32187893594565886,-0.3251956930769303
2024-08-26,-0.32253022257857294,-0.3242724216223446
2024-08-27,-0.32253248287491637,-0.3237439593373771
2024-08-28,-0.32283772525664184,-0.3248221515211439
2024-08-29,-0.32268191498548293,-0.32307289585437793
2024-08-30,-0.32618356133647114,-0.3248450093580193
2024-09-02,-0.32654870510731976,-0.3248782861732698
2024-09-03,-0.3267141487432502,-0.3265668324636054
2024-09-04,-0.3259147348779056,-0.3261694869602991
2024-09-05,-0.3251649392250374,-0.3264473250468423
2024-09-06,-0.3239476142452187,-0.3265897611069237
2024-09-09,-0.32006619203221714,-0.3216459828669948
2024-09-10,-0.3202750326705335,-0.31989884725673745
2024-09-11,-0.31703982288281324,-0.3162435442662962
2024-09-12,-0.3089305432283026,-0.3176433534131752
2024-09-13,-0.30822070845829974,-0.3164318785646541
2024-09-16,-0.3124416562386146,-0.32093049970671467
2024-09-17,-0.3088211419326948,-0.3260541151425817
2024-09-18,-0.30464380898951976,-0.317731282526427
2024-09-19,-0.30409895523618685,-0.31935296603879915
2024-09-20,-0.30187951262525203,-0.3172633065190142
2024-09-23,-0.30160166859884874,-0.3165270467676529
2024-09-24,-0.3062735497185626,-0.31866122607542946
2024-09-25,-0.30945827686643174,-0.32159542006710995
2024-09-26,-0.3159836064460101,-0.3251783837981898
2024-09-27,-0.3105729675303026,-0.3242072417161484
2024-09-30,-0.31114341631456793,-0.3242593954389014
2024-10-01,-0.3051952450862123,-0.3416436553544059
2024-10-02,-0.30357579110891253,-0.3443240253164283
2024-10-03,-0.3063502834334731,-0.34400425466662343
2024-10-04,-0.31484855528599265,-0.36076944844410974
2024-10-07,-0.318617922258735,-0.3625612007750163
2024-10-08,-0.31878944502195383,-0.36410417347746304
2024-10-09,-0.319074387940482,-0.36807713258018787
2024-10-10,-0.31944223060492966,-0.3658925698571316
2024-10-11,-0.3242408347532964,-0.3671813240856514
2024-10-14,-0.32554007820601066,-0.367556253876743
2024-10-15,-0.32475530300589617,-0.36075467858872573
2024-10-16,-0.3236280640713506,-0.36012642675479184
2024-10-17,-0.3201526923604256,-0.3562955414594992
2024-10-18,-0.3275673948269961,-0.3580963157095143
2024-10-21,-0.32606983306239706,-0.35989695085178786
2024-10-22,-0.3262921705776883,-0.36464038773132446
2024-10-23,-0.32746187464536575,-0.36970296244833434
2024-10-24,-0.33233648471291016,-0.369076597349557
2024-10-25,-0.336917716141981,-0.370069939027785
2024-10-28,-0.34646582603606774,-0.37031427689073687
2024-10-29,-0.34765253019894926,-0.3705357847698163
2024-10-30,-0.3500619291052112,-0.37303628962732854
2024-10-31,-0.3446000719178004,-0.3670615674760668
2024-11-01,-0.34547708540200933,-0.36910220520126524
2024-11-04,-0.34303582076139105,-0.3709822329873983
2024-11-05,-0.34330753228144084,-0.37256396478398773
2024-11-06,-0.35070762432776365,-0.4076906490138873
2024-11-07,-0.36091574580939084,-0.4175823115574928
2024-11-08,-0.3581185310037372,-0.41916570605623127
2024-11-11,-0.3530770037364968,-0.4124572941737035
2024-11-12,-0.36134342131051256,-0.41565101506403174
2024-11-13,-0.36033952319294754,-0.41626288058465344
2024-11-14,-0.3562267836104384,-0.41069815853164027
2024-11-15,-0.35699522054018934,-0.4104568123216881
2024-11-18,-0.35601956140975477,-0.4123221998807663
2024-11-19,-0.34493768385943374,-0.41007638280858166
2024-11-20,-0.33498049025916,-0.3976328040045936
2024-11-21,-0.33634606779752935,-0.3940566370012989
2024-11-22,-0.33699087170143444,-0.38680006882366735
2024-11-25,-0.30125517153471615,-0.3579560703912884
2024-11-26,-0.2958998905018878,-0.3558861221699724
2024-11-27,-0.29479768980408705,-0.35357645301016793
2024-11-28,-0.2948069937659767,-0.35457630115841515
2024-11-29,-0.275985232461505,-0.37353800777672075
2024-12-02,-0.2770599627263183,-0.3857503275392165
2024-12-03,-0.2785940656840509,-0.38485183030073367
2024-12-04,-0.28129218438250064,-0.38599802785036835
2024-12-05,-0.28250822303102385,-0.3788938234414187
2024-12-06,-0.28873072023599217,-0.3786476137941098
2024-12-09,-0.28865603309749327,-0.3779324245708993
2024-12-10,-0.28819418326321233,-0.37028666327744825
2024-12-11,-0.2850633576220361,-0.37112238490874655
2024-12-12,-0.2892349870032526,-0.3693034275345779
2024-12-13,-0.2946428955404298,-0.3719378504891946
2024-12-16,-0.29285864184060584,-0.3733773652432634
2024-12-17,-0.29301357357587404,-0.3742744248827317
2024-12-18,-0.3052774684877525,-0.37332776069733126
2024-12-19,-0.30139105760341783,-0.3682990679304015
2024-12-20,-0.3084157524861329,-0.3698141520622424
2024-12-23,-0.310881842847664,-0.37136878318434813
2024-12-24,-0.31150157006884055,-0.3721617789695798
2024-12-25,-0.31612515382225514,-0.37497959836382305
2024-12-26,-0.3164648616904865,-0.37571027816923236
2024-12-27,-0.3185304196162089,-0.3757863777899899
2024-12-30,-0.31682631697617797,-0.3768512541222383
2024-12-31,-0.3128804432616878,-0.3700498444852629
2025-01-01,-0.3128804432616878,-0.3700498444852629
2025-01-02,-0.30798018808734395,-0.3605161139816692
2025-01-03,-0.30757213686388457,-0.35489780977749463
2025-01-06,-0.30805788314156163,-0.3456052722870372
2025-01-07,-0.3077313043480735,-0.3450167318330744
2025-01-08,-0.30912382487641493,-0.34209074597833367
2025-01-09,-0.31133622877739286,-0.3452316597062777
2025-01-10,-0.30442552935872597,-0.3486929657481735
2025-01-13,-0.3028736753721148,-0.35134151274436876
2025-01-14,-0.30289103990860633,-0.3529027676145054
2025-01-15,-0.303343655457175,-0.3561038431940923
2025-01-16,-0.3053027931959782,-0.3547176861401202
2025-01-17,-0.30847377012830185,-0.3553080558480629
2025-01-20,-0.3052353423290325,-0.35439738491292405
2025-01-21,-0.2980298681645829,-0.3601587212056941
2025-01-22,-0.2946367385528658,-0.35836997618387645
2025-01-23,-0.2939828181134506,-0.3568102145025704
2025-01-24,-0.29497787514589224,-0.3579338909177382
2025-01-27,-0.28400084587487734,-0.3629979509282825
2025-01-28,-0.28344409526102937,-0.36163398842332856
2025-01-29,-0.2839005804160592,-0.3624721802166091
2025-01-30,-0.27457756225546387,-0.3581304833138879
2025-01-31,-0.27613638929914985,-0.35764131327753823
2025-02-03,-0.27612385389397526,-0.35165116129742474
2025-02-04,-0.2775231737670958,-0.3552930177722668
2025-02-05,-0.27922869285566043,-0.35595008348680857
2025-02-06,-0.27911870327867394,-0.35594985553734765
2025-02-07,-0.2783607110264082,-0.35565873027777456
2025-02-10,-0.27706638688609525,-0.3503724321878891
2025-02-11,-0.2760732209910725,-0.3481622368240512
2025-02-12,-0.27417480843941155,-0.3481370285542325
2025-02-13,-0.27809547390224665,-0.3515021816262048
2025-02-14,-0.27011231475674763,-0.3317646249372397
2025-02-17,-0.26955121623174894,-0.33196074694679767
2025-02-18,-0.25239672813319064,-0.32645237532634624
2025-02-19,-0.2546564017508957,-0.3246655877412508
2025-02-20,-0.2523928443038316,-0.3221006379468866
2025-02-21,-0.25077422045251846,-0.3197157916537067
2025-02-24,-0.2514892520039525,-0.31846668003351253
2025-02-25,-0.2410539692330755,-0.3180003312718368
2025-02-26,-0.2411634272543081,-0.31802184698400265
2025-02-27,-0.24177012303843132,-0.32612072789960744
2025-02-28,-0.2383734729179323,-0.32656883831256
2025-03-03,-0.241261761880031,-0.33064109087375804
2025-03-04,-0.23461459619295685,-0.32771125428188486
2025-03-05,-0.23332460156174895,-0.31845973442201314
2025-03-06,-0.23463724124316468,-0.3141809853577059
2025-03-07,-0.23132752194386355,-0.31444969811418877
2025-03-10,-0.2225295025611221,-0.31687315614339984
2025-03-11,-0.22167166758559845,-0.31610947702097375
2025-03-12,-0.22250022004208167,-0.31633327220703666
2025-03-13,-0.22282018517485022,-0.31242397137896144
2025-03-14,-0.2210866730526243,-0.3113255466502296
2025-03-17,-0.22117889086484477,-0.31368542650976433
2025-03-18,-0.22349044758307596,-0.3118549470408008
2025-03-19,-0.23564664516872616,-0.3170477147215218
2025-03-20,-0.23902766244150428,-0.3152557668209543
2025-03-21,-0.23802924474126547,-0.31522435517897207
2025-03-24,-0.24258289168198713,-0.31731664616508737
2025-03-25,-0.2528143787404048,-0.3230468011127453
2025-03-26,-0.25432896785819664,-0.3222221033112696
2025-03-27,-0.25107348317383815,-0.3195692191895884
2025-03-28,-0.2454463347189701,-0.3129077341759577
2025-03-31,-0.2540269790688095,-0.3099758679418344
2025-04-01,-0.26254788932547646,-0.30073927472894757
2025-04-02,-0.28200338922671087,-0.3054094839450794
2025-04-03,-0.27224126246755054,-0.282063832703174
2025-04-04,-0.28442860796226677,-0.3043273050556167
2025-04-07,-0.30609466966744425,-0.3209554796901575
2025-04-08,-0.2999731843552765,-0.32099413228414664
2025-04-09,-0.2857553633208056,-0.3279386571220476
2025-04-10,-0.24794545767140988,-0.35233887121606056
2025-04-11,-0.2333310353222387,-0.36372502586679023
2025-04-14,-0.2232501907513256,-0.360161517244324
2025-04-15,-0.22245420416700645,-0.35983203998264013
2025-04-16,-0.22936880859360878,-0.3695603603669616
2025-04-17,-0.2200914999975528,-0.36318279229012834
2025-04-18,-0.21855525497444978,-0.36351839183869056
2025-04-21,-0.1926224669535633,-0.37905369169602726
2025-04-22,-0.18474632200736646,-0.37997156923690784
2025-04-23,-0.17529136256101208,-0.3872866973625853
2025-04-24,-0.18286167696678066,-0.38662217150596295
2025-04-25,-0.18179137944095997,-0.38480665148793175
2025-04-28,-0.18142489520314134,-0.3866142182604519
2025-04-29,-0.18118197075372977,-0.3837571049825138
2025-04-30,-0.18094449044271482,-0.38416538444792336
2025-05-01,-0.18851905649772377,-0.39053112077785945
2025-05-02,-0.1821856168288919,-0.3849996262985188
2025-05-05,-0.17420829559030973,-0.3865806089499697
2025-05-06,-0.18496390981061694,-0.3888114612758738
2025-05-07,-0.1802432994612587,-0.3881011125336791
2025-05-08,-0.19049376558426045,-0.3953315160193009
2025-05-09,-0.19005989161562475,-0.39592831861724687
2025-05-12,-0.19553825558777144,-0.41091650341687874
2025-05-13,-0.19551070160198325,-0.4110144869988267
2025-05-14,-0.1920331926373137,-0.4013459407125328
2025-05-15,-0.2020402635842341,-0.39718845430374927
2025-05-16,-0.1959057470031049,-0.39508849652120825
2025-05-19,-0.19484876554909855,-0.3990116501392044
2025-05-20,-0.19166112323835194,-0.39812444483240256
2025-05-21,-0.18157804980211742,-0.4017274531276277
2025-05-22,-0.18456128917445574,-0.401238616041827
2025-05-23,-0.1845431818689633,-0.40739198301666646
2025-05-26,-0.18508945490645579,-0.4069100520838472
2025-05-27,-0.14019520400168517,-0.3844810224634086
2025-05-28,-0.1432939742446866,-0.38857872340764893
2025-05-29,-0.14424343543978402,-0.3895850899467549
2025-05-30,-0.14109351590635377,-0.39047751244622037
2025-06-02,-0.13259833514334127,-0.3967529491565114
2025-06-03,-0.13339771889291896,-0.40084851652480724
2025-06-04,-0.13432711045928575,-0.4015302800940747
2025-06-05,-0.1358278079166451,-0.40050924750515104
2025-06-06,-0.1448638993425226,-0.4016829735005674
2025-06-09,-0.14469260471623435,-0.4052927896893152
2025-06-10,-0.14280822135553337,-0.40833827770474157
2025-06-11,-0.14404867451108522,-0.408723093811447
2025-06-12,-0.1474689685974526,-0.4102527282650183
2025-06-13,-0.14165923252148377,-0.4056192336253762
2025-06-16,-0.14268054577242684,-0.4031078745809759
2025-06-17,-0.14098791325654425,-0.4029602136726035
2025-06-18,-0.14193029250148703,-0.40447360211608374
2025-06-19,-0.14240733111074527,-0.4048226879963065
2025-06-20,-0.13938903859422003,-0.40232691713652485
2025-06-23,-0.1395018394667164,-0.40200566986997444
2025-06-24,-0.12733353961711374,-0.3830274604096917
2025-06-25,-0.1266315744277012,-0.38557773046346094
2025-06-26,-0.12611350949588432,-0.3819193925152699
2025-06-27,-0.12798741073626219,-0.37982009790445503
2025-06-30,-0.12486472337805607,-0.3777011501763944
2025-07-01,-0.1236499130249831,-0.3786793539955331
2025-07-02,-0.12285777063637822,-0.37923969823247067
2025-07-03,-0.11746024798892689,-0.38234004252440434
2025-07-04,-0.11802431834435927,-0.3837366252459097
2025-07-07,-0.11880638711704782,-0.3819704516494827
2025-07-08,-0.11507895575901683,-0.37996332986783443
2025-07-09,-0.1160822762547795,-0.38009448907451515
2025-07-10,-0.11608815646731135,-0.38045971919524374
2025-07-11,-0.11103643505991156,-0.37872881178942647
2025-07-14,-0.1120971977278227,-0.38161466740790634
2025-07-15,-0.11005766027447104,-0.38440872835256373
2025-07-16,-0.11131769411588396,-0.38447919397914443
2025-07-17,-0.10973151329554925,-0.3867068561092523
2025-07-18,-0.10371604996472307,-0.3808922035266991
2025-07-21,-0.11165477055121248,-0.38288100814388587
2025-07-22,-0.11379359044662836,-0.38610574623094185
2025-07-23,-0.12719684477112464,-0.3833763928307934
2025-07-24,-0.11913482016907045,-0.38294660340076203
2025-07-25,-0.1164983407379485,-0.38571326183034244
2025-07-28,-0.12032232569555334,-0.3878871751037871
2025-07-29,-0.12040904567801279,-0.3873902695321434
2025-07-30,-0.12121686625243362,-0.39792387866834444
2025-07-31,-0.12103753687666347,-0.39632529273514916
2025-08-01,-0.1313500871173231,-0.4082402642923892
2025-08-04,-0.13340254537935464,-0.4091787242433048
2025-08-05,-0.13608440732637644,-0.4089178702903352
2025-08-06,-0.13706833313205655,-0.40951468412514314
2025-08-07,-0.13638791904236713,-0.4090116855910034
2025-08-08,-0.1371424087390456,-0.40853248652765267
2025-08-11,-0.13158609879879551,-0.40773003372690303
2025-08-12,-0.12629759257901818,-0.4023841259844651
2025-08-13,-0.12656276056233182,-0.40326917658858946
2025-08-14,-0.12825035412275898,-0.4055205054638863
2025-08-15,-0.1277068348363395,-0.4051387279332449
2025-08-18,-0.12858608833999866,-0.4073499928809346
2025-08-19,-0.12503126177492357,-0.40769234683410344
2025-08-20,-0.1256418325108067,-0.4066392798666947
2025-08-21,-0.12712615199076213,-0.4062928412764956
2025-08-22,-0.13314048427250447,-0.4098285004878249
2025-08-25,-0.13370268689078216,-0.41014925979382694
2025-08-26,-0.13592634209542814,-0.4093138884607078
2025-08-27,-0.13540471190874553,-0.4098461989767508
2025-08-28,-0.13470241800681734,-0.4124689629032852
2025-08-29,-0.1344545911558939,-0.41312945089591024
2025-09-01,-0.13762362922761787,-0.41078237478582674
2025-09-02,-0.12431656703300929,-0.3939232967356498
2025-09-03,-0.1272671200371351,-0.39484022792442885
2025-09-04,-0.12637320517012102,-0.3953382793057704
2025-09-05,-0.12835417211949,-0.40012190945191645
2025-09-08,-0.12862704788252288,-0.3981467203036279
2025-09-09,-0.13121691325921198,-0.4002240647741918
2025-09-10,-0.13165290782622538,-0.40027123722423974
2025-09-11,-0.1284899808159759,-0.3977970202515447
2025-09-12,-0.1273976017393618,-0.3974378438732231
2025-09-15,-0.1293568805967983,-0.39925819523501543
2025-09-16,-0.13197582400855243,-0.398901566435278
2025-09-17,-0.13055000106929174,-0.3978094114607904
2025-09-18,-0.12730118861062015,-0.40356119817278224
2025-09-19,-0.12546180414689487,-0.401935166690709
2025-09-22,-0.12050482546549202,-0.4001988448806769
2025-09-23,-0.11950153540330796,-0.40024111823566616
2025-09-24,-0.1214207940269594,-0.4027416430132735
2025-09-25,-0.1203543481562636,-0.39991175273302365
2025-09-26,-0.11966504610303227,-0.3992902764834074
2025-09-29,-0.12123116325747747,-0.40311659226687896
2025-09-30,-0.12054835560896832,-0.4023582353273867
2025-10-01,-0.12048517884563369,-0.40238721190400123
2025-10-02,-0.12002166937630526,-0.40547874857358607
2025-10-03,-0.11763159373252632,-0.40884591246540297
2025-10-06,-0.11297934593952302,-0.4047003074539668
2025-10-07,-0.11287006552597376,-0.4028752881325996
2025-10-08,-0.11348275388658251,-0.3976221707429932
2025-10-09,-0.11546713361903785,-0.40049793943337325
2025-10-10,-0.1125484993168572,-0.3978321743303172
2025-10-13,-0.11066306027117175,-0.3938197031490909
2025-10-14,-0.11190875760697067,-0.39331251146132495
2025-10-15,-0.10718333746109301,-0.3954362718877486
2025-10-16,-0.11407286241751284,-0.3968564966304599
2025-10-17,-0.11911838668987362,-0.3950848571461425
2025-10-20,-0.11990606305426522,-0.39183169458650896
2025-10-21,-0.08945406805771595,-0.3821727547312061
2025-10-22,-0.08923116612394189,-0.38238926207601764
2025-10-23,-0.08852511869098405,-0.38219081640186
2025-10-24,-0.07819810078433043,-0.3633086033560806
2025-10-27,-0.0716654954896563,-0.3500588346339551
2025-10-28,-0.07226361931271462,-0.346213575829572
2025-10-29,-0.07518948874474761,-0.3482568088237344
2025-10-30,-0.06032741449759134,-0.3288989009001975
2025-10-31,-0.05890834300070578,-0.32819571058330826
2025-11-03,-0.058549000243013474,-0.3280264819229874
2025-11-04,-0.05691644976938499,-0.3324949931552412
2025-11-05,-0.04982272901192368,-0.32970986027910604
2025-11-06,-0.04735599011622018,-0.32855141904486884
2025-11-07,-0.047659875240934076,-0.33188312069877945
2025-11-10,-0.04678092014349177,-0.33221473838772214
2025-11-11,-0.04525242349202121,-0.33680029287915214
2025-11-12,-0.07107497289528904,-0.35547857957512335
2025-11-13,-0.07269708065223299,-0.3535429039118733
2025-11-14,-0.07688963486947745,-0.3563900490964869
2025-11-17,-0.07573940105910804,-0.35731600671739794
2025-11-18,-0.07244195323348453,-0.35574374781038803
2025-11-19,-0.07172398500258681,-0.35238726382938423
2025-11-20,-0.07180491331969689,-0.35257635961500294
2025-11-21,-0.07036396075923884,-0.35283843911199253
2025-11-24,-0.06988268080608016,-0.3541922814443874
2025-11-25,-0.06964630824215043,-0.35339735467427585
2025-11-26,-0.07188600623559682,-0.35438893908973257
2025-11-27,-0.07207150937616616,-0.35919227508173796
2025-11-28,-0.0722050135824241,-0.35982313842174574
2025-12-01,-0.06568210169267097,-0.35951358521910426
2025-12-02,-0.058510021453097125,-0.35757515213518953
2025-12-03,-0.05783171018812448,-0.3558785694856506
2025-12-04,-0.05718166329533152,-0.3550744589885512
2025-12-05,-0.04364079754754229,-0.3545465599562403
2025-12-08,-0.04484297527492893,-0.35906053103394964
2025-12-09,-0.04139494764886922,-0.35676970472341085
2025-12-10,-0.03997177672731988,-0.35535635194970405
2025-12-11,-0.039137787376915895,-0.3579379935907236
2025-12-12,-0.037837412413378006,-0.3570154309597174
2025-12-15,-0.03752645220254564,-0.3569741987742513
2025-12-16,-0.03391936155220169,-0.3562765358168563
2025-12-17,-0.035507631969113364,-0.35299674214007004
2025-12-18,-0.03431632356446109,-0.3555546786576624
2025-12-19,-0.03451018060121638,-0.3555156994679997
2025-12-22,-0.030031479585838322,-0.35880490516811897
2025-12-23,-0.0274716679565868,-0.360550359539257
2025-12-24,-0.025460207117095977,-0.3647395564677284
2025-12-25,-0.02581527543124576,-0.36523028844783995
2025-12-26,-0.02521078763682842,-0.36672926371797676
2025-12-29,-0.021113233919262293,-0.3624101573301311
2025-12-30,-0.024264062176089004,-0.3682585910294378
2025-12-31,-0.02616429184649386,-0.36840136227482595
2026-01-01,-0.026233052956175354,-0.36861080008582986
2026-01-02,-0.02193101632925642,-0.3684149248917746
2026-01-05,-0.02534103402219518,-0.36613957804273534
2026-01-06,-0.024624758514633416,-0.3637854141291381
2026-01-07,-0.021939250249108422,-0.3643336616556637
2026-01-08,-0.019877188850331524,-0.35768339073985855
2026-01-09,-0.020920875134588013,-0.3565965980173325
2026-01-12,-0.019889957395341808,-0.3583316699080774
2026-01-13,-0.018466419630443636,-0.3587507426938753
2026-01-14,-0.026515635029189823,-0.3554001863270283
2026-01-15,-0.027893537356797404,-0.35727974847641786
2026-01-16,-0.028567357536256218,-0.3574609228157755
2026-01-19,-0.02771744686712778,-0.35620297772741655
2026-01-20,-0.010758099134738288,-0.36828678189813135
2026-01-21,-0.013740323369390472,-0.37233969492316765
2026-01-22,-0.0093501023377164,-0.371654565234856
2026-01-23,-0.00984124251028141,-0.373151120097288
2026-01-26,-0.010910521214862958,-0.3767458494249322
2026-01-27,-0.01060921797694389,-0.38381256253855417
2026-01-28,-0.010367721545660766,-0.3790437176088167
2026-01-29,-0.009897592613055999,-0.3801300198493335
2026-01-30,-0.01623998385286856,-0.37646484522655504
2026-02-02,-0.02352023869654236,-0.38380206703256514
2026-02-03,-0.03475946807106066,-0.39854331010973293
2026-02-04,-0.03510746913940894,-0.3984907883433606
2026-02-05,-0.031362853579286164,-0.40369333294386023
2026-02-06,-0.03301070125988534,-0.406224310850382
2026-02-09,-0.03455577619886801,-0.4143505909305306
2026-02-10,-0.03328393717312634,-0.41301841087577634
2026-02-11,-0.03165964995960754,-0.4131866389115364
2026-02-12,-0.02305598101544579,-0.4103691971050347
2026-02-13,-0.02725228524415692,-0.40836021687622487
2026-02-16,-0.02397034619767098,-0.4039045815036312
2026-02-17,-0.03138494624057139,-0.4049645874841282
2026-02-18,-0.026027967279265814,-0.39967150220824377
2026-02-19,-0.029148035663972508,-0.4000756023947239
2026-02-20,-0.028074835243687733,-0.4142532922371927
2026-02-23,-0.03198119230563563,-0.41554604501760994
2026-02-24,-0.03263608031583404,-0.4153384452741649
2026-02-25,-0.038268134808102816,-0.41320421042396666
2026-02-26,-0.04326925826587113,-0.41139282858853105
2026-02-27,-0.04482646220571892,-0.41135923278752345
2026-03-02,-0.04111453637434474,-0.40151344392904476
2026-03-03,-0.04340867147023767,-0.41797084701726556
2026-03-04,-0.04247238120997823,-0.41836110652347563
2026-03-05,-0.04256031567194961,-0.4223255486240875
2026-03-06,-0.043654779501920773,-0.42342556590286606
2026-03-09,-0.04332744145199955,-0.4233447803415452
2026-03-10,-0.04152815889410212,-0.4227016025277536
2026-03-11,-0.040227422714300874,-0.42279371008610417
2026-03-12,-0.04531513242256645,-0.42748907507455997
2026-03-13,-0.0477075530128511,-0.43052479258887555
2026-03-16,-0.047442442799053325,-0.43006243227667773
2026-03-17,-0.043660353545709,-0.42932568366569956
2026-03-18,-0.045969092594941606,-0.43195215501379197
2026-03-19,-0.05096066039396282,-0.4345772036974533
2026-03-20,-0.075124739749993,-0.4338333393812348
2026-03-23,-0.08034326596453459,-0.4512570626555051
2026-03-24,-0.07351618496800234,-0.4434129193890041
2026-03-25,-0.0632630111852711,-0.4337636726385696
2026-03-26,-0.0795193289784236,-0.43659892994334915
2026-03-27,-0.07566040219251223,-0.41858500592619413
2026-03-30,-0.09631327041948261,-0.4120611846878228
2026-03-31,-0.11280823649711702,-0.41038976008739714
2026-04-01,-0.11937848918253541,-0.4162327843624369
2026-04-02,-0.11225445478838109,-0.4201600562906146
2026-04-03,-0.10554803268218875,-0.4140771628348495
2026-04-06,-0.10556832387075878,-0.413540549626702
2026-04-07,-0.1064997913509076,-0.41412620159083413
2026-04-08,-0.12586649659057086,-0.39862470878955564
2026-04-09,-0.13323437195545115,-0.3985183889501515
2026-04-10,-0.1390366932788775,-0.391788082590516
2026-04-13,-0.13184659682491354,-0.39188000172483395
2026-04-14,-0.1354748336741601,-0.3976717702895851
2026-04-15,-0.13327154670316335,-0.3967405182590688
2026-04-16,-0.13522637201720386,-0.3979953074391463
2026-04-17,-0.13862116820136453,-0.3994544760819671
2026-04-20,-0.13131312442579832,-0.39497960033525914
2026-04-21,-0.1335161915195529,-0.39948352509778734
2026-04-22,-0.1380921323159249,-0.3954657954592516
2026-04-23,-0.13191484888599642,-0.39440852093515444
2026-04-24,-0.13625393849010545,-0.3940453314888315
2026-04-27,-0.1285651012515144,-0.3868477909254639
2026-04-28,-0.12971962047571284,-0.3883958367015018
2026-04-29,-0.11799227158417416,-0.3783105876997067
2026-04-30,-0.11983158190969843,-0.38149501804453434
2026-05-01,-0.12102112646813767,-0.38673662583538365
2026-05-04,-0.12216214732642594,-0.39361344793687153
2026-05-05,-0.12364405529944446,-0.39258693653748616
2026-05-06,-0.12771034792760075,-0.3972399123044268
2026-05-07,-0.1317135579744049,-0.3970605059945229
2026-05-08,-0.13896647933191997,-0.3969139115036794
2026-05-11,-0.1412069614657505,-0.39557134724790455
2026-05-12,-0.14003869578711303,-0.39020607995145185
2026-05-13,-0.14002313902114635,-0.3898502646657909
2026-05-14,-0.1514190692430793,-0.3888081000736973
2026-05-15,-0.16509038010539828,-0.39588368706727567
2026-05-18,-0.1636840492296749,-0.3957088562542572
2026-05-19,-0.17167135831821534,-0.3982344354929997
2026-05-20,-0.1878529995339097,-0.3935668700156379
2026-05-21,-0.1872333340916171,-0.3923254481166363
2026-05-22,-0.18491356501784775,-0.3913108804945826
2026-05-25,-0.18357771420364086,-0.39188529957844076
2026-05-26,-0.17546634679426099,-0.3905249213857422
2026-05-27,-0.173793972259174,-0.3898674430070818
2026-05-28,-0.17366366488163798,-0.3896564811907859
2026-05-29,-0.1727807069252598,-0.3894319971145115
