time,AdrActCnt,TxCnt,HashRate,BlkCnt
2009-01-03T00:00:00.000000000Z,0,0,,0
2009-01-04T00:00:00.000000000Z,0,0,,0
2009-01-05T00:00:00.000000000Z,0,0,,0
2009-01-06T00:00:00.000000000Z,0,0,,0
2009-01-07T00:00:00.000000000Z,0,0,,0
2009-01-08T00:00:00.000000000Z,0,0,,0
2009-01-09T00:00:00.000000000Z,19,0,0.000000944495122962963,19
2009-01-10T00:00:00.000000000Z,61,0,0.00000303232644740741,61
2009-01-11T00:00:00.000000000Z,95,1,0.00000462305507555556,93
2009-01-12T00:00:00.000000000Z,101,6,0.00000467276534518519,94
2009-01-13T00:00:00.000000000Z,123,0,0.00000611436316444444,123
2009-01-14T00:00:00.000000000Z,133,1,0.00000641262478222222,129
2009-01-15T00:00:00.000000000Z,140,8,0.00000626349397333333,126
2009-01-16T00:00:00.000000000Z,114,2,0.00000536870912,108
2009-01-17T00:00:00.000000000Z,109,0,0.00000541841938962963,109
2009-01-18T00:00:00.000000000Z,111,1,0.00000531899885037037,107
2009-01-19T00:00:00.000000000Z,133,2,0.00000571668100740741,115
2009-01-20T00:00:00.000000000Z,123,1,0.00000566697073777778,114
2009-01-21T00:00:00.000000000Z,116,2,0.00000507044750222222,102
2009-01-22T00:00:00.000000000Z,95,1,0.0000045236345362963,91
2009-01-23T00:00:00.000000000Z,91,1,0.00000417566264888889,84
2009-01-24T00:00:00.000000000Z,212,1,0.00000999176419555555,201
2009-01-25T00:00:00.000000000Z,193,1,0.00000949466149925926,191
2009-01-26T00:00:00.000000000Z,117,1,0.00000477218588444444,96
2009-01-27T00:00:00.000000000Z,101,1,0.00000482189615407407,97
2009-01-28T00:00:00.000000000Z,112,0,0.00000556755019851852,112
2009-01-29T00:00:00.000000000Z,134,1,0.00000601494262518518,121
2009-01-30T00:00:00.000000000Z,117,0,0.00000581610154666667,117
2009-01-31T00:00:00.000000000Z,159,1,0.00000686001720888889,138
2009-02-01T00:00:00.000000000Z,116,1,0.00000561726046814815,113
2009-02-02T00:00:00.000000000Z,130,1,0.00000636291451259259,128
2009-02-03T00:00:00.000000000Z,154,16,0.00000690972747851852,139
2009-02-04T00:00:00.000000000Z,119,0,0.00000591552208592593,119
2009-02-05T00:00:00.000000000Z,126,0,0.00000626349397333333,126
2009-02-06T00:00:00.000000000Z,122,0,0.00000606465289481481,122
2009-02-07T00:00:00.000000000Z,156,4,0.00000641262478222222,129
2009-02-08T00:00:00.000000000Z,134,1,0.00000656175559111111,132
2009-02-09T00:00:00.000000000Z,179,1,0.00000666117613037037,134
2009-02-10T00:00:00.000000000Z,120,0,0.00000596523235555556,120
2009-02-11T00:00:00.000000000Z,148,2,0.00000661146586074074,133
2009-02-12T00:00:00.000000000Z,119,0,0.00000591552208592593,119
2009-02-13T00:00:00.000000000Z,124,0,0.00000616407343407407,124
2009-02-14T00:00:00.000000000Z,136,0,0.00000676059666962963,136
2009-02-15T00:00:00.000000000Z,142,3,0.00000636291451259259,128
2009-02-16T00:00:00.000000000Z,153,1,0.00000606465289481481,122
2009-02-17T00:00:00.000000000Z,117,0,0.00000581610154666667,117
2009-02-18T00:00:00.000000000Z,118,0,0.0000058658118162963,118
2009-02-19T00:00:00.000000000Z,141,1,0.00000616407343407407,124
2009-02-20T00:00:00.000000000Z,122,0,0.00000606465289481481,122
2009-02-21T00:00:00.000000000Z,114,0,0.00000566697073777778,114
2009-02-22T00:00:00.000000000Z,133,4,0.00000601494262518518,121
2009-02-23T00:00:00.000000000Z,108,0,0.00000536870912,108
2009-02-24T00:00:00.000000000Z,106,0,0.00000526928858074074,106
2009-02-25T00:00:00.000000000Z,105,0,0.00000521957831111111,105
2009-02-26T00:00:00.000000000Z,107,0,0.00000531899885037037,107
2009-02-27T00:00:00.000000000Z,152,1,0.00000571668100740741,115
2009-02-28T00:00:00.000000000Z,107,1,0.00000492131669333333,99
2009-03-01T00:00:00.000000000Z,105,0,0.00000521957831111111,105
2009-03-02T00:00:00.000000000Z,108,0,0.00000536870912,108
2009-03-03T00:00:00.000000000Z,114,2,0.00000521957831111111,105
2009-03-04T00:00:00.000000000Z,130,2,0.00000516986804148148,104
2009-03-05T00:00:00.000000000Z,121,1,0.00000556755019851852,112
2009-03-06T00:00:00.000000000Z,117,0,0.00000581610154666667,117
2009-03-07T00:00:00.000000000Z,109,0,0.00000541841938962963,109
2009-03-08T00:00:00.000000000Z,142,3,0.00000571668100740741,115
2009-03-09T00:00:00.000000000Z,108,0,0.00000536870912,108
2009-03-10T00:00:00.000000000Z,107,0,0.00000531899885037037,107
2009-03-11T00:00:00.000000000Z,114,0,0.00000566697073777778,114
2009-03-12T00:00:00.000000000Z,122,1,0.0000058658118162963,118
2009-03-13T00:00:00.000000000Z,127,1,0.00000561726046814815,113
2009-03-14T00:00:00.000000000Z,110,0,0.00000546812965925926,110
2009-03-15T00:00:00.000000000Z,123,0,0.00000611436316444444,123
2009-03-16T00:00:00.000000000Z,170,1,0.00000601494262518518,121
2009-03-17T00:00:00.000000000Z,114,0,0.00000566697073777778,114
2009-03-18T00:00:00.000000000Z,129,2,0.00000566697073777778,114
2009-03-19T00:00:00.000000000Z,122,0,0.00000606465289481481,122
2009-03-20T00:00:00.000000000Z,131,1,0.0000058658118162963,118
2009-03-21T00:00:00.000000000Z,50,0,0.00000248551348148148,50
2009-03-22T00:00:00.000000000Z,131,2,0.00000591552208592593,119
2009-03-23T00:00:00.000000000Z,130,0,0.00000646233505185185,130
2009-03-24T00:00:00.000000000Z,105,0,0.00000521957831111111,105
2009-03-25T00:00:00.000000000Z,117,0,0.00000581610154666667,117
2009-03-26T00:00:00.000000000Z,146,1,0.00000581610154666667,117
2009-03-27T00:00:00.000000000Z,106,0,0.00000526928858074074,106
2009-03-28T00:00:00.000000000Z,140,3,0.00000591552208592593,119
2009-03-29T00:00:00.000000000Z,116,0,0.00000576639127703704,116
2009-03-30T00:00:00.000000000Z,120,0,0.00000596523235555556,120
2009-03-31T00:00:00.000000000Z,143,1,0.00000546812965925926,110
2009-04-01T00:00:00.000000000Z,114,0,0.00000566697073777778,114
2009-04-02T00:00:00.000000000Z,115,0,0.00000571668100740741,115
2009-04-03T00:00:00.000000000Z,116,0,0.00000576639127703704,116
2009-04-04T00:00:00.000000000Z,113,0,0.00000561726046814815,113
2009-04-05T00:00:00.000000000Z,148,2,0.00000646233505185185,130
2009-04-06T00:00:00.000000000Z,109,0,0.00000541841938962963,109
2009-04-07T00:00:00.000000000Z,100,0,0.00000497102696296296,100
2009-04-08T00:00:00.000000000Z,105,0,0.00000521957831111111,105
2009-04-09T00:00:00.000000000Z,99,0,0.00000492131669333333,99
2009-04-10T00:00:00.000000000Z,108,0,0.00000536870912,108
2009-04-11T00:00:00.000000000Z,128,1,0.00000596523235555556,120
2009-04-12T00:00:00.000000000Z,127,2,0.0000058658118162963,118
2009-04-13T00:00:00.000000000Z,117,1,0.00000571668100740741,115
2009-04-14T00:00:00.000000000Z,124,0,0.00000616407343407407,124
2009-04-15T00:00:00.000000000Z,113,0,0.00000561726046814815,113
2009-04-16T00:00:00.000000000Z,123,0,0.00000611436316444444,123
2009-04-17T00:00:00.000000000Z,112,0,0.00000556755019851852,112
2009-04-18T00:00:00.000000000Z,131,4,0.00000626349397333333,126
2009-04-19T00:00:00.000000000Z,128,1,0.00000591552208592593,119
2009-04-20T00:00:00.000000000Z,236,2,0.00000591552208592593,119
2009-04-21T00:00:00.000000000Z,125,1,0.00000611436316444444,123
2009-04-22T00:00:00.000000000Z,121,0,0.00000601494262518518,121
2009-04-23T00:00:00.000000000Z,75,0,0.00000372827022222222,75
2009-04-24T00:00:00.000000000Z,115,0,0.00000571668100740741,115
2009-04-25T00:00:00.000000000Z,118,0,0.0000058658118162963,118
2009-04-26T00:00:00.000000000Z,128,2,0.00000556755019851852,112
2009-04-27T00:00:00.000000000Z,104,0,0.00000516986804148148,104
2009-04-28T00:00:00.000000000Z,117,0,0.00000581610154666667,117
2009-04-29T00:00:00.000000000Z,149,1,0.00000636291451259259,128
2009-04-30T00:00:00.000000000Z,131,0,0.00000651204532148148,131
2009-05-01T00:00:00.000000000Z,121,0,0.00000601494262518518,121
2009-05-02T00:00:00.000000000Z,142,2,0.00000626349397333333,126
2009-05-03T00:00:00.000000000Z,110,3,0.00000526928858074074,106
2009-05-04T00:00:00.000000000Z,159,1,0.00000636291451259259,128
2009-05-05T00:00:00.000000000Z,146,1,0.0000067108864,135
2009-05-06T00:00:00.000000000Z,135,0,0.0000067108864,135
2009-05-07T00:00:00.000000000Z,122,0,0.00000606465289481481,122
2009-05-08T00:00:00.000000000Z,107,0,0.00000531899885037037,107
2009-05-09T00:00:00.000000000Z,78,0,0.00000387740103111111,78
2009-05-10T00:00:00.000000000Z,85,0,0.00000422537291851852,85
2009-05-11T00:00:00.000000000Z,123,1,0.00000596523235555556,120
2009-05-12T00:00:00.000000000Z,130,0,0.00000646233505185185,130
2009-05-13T00:00:00.000000000Z,117,5,0.00000551783992888889,111
2009-05-14T00:00:00.000000000Z,145,3,0.00000690972747851852,139
2009-05-15T00:00:00.000000000Z,147,1,0.00000676059666962963,136
2009-05-16T00:00:00.000000000Z,119,0,0.00000591552208592593,119
2009-05-17T00:00:00.000000000Z,127,0,0.00000631320424296296,127
2009-05-18T00:00:00.000000000Z,118,0,0.0000058658118162963,118
2009-05-19T00:00:00.000000000Z,86,0,0.00000427508318814815,86
2009-05-20T00:00:00.000000000Z,120,0,0.00000596523235555556,120
2009-05-21T00:00:00.000000000Z,82,0,0.00000407624210962963,82
2009-05-22T00:00:00.000000000Z,61,0,0.00000303232644740741,61
2009-05-23T00:00:00.000000000Z,32,0,0.00000159072862814815,32
2009-05-24T00:00:00.000000000Z,100,0,0.00000497102696296296,100
2009-05-25T00:00:00.000000000Z,109,0,0.00000541841938962963,109
2009-05-26T00:00:00.000000000Z,125,0,0.0000062137837037037,125
2009-05-27T00:00:00.000000000Z,119,0,0.00000591552208592593,119
2009-05-28T00:00:00.000000000Z,95,0,0.00000472247561481481,95
2009-05-29T00:00:00.000000000Z,167,1,0.00000526928858074074,106
2009-05-30T00:00:00.000000000Z,109,0,0.00000541841938962963,109
2009-05-31T00:00:00.000000000Z,96,0,0.00000477218588444444,96
2009-06-01T00:00:00.000000000Z,73,1,0.0000035294291437037,71
2009-06-02T00:00:00.000000000Z,111,0,0.00000551783992888889,111
2009-06-03T00:00:00.000000000Z,71,0,0.0000035294291437037,71
2009-06-04T00:00:00.000000000Z,66,0,0.00000328087779555556,66
2009-06-05T00:00:00.000000000Z,30,0,0.00000149130808888889,30
2009-06-06T00:00:00.000000000Z,28,0,0.00000139188754962963,28
2009-06-07T00:00:00.000000000Z,16,0,0.000000795364314074074,16
2009-06-08T00:00:00.000000000Z,82,0,0.00000407624210962963,82
2009-06-09T00:00:00.000000000Z,91,0,0.0000045236345362963,91
2009-06-10T00:00:00.000000000Z,82,0,0.00000407624210962963,82
2009-06-11T00:00:00.000000000Z,89,0,0.00000442421399703704,89
2009-06-12T00:00:00.000000000Z,86,0,0.00000427508318814815,86
2009-06-13T00:00:00.000000000Z,78,0,0.00000387740103111111,78
2009-06-14T00:00:00.000000000Z,72,0,0.00000357913941333333,72
2009-06-15T00:00:00.000000000Z,84,0,0.00000417566264888889,84
2009-06-16T00:00:00.000000000Z,71,0,0.0000035294291437037,71
2009-06-17T00:00:00.000000000Z,79,0,0.00000392711130074074,79
2009-06-18T00:00:00.000000000Z,80,0,0.00000397682157037037,80
2009-06-19T00:00:00.000000000Z,87,0,0.00000432479345777778,87
2009-06-20T00:00:00.000000000Z,78,0,0.00000387740103111111,78
2009-06-21T00:00:00.000000000Z,81,0,0.00000402653184,81
2009-06-22T00:00:00.000000000Z,137,1,0.00000377798049185185,76
2009-06-23T00:00:00.000000000Z,76,0,0.00000377798049185185,76
2009-06-24T00:00:00.000000000Z,100,2,0.00000472247561481481,95
2009-06-25T00:00:00.000000000Z,89,1,0.00000338029833481481,68
2009-06-26T00:00:00.000000000Z,90,0,0.00000447392426666667,90
2009-06-27T00:00:00.000000000Z,84,0,0.00000417566264888889,84
2009-06-28T00:00:00.000000000Z,48,1,0.00000228667240296296,46
2009-06-29T00:00:00.000000000Z,87,2,0.00000412595237925926,83
2009-06-30T00:00:00.000000000Z,85,0,0.00000422537291851852,85
2009-07-01T00:00:00.000000000Z,77,1,0.00000367855995259259,74
2009-07-02T00:00:00.000000000Z,85,1,0.00000412595237925926,83
2009-07-03T00:00:00.000000000Z,82,0,0.00000407624210962963,82
2009-07-04T00:00:00.000000000Z,89,0,0.00000442421399703704,89
2009-07-05T00:00:00.000000000Z,79,0,0.00000392711130074074,79
2009-07-06T00:00:00.000000000Z,84,0,0.00000417566264888889,84
2009-07-07T00:00:00.000000000Z,69,0,0.00000343000860444444,69
2009-07-08T00:00:00.000000000Z,74,0,0.00000367855995259259,74
2009-07-09T00:00:00.000000000Z,86,0,0.00000427508318814815,86
2009-07-10T00:00:00.000000000Z,81,0,0.00000402653184,81
2009-07-11T00:00:00.000000000Z,83,0,0.00000412595237925926,83
2009-07-12T00:00:00.000000000Z,77,0,0.00000382769076148148,77
2009-07-13T00:00:00.000000000Z,78,0,0.00000387740103111111,78
2009-07-14T00:00:00.000000000Z,69,0,0.00000343000860444444,69
2009-07-15T00:00:00.000000000Z,45,0,0.00000223696213333333,45
2009-07-16T00:00:00.000000000Z,71,0,0.0000035294291437037,71
2009-07-17T00:00:00.000000000Z,47,0,0.00000233638267259259,47
2009-07-18T00:00:00.000000000Z,4,0,0.000000198841078518518,4
2009-07-19T00:00:00.000000000Z,70,0,0.00000347971887407407,70
2009-07-20T00:00:00.000000000Z,192,1,0.00000347971887407407,70
2009-07-21T00:00:00.000000000Z,82,0,0.00000407624210962963,82
2009-07-22T00:00:00.000000000Z,60,0,0.00000298261617777778,60
2009-07-23T00:00:00.000000000Z,76,0,0.00000377798049185185,76
2009-07-24T00:00:00.000000000Z,73,0,0.00000362884968296296,73
2009-07-25T00:00:00.000000000Z,32,0,0.00000159072862814815,32
2009-07-26T00:00:00.000000000Z,21,0,0.00000104391566222222,21
2009-07-27T00:00:00.000000000Z,74,0,0.00000367855995259259,74
2009-07-28T00:00:00.000000000Z,41,0,0.00000203812105481481,41
2009-07-29T00:00:00.000000000Z,22,1,0.000000944495122962963,19
2009-07-30T00:00:00.000000000Z,17,1,0.000000745654044444444,15
2009-07-31T00:00:00.000000000Z,17,0,0.000000845074583703704,17
2009-08-01T00:00:00.000000000Z,28,0,0.00000139188754962963,28
2009-08-02T00:00:00.000000000Z,23,0,0.00000114333620148148,23
2009-08-03T00:00:00.000000000Z,12,0,0.000000596523235555555,12
2009-08-04T00:00:00.000000000Z,81,0,0.00000402653184,81
2009-08-05T00:00:00.000000000Z,87,0,0.00000432479345777778,87
2009-08-06T00:00:00.000000000Z,90,0,0.00000447392426666667,90
2009-08-07T00:00:00.000000000Z,192,1,0.00000397682157037037,80
2009-08-08T00:00:00.000000000Z,80,0,0.00000397682157037037,80
2009-08-09T00:00:00.000000000Z,101,0,0.00000502073723259259,101
2009-08-10T00:00:00.000000000Z,75,0,0.00000372827022222222,75
2009-08-11T00:00:00.000000000Z,70,0,0.00000347971887407407,70
2009-08-12T00:00:00.000000000Z,63,0,0.00000313174698666667,63
2009-08-13T00:00:00.000000000Z,85,0,0.00000422537291851852,85
2009-08-14T00:00:00.000000000Z,63,0,0.00000313174698666667,63
2009-08-15T00:00:00.000000000Z,26,0,0.00000129246701037037,26
2009-08-16T00:00:00.000000000Z,19,0,0.000000944495122962963,19
2009-08-17T00:00:00.000000000Z,17,0,0.000000845074583703704,17
2009-08-18T00:00:00.000000000Z,10,0,0.000000497102696296296,10
2009-08-19T00:00:00.000000000Z,18,0,0.000000894784853333333,18
2009-08-20T00:00:00.000000000Z,22,0,0.00000109362593185185,22
2009-08-21T00:00:00.000000000Z,14,0,0.000000695943774814815,14
2009-08-22T00:00:00.000000000Z,7,0,0.000000347971887407407,7
2009-08-23T00:00:00.000000000Z,15,0,0.000000745654044444444,15
2009-08-24T00:00:00.000000000Z,15,0,0.000000745654044444444,15
2009-08-25T00:00:00.000000000Z,50,0,0.00000248551348148148,50
2009-08-26T00:00:00.000000000Z,96,3,0.00000238609294222222,48
2009-08-27T00:00:00.000000000Z,29,0,0.00000144159781925926,29
2009-08-28T00:00:00.000000000Z,75,0,0.00000372827022222222,75
2009-08-29T00:00:00.000000000Z,78,0,0.00000387740103111111,78
2009-08-30T00:00:00.000000000Z,99,1,0.00000482189615407407,97
2009-08-31T00:00:00.000000000Z,93,1,0.00000427508318814815,86
2009-09-01T00:00:00.000000000Z,78,0,0.00000387740103111111,78
2009-09-02T00:00:00.000000000Z,66,0,0.00000328087779555556,66
2009-09-03T00:00:00.000000000Z,76,1,0.00000303232644740741,61
2009-09-04T00:00:00.000000000Z,64,0,0.0000031814572562963,64
2009-09-05T00:00:00.000000000Z,76,0,0.00000377798049185185,76
2009-09-06T00:00:00.000000000Z,68,0,0.00000338029833481481,68
2009-09-07T00:00:00.000000000Z,92,1,0.00000387740103111111,78
2009-09-08T00:00:00.000000000Z,69,0,0.00000343000860444444,69
2009-09-09T00:00:00.000000000Z,54,0,0.00000268435456,54
2009-09-10T00:00:00.000000000Z,67,0,0.00000333058806518519,67
2009-09-11T00:00:00.000000000Z,67,0,0.00000333058806518519,67
2009-09-12T00:00:00.000000000Z,69,0,0.00000343000860444444,69
2009-09-13T00:00:00.000000000Z,75,0,0.00000372827022222222,75
2009-09-14T00:00:00.000000000Z,74,0,0.00000367855995259259,74
2009-09-15T00:00:00.000000000Z,44,0,0.0000021872518637037,44
2009-09-16T00:00:00.000000000Z,74,1,0.00000357913941333333,72
2009-09-17T00:00:00.000000000Z,186,1,0.00000417566264888889,84
2009-09-18T00:00:00.000000000Z,78,0,0.00000387740103111111,78
2009-09-19T00:00:00.000000000Z,74,0,0.00000367855995259259,74
2009-09-20T00:00:00.000000000Z,78,0,0.00000387740103111111,78
2009-09-21T00:00:00.000000000Z,78,1,0.00000343000860444444,69
2009-09-22T00:00:00.000000000Z,66,1,0.00000124275674074074,25
2009-09-23T00:00:00.000000000Z,36,0,0.00000178956970666667,36
2009-09-24T00:00:00.000000000Z,97,0,0.00000482189615407407,97
2009-09-25T00:00:00.000000000Z,119,2,0.0000045236345362963,91
2009-09-26T00:00:00.000000000Z,117,1,0.00000497102696296296,100
2009-09-27T00:00:00.000000000Z,87,0,0.00000432479345777778,87
2009-09-28T00:00:00.000000000Z,85,0,0.00000422537291851852,85
2009-09-29T00:00:00.000000000Z,133,2,0.00000437450372740741,88
2009-09-30T00:00:00.000000000Z,85,0,0.00000422537291851852,85
2009-10-01T00:00:00.000000000Z,82,0,0.00000407624210962963,82
2009-10-02T00:00:00.000000000Z,83,1,0.00000357913941333333,72
2009-10-03T00:00:00.000000000Z,58,0,0.00000288319563851852,58
2009-10-04T00:00:00.000000000Z,53,0,0.00000263464429037037,53
2009-10-05T00:00:00.000000000Z,55,0,0.00000273406482962963,55
2009-10-06T00:00:00.000000000Z,58,2,0.00000213754159407407,43
2009-10-07T00:00:00.000000000Z,60,0,0.00000298261617777778,60
2009-10-08T00:00:00.000000000Z,70,0,0.00000347971887407407,70
2009-10-09T00:00:00.000000000Z,79,0,0.00000392711130074074,79
2009-10-10T00:00:00.000000000Z,77,0,0.00000382769076148148,77
2009-10-11T00:00:00.000000000Z,74,0,0.00000367855995259259,74
2009-10-12T00:00:00.000000000Z,132,1,0.00000288319563851852,58
2009-10-13T00:00:00.000000000Z,57,0,0.00000283348536888889,57
2009-10-14T00:00:00.000000000Z,69,0,0.00000343000860444444,69
2009-10-15T00:00:00.000000000Z,71,0,0.0000035294291437037,71
2009-10-16T00:00:00.000000000Z,141,1,0.00000298261617777778,60
2009-10-17T00:00:00.000000000Z,57,0,0.00000283348536888889,57
2009-10-18T00:00:00.000000000Z,82,1,0.00000367855995259259,74
2009-10-19T00:00:00.000000000Z,112,0,0.00000556755019851852,112
2009-10-20T00:00:00.000000000Z,197,1,0.00000472247561481481,95
2009-10-21T00:00:00.000000000Z,99,1,0.00000397682157037037,80
2009-10-22T00:00:00.000000000Z,130,1,0.00000447392426666667,90
2009-10-23T00:00:00.000000000Z,89,0,0.00000442421399703704,89
2009-10-24T00:00:00.000000000Z,70,1,0.00000308203671703704,62
2009-10-25T00:00:00.000000000Z,76,0,0.00000377798049185185,76
2009-10-26T00:00:00.000000000Z,71,0,0.0000035294291437037,71
2009-10-27T00:00:00.000000000Z,81,1,0.0000031814572562963,64
2009-10-28T00:00:00.000000000Z,66,0,0.00000328087779555556,66
2009-10-29T00:00:00.000000000Z,89,2,0.00000228667240296296,46
2009-10-30T00:00:00.000000000Z,60,0,0.00000298261617777778,60
2009-10-31T00:00:00.000000000Z,46,0,0.00000228667240296296,46
2009-11-01T00:00:00.000000000Z,25,0,0.00000124275674074074,25
2009-11-02T00:00:00.000000000Z,33,0,0.00000164043889777778,33
2009-11-03T00:00:00.000000000Z,62,0,0.00000308203671703704,62
2009-11-04T00:00:00.000000000Z,105,1,0.00000313174698666667,63
2009-11-05T00:00:00.000000000Z,57,0,0.00000283348536888889,57
2009-11-06T00:00:00.000000000Z,62,0,0.00000308203671703704,62
2009-11-07T00:00:00.000000000Z,69,0,0.00000343000860444444,69
2009-11-08T00:00:00.000000000Z,73,0,0.00000362884968296296,73
2009-11-09T00:00:00.000000000Z,64,0,0.0000031814572562963,64
2009-11-10T00:00:00.000000000Z,120,3,0.00000387740103111111,78
2009-11-11T00:00:00.000000000Z,76,6,0.0000031814572562963,64
2009-11-12T00:00:00.000000000Z,68,2,0.00000328087779555556,66
2009-11-13T00:00:00.000000000Z,91,1,0.00000397682157037037,80
2009-11-14T00:00:00.000000000Z,79,0,0.00000392711130074074,79
2009-11-15T00:00:00.000000000Z,96,0,0.00000477218588444444,96
2009-11-16T00:00:00.000000000Z,97,0,0.00000482189615407407,97
2009-11-17T00:00:00.000000000Z,92,0,0.00000457334480592593,92
2009-11-18T00:00:00.000000000Z,79,0,0.00000392711130074074,79
2009-11-19T00:00:00.000000000Z,153,2,0.00000347971887407407,70
2009-11-20T00:00:00.000000000Z,86,0,0.00000427508318814815,86
2009-11-21T00:00:00.000000000Z,73,0,0.00000362884968296296,73
2009-11-22T00:00:00.000000000Z,106,0,0.00000526928858074074,106
2009-11-23T00:00:00.000000000Z,96,0,0.00000477218588444444,96
2009-11-24T00:00:00.000000000Z,93,0,0.00000462305507555556,93
2009-11-25T00:00:00.000000000Z,90,0,0.00000447392426666667,90
2009-11-26T00:00:00.000000000Z,84,0,0.00000417566264888889,84
2009-11-27T00:00:00.000000000Z,74,0,0.00000367855995259259,74
2009-11-28T00:00:00.000000000Z,71,0,0.0000035294291437037,71
2009-11-29T00:00:00.000000000Z,60,0,0.00000298261617777778,60
2009-11-30T00:00:00.000000000Z,75,0,0.00000372827022222222,75
2009-12-01T00:00:00.000000000Z,240,1,0.00000362884968296296,73
2009-12-02T00:00:00.000000000Z,94,0,0.00000467276534518519,94
2009-12-03T00:00:00.000000000Z,88,0,0.00000437450372740741,88
2009-12-04T00:00:00.000000000Z,36,0,0.00000178956970666667,36
2009-12-05T00:00:00.000000000Z,84,1,0.0000031814572562963,64
2009-12-06T00:00:00.000000000Z,107,2,0.00000512015777185185,103
2009-12-07T00:00:00.000000000Z,133,1,0.00000556755019851852,112
2009-12-08T00:00:00.000000000Z,116,1,0.00000521957831111111,105
2009-12-09T00:00:00.000000000Z,119,13,0.00000477218588444444,96
2009-12-10T00:00:00.000000000Z,104,0,0.00000516986804148148,104
2009-12-11T00:00:00.000000000Z,180,2,0.00000556755019851852,112
2009-12-12T00:00:00.000000000Z,110,0,0.00000546812965925926,110
2009-12-13T00:00:00.000000000Z,114,0,0.00000566697073777778,114
2009-12-14T00:00:00.000000000Z,437,5,0.00000507044750222222,102
2009-12-15T00:00:00.000000000Z,137,3,0.00000546812965925926,110
2009-12-16T00:00:00.000000000Z,136,0,0.00000676059666962963,136
2009-12-17T00:00:00.000000000Z,179,3,0.00000840103556740741,169
2009-12-18T00:00:00.000000000Z,225,0,0.0000111848106666667,225
2009-12-19T00:00:00.000000000Z,200,1,0.00000984263338666667,198
2009-12-20T00:00:00.000000000Z,177,1,0.00000869929718518518,175
2009-12-21T00:00:00.000000000Z,175,0,0.00000869929718518518,175
2009-12-22T00:00:00.000000000Z,162,0,0.00000805306368,162
2009-12-23T00:00:00.000000000Z,154,0,0.00000765538152296296,154
2009-12-24T00:00:00.000000000Z,154,0,0.00000765538152296296,154
2009-12-25T00:00:00.000000000Z,151,1,0.00000740683017481482,149
2009-12-26T00:00:00.000000000Z,174,0,0.00000864958691555555,174
2009-12-27T00:00:00.000000000Z,173,1,0.00000830161502814815,167
2009-12-28T00:00:00.000000000Z,137,0,0.00000681030693925926,137
2009-12-29T00:00:00.000000000Z,171,0,0.00000850045610666667,171
2009-12-30T00:00:00.000000000Z,141,0,0.00000792743851952609,141
2009-12-31T00:00:00.000000000Z,138,0,0.00000811471116177273,138
2010-01-01T00:00:00.000000000Z,136,2,0.000007761897633,132
2010-01-02T00:00:00.000000000Z,126,0,0.00000740908410422728,126
2010-01-03T00:00:00.000000000Z,186,0,0.0000109372193919545,186
2010-01-04T00:00:00.000000000Z,266,2,0.0000106432081179773,181
2010-01-05T00:00:00.000000000Z,198,0,0.0000116428464495,198
2010-01-06T00:00:00.000000000Z,163,0,0.00000958476753165909,163
2010-01-07T00:00:00.000000000Z,154,0,0.0000090555472385,154
2010-01-08T00:00:00.000000000Z,153,0,0.00000899674498370455,153
2010-01-09T00:00:00.000000000Z,151,0,0.00000887914047411364,151
2010-01-10T00:00:00.000000000Z,190,0,0.0000111724284111364,190
2010-01-11T00:00:00.000000000Z,159,0,0.00000944672228286733,159
2010-01-12T00:00:00.000000000Z,375,2,0.0000103151234807286,159
2010-01-13T00:00:00.000000000Z,168,2,0.0000106394984329527,164
2010-01-14T00:00:00.000000000Z,155,2,0.00000927712363361122,143
2010-01-15T00:00:00.000000000Z,147,1,0.00000914737365272156,141
2010-01-16T00:00:00.000000000Z,132,1,0.00000810937380560423,125
2010-01-17T00:00:00.000000000Z,131,0,0.00000849862374827323,131
2010-01-18T00:00:00.000000000Z,128,1,0.00000810937380560423,125
2010-01-19T00:00:00.000000000Z,124,0,0.00000804449881515939,124
2010-01-20T00:00:00.000000000Z,158,0,0.0000102502484902837,158
2010-01-21T00:00:00.000000000Z,187,9,0.0000113531233278459,175
2010-01-22T00:00:00.000000000Z,141,3,0.00000862837372916289,133
2010-01-23T00:00:00.000000000Z,164,2,0.0000103799984711734,160
2010-01-24T00:00:00.000000000Z,156,1,0.00000999074852850439,154
2010-01-25T00:00:00.000000000Z,272,4,0.0000138891428992527,211
2010-01-26T00:00:00.000000000Z,215,6,0.0000130302482192822,195
2010-01-27T00:00:00.000000000Z,182,2,0.000010958772861345,164
2010-01-28T00:00:00.000000000Z,199,2,0.0000118274560759638,177
2010-01-29T00:00:00.000000000Z,214,4,0.000013163891790762,197
2010-01-30T00:00:00.000000000Z,248,4,0.0000140325750053808,210
2010-01-31T00:00:00.000000000Z,184,2,0.0000110255946470849,165
2010-02-01T00:00:00.000000000Z,203,9,0.0000122952085761432,184
2010-02-02T00:00:00.000000000Z,167,1,0.00000968915893228676,145
2010-02-03T00:00:00.000000000Z,277,2,0.0000180418821497754,270
2010-02-04T00:00:00.000000000Z,269,5,0.0000158446145715676,229
2010-02-05T00:00:00.000000000Z,472,4,0.0000201604285278103,223
2010-02-06T00:00:00.000000000Z,224,14,0.0000173578577459174,192
2010-02-07T00:00:00.000000000Z,230,5,0.0000196179954732504,217
2010-02-08T00:00:00.000000000Z,329,8,0.000018081101818664,200
2010-02-09T00:00:00.000000000Z,623,3,0.0000187139403823172,207
2010-02-10T00:00:00.000000000Z,777,5,0.0000151881255276777,168
2010-02-11T00:00:00.000000000Z,245,5,0.0000152785310367711,169
2010-02-12T00:00:00.000000000Z,226,5,0.0000165442081640775,183
2010-02-13T00:00:00.000000000Z,318,3,0.0000209740781096502,232
2010-02-14T00:00:00.000000000Z,263,11,0.0000190158401261968,208
2010-02-15T00:00:00.000000000Z,273,9,0.0000221152004874884,176
2010-02-16T00:00:00.000000000Z,217,6,0.0000245026369037513,195
2010-02-17T00:00:00.000000000Z,267,11,0.0000300314370256233,239
2010-02-18T00:00:00.000000000Z,268,7,0.0000261361460306681,208
2010-02-19T00:00:00.000000000Z,198,3,0.0000241256732590782,192
2010-02-20T00:00:00.000000000Z,221,2,0.0000261361460306681,208
2010-02-21T00:00:00.000000000Z,344,4,0.0000280209642540335,223
2010-02-22T00:00:00.000000000Z,531,5,0.0000326701825383349,260
2010-02-23T00:00:00.000000000Z,252,1,0.0000314136370560913,250
2010-02-24T00:00:00.000000000Z,283,6,0.0000284655236405324,171
2010-02-25T00:00:00.000000000Z,300,4,0.0000289463697810303,154
2010-02-26T00:00:00.000000000Z,196,4,0.0000323297117034884,172
2010-02-27T00:00:00.000000000Z,184,3,0.0000323297117034884,172
2010-02-28T00:00:00.000000000Z,264,3,0.0000293222966613034,156
2010-03-01T00:00:00.000000000Z,227,4,0.0000366528708266293,195
2010-03-02T00:00:00.000000000Z,233,5,0.0000353371267456733,188
2010-03-03T00:00:00.000000000Z,260,6,0.0000285704429007572,152
2010-03-04T00:00:00.000000000Z,575,3,0.0000347732364252637,185
2010-03-05T00:00:00.000000000Z,175,2,0.0000321417482633518,171
2010-03-06T00:00:00.000000000Z,274,6,0.0000332695289041712,177
2010-03-07T00:00:00.000000000Z,297,4,0.0000336454557844443,179
2010-03-08T00:00:00.000000000Z,313,5,0.0000280433283726185,125
2010-03-09T00:00:00.000000000Z,229,2,0.0000328852291444467,146
2010-03-10T00:00:00.000000000Z,211,7,0.0000364890898726052,162
2010-03-11T00:00:00.000000000Z,200,3,0.0000299570923028179,133
2010-03-12T00:00:00.000000000Z,130,2,0.0000272541967566989,121
2010-03-13T00:00:00.000000000Z,190,1,0.000034461918213016,153
2010-03-14T00:00:00.000000000Z,134,2,0.0000281551619387386,125
2010-03-15T00:00:00.000000000Z,145,5,0.0000304075748938377,135
2010-03-16T00:00:00.000000000Z,154,3,0.0000283804032342485,126
2010-03-17T00:00:00.000000000Z,164,3,0.0000306328161893476,136
2010-03-18T00:00:00.000000000Z,285,10,0.0000315337813713872,140
2010-03-19T00:00:00.000000000Z,229,8,0.000034461918213016,153
2010-03-20T00:00:00.000000000Z,273,12,0.0000432463287379025,192
2010-03-21T00:00:00.000000000Z,193,8,0.0000412377930986408,183
2010-03-22T00:00:00.000000000Z,223,6,0.0000406214507725113,179
2010-03-23T00:00:00.000000000Z,289,13,0.0000469756441894405,207
2010-03-24T00:00:00.000000000Z,208,11,0.000038805966939103,171
2010-03-25T00:00:00.000000000Z,541,15,0.0000424369346059197,187
2010-03-26T00:00:00.000000000Z,280,16,0.0000447062893976801,197
2010-03-27T00:00:00.000000000Z,217,7,0.0000403945152933353,178
2010-03-28T00:00:00.000000000Z,196,5,0.0000422099991267436,186
2010-03-29T00:00:00.000000000Z,268,12,0.000044252418439328,195
2010-03-30T00:00:00.000000000Z,227,6,0.0000487911280228488,215
2010-03-31T00:00:00.000000000Z,239,7,0.0000474295151477926,209
2010-04-01T00:00:00.000000000Z,197,9,0.0000447002045237894,168
2010-04-02T00:00:00.000000000Z,179,5,0.0000471916688602609,156
2010-04-03T00:00:00.000000000Z,192,5,0.0000487042223493718,161
2010-04-04T00:00:00.000000000Z,241,12,0.0000517293293275937,171
2010-04-05T00:00:00.000000000Z,307,28,0.0000462841367667943,153
2010-04-06T00:00:00.000000000Z,267,15,0.0000480992009537274,159
2010-04-07T00:00:00.000000000Z,303,11,0.0000583845646796818,193
2010-04-08T00:00:00.000000000Z,227,15,0.0000553594577014599,183
2010-04-09T00:00:00.000000000Z,308,32,0.000057174521888393,189
2010-04-10T00:00:00.000000000Z,559,41,0.0000786527814337682,260
2010-04-11T00:00:00.000000000Z,398,39,0.0000674598856143474,223
2010-04-12T00:00:00.000000000Z,357,45,0.0000719277209962042,203
2010-04-13T00:00:00.000000000Z,246,21,0.0000734688770108426,189
2010-04-14T00:00:00.000000000Z,338,75,0.0000699703590579453,180
2010-04-15T00:00:00.000000000Z,891,41,0.0000839644308695343,216
2010-04-16T00:00:00.000000000Z,433,31,0.0000785222918316941,202
2010-04-17T00:00:00.000000000Z,306,30,0.0000859080519544772,221
2010-04-18T00:00:00.000000000Z,3479,3109,0.0000952374331622032,245
2010-04-19T00:00:00.000000000Z,537,41,0.0000901840183413516,232
2010-04-20T00:00:00.000000000Z,426,38,0.0000796884644826599,205
2010-04-21T00:00:00.000000000Z,375,34,0.0000878481537128413,219
2010-04-22T00:00:00.000000000Z,232,39,0.0000906131825400019,159
2010-04-23T00:00:00.000000000Z,241,50,0.0000854841344716999,150
2010-04-24T00:00:00.000000000Z,285,34,0.0000957422306083039,168
2010-04-25T00:00:00.000000000Z,343,45,0.0000900432883101906,158
2010-04-26T00:00:00.000000000Z,281,49,0.0000934626536890586,164
2010-04-27T00:00:00.000000000Z,271,52,0.00010258096136604,180
2010-04-28T00:00:00.000000000Z,329,48,0.00010258096136604,180
2010-04-29T00:00:00.000000000Z,212,32,0.0000837744517822659,147
2010-04-30T00:00:00.000000000Z,206,25,0.0000820647690928319,144
2010-05-01T00:00:00.000000000Z,269,28,0.000104290644055474,183
2010-05-02T00:00:00.000000000Z,231,27,0.0000883336056207566,155
2010-05-03T00:00:00.000000000Z,302,27,0.0000906131825400019,159
2010-05-04T00:00:00.000000000Z,275,40,0.0000831506698313147,136
2010-05-05T00:00:00.000000000Z,296,26,0.0000875068811554375,137
2010-05-06T00:00:00.000000000Z,446,30,0.0000951717174610234,149
2010-05-07T00:00:00.000000000Z,250,26,0.0000843131993614435,132
2010-05-08T00:00:00.000000000Z,420,25,0.0000983653992550174,154
2010-05-09T00:00:00.000000000Z,267,42,0.0000913392993082304,143
2010-05-10T00:00:00.000000000Z,286,27,0.0000817582539262482,128
2010-05-11T00:00:00.000000000Z,160,19,0.0000708997358266683,111
2010-05-12T00:00:00.000000000Z,263,33,0.0000811195175674494,127
2010-05-13T00:00:00.000000000Z,255,38,0.0000817582539262482,128
2010-05-14T00:00:00.000000000Z,249,31,0.0000785645721322541,123
2010-05-15T00:00:00.000000000Z,159,21,0.000058125008650692,91
2010-05-16T00:00:00.000000000Z,169,20,0.0000721772085442659,113
2010-05-17T00:00:00.000000000Z,291,35,0.0000913392993082304,143
2010-05-18T00:00:00.000000000Z,309,56,0.000107307708278201,168
2010-05-19T00:00:00.000000000Z,309,42,0.000100913761262523,164
2010-05-20T00:00:00.000000000Z,291,35,0.000119542476669434,203
2010-05-21T00:00:00.000000000Z,318,58,0.000103642738393204,176
2010-05-22T00:00:00.000000000Z,349,32,0.000114831443106106,195
2010-05-23T00:00:00.000000000Z,446,98,0.000124253510232761,211
2010-05-24T00:00:00.000000000Z,329,61,0.000110709288738195,188
2010-05-25T00:00:00.000000000Z,348,45,0.000123664631037345,210
2010-05-26T00:00:00.000000000Z,403,64,0.000131320060577752,223
2010-05-27T00:00:00.000000000Z,385,75,0.000113064805519859,192
2010-05-28T00:00:00.000000000Z,359,53,0.000131320060577752,223
2010-05-29T00:00:00.000000000Z,372,60,0.000124012911518638,184
2010-05-30T00:00:00.000000000Z,270,52,0.000123094693976881,149
2010-05-31T00:00:00.000000000Z,297,47,0.000117311721776625,142
2010-06-01T00:00:00.000000000Z,250,48,0.000111528749576369,135
2010-06-02T00:00:00.000000000Z,259,47,0.000121442416205379,147
2010-06-03T00:00:00.000000000Z,409,86,0.000125573110634133,152
2010-06-04T00:00:00.000000000Z,226,44,0.00010326736071886,125
2010-06-05T00:00:00.000000000Z,270,50,0.000119790138433877,145
2010-06-06T00:00:00.000000000Z,263,50,0.00012226855509113,148
2010-06-07T00:00:00.000000000Z,478,51,0.000129703805062888,157
2010-06-08T00:00:00.000000000Z,350,62,0.00013218222172014,160
2010-06-09T00:00:00.000000000Z,342,51,0.000138791332806147,168
2010-06-10T00:00:00.000000000Z,291,59,0.00013218222172014,160
2010-06-11T00:00:00.000000000Z,356,80,0.000139018730269074,168
2010-06-12T00:00:00.000000000Z,290,78,0.000116645192492224,135
2010-06-13T00:00:00.000000000Z,351,72,0.000148614615619722,172
2010-06-14T00:00:00.000000000Z,415,88,0.000139110192527763,161
2010-06-15T00:00:00.000000000Z,371,89,0.000158983077174587,184
2010-06-16T00:00:00.000000000Z,291,48,0.000122693461732561,142
2010-06-17T00:00:00.000000000Z,279,57,0.000126149615584183,146
2010-06-18T00:00:00.000000000Z,274,42,0.000129605769435804,150
2010-06-19T00:00:00.000000000Z,385,67,0.000129605769435804,150
2010-06-20T00:00:00.000000000Z,305,40,0.000159847115637492,185
2010-06-21T00:00:00.000000000Z,352,91,0.000133061923287426,154
2010-06-22T00:00:00.000000000Z,366,73,0.000134790000213236,156
2010-06-23T00:00:00.000000000Z,347,67,0.000161575192563303,187
2010-06-24T00:00:00.000000000Z,366,73,0.000154169415000617,169
2010-06-25T00:00:00.000000000Z,244,57,0.000144692648638788,150
2010-06-26T00:00:00.000000000Z,252,44,0.000153374207557116,159
2010-06-27T00:00:00.000000000Z,312,58,0.000171701943051362,178
2010-06-28T00:00:00.000000000Z,288,75,0.000146621883953972,152
2010-06-29T00:00:00.000000000Z,413,98,0.000163020384133035,169
2010-06-30T00:00:00.000000000Z,438,87,0.00017556041368173,182
2010-07-01T00:00:00.000000000Z,403,76,0.000203534325751895,211
2010-07-02T00:00:00.000000000Z,398,80,0.000161091148817851,167
2010-07-03T00:00:00.000000000Z,326,66,0.000204498943409487,212
2010-07-04T00:00:00.000000000Z,431,58,0.000160126531160259,166
2010-07-05T00:00:00.000000000Z,380,71,0.000172666560708954,179
2010-07-06T00:00:00.000000000Z,273,40,0.00019539853605246,169
2010-07-07T00:00:00.000000000Z,383,66,0.000182247597976984,156
2010-07-08T00:00:00.000000000Z,309,68,0.000176406328811055,151
2010-07-09T00:00:00.000000000Z,349,68,0.000232482512803973,199
2010-07-10T00:00:00.000000000Z,405,42,0.000231314258970787,198
2010-07-11T00:00:00.000000000Z,717,238,0.000209117436140257,179
2010-07-12T00:00:00.000000000Z,3430,1581,0.000769879276069431,659
2010-07-13T00:00:00.000000000Z,2012,796,0.00121856529011074,692
2010-07-14T00:00:00.000000000Z,6752,5548,0.00130404976730999,578
2010-07-15T00:00:00.000000000Z,2009,711,0.00140783227474296,624
2010-07-16T00:00:00.000000000Z,1721,675,0.00159960429934736,505
2010-07-17T00:00:00.000000000Z,895,248,0.00156124989442647,173
2010-07-18T00:00:00.000000000Z,860,248,0.00155222532856273,172
2010-07-19T00:00:00.000000000Z,929,334,0.0015702744602902,174
2010-07-20T00:00:00.000000000Z,936,423,0.00163344642133636,181
2010-07-21T00:00:00.000000000Z,784,247,0.00186808513379352,207
2010-07-22T00:00:00.000000000Z,594,221,0.00158832359201768,176
2010-07-23T00:00:00.000000000Z,655,220,0.00175076577756494,194
2010-07-24T00:00:00.000000000Z,959,700,0.00170564294824626,189
2010-07-25T00:00:00.000000000Z,2130,1591,0.00208467471452321,231
2010-07-26T00:00:00.000000000Z,1250,227,0.00219296950488805,243
2010-07-27T00:00:00.000000000Z,775,259,0.00199030154330266,166
2010-07-28T00:00:00.000000000Z,664,2860,0.00193024492155981,159
2010-07-29T00:00:00.000000000Z,534,619,0.00218518293006771,180
2010-07-30T00:00:00.000000000Z,582,141,0.0022094627404018,182
2010-07-31T00:00:00.000000000Z,479,94,0.00246440074890969,203
2010-08-01T00:00:00.000000000Z,622,124,0.00290143733492324,239
2010-08-02T00:00:00.000000000Z,632,155,0.00293785705042437,242
2010-08-03T00:00:00.000000000Z,988,424,0.00275575847291872,227
2010-08-04T00:00:00.000000000Z,715,193,0.00294999695559141,243
2010-08-05T00:00:00.000000000Z,825,301,0.0028343136485242,218
2010-08-06T00:00:00.000000000Z,640,213,0.00257338621241248,147
2010-08-07T00:00:00.000000000Z,500,113,0.00271343444165942,155
2010-08-08T00:00:00.000000000Z,581,191,0.00348369970251758,199
2010-08-09T00:00:00.000000000Z,782,235,0.00332614544461478,190
2010-08-10T00:00:00.000000000Z,590,151,0.00334365147327064,191
2010-08-11T00:00:00.000000000Z,724,184,0.00407890467681707,233
2010-08-12T00:00:00.000000000Z,611,220,0.00379880821832319,217
2010-08-13T00:00:00.000000000Z,787,247,0.00376379616101146,215
2010-08-14T00:00:00.000000000Z,564,156,0.0049191940522987,281
2010-08-15T00:00:00.000000000Z,472,130,0.00405220400471671,207
2010-08-16T00:00:00.000000000Z,760,298,0.00373973885544902,147
2010-08-17T00:00:00.000000000Z,486,188,0.00328181164865935,129
2010-08-18T00:00:00.000000000Z,709,231,0.00338357325016816,133
2010-08-19T00:00:00.000000000Z,471,190,0.00343445405092257,135
2010-08-20T00:00:00.000000000Z,656,230,0.00490999727280041,193
2010-08-21T00:00:00.000000000Z,526,168,0.00440118926525633,173
2010-08-22T00:00:00.000000000Z,586,153,0.00539336487996729,212
2010-08-23T00:00:00.000000000Z,655,157,0.00541880528034449,213
2010-08-24T00:00:00.000000000Z,638,166,0.0054696860810989,215
2010-08-25T00:00:00.000000000Z,498,149,0.0054951264814761,216
2010-08-26T00:00:00.000000000Z,650,158,0.00542016074795354,210
2010-08-27T00:00:00.000000000Z,490,121,0.00529907348983421,171
2010-08-28T00:00:00.000000000Z,531,170,0.00526808475597553,170
2010-08-29T00:00:00.000000000Z,418,111,0.00502017488510609,162
2010-08-30T00:00:00.000000000Z,517,175,0.00461732134494326,149
2010-08-31T00:00:00.000000000Z,733,254,0.00570192702999705,184
2010-09-01T00:00:00.000000000Z,622,235,0.0048652312158127,157
2010-09-02T00:00:00.000000000Z,513,146,0.00483424248195401,156
2010-09-03T00:00:00.000000000Z,503,155,0.00508215235282345,164
2010-09-04T00:00:00.000000000Z,468,96,0.00560896082842101,181
2010-09-05T00:00:00.000000000Z,534,143,0.00511314108668213,165
2010-09-06T00:00:00.000000000Z,518,125,0.00489621994967138,158
2010-09-07T00:00:00.000000000Z,408,120,0.00495819741738873,160
2010-09-08T00:00:00.000000000Z,535,174,0.00573599618291432,165
2010-09-09T00:00:00.000000000Z,530,204,0.0047840893422885,135
2010-09-10T00:00:00.000000000Z,529,171,0.0062724726932227,177
2010-09-11T00:00:00.000000000Z,426,141,0.00567003181308267,160
2010-09-12T00:00:00.000000000Z,708,199,0.0062724726932227,177
2010-09-13T00:00:00.000000000Z,722,267,0.0060598465002321,171
2010-09-14T00:00:00.000000000Z,680,227,0.00719385286284863,203
2010-09-15T00:00:00.000000000Z,666,261,0.00598897110256856,169
2010-09-16T00:00:00.000000000Z,666,211,0.00776085604415689,219
2010-09-17T00:00:00.000000000Z,1008,155,0.00737104135700746,208
2010-09-18T00:00:00.000000000Z,573,165,0.00839873462312869,237
2010-09-19T00:00:00.000000000Z,667,149,0.00933199495165843,209
2010-09-20T00:00:00.000000000Z,711,275,0.00926199956576555,203
2010-09-21T00:00:00.000000000Z,1227,631,0.00784760554340728,172
2010-09-22T00:00:00.000000000Z,1056,520,0.0079388567706562,174
2010-09-23T00:00:00.000000000Z,1027,399,0.0106763935881238,234
2010-09-24T00:00:00.000000000Z,808,268,0.0104026399063771,228
2010-09-25T00:00:00.000000000Z,837,332,0.00944450202026339,207
2010-09-26T00:00:00.000000000Z,634,206,0.00935325079301447,205
2010-09-27T00:00:00.000000000Z,1251,350,0.0104482655200015,229
2010-09-28T00:00:00.000000000Z,1705,284,0.0104098858028698,212
2010-09-29T00:00:00.000000000Z,1203,812,0.010750436774287,164
2010-09-30T00:00:00.000000000Z,640,215,0.00957051078686525,146
2010-10-01T00:00:00.000000000Z,852,445,0.0100949223368305,154
2010-10-02T00:00:00.000000000Z,798,404,0.00655514437456523,100
2010-10-03T00:00:00.000000000Z,648,235,0.00799727613696959,122
2010-10-04T00:00:00.000000000Z,852,258,0.0100293708930848,153
2010-10-05T00:00:00.000000000Z,688,244,0.0082594819119522,126
2010-10-06T00:00:00.000000000Z,682,231,0.0112092968805066,171
2010-10-07T00:00:00.000000000Z,654,184,0.0104882309993044,160
2010-10-08T00:00:00.000000000Z,813,207,0.0100949223368305,154
2010-10-09T00:00:00.000000000Z,753,245,0.0103571281118131,158
2010-10-10T00:00:00.000000000Z,631,186,0.0116681569867261,178
2010-10-11T00:00:00.000000000Z,632,184,0.0104226795555587,159
2010-10-12T00:00:00.000000000Z,643,195,0.0105175094359409,155
2010-10-13T00:00:00.000000000Z,929,187,0.0120563786888564,176
2010-10-14T00:00:00.000000000Z,626,159,0.014042941086452,205
2010-10-15T00:00:00.000000000Z,582,152,0.0121248808404976,177
2010-10-16T00:00:00.000000000Z,933,185,0.0176735551234372,258
2010-10-17T00:00:00.000000000Z,751,186,0.018495580943132,270
2010-10-18T00:00:00.000000000Z,947,328,0.0170570357586661,249
2010-10-19T00:00:00.000000000Z,1411,671,0.0175365508201548,256
2010-10-20T00:00:00.000000000Z,1218,475,0.0180845680332846,264
2010-10-21T00:00:00.000000000Z,983,350,0.018337040329349,186
2010-10-22T00:00:00.000000000Z,958,439,0.0164515818945875,154
2010-10-23T00:00:00.000000000Z,838,341,0.0186949794256676,175
2010-10-24T00:00:00.000000000Z,848,344,0.0218998330414963,205
2010-10-25T00:00:00.000000000Z,763,209,0.0216861761337744,203
2010-10-26T00:00:00.000000000Z,900,280,0.0257456573804908,241
2010-10-27T00:00:00.000000000Z,1075,353,0.022754460672384,213
2010-10-28T00:00:00.000000000Z,1012,276,0.0233954313955498,219
2010-10-29T00:00:00.000000000Z,829,234,0.0238227452109936,223
2010-10-30T00:00:00.000000000Z,657,174,0.0276237096817406,252
2010-10-31T00:00:00.000000000Z,609,129,0.0275107023258776,179
2010-11-01T00:00:00.000000000Z,565,180,0.0272033201769851,177
2010-11-02T00:00:00.000000000Z,446,101,0.0270496291025389,176
2010-11-03T00:00:00.000000000Z,578,157,0.0292013041447863,190
2010-11-04T00:00:00.000000000Z,632,157,0.030891905963695,201
2010-11-05T00:00:00.000000000Z,828,221,0.0336583453037274,219
2010-11-06T00:00:00.000000000Z,588,165,0.0335046542292811,218
2010-11-07T00:00:00.000000000Z,688,210,0.0370395489415447,241
2010-11-08T00:00:00.000000000Z,1570,241,0.042265045472717,275
2010-11-09T00:00:00.000000000Z,651,193,0.0399576940439629,217
2010-11-10T00:00:00.000000000Z,655,196,0.0457771834440332,203
2010-11-11T00:00:00.000000000Z,594,172,0.0493852373115432,219
2010-11-12T00:00:00.000000000Z,457,117,0.0381100689755745,169
2010-11-13T00:00:00.000000000Z,587,118,0.0502872507784207,223
2010-11-14T00:00:00.000000000Z,945,164,0.0577288618801601,256
2010-11-15T00:00:00.000000000Z,4487,5457,0.0451006733438751,200
2010-11-16T00:00:00.000000000Z,3228,8121,0.044424163243717,197
2010-11-17T00:00:00.000000000Z,674,186,0.0556993315796857,247
2010-11-18T00:00:00.000000000Z,651,1846,0.063399410028978,257
2010-11-19T00:00:00.000000000Z,635,9313,0.0512033075039661,150
2010-11-20T00:00:00.000000000Z,783,9227,0.0395972244697338,116
2010-11-21T00:00:00.000000000Z,768,9857,0.0477897536703684,140
2010-11-22T00:00:00.000000000Z,651,199,0.0556409274876431,163
2010-11-23T00:00:00.000000000Z,627,184,0.0477897536703684,140
2010-11-24T00:00:00.000000000Z,960,3844,0.0604199028546799,177
2010-11-25T00:00:00.000000000Z,927,4745,0.061785324388119,181
2010-11-26T00:00:00.000000000Z,1177,1089,0.066222944371796,194
2010-11-27T00:00:00.000000000Z,828,265,0.0614439690047592,180
2010-11-28T00:00:00.000000000Z,707,281,0.0587131259378811,172
2010-11-29T00:00:00.000000000Z,905,247,0.0713432751221925,209
2010-11-30T00:00:00.000000000Z,817,261,0.0722655508954609,202
2010-12-01T00:00:00.000000000Z,1127,324,0.0754950217057436,188
2010-12-02T00:00:00.000000000Z,770,259,0.0754950217057436,188
2010-12-03T00:00:00.000000000Z,887,198,0.0758965909701358,189
2010-12-04T00:00:00.000000000Z,731,190,0.0919593615458261,229
2010-12-05T00:00:00.000000000Z,685,192,0.0959750541897487,239
2010-12-06T00:00:00.000000000Z,742,228,0.0967781927185332,241
2010-12-07T00:00:00.000000000Z,1138,330,0.0959750541897487,239
2010-12-08T00:00:00.000000000Z,903,282,0.0955734849253564,238
2010-12-09T00:00:00.000000000Z,857,273,0.092247198273048,223
2010-12-10T00:00:00.000000000Z,644,229,0.0895303811037848,147
2010-12-11T00:00:00.000000000Z,1052,367,0.106583787028315,175
2010-12-12T00:00:00.000000000Z,1220,482,0.104147586181954,171
2010-12-13T00:00:00.000000000Z,1685,510,0.0858760798342426,141
2010-12-14T00:00:00.000000000Z,1103,470,0.104147586181954,171
2010-12-15T00:00:00.000000000Z,1081,443,0.119373841471713,196
2010-12-16T00:00:00.000000000Z,954,358,0.105365686605134,173
2010-12-17T00:00:00.000000000Z,795,294,0.101102335124002,166
2010-12-18T00:00:00.000000000Z,879,348,0.09805708406605,161
2010-12-19T00:00:00.000000000Z,1089,371,0.112065238932629,184
2010-12-20T00:00:00.000000000Z,1460,769,0.0968389836428693,159
2010-12-21T00:00:00.000000000Z,1083,433,0.123479413447296,196
2010-12-22T00:00:00.000000000Z,1237,516,0.113041823764728,157
2010-12-23T00:00:00.000000000Z,1002,362,0.104401684368698,145
2010-12-24T00:00:00.000000000Z,845,379,0.106561719217705,148
2010-12-25T00:00:00.000000000Z,1076,465,0.120961951544422,168
2010-12-26T00:00:00.000000000Z,1032,439,0.104401684368698,145
2010-12-27T00:00:00.000000000Z,1151,378,0.119521928311751,166
2010-12-28T00:00:00.000000000Z,1015,473,0.121681963160758,169
2010-12-29T00:00:00.000000000Z,1042,383,0.118801916695415,165
2010-12-30T00:00:00.000000000Z,1049,396,0.121681963160758,169
2010-12-31T00:00:00.000000000Z,876,382,0.116641881846407,162
2011-01-01T00:00:00.000000000Z,1071,473,0.130322102556788,181
2011-01-02T00:00:00.000000000Z,1097,418,0.126002032858773,175
2011-01-03T00:00:00.000000000Z,1405,997,0.123832415934612,156
2011-01-04T00:00:00.000000000Z,1111,842,0.114301127146323,141
2011-01-05T00:00:00.000000000Z,1497,1161,0.124839528939956,154
2011-01-06T00:00:00.000000000Z,1166,519,0.114301127146323,141
2011-01-07T00:00:00.000000000Z,1269,887,0.132945991858135,164
2011-01-08T00:00:00.000000000Z,1439,1219,0.137809869609042,170
2011-01-09T00:00:00.000000000Z,1390,1065,0.132135345566317,163
2011-01-10T00:00:00.000000000Z,1458,1167,0.131324699274499,162
2011-01-11T00:00:00.000000000Z,1564,1188,0.139431162192678,172
2011-01-12T00:00:00.000000000Z,1248,988,0.135377930733588,167
2011-01-13T00:00:00.000000000Z,1700,1102,0.152401502861764,188
2011-01-14T00:00:00.000000000Z,1622,1080,0.146726978819039,181
2011-01-15T00:00:00.000000000Z,1425,799,0.134789940555296,157
2011-01-16T00:00:00.000000000Z,1501,731,0.159478007688148,174
2011-01-17T00:00:00.000000000Z,1356,655,0.165893789606637,181
2011-01-18T00:00:00.000000000Z,1462,708,0.129232178643844,141
2011-01-19T00:00:00.000000000Z,1523,730,0.154895306317799,169
2011-01-20T00:00:00.000000000Z,1474,749,0.170476490976986,186
2011-01-21T00:00:00.000000000Z,1931,976,0.159478007688148,174
2011-01-22T00:00:00.000000000Z,2184,1256,0.151229145221519,165
2011-01-23T00:00:00.000000000Z,1918,914,0.155811846591869,170
2011-01-24T00:00:00.000000000Z,2090,1156,0.172309571525125,188
2011-01-25T00:00:00.000000000Z,1410,714,0.142980282754891,156
2011-01-26T00:00:00.000000000Z,1771,827,0.164977249332567,180
2011-01-27T00:00:00.000000000Z,1472,683,0.164238856456947,160
2011-01-28T00:00:00.000000000Z,1790,961,0.1728901430173,158
2011-01-29T00:00:00.000000000Z,2012,1156,0.176172867251806,161
2011-01-30T00:00:00.000000000Z,3365,2612,0.170701660194296,156
2011-01-31T00:00:00.000000000Z,2089,1055,0.186021039955323,170
2011-02-01T00:00:00.000000000Z,1901,854,0.179455591486312,164
2011-02-02T00:00:00.000000000Z,1491,727,0.1728901430173,158
2011-02-03T00:00:00.000000000Z,1273,641,0.175078625840304,160
2011-02-04T00:00:00.000000000Z,1505,714,0.212282833831369,194
2011-02-05T00:00:00.000000000Z,1514,697,0.19586921265884,179
2011-02-06T00:00:00.000000000Z,1345,684,0.193680729835836,177
2011-02-07T00:00:00.000000000Z,1389,685,0.222131006534886,203
2011-02-08T00:00:00.000000000Z,1472,711,0.209786304584443,168
2011-02-09T00:00:00.000000000Z,2127,1054,0.248133431243539,192
2011-02-10T00:00:00.000000000Z,3556,1852,0.240379261517178,186
2011-02-11T00:00:00.000000000Z,4302,2163,0.240379261517178,186
2011-02-12T00:00:00.000000000Z,3312,1735,0.253302877727779,196
2011-02-13T00:00:00.000000000Z,3244,1605,0.255887600969899,198
2011-02-14T00:00:00.000000000Z,4141,1824,0.253302877727779,196
2011-02-15T00:00:00.000000000Z,3347,1956,0.290781364738522,225
2011-02-16T00:00:00.000000000Z,2995,1872,0.299827896085942,232
2011-02-17T00:00:00.000000000Z,3527,2042,0.298535534464882,231
2011-02-18T00:00:00.000000000Z,3589,1815,0.361872356546793,212
2011-02-19T00:00:00.000000000Z,2904,1436,0.291801360363519,161
2011-02-20T00:00:00.000000000Z,3176,1753,0.358861300322836,198
2011-02-21T00:00:00.000000000Z,3317,1804,0.351611577083991,194
2011-02-22T00:00:00.000000000Z,3759,1944,0.382422900849083,211
2011-02-23T00:00:00.000000000Z,3811,2042,0.440420686759845,243
2011-02-24T00:00:00.000000000Z,3644,1886,0.375173177610238,207
2011-02-25T00:00:00.000000000Z,3465,1847,0.407796932185041,225
2011-02-26T00:00:00.000000000Z,3482,1639,0.500230903480318,276
2011-02-27T00:00:00.000000000Z,3685,2058,0.548738299564689,244
2011-02-28T00:00:00.000000000Z,3029,1549,0.414505490200174,150
2011-03-01T00:00:00.000000000Z,5342,2697,0.359238091506817,130
2011-03-02T00:00:00.000000000Z,3528,1758,0.464246149024195,168
2011-03-03T00:00:00.000000000Z,4893,3011,0.513986807848217,186
2011-03-04T00:00:00.000000000Z,3311,1767,0.610704755561592,221
2011-03-05T00:00:00.000000000Z,3547,1738,0.765453471902993,277
2011-03-06T00:00:00.000000000Z,3340,1775,0.757163362098989,274
2011-03-07T00:00:00.000000000Z,3410,1719,0.583071056214914,211
2011-03-08T00:00:00.000000000Z,3893,2270,0.516750177782885,187
2011-03-09T00:00:00.000000000Z,3353,1653,0.503590332559942,160
2011-03-10T00:00:00.000000000Z,2916,1596,0.41663112167079,110
2011-03-11T00:00:00.000000000Z,3072,1718,0.492382234701844,130
2011-03-12T00:00:00.000000000Z,3286,2872,0.530257791217371,140
2011-03-13T00:00:00.000000000Z,2864,2549,0.443144011231659,117
2011-03-14T00:00:00.000000000Z,2899,2543,0.424206232973896,112
2011-03-15T00:00:00.000000000Z,3265,2725,0.424206232973896,112
2011-03-16T00:00:00.000000000Z,3221,3202,0.51510756861116,136
2011-03-17T00:00:00.000000000Z,3133,3073,0.534045346868923,141
2011-03-18T00:00:00.000000000Z,3336,2631,0.454506678186317,120
2011-03-19T00:00:00.000000000Z,2955,2901,0.435568899928554,115
2011-03-20T00:00:00.000000000Z,4447,3728,0.518895124262713,137
2011-03-21T00:00:00.000000000Z,4824,5783,0.560558236429792,148
2011-03-22T00:00:00.000000000Z,3967,2220,0.450719122534764,119
2011-03-23T00:00:00.000000000Z,6561,4225,0.594646237293766,157
2011-03-24T00:00:00.000000000Z,4450,2036,0.575708459036003,152
2011-03-25T00:00:00.000000000Z,4172,1829,0.59678695292035,173
2011-03-26T00:00:00.000000000Z,4838,3192,0.473188789594268,138
2011-03-27T00:00:00.000000000Z,4933,2343,0.490333310956379,143
2011-03-28T00:00:00.000000000Z,5444,2977,0.576055917766935,168
2011-03-29T00:00:00.000000000Z,4473,2373,0.558911396404824,163
2011-03-30T00:00:00.000000000Z,3574,1537,0.534909066497868,156
2011-03-31T00:00:00.000000000Z,4121,1885,0.689209758756868,201
2011-04-01T00:00:00.000000000Z,3259,1387,0.603487151946312,176
2011-04-02T00:00:00.000000000Z,3350,1622,0.617202769036001,180
2011-04-03T00:00:00.000000000Z,3571,1617,0.60005824767389,175
2011-04-04T00:00:00.000000000Z,4753,2190,0.610344960491157,178
2011-04-05T00:00:00.000000000Z,4246,1881,0.677833306935831,194
2011-04-06T00:00:00.000000000Z,3806,1701,0.605826777408803,148
2011-04-07T00:00:00.000000000Z,3454,1537,0.601733353237122,147
2011-04-08T00:00:00.000000000Z,3674,1617,0.679508412499063,166
2011-04-09T00:00:00.000000000Z,3584,1556,0.638574170782252,156
2011-04-10T00:00:00.000000000Z,3547,1572,0.708162381700831,173
2011-04-11T00:00:00.000000000Z,4109,1802,0.66722813998402,163
2011-04-12T00:00:00.000000000Z,4258,1889,0.66722813998402,163
2011-04-13T00:00:00.000000000Z,4764,2220,0.794124289306135,194
2011-04-14T00:00:00.000000000Z,6169,2913,0.654947867468977,160
2011-04-15T00:00:00.000000000Z,4150,1874,0.55670568734863,136
2011-04-16T00:00:00.000000000Z,5128,1743,0.708162381700831,173
2011-04-17T00:00:00.000000000Z,4418,2109,0.736816350902599,180
2011-04-18T00:00:00.000000000Z,5632,2947,0.660518719570172,148
2011-04-19T00:00:00.000000000Z,6311,3399,0.706956041464806,154
2011-04-20T00:00:00.000000000Z,5358,2809,0.661049805006052,144
2011-04-21T00:00:00.000000000Z,4042,1759,0.674821675943678,147
2011-04-22T00:00:00.000000000Z,4237,1907,0.807949761674064,176
2011-04-23T00:00:00.000000000Z,4979,2145,0.789587267090563,172
2011-04-24T00:00:00.000000000Z,4821,2291,0.743681030631809,162
2011-04-25T00:00:00.000000000Z,5053,2342,0.88139974000807,192
2011-04-26T00:00:00.000000000Z,6053,3203,0.895171610945696,195
2011-04-27T00:00:00.000000000Z,7488,4394,0.840084127195192,183
2011-04-28T00:00:00.000000000Z,6130,2819,0.75286227792356,164
2011-04-29T00:00:00.000000000Z,6915,3432,0.918124729175073,200
2011-04-30T00:00:00.000000000Z,8113,4208,1.01573848814116,189
2011-05-01T00:00:00.000000000Z,7423,3735,0.97586000943528,179
2011-05-02T00:00:00.000000000Z,5974,2894,1.07399118356844,197
2011-05-03T00:00:00.000000000Z,6123,2776,1.06853945167215,196
2011-05-04T00:00:00.000000000Z,6335,2574,1.07399118356844,197
2011-05-05T00:00:00.000000000Z,7151,3273,1.19392928528674,219
2011-05-06T00:00:00.000000000Z,6956,3112,1.18847755339045,218
2011-05-07T00:00:00.000000000Z,7114,3598,1.16667062580531,214
2011-05-08T00:00:00.000000000Z,6630,2772,1.19392928528674,219
2011-05-09T00:00:00.000000000Z,7510,3240,1.38366223925104,239
2011-05-10T00:00:00.000000000Z,7096,2920,1.43201375569862,183
2011-05-11T00:00:00.000000000Z,7122,2920,1.49461544993681,191
2011-05-12T00:00:00.000000000Z,7283,3196,1.32246079078179,169
2011-05-13T00:00:00.000000000Z,9457,3861,1.6198188384132,207
2011-05-14T00:00:00.000000000Z,9075,4203,1.89370125070529,242
2011-05-15T00:00:00.000000000Z,8414,3600,1.72154659155026,220
2011-05-16T00:00:00.000000000Z,11803,4040,1.93282730960416,247
2011-05-17T00:00:00.000000000Z,10384,4182,2.0110794274019,257
2011-05-18T00:00:00.000000000Z,13150,5368,2.34847408033875,288
2011-05-19T00:00:00.000000000Z,11783,4422,2.07506748741494,171
2011-05-20T00:00:00.000000000Z,11699,4619,2.66967746918881,220
2011-05-21T00:00:00.000000000Z,10592,4689,2.66967746918881,220
2011-05-22T00:00:00.000000000Z,10846,5058,3.05799419197991,252
2011-05-23T00:00:00.000000000Z,12217,5480,3.47058070994546,286
2011-05-24T00:00:00.000000000Z,13132,5532,3.62833437857935,299
2011-05-25T00:00:00.000000000Z,14760,6094,3.72541355927713,307
2011-05-26T00:00:00.000000000Z,14268,6543,4.13245826911418,296
2011-05-27T00:00:00.000000000Z,10903,4699,3.61018181654882,167
2011-05-28T00:00:00.000000000Z,11552,4831,3.35076755428184,155
2011-05-29T00:00:00.000000000Z,11521,4675,3.89121393400471,180
2011-05-30T00:00:00.000000000Z,12585,5149,3.32914969909293,154
2011-05-31T00:00:00.000000000Z,13982,5927,3.24267827833727,150
2011-06-01T00:00:00.000000000Z,14043,6353,4.06415677551603,188
2011-06-02T00:00:00.000000000Z,15459,6915,4.10739248589386,190
2011-06-03T00:00:00.000000000Z,17741,8168,4.36680674816084,202
2011-06-04T00:00:00.000000000Z,19728,8717,4.84239956231696,224
2011-06-05T00:00:00.000000000Z,17662,8292,4.49651387929433,208
2011-06-06T00:00:00.000000000Z,21083,9533,5.64243674096539,233
2011-06-07T00:00:00.000000000Z,19206,8989,4.79385062049806,170
2011-06-08T00:00:00.000000000Z,27266,11468,5.21683743995377,185
2011-06-09T00:00:00.000000000Z,26219,12118,6.26020492794452,222
2011-06-10T00:00:00.000000000Z,24275,11116,6.28840404924157,223
2011-06-11T00:00:00.000000000Z,23839,10625,7.10617856685594,252
2011-06-12T00:00:00.000000000Z,27257,12330,6.57039526221204,233
2011-06-13T00:00:00.000000000Z,25165,10722,6.40120053442976,227
2011-06-14T00:00:00.000000000Z,29777,13971,6.96518296037071,247
2011-06-15T00:00:00.000000000Z,27660,12362,9.62253046711673,279
2011-06-16T00:00:00.000000000Z,28666,12478,7.84685597858517,180
2011-06-17T00:00:00.000000000Z,26437,11270,8.10841784453801,186
2011-06-18T00:00:00.000000000Z,25899,11213,8.58794793211821,197
2011-06-19T00:00:00.000000000Z,27866,11419,9.7213826845805,223
2011-06-20T00:00:00.000000000Z,25564,10713,10.2009127721607,234
2011-06-21T00:00:00.000000000Z,25256,9627,11.0291920143447,253
2011-06-22T00:00:00.000000000Z,26804,11221,11.334347524623,260
2011-06-23T00:00:00.000000000Z,24185,10114,10.4624746381135,240
2011-06-24T00:00:00.000000000Z,25503,10834,11.5883019031324,216
2011-06-25T00:00:00.000000000Z,22622,9580,9.80408293420605,143
2011-06-26T00:00:00.000000000Z,24127,10154,10.2154430573196,149
2011-06-27T00:00:00.000000000Z,30134,11360,11.5866434676981,169
2011-06-28T00:00:00.000000000Z,25862,10515,10.9696032830277,160
2011-06-29T00:00:00.000000000Z,24405,9765,11.7923235292548,172
2011-06-30T00:00:00.000000000Z,23228,9348,13.0949639191144,191
2011-07-01T00:00:00.000000000Z,30344,10569,11.8608835497737,173
2011-07-02T00:00:00.000000000Z,32077,7720,11.5866434676981,169
2011-07-03T00:00:00.000000000Z,22031,8215,11.3124033856224,165
2011-07-04T00:00:00.000000000Z,23834,9601,11.655203488217,170
2011-07-05T00:00:00.000000000Z,23645,8938,9.52984285213036,139
2011-07-06T00:00:00.000000000Z,26601,10249,11.0198018544578,157
2011-07-07T00:00:00.000000000Z,22643,8901,10.1785091494532,131
2011-07-08T00:00:00.000000000Z,24961,8372,12.8202596157235,165
2011-07-09T00:00:00.000000000Z,22376,7587,11.577082925714,149
2011-07-10T00:00:00.000000000Z,29298,8541,10.6447004082068,137
2011-07-11T00:00:00.000000000Z,25407,10166,12.1986712707187,157
2011-07-12T00:00:00.000000000Z,23335,8155,10.9554945807092,141
2011-07-13T00:00:00.000000000Z,27138,8874,14.840421736989,191
2011-07-14T00:00:00.000000000Z,28840,8647,11.188590210086,144
2011-07-15T00:00:00.000000000Z,24887,8082,12.5871639863467,162
2011-07-16T00:00:00.000000000Z,23706,8548,12.1986712707187,157
2011-07-17T00:00:00.000000000Z,24647,8179,13.2087523313515,170
2011-07-18T00:00:00.000000000Z,27778,8712,13.2087523313515,170
2011-07-19T00:00:00.000000000Z,25356,9031,11.2111707323077,142
2011-07-20T00:00:00.000000000Z,25461,8682,12.5241780565162,149
2011-07-21T00:00:00.000000000Z,25378,7961,12.7763427153722,152
2011-07-22T00:00:00.000000000Z,24428,8920,12.6922878290869,151
2011-07-23T00:00:00.000000000Z,21547,7194,12.2720133976602,146
2011-07-24T00:00:00.000000000Z,23903,8338,13.953111123367,166
2011-07-25T00:00:00.000000000Z,26768,9155,13.8690562370817,165
2011-07-26T00:00:00.000000000Z,23317,8044,14.7936599862205,176
2011-07-27T00:00:00.000000000Z,23742,7851,14.6255502136498,174
2011-07-28T00:00:00.000000000Z,25905,8022,13.0285073742283,155
2011-07-29T00:00:00.000000000Z,22490,7111,13.7850013507964,164
2011-07-30T00:00:00.000000000Z,19350,5948,12.7763427153722,152
2011-07-31T00:00:00.000000000Z,24519,8112,14.7096050999351,175
2011-08-01T00:00:00.000000000Z,24432,8296,14.8724516683645,165
2011-08-02T00:00:00.000000000Z,20824,8336,14.4593828449778,154
2011-08-03T00:00:00.000000000Z,18614,7656,14.7410591341657,157
2011-08-04T00:00:00.000000000Z,19254,8195,12.1120804350788,129
2011-08-05T00:00:00.000000000Z,21833,7557,13.1448934954344,140
2011-08-06T00:00:00.000000000Z,19507,6266,11.4548357603071,122
2011-08-07T00:00:00.000000000Z,20134,6618,11.830404145891,126
2011-08-08T00:00:00.000000000Z,24672,7254,12.7693251098506,136
2011-08-09T00:00:00.000000000Z,23592,9020,13.7082460738102,146
2011-08-10T00:00:00.000000000Z,19400,8050,14.2715986521859,152
2011-08-11T00:00:00.000000000Z,18286,7476,12.8632172062465,137
2011-08-12T00:00:00.000000000Z,17412,7116,12.2998646278708,131
2011-08-13T00:00:00.000000000Z,19665,7464,12.2059725314748,130
2011-08-14T00:00:00.000000000Z,21211,7262,12.3937567242667,132
2011-08-15T00:00:00.000000000Z,18940,8028,12.0831688883706,129
2011-08-16T00:00:00.000000000Z,20993,9539,13.1949956893324,147
2011-08-17T00:00:00.000000000Z,20652,7579,12.2076150595184,136
2011-08-18T00:00:00.000000000Z,20917,7497,12.9257100630195,144
2011-08-19T00:00:00.000000000Z,21995,7369,11.7588056823302,131
2011-08-20T00:00:00.000000000Z,21238,6944,13.6438050665206,152
2011-08-21T00:00:00.000000000Z,22424,7412,14.3619000700216,160
2011-08-22T00:00:00.000000000Z,25255,7743,15.1697569489604,169
2011-08-23T00:00:00.000000000Z,22523,7054,13.9130906928335,155
2011-08-24T00:00:00.000000000Z,22638,7367,12.0280913086431,134
2011-08-25T00:00:00.000000000Z,23091,7035,12.1178531840808,135
2011-08-26T00:00:00.000000000Z,21283,7313,13.1949956893324,147
2011-08-27T00:00:00.000000000Z,21244,6289,10.9509488033915,122
2011-08-28T00:00:00.000000000Z,18378,5376,10.4123775507657,116
2011-08-29T00:00:00.000000000Z,18823,8146,12.3871388103937,138
2011-08-30T00:00:00.000000000Z,17324,7537,12.9344819425046,146
2011-08-31T00:00:00.000000000Z,17149,7143,13.69791557035,155
2011-09-01T00:00:00.000000000Z,16589,6926,11.4002007004848,129
2011-09-02T00:00:00.000000000Z,16363,7037,13.786289219191,156
2011-09-03T00:00:00.000000000Z,14319,5738,12.8141790819403,145
2011-09-04T00:00:00.000000000Z,17822,7113,11.8420689446897,134
2011-09-05T00:00:00.000000000Z,18193,6841,13.786289219191,156
2011-09-06T00:00:00.000000000Z,18872,7852,13.3444209749861,151
2011-09-07T00:00:00.000000000Z,16855,6814,12.0188162423716,136
2011-09-08T00:00:00.000000000Z,15832,6407,11.4002007004848,129
2011-09-09T00:00:00.000000000Z,18354,7096,13.609541921509,154
2011-09-10T00:00:00.000000000Z,16167,5933,11.7536952958487,133
2011-09-11T00:00:00.000000000Z,15739,6463,11.046706105121,125
2011-09-12T00:00:00.000000000Z,15899,6154,11.7536952958487,133
2011-09-13T00:00:00.000000000Z,14959,6434,12.4546245929338,142
2011-09-14T00:00:00.000000000Z,15192,6165,12.74034923428,146
2011-09-15T00:00:00.000000000Z,15482,6240,13.6129758941622,156
2011-09-16T00:00:00.000000000Z,14476,6142,10.384257252598,119
2011-09-17T00:00:00.000000000Z,12903,5264,11.6931972424213,134
2011-09-18T00:00:00.000000000Z,14196,5862,13.7875012261386,158
2011-09-19T00:00:00.000000000Z,16499,6676,11.0823585805038,127
2011-09-20T00:00:00.000000000Z,21500,7890,12.2167732383506,140
2011-09-21T00:00:00.000000000Z,18297,7670,12.74034923428,146
2011-09-22T00:00:00.000000000Z,17486,5935,12.9148745662564,148
2011-09-23T00:00:00.000000000Z,19216,6139,11.6059345764331,133
2011-09-24T00:00:00.000000000Z,19656,5621,11.2568839124802,129
2011-09-25T00:00:00.000000000Z,19723,5654,11.954985240386,137
2011-09-26T00:00:00.000000000Z,17623,5459,11.6931972424213,134
2011-09-27T00:00:00.000000000Z,18461,5979,11.5763660012633,133
2011-09-28T00:00:00.000000000Z,13766,5885,12.3446585058284,147
2011-09-29T00:00:00.000000000Z,12324,5263,10.4971585933915,125
2011-09-30T00:00:00.000000000Z,13620,5835,10.2452267871501,122
2011-10-01T00:00:00.000000000Z,13286,5316,12.0087494308399,143
2011-10-02T00:00:00.000000000Z,11856,4957,10.161249518403,121
2011-10-03T00:00:00.000000000Z,14031,6407,12.1767039683341,145
2011-10-04T00:00:00.000000000Z,13371,5442,9.40545409967877,112
2011-10-05T00:00:00.000000000Z,13475,5644,12.1767039683341,145
2011-10-06T00:00:00.000000000Z,14660,5792,10.7490903996329,128
2011-10-07T00:00:00.000000000Z,13622,5604,11.5888630871042,138
2011-10-08T00:00:00.000000000Z,12331,5240,9.99329498090869,119
2011-10-09T00:00:00.000000000Z,12398,5430,10.6651131308857,127
2011-10-10T00:00:00.000000000Z,13498,5729,10.3292040558972,123
2011-10-11T00:00:00.000000000Z,13852,5979,7.80988599348326,93
2011-10-12T00:00:00.000000000Z,13370,5692,10.0772722496558,120
2011-10-13T00:00:00.000000000Z,11340,4818,8.14579506847179,97
2011-10-14T00:00:00.000000000Z,14662,5973,10.166816043685,139
2011-10-15T00:00:00.000000000Z,13000,5443,9.77990833452232,134
2011-10-16T00:00:00.000000000Z,11949,4839,8.68514247618027,119
2011-10-17T00:00:00.000000000Z,14480,5701,8.61215808562414,118
2011-10-18T00:00:00.000000000Z,12586,4919,8.75812686673641,120
2011-10-19T00:00:00.000000000Z,12283,4832,9.70692394396618,133
2011-10-20T00:00:00.000000000Z,11014,4532,8.39320491395573,115
2011-10-21T00:00:00.000000000Z,11937,5090,8.83111125729255,121
2011-10-22T00:00:00.000000000Z,12833,5333,7.15247027450141,98
2011-10-23T00:00:00.000000000Z,13144,5480,7.88231418006277,108
2011-10-24T00:00:00.000000000Z,13637,5530,9.26901760062936,127
2011-10-25T00:00:00.000000000Z,12817,5078,9.41498638174164,129
2011-10-26T00:00:00.000000000Z,12848,5276,8.539173695068,117
2011-10-27T00:00:00.000000000Z,11685,4644,7.29843905561368,100
2011-10-28T00:00:00.000000000Z,11948,4754,7.66336100839436,105
2011-10-29T00:00:00.000000000Z,13153,5685,8.24723613284346,113
2011-10-30T00:00:00.000000000Z,10844,4627,8.10126735173118,111
2011-10-31T00:00:00.000000000Z,12167,5106,7.9817583180385,131
2011-11-01T00:00:00.000000000Z,12935,5704,8.97366252740125,150
2011-11-02T00:00:00.000000000Z,13426,5890,9.21296019479862,154
2011-11-03T00:00:00.000000000Z,13257,6266,7.4780521061677,125
2011-11-04T00:00:00.000000000Z,15306,6180,8.79418927685322,147
2011-11-05T00:00:00.000000000Z,13380,5646,8.73436486000388,146
2011-11-06T00:00:00.000000000Z,11361,4891,8.6147160263052,144
2011-11-07T00:00:00.000000000Z,13062,5502,7.89682302411309,132
2011-11-08T00:00:00.000000000Z,13485,5819,8.91383811055191,149
2011-11-09T00:00:00.000000000Z,14843,6543,9.63173111274402,161
2011-11-10T00:00:00.000000000Z,13935,6214,8.43524277575717,141
2011-11-11T00:00:00.000000000Z,12393,5070,7.11910560507164,119
2011-11-12T00:00:00.000000000Z,11482,4677,8.55489160945586,143
2011-11-13T00:00:00.000000000Z,13104,5577,8.6147160263052,144
2011-11-14T00:00:00.000000000Z,13220,5407,8.49929832916981,143
2011-11-15T00:00:00.000000000Z,14691,6239,9.7810984737963,165
2011-11-16T00:00:00.000000000Z,13106,5878,8.00271693310608,135
2011-11-17T00:00:00.000000000Z,12268,4882,8.23983447186477,139
2011-11-18T00:00:00.000000000Z,12265,4941,7.88415816372673,133
2011-11-19T00:00:00.000000000Z,10174,4587,7.29136431682999,123
2011-11-20T00:00:00.000000000Z,11013,4893,8.47695201062347,143
2011-11-21T00:00:00.000000000Z,10444,4856,6.99496739338162,118
2011-11-22T00:00:00.000000000Z,11489,5267,8.29911385655445,140
2011-11-23T00:00:00.000000000Z,11364,5386,7.94343754841641,134
2011-11-24T00:00:00.000000000Z,10972,4934,6.69857046993325,113
2011-11-25T00:00:00.000000000Z,11514,5280,8.00271693310608,135
2011-11-26T00:00:00.000000000Z,10255,4570,7.11352616276097,120
2011-11-27T00:00:00.000000000Z,10815,4979,6.75784985462292,114
2011-11-28T00:00:00.000000000Z,12645,5801,7.52848185558868,127
2011-11-29T00:00:00.000000000Z,14735,6412,7.86179939603625,138
2011-11-30T00:00:00.000000000Z,15161,6603,8.78360282822736,162
2011-12-01T00:00:00.000000000Z,14223,6330,9.86799823911963,182
2011-12-02T00:00:00.000000000Z,12915,5890,7.91608649951354,146
2011-12-03T00:00:00.000000000Z,13099,5707,8.24140512278123,152
2011-12-04T00:00:00.000000000Z,11618,5085,7.37388879406741,136
2011-12-05T00:00:00.000000000Z,13358,6176,8.5667237460489,158
2011-12-06T00:00:00.000000000Z,15120,7805,9.27158076312888,171
2011-12-07T00:00:00.000000000Z,13108,6097,7.48232833515664,138
2011-12-08T00:00:00.000000000Z,14099,5588,8.89204236931658,164
2011-12-09T00:00:00.000000000Z,11646,5426,7.97030627005816,147
2011-12-10T00:00:00.000000000Z,11990,5555,7.80764695842432,144
2011-12-11T00:00:00.000000000Z,11902,5047,8.24140512278123,152
2011-12-12T00:00:00.000000000Z,11460,4898,6.96904576736711,127
2011-12-13T00:00:00.000000000Z,11933,5080,7.57907924583361,132
2011-12-14T00:00:00.000000000Z,12005,5553,8.78484185312531,153
2011-12-15T00:00:00.000000000Z,10405,5030,6.4307339055558,112
2011-12-16T00:00:00.000000000Z,10534,4943,6.77523750763915,118
2011-12-17T00:00:00.000000000Z,9958,4591,8.61259005208364,150
2011-12-18T00:00:00.000000000Z,9955,4600,8.2680864500003,144
2011-12-19T00:00:00.000000000Z,12637,5606,9.12934545520865,159
2011-12-20T00:00:00.000000000Z,13868,6292,7.69391377986139,134
2011-12-21T00:00:00.000000000Z,11719,5393,8.55517278506975,149
2011-12-22T00:00:00.000000000Z,12176,5723,8.49775551805586,148
2011-12-23T00:00:00.000000000Z,11732,5356,8.15325191597251,142
2011-12-24T00:00:00.000000000Z,10318,4523,8.32550371701418,145
2011-12-25T00:00:00.000000000Z,11829,5138,9.99060446041701,174
2011-12-26T00:00:00.000000000Z,12271,5538,10.1742838905499,177
2011-12-27T00:00:00.000000000Z,11605,4989,8.36075916846583,145
2011-12-28T00:00:00.000000000Z,11047,4967,8.93736324904968,155
2011-12-29T00:00:00.000000000Z,11125,4968,7.95713631205714,138
2011-12-30T00:00:00.000000000Z,10437,4892,8.18777794429067,142
2011-12-31T00:00:00.000000000Z,10983,5027,8.70672161681614,151
2012-01-01T00:00:00.000000000Z,11474,4831,8.82204243293291,153
2012-01-02T00:00:00.000000000Z,12094,5390,8.70672161681614,151
2012-01-03T00:00:00.000000000Z,12934,5517,9.16800488128322,159
2012-01-04T00:00:00.000000000Z,12763,5778,8.59140080069937,149
2012-01-05T00:00:00.000000000Z,15378,6717,8.4760799845826,147
2012-01-06T00:00:00.000000000Z,14524,6362,9.85992977798385,171
2012-01-07T00:00:00.000000000Z,13829,5955,10.6095150827429,184
2012-01-08T00:00:00.000000000Z,14549,6116,9.57473527320661,163
2012-01-09T00:00:00.000000000Z,15286,6016,10.196782731553,164
2012-01-10T00:00:00.000000000Z,15541,6309,8.76674612895719,141
2012-01-11T00:00:00.000000000Z,16961,7085,9.51285218248546,153
2012-01-12T00:00:00.000000000Z,14087,6662,9.63720319140684,155
2012-01-13T00:00:00.000000000Z,14317,6554,8.7045706244965,140
2012-01-14T00:00:00.000000000Z,14683,6794,9.32632566910339,150
2012-01-15T00:00:00.000000000Z,13421,6017,8.64239512003582,139
2012-01-16T00:00:00.000000000Z,14860,6812,10.8807132806206,175
2012-01-17T00:00:00.000000000Z,14887,6829,9.76155420032821,157
2012-01-18T00:00:00.000000000Z,14263,6399,7.95846457096824,128
2012-01-19T00:00:00.000000000Z,15211,6720,9.32632566910339,150
2012-01-20T00:00:00.000000000Z,14105,6576,9.01544814679995,145
2012-01-21T00:00:00.000000000Z,13487,6164,10.196782731553,164
2012-01-22T00:00:00.000000000Z,11492,5238,8.79571160032404,136
2012-01-23T00:00:00.000000000Z,13508,6092,11.0512799993501,170
2012-01-24T00:00:00.000000000Z,15215,7218,9.03604658770391,139
2012-01-25T00:00:00.000000000Z,16707,7866,9.62111435237539,148
2012-01-26T00:00:00.000000000Z,13823,6181,8.97103905829597,138
2012-01-27T00:00:00.000000000Z,14379,6122,9.16606164651979,141
2012-01-28T00:00:00.000000000Z,13257,5899,9.42609176415156,145
2012-01-29T00:00:00.000000000Z,14267,6203,10.8562574111263,167
2012-01-30T00:00:00.000000000Z,13370,5881,11.181295058166,172
2012-01-31T00:00:00.000000000Z,15858,6933,9.75112941119127,150
2012-02-01T00:00:00.000000000Z,15161,6378,9.16606164651979,141
2012-02-02T00:00:00.000000000Z,15694,6870,10.3361971758628,159
2012-02-03T00:00:00.000000000Z,17088,7006,10.2711896464548,158
2012-02-04T00:00:00.000000000Z,16038,7073,10.5243675112882,157
2012-02-05T00:00:00.000000000Z,14720,6565,9.73873575999821,142
2012-02-06T00:00:00.000000000Z,14174,6074,10.0130663447869,146
2012-02-07T00:00:00.000000000Z,14474,6793,9.39582252901235,137
2012-02-08T00:00:00.000000000Z,14819,6984,9.94448369858972,145
2012-02-09T00:00:00.000000000Z,14871,7258,9.94448369858972,145
2012-02-10T00:00:00.000000000Z,16819,8496,9.46440517520953,138
2012-02-11T00:00:00.000000000Z,14944,7447,10.2873969295756,150
2012-02-12T00:00:00.000000000Z,14056,6790,10.8360580991529,158
2012-02-13T00:00:00.000000000Z,16556,8028,9.39582252901235,137
2012-02-14T00:00:00.000000000Z,18756,9476,9.46440517520953,138
2012-02-15T00:00:00.000000000Z,18243,9392,9.19007459042084,134
2012-02-16T00:00:00.000000000Z,17722,9040,9.46440517520953,138
2012-02-17T00:00:00.000000000Z,14218,6532,10.4245622219699,152
2012-02-18T00:00:00.000000000Z,14337,6283,11.7103384053747,171
2012-02-19T00:00:00.000000000Z,13197,5764,10.8097843789034,158
2012-02-20T00:00:00.000000000Z,14828,6430,9.57828995599037,140
2012-02-21T00:00:00.000000000Z,14362,6091,8.82571003087685,129
2012-02-22T00:00:00.000000000Z,16120,6992,10.8782007357319,159
2012-02-23T00:00:00.000000000Z,18129,8044,11.3571152335314,166
2012-02-24T00:00:00.000000000Z,16256,6744,10.1940371674469,149
2012-02-25T00:00:00.000000000Z,14844,6029,11.2886988767029,165
2012-02-26T00:00:00.000000000Z,13193,5600,10.2624535242754,150
2012-02-27T00:00:00.000000000Z,15336,6752,10.5361189515894,154
2012-02-28T00:00:00.000000000Z,16054,6473,10.9466170925604,160
2012-02-29T00:00:00.000000000Z,15562,6632,12.246527872302,179
2012-03-01T00:00:00.000000000Z,16097,6661,10.3308698811039,151
2012-03-02T00:00:00.000000000Z,17925,7501,9.65969774133957,134
2012-03-03T00:00:00.000000000Z,12413,5223,8.40891868350108,113
2012-03-04T00:00:00.000000000Z,14600,6202,10.1948837136252,137
2012-03-05T00:00:00.000000000Z,16264,6857,10.7902053903333,145
2012-03-06T00:00:00.000000000Z,15360,6299,10.1948837136252,137
2012-03-07T00:00:00.000000000Z,15193,6466,11.4599422766298,154
2012-03-08T00:00:00.000000000Z,15555,6386,11.6087726958068,156
2012-03-09T00:00:00.000000000Z,15970,6419,12.5017552108689,168
2012-03-10T00:00:00.000000000Z,13042,5208,12.2785095821034,165
2012-03-11T00:00:00.000000000Z,12053,4897,9.97163808485969,134
2012-03-12T00:00:00.000000000Z,15290,6280,12.3529247916919,166
2012-03-13T00:00:00.000000000Z,16216,7170,11.9064335341608,160
2012-03-14T00:00:00.000000000Z,16391,6742,10.1948837136252,137
2012-03-15T00:00:00.000000000Z,14920,6188,9.00424036020913,121
2012-03-16T00:00:00.000000000Z,16092,6631,11.392852670267,153
2012-03-17T00:00:00.000000000Z,16492,6872,12.6617048492277,170
2012-03-18T00:00:00.000000000Z,13966,5888,11.9168986816261,160
2012-03-19T00:00:00.000000000Z,15579,6620,10.6507281967033,143
2012-03-20T00:00:00.000000000Z,15537,6384,11.9168986816261,160
2012-03-21T00:00:00.000000000Z,16079,6818,11.7679374481057,158
2012-03-22T00:00:00.000000000Z,15782,6463,11.7679374481057,158
2012-03-23T00:00:00.000000000Z,14184,6013,9.38455771178052,126
2012-03-24T00:00:00.000000000Z,13792,6176,13.70443348387,184
2012-03-25T00:00:00.000000000Z,14501,6055,11.6934568313456,157
2012-03-26T00:00:00.000000000Z,16361,6660,11.2465731307846,151
2012-03-27T00:00:00.000000000Z,15179,6410,11.6189762145854,156
2012-03-28T00:00:00.000000000Z,15846,6895,11.1720925140244,150
2012-03-29T00:00:00.000000000Z,17441,7638,11.2031044531912,141
2012-03-30T00:00:00.000000000Z,15053,6632,12.4518874670767,154
2012-03-31T00:00:00.000000000Z,14120,6047,13.7455900610586,170
2012-04-01T00:00:00.000000000Z,12842,5424,11.4816105215902,142
2012-04-02T00:00:00.000000000Z,14925,6396,9.37934380636944,116
2012-04-03T00:00:00.000000000Z,18598,7548,10.7539028124753,133
2012-04-04T00:00:00.000000000Z,16652,7076,11.0773284609708,137
2012-04-05T00:00:00.000000000Z,16870,6897,9.46020021849331,117
2012-04-06T00:00:00.000000000Z,15543,6593,10.9964720488469,136
2012-04-07T00:00:00.000000000Z,14271,5828,10.4304771639798,129
2012-04-08T00:00:00.000000000Z,13664,5697,12.1284618185812,150
2012-04-09T00:00:00.000000000Z,15395,6533,11.8050361700857,146
2012-04-10T00:00:00.000000000Z,17407,8345,11.8858925822095,147
2012-04-11T00:00:00.000000000Z,18806,7994,11.4007541094663,141
2012-04-12T00:00:00.000000000Z,18394,7840,10.1744659550845,127
2012-04-13T00:00:00.000000000Z,16330,7186,9.64793609350192,123
2012-04-14T00:00:00.000000000Z,17049,7885,10.9029521707054,139
2012-04-15T00:00:00.000000000Z,16157,7082,8.39292001629841,107
2012-04-16T00:00:00.000000000Z,18862,8371,11.7657757237828,150
2012-04-17T00:00:00.000000000Z,18828,7776,10.5891981514045,135
2012-04-18T00:00:00.000000000Z,19340,8396,10.1970056272785,130
2012-04-19T00:00:00.000000000Z,17558,7639,12.3148452575594,157
2012-04-20T00:00:00.000000000Z,19264,8095,12.0795297430837,154
2012-04-21T00:00:00.000000000Z,16495,7180,12.0795297430837,154
2012-04-22T00:00:00.000000000Z,14447,6080,10.9813906755306,140
2012-04-23T00:00:00.000000000Z,17264,7218,10.5891981514045,135
2012-04-24T00:00:00.000000000Z,17187,7455,10.8245136658802,138
2012-04-25T00:00:00.000000000Z,17264,7366,9.9616901128028,127
2012-04-26T00:00:00.000000000Z,19928,10049,12.1579682479089,155
2012-04-27T00:00:00.000000000Z,16191,6873,10.2376953938086,135
2012-04-28T00:00:00.000000000Z,15943,7303,11.3988447025059,152
2012-04-29T00:00:00.000000000Z,16232,7661,13.4236394851879,179
2012-04-30T00:00:00.000000000Z,18877,9138,13.4236394851879,179
2012-05-01T00:00:00.000000000Z,20427,10211,12.7487078909606,170
2012-05-02T00:00:00.000000000Z,19907,9777,11.2488599037887,150
2012-05-03T00:00:00.000000000Z,22009,13786,11.7738066992989,157
2012-05-04T00:00:00.000000000Z,22962,14435,12.0737762967332,161
2012-05-05T00:00:00.000000000Z,19627,12393,12.5237306928848,167
2012-05-06T00:00:00.000000000Z,22444,11029,12.298753494809,164
2012-05-07T00:00:00.000000000Z,25802,18309,12.7487078909606,170
2012-05-08T00:00:00.000000000Z,23419,17280,13.1986622871121,176
2012-05-09T00:00:00.000000000Z,25272,17387,13.3085059314025,166
2012-05-10T00:00:00.000000000Z,22041,13336,11.1144094560379,129
2012-05-11T00:00:00.000000000Z,24667,16983,12.320624435763,143
2012-05-12T00:00:00.000000000Z,22910,18144,11.0282512432004,128
2012-05-13T00:00:00.000000000Z,20661,15185,12.0621497972505,140
2012-05-14T00:00:00.000000000Z,32619,28372,11.975991584413,139
2012-05-15T00:00:00.000000000Z,27730,22976,11.2005676688754,130
2012-05-16T00:00:00.000000000Z,25132,16700,10.4251437533379,121
2012-05-17T00:00:00.000000000Z,22883,17558,9.99435268915038,116
2012-05-18T00:00:00.000000000Z,26196,24246,12.492940861438,145
2012-05-19T00:00:00.000000000Z,32917,36838,12.837573712788,149
2012-05-20T00:00:00.000000000Z,28225,29021,11.8898333715755,138
2012-05-21T00:00:00.000000000Z,30487,31704,10.8559348175254,126
2012-05-22T00:00:00.000000000Z,27919,23837,9.90819447631288,115
2012-05-23T00:00:00.000000000Z,28839,26490,11.2005676688754,130
2012-05-24T00:00:00.000000000Z,28799,27026,10.5224859427787,125
2012-05-25T00:00:00.000000000Z,30265,28930,9.57022460788025,121
2012-05-26T00:00:00.000000000Z,24989,22572,11.2311726803223,142
2012-05-27T00:00:00.000000000Z,26493,26589,12.5757496913468,159
2012-05-28T00:00:00.000000000Z,29737,29730,11.2311726803223,142
2012-05-29T00:00:00.000000000Z,34480,30163,9.96568843465216,126
2012-05-30T00:00:00.000000000Z,28755,25386,10.3611522614241,131
2012-05-31T00:00:00.000000000Z,28044,20325,10.9148016189047,138
2012-06-01T00:00:00.000000000Z,28549,26690,12.0221003338661,152
2012-06-02T00:00:00.000000000Z,21002,12938,12.6548424567012,160
2012-06-03T00:00:00.000000000Z,31043,34668,12.1011930992205,153
2012-06-04T00:00:00.000000000Z,42162,45794,12.2593786299292,155
2012-06-05T00:00:00.000000000Z,39781,42459,11.6266365070942,147
2012-06-06T00:00:00.000000000Z,25187,17186,12.1011930992205,153
2012-06-07T00:00:00.000000000Z,34826,32767,10.9793693798666,139
2012-06-08T00:00:00.000000000Z,28664,23931,11.0967278712018,141
2012-06-09T00:00:00.000000000Z,31108,33081,13.4577338012448,171
2012-06-10T00:00:00.000000000Z,33266,39755,13.0642328129043,166
2012-06-11T00:00:00.000000000Z,32475,32626,11.0180276735337,140
2012-06-12T00:00:00.000000000Z,24995,19904,12.2772308362233,156
2012-06-13T00:00:00.000000000Z,46530,54952,11.8050296502147,150
2012-06-14T00:00:00.000000000Z,49894,61850,12.2772308362233,156
2012-06-15T00:00:00.000000000Z,49687,55702,12.5133314292276,159
2012-06-16T00:00:00.000000000Z,39061,42429,12.2772308362233,156
2012-06-17T00:00:00.000000000Z,39723,43477,12.9068324175681,164
2012-06-18T00:00:00.000000000Z,36797,38035,13.7725345919172,175
2012-06-19T00:00:00.000000000Z,36392,36798,11.5689290572104,147
2012-06-20T00:00:00.000000000Z,32748,32390,11.7465395634511,145
2012-06-21T00:00:00.000000000Z,29558,26539,11.6726201299774,136
2012-06-22T00:00:00.000000000Z,28511,22303,11.8442763083594,138
2012-06-23T00:00:00.000000000Z,30627,22288,14.0758066273256,164
2012-06-24T00:00:00.000000000Z,28191,22145,11.2434796840223,131
2012-06-25T00:00:00.000000000Z,34552,28753,13.2175257354155,154
2012-06-26T00:00:00.000000000Z,36059,30324,12.7883852894605,149
2012-06-27T00:00:00.000000000Z,38748,30153,13.9899785381346,163
2012-06-28T00:00:00.000000000Z,33425,26980,11.7584482191684,137
2012-06-29T00:00:00.000000000Z,33393,23076,12.5309010218875,146
2012-06-30T00:00:00.000000000Z,31588,22016,11.3293077732133,132
2012-07-01T00:00:00.000000000Z,32067,19380,12.1875886651234,142
2012-07-02T00:00:00.000000000Z,36621,25297,13.0458695570335,152
2012-07-03T00:00:00.000000000Z,33766,21483,13.7324942705616,160
2012-07-04T00:00:00.000000000Z,31437,22996,12.9793743590605,150
2012-07-05T00:00:00.000000000Z,28191,22021,12.5373999161985,144
2012-07-06T00:00:00.000000000Z,29504,24275,13.4951179653525,155
2012-07-07T00:00:00.000000000Z,31952,25224,14.4528360145065,166
2012-07-08T00:00:00.000000000Z,26508,20324,13.3209874109609,153
2012-07-09T00:00:00.000000000Z,32749,25585,14.1916401829191,163
2012-07-10T00:00:00.000000000Z,37181,34925,13.0597915793734,150
2012-07-11T00:00:00.000000000Z,34994,30678,11.6667471442402,134
2012-07-12T00:00:00.000000000Z,34534,24401,13.0597915793734,150
2012-07-13T00:00:00.000000000Z,31537,24416,14.1916401829191,163
2012-07-14T00:00:00.000000000Z,29266,22094,14.0175096285274,161
2012-07-15T00:00:00.000000000Z,30708,26420,12.1891388074152,140
2012-07-16T00:00:00.000000000Z,36788,31205,13.0597915793734,150
2012-07-17T00:00:00.000000000Z,40504,35090,15.3751753244013,172
2012-07-18T00:00:00.000000000Z,34020,32359,14.3807163259464,155
2012-07-19T00:00:00.000000000Z,36644,31374,12.5251400258242,135
2012-07-20T00:00:00.000000000Z,35675,36266,13.7312646209036,148
2012-07-21T00:00:00.000000000Z,36149,34801,13.0818129158609,141
2012-07-22T00:00:00.000000000Z,40800,36295,14.3807163259464,155
2012-07-23T00:00:00.000000000Z,40413,30831,13.0818129158609,141
2012-07-24T00:00:00.000000000Z,38712,28962,14.937389215983,161
2012-07-25T00:00:00.000000000Z,30961,25971,14.8446104009769,160
2012-07-26T00:00:00.000000000Z,30559,30352,15.6796197360319,169
2012-07-27T00:00:00.000000000Z,32339,27153,16.5146290710868,178
2012-07-28T00:00:00.000000000Z,38741,35261,14.1951586959342,153
2012-07-29T00:00:00.000000000Z,35848,34002,15.4012832910135,166
2012-07-30T00:00:00.000000000Z,36116,34268,17.107819605368,176
2012-07-31T00:00:00.000000000Z,59564,42334,13.1616509655561,130
2012-08-01T00:00:00.000000000Z,40578,30125,13.5666248414194,134
2012-08-02T00:00:00.000000000Z,42075,32700,16.7051723793597,165
2012-08-03T00:00:00.000000000Z,35901,27161,16.4014419724622,162
2012-08-04T00:00:00.000000000Z,36278,29498,15.7939811586673,156
2012-08-05T00:00:00.000000000Z,37911,33661,14.0728421862485,139
2012-08-06T00:00:00.000000000Z,42822,35256,14.1740856552143,140
2012-08-07T00:00:00.000000000Z,39049,28891,16.6039289103939,164
2012-08-08T00:00:00.000000000Z,51432,39210,16.8064158483255,166
2012-08-09T00:00:00.000000000Z,40939,30722,17.2113897241888,170
2012-08-10T00:00:00.000000000Z,38295,27804,15.7939811586673,156
2012-08-11T00:00:00.000000000Z,38485,32867,17.0089027862571,168
2012-08-12T00:00:00.000000000Z,39111,35435,16.7492424416468,159
2012-08-13T00:00:00.000000000Z,48601,48327,17.4253660953909,160
2012-08-14T00:00:00.000000000Z,43606,34764,17.0986404811023,157
2012-08-15T00:00:00.000000000Z,51932,53290,18.1877258620642,167
2012-08-16T00:00:00.000000000Z,60615,45271,16.7719148668137,154
2012-08-17T00:00:00.000000000Z,57279,40937,15.0293782572746,138
2012-08-18T00:00:00.000000000Z,51215,36612,16.4451892525251,151
2012-08-19T00:00:00.000000000Z,57927,36477,19.8213539335071,182
2012-08-20T00:00:00.000000000Z,48984,36124,18.9500856287376,174
2012-08-21T00:00:00.000000000Z,55539,43951,18.8411770906414,173
2012-08-22T00:00:00.000000000Z,47300,35809,16.9897319430061,156
2012-08-23T00:00:00.000000000Z,43521,31347,17.9699087858718,165
2012-08-24T00:00:00.000000000Z,44584,31774,16.1184636382365,148
2012-08-25T00:00:00.000000000Z,36374,33245,16.6683515004119,138
2012-08-26T00:00:00.000000000Z,35110,29534,21.7171753686244,179
2012-08-27T00:00:00.000000000Z,38660,33439,17.5921252986064,145
2012-08-28T00:00:00.000000000Z,41047,29880,18.3200753109625,151
2012-08-29T00:00:00.000000000Z,37982,33639,20.3826003459715,168
2012-08-30T00:00:00.000000000Z,34760,33891,18.6840503171406,154
2012-08-31T00:00:00.000000000Z,49678,41055,16.9855002883096,140
2012-09-01T00:00:00.000000000Z,43598,39830,19.533325331556,161
2012-09-02T00:00:00.000000000Z,34468,33159,19.8973003377341,164
2012-09-03T00:00:00.000000000Z,33612,39211,19.0480253233186,157
2012-09-04T00:00:00.000000000Z,45525,38664,18.5627253150812,153
2012-09-05T00:00:00.000000000Z,41507,41167,21.8385003706838,180
2012-09-06T00:00:00.000000000Z,47563,42634,21.23785242716,171
2012-09-07T00:00:00.000000000Z,43748,33412,22.4988708229396,168
2012-09-08T00:00:00.000000000Z,34331,31125,19.4186682697991,145
2012-09-09T00:00:00.000000000Z,39703,31477,21.2935741717107,159
2012-09-10T00:00:00.000000000Z,37639,33327,20.0882775204818,150
2012-09-11T00:00:00.000000000Z,45390,38563,19.4186682697991,145
2012-09-12T00:00:00.000000000Z,33567,27125,20.7578867711645,155
2012-09-13T00:00:00.000000000Z,35024,28981,17.4098405177509,130
2012-09-14T00:00:00.000000000Z,38529,36349,21.6953397221203,162
2012-09-15T00:00:00.000000000Z,30133,27311,19.2847464196625,144
2012-09-16T00:00:00.000000000Z,31184,27407,21.5614178719838,161
2012-09-17T00:00:00.000000000Z,33989,25027,22.4988708229396,168
2012-09-18T00:00:00.000000000Z,37898,31836,22.3649489728031,167
2012-09-19T00:00:00.000000000Z,42928,32089,19.0351771110027,141
2012-09-20T00:00:00.000000000Z,47916,31563,21.641333928865,152
2012-09-21T00:00:00.000000000Z,38617,29815,24.0617462761722,169
2012-09-22T00:00:00.000000000Z,27311,21921,22.3532199133671,157
2012-09-23T00:00:00.000000000Z,28683,27780,22.4955971102675,158
2012-09-24T00:00:00.000000000Z,33444,28779,21.7837111257654,153
2012-09-25T00:00:00.000000000Z,45705,26055,19.7904303691594,139
2012-09-26T00:00:00.000000000Z,46624,30884,19.9328075660599,140
2012-09-27T00:00:00.000000000Z,41321,27590,22.9227287009688,161
2012-09-28T00:00:00.000000000Z,51687,34556,22.4955971102675,158
2012-09-29T00:00:00.000000000Z,36991,22315,23.9193690792718,168
2012-09-30T00:00:00.000000000Z,35060,20957,22.637974307168,159
2012-10-01T00:00:00.000000000Z,38102,24494,18.651412793956,131
2012-10-02T00:00:00.000000000Z,53731,32678,20.7870707474624,146
2012-10-03T00:00:00.000000000Z,51360,26832,20.1292814841239,133
2012-10-04T00:00:00.000000000Z,50714,33436,19.8918728957344,131
2012-10-05T00:00:00.000000000Z,43691,34792,20.6511046856479,136
2012-10-06T00:00:00.000000000Z,39632,33917,23.5361854873193,155
2012-10-07T00:00:00.000000000Z,43095,33485,18.9807947478382,125
2012-10-08T00:00:00.000000000Z,47823,38551,27.0286517209215,178
2012-10-09T00:00:00.000000000Z,52626,35043,21.5621828335441,142
2012-10-10T00:00:00.000000000Z,47176,31581,22.6251073394231,149
2012-10-11T00:00:00.000000000Z,40995,26482,20.9547974016133,138
2012-10-12T00:00:00.000000000Z,44701,28480,22.6251073394231,149
2012-10-13T00:00:00.000000000Z,39129,33302,22.4732609814404,148
2012-10-14T00:00:00.000000000Z,38974,27306,19.2844874638036,127
2012-10-15T00:00:00.000000000Z,47015,31199,25.6620344990772,169
2012-10-16T00:00:00.000000000Z,41834,33553,23.5467404917795,155
2012-10-17T00:00:00.000000000Z,46053,32300,21.6870837196566,142
2012-10-18T00:00:00.000000000Z,51219,27712,23.9779728449724,157
2012-10-19T00:00:00.000000000Z,44078,25751,20.6180021278425,135
2012-10-20T00:00:00.000000000Z,42836,29772,24.1306987866601,158
2012-10-21T00:00:00.000000000Z,39296,41108,24.5888766117233,161
2012-10-22T00:00:00.000000000Z,42021,42997,23.9779728449724,157
2012-10-23T00:00:00.000000000Z,41375,31441,19.8543724194039,130
2012-10-24T00:00:00.000000000Z,42251,32943,24.741602553411,162
2012-10-25T00:00:00.000000000Z,38643,25872,21.8398096613443,143
2012-10-26T00:00:00.000000000Z,37471,21618,25.1997803784741,165
2012-10-27T00:00:00.000000000Z,29910,16174,26.7270397953514,175
2012-10-28T00:00:00.000000000Z,27816,17839,25.3525063201619,166
2012-10-29T00:00:00.000000000Z,35981,21919,24.1883713144612,158
2012-10-30T00:00:00.000000000Z,34928,30953,23.4892439564555,143
2012-10-31T00:00:00.000000000Z,31390,26449,23.6535044037035,144
2012-11-01T00:00:00.000000000Z,32135,23910,22.5036812729679,137
2012-11-02T00:00:00.000000000Z,33393,28868,23.4892439564555,143
2012-11-03T00:00:00.000000000Z,32511,24300,23.9820252981993,146
2012-11-04T00:00:00.000000000Z,30976,23645,25.7888902179267,157
2012-11-05T00:00:00.000000000Z,37460,32304,26.2816715596705,160
2012-11-06T00:00:00.000000000Z,42954,32441,22.175160378472,135
2012-11-07T00:00:00.000000000Z,41756,35733,25.7888902179267,157
2012-11-08T00:00:00.000000000Z,37595,32099,25.2961088761829,154
2012-11-09T00:00:00.000000000Z,36800,24823,24.967587981687,152
2012-11-10T00:00:00.000000000Z,34669,26680,23.6535044037035,144
2012-11-11T00:00:00.000000000Z,30394,23595,24.1462857454473,147
2012-11-12T00:00:00.000000000Z,31528,24030,21.8104540618236,132
2012-11-13T00:00:00.000000000Z,32074,26168,23.444725202546,140
2012-11-14T00:00:00.000000000Z,39530,31028,23.9471121711719,143
2012-11-15T00:00:00.000000000Z,45873,37125,22.7748759110446,136
2012-11-16T00:00:00.000000000Z,48826,40017,24.2820368169226,145
2012-11-17T00:00:00.000000000Z,52322,31626,23.444725202546,140
2012-11-18T00:00:00.000000000Z,44044,34839,24.4494991397979,146
2012-11-19T00:00:00.000000000Z,41117,36140,24.4494991397979,146
2012-11-20T00:00:00.000000000Z,44744,37735,24.6169614626732,147
2012-11-21T00:00:00.000000000Z,43803,38101,25.4542730770499,152
2012-11-22T00:00:00.000000000Z,41584,31476,24.1145744940473,144
2012-11-23T00:00:00.000000000Z,36519,31844,27.2963586286785,163
2012-11-24T00:00:00.000000000Z,36089,29035,25.2868107541746,151
2012-11-25T00:00:00.000000000Z,35940,35780,24.4494991397979,146
2012-11-26T00:00:00.000000000Z,42639,37296,26.5705261927011,157
2012-11-27T00:00:00.000000000Z,37535,26952,25.3004655629064,148
2012-11-28T00:00:00.000000000Z,44590,37791,29.4032437622967,172
2012-11-29T00:00:00.000000000Z,41205,36379,28.3775492124491,166
2012-11-30T00:00:00.000000000Z,37930,30667,21.3686364551574,125
2012-12-01T00:00:00.000000000Z,33858,32424,28.5484983040904,167
2012-12-02T00:00:00.000000000Z,28210,20126,24.4457201047001,143
2012-12-03T00:00:00.000000000Z,30532,22198,25.1295164712651,147
2012-12-04T00:00:00.000000000Z,43912,33167,19.1462982638211,112
2012-12-05T00:00:00.000000000Z,44654,33896,20.8557891802337,122
2012-12-06T00:00:00.000000000Z,38984,35536,23.4200255548525,137
2012-12-07T00:00:00.000000000Z,42135,32724,22.0524328217225,129
2012-12-08T00:00:00.000000000Z,37725,32212,23.5909746464938,138
2012-12-09T00:00:00.000000000Z,37568,31759,21.5395855467987,126
2012-12-10T00:00:00.000000000Z,36630,36380,24.3124787224669,143
2012-12-11T00:00:00.000000000Z,37496,36881,24.1247010157879,144
2012-12-12T00:00:00.000000000Z,43207,36866,21.7792439725863,130
2012-12-13T00:00:00.000000000Z,45680,41627,21.9467766185293,131
2012-12-14T00:00:00.000000000Z,41691,38621,17.758460469955,106
2012-12-15T00:00:00.000000000Z,35878,33047,19.4337869293847,116
2012-12-16T00:00:00.000000000Z,35213,36128,18.5961236996699,111
2012-12-17T00:00:00.000000000Z,41616,40656,22.4493745563582,134
2012-12-18T00:00:00.000000000Z,47617,49679,20.9415807428715,125
2012-12-19T00:00:00.000000000Z,45631,45891,23.789635723902,142
2012-12-20T00:00:00.000000000Z,38978,34903,17.758460469955,106
2012-12-21T00:00:00.000000000Z,45877,44152,21.1091133888144,126
2012-12-22T00:00:00.000000000Z,54007,50132,25.6324948292747,153
2012-12-23T00:00:00.000000000Z,41727,38035,20.4389828050426,122
2012-12-24T00:00:00.000000000Z,39081,34867,22.1143092644723,132
2012-12-25T00:00:00.000000000Z,30567,29856,20.7740480969285,124
2012-12-26T00:00:00.000000000Z,38979,36121,24.2663130762012,154
2012-12-27T00:00:00.000000000Z,36158,43520,23.1064921817042,156
2012-12-28T00:00:00.000000000Z,42277,46980,25.0320331968462,169
2012-12-29T00:00:00.000000000Z,41463,38629,21.3290697061885,144
2012-12-30T00:00:00.000000000Z,43096,42863,24.5876775779673,166
2012-12-31T00:00:00.000000000Z,36527,30885,23.4027292609568,158
2013-01-01T00:00:00.000000000Z,38733,32892,23.995203419462,162
2013-01-02T00:00:00.000000000Z,40911,37619,22.6621365628253,153
2013-01-03T00:00:00.000000000Z,52539,43533,23.995203419462,162
2013-01-04T00:00:00.000000000Z,46781,47370,22.6621365628253,153
2013-01-05T00:00:00.000000000Z,53959,39811,20.8847140873096,141
2013-01-06T00:00:00.000000000Z,42382,32928,21.4771882458148,145
2013-01-07T00:00:00.000000000Z,54059,40421,24.8839146572199,168
2013-01-08T00:00:00.000000000Z,56753,38840,20.6792393570174,133
2013-01-09T00:00:00.000000000Z,54910,42664,20.9996781825623,130
2013-01-10T00:00:00.000000000Z,60507,52584,23.7457899448973,147
2013-01-11T00:00:00.000000000Z,61989,52534,18.899710364306,117
2013-01-12T00:00:00.000000000Z,49915,46201,19.7073902944046,122
2013-01-13T00:00:00.000000000Z,55725,49785,21.4842861406214,133
2013-01-14T00:00:00.000000000Z,44616,43449,25.3611498050944,157
2013-01-15T00:00:00.000000000Z,59643,46107,19.5458543083849,121
2013-01-16T00:00:00.000000000Z,55537,51800,21.161214168582,131
2013-01-17T00:00:00.000000000Z,59029,48901,17.9304944481878,111
2013-01-18T00:00:00.000000000Z,57683,49385,19.5458543083849,121
2013-01-19T00:00:00.000000000Z,49445,55187,24.8765418470353,154
2013-01-20T00:00:00.000000000Z,45027,41242,20.9996781825623,130
2013-01-21T00:00:00.000000000Z,47104,40642,21.3227501546017,132
2013-01-22T00:00:00.000000000Z,51489,42397,23.2611819868382,144
2013-01-23T00:00:00.000000000Z,48584,47359,19.8929412333321,126
2013-01-24T00:00:00.000000000Z,59644,45616,23.0222650674502,156
2013-01-25T00:00:00.000000000Z,51061,49506,20.2182712451325,137
2013-01-26T00:00:00.000000000Z,55140,52709,23.0222650674502,156
2013-01-27T00:00:00.000000000Z,48552,53733,22.2843719563139,151
2013-01-28T00:00:00.000000000Z,54409,52736,21.694057467405,147
2013-01-29T00:00:00.000000000Z,54460,50452,23.3174223119047,158
2013-01-30T00:00:00.000000000Z,45601,40937,22.5795292007684,153
2013-01-31T00:00:00.000000000Z,48166,52467,28.4826740898582,193
2013-02-01T00:00:00.000000000Z,61865,57518,21.694057467405,147
2013-02-02T00:00:00.000000000Z,57947,54523,22.5795292007684,153
2013-02-03T00:00:00.000000000Z,56035,60479,27.4496237342675,186
2013-02-04T00:00:00.000000000Z,59362,55759,24.2028940452681,164
2013-02-05T00:00:00.000000000Z,60191,53843,25.9415063822749,167
2013-02-06T00:00:00.000000000Z,53114,41890,23.7723372530301,146
2013-02-07T00:00:00.000000000Z,60065,63170,25.0749310751139,154
2013-02-08T00:00:00.000000000Z,61292,59812,24.5864583918325,151
2013-02-09T00:00:00.000000000Z,55866,57464,23.2838645697486,143
2013-02-10T00:00:00.000000000Z,56414,56098,26.2147006694373,161
2013-02-11T00:00:00.000000000Z,53214,57751,25.8890522139163,159
2013-02-12T00:00:00.000000000Z,52230,58519,22.6325676587067,139
2013-02-13T00:00:00.000000000Z,51607,58195,27.8429429470421,171
2013-02-14T00:00:00.000000000Z,52507,51465,24.5864583918325,151
2013-02-15T00:00:00.000000000Z,49480,54430,29.1455367691259,179
2013-02-16T00:00:00.000000000Z,47477,52351,30.7737790467307,189
2013-02-17T00:00:00.000000000Z,46362,49459,30.6109548189702,188
2013-02-18T00:00:00.000000000Z,46855,50096,29.2203363858104,161
2013-02-19T00:00:00.000000000Z,49090,53424,28.857350840645,159
2013-02-20T00:00:00.000000000Z,50898,60243,35.0281051084559,193
2013-02-21T00:00:00.000000000Z,51627,56355,31.9427279745505,176
2013-02-22T00:00:00.000000000Z,54361,61599,30.8537713390544,170
2013-02-23T00:00:00.000000000Z,51159,57701,29.7648147035584,164
2013-02-24T00:00:00.000000000Z,52275,56644,28.312872522897,156
2013-02-25T00:00:00.000000000Z,56529,67290,37.0245256068653,204
2013-02-26T00:00:00.000000000Z,58302,63191,30.1278002487237,166
2013-02-27T00:00:00.000000000Z,55511,60970,35.0281051084559,193
2013-02-28T00:00:00.000000000Z,59466,62763,30.4907857938891,168
2013-03-01T00:00:00.000000000Z,62746,64459,29.2261354044535,152
2013-03-02T00:00:00.000000000Z,49881,55804,31.4836025880449,145
2013-03-03T00:00:00.000000000Z,44647,53108,34.9576552874153,161
2013-03-04T00:00:00.000000000Z,54208,63982,38.8659645742071,179
2013-03-05T00:00:00.000000000Z,56444,56147,30.1808328257809,139
2013-03-06T00:00:00.000000000Z,70524,63234,33.6548855251514,155
2013-03-07T00:00:00.000000000Z,67349,67209,34.7405269937047,160
2013-03-08T00:00:00.000000000Z,56370,55188,34.7405269937047,160
2013-03-09T00:00:00.000000000Z,53106,55639,36.6946816371006,169
2013-03-10T00:00:00.000000000Z,56596,72926,39.7344777490498,183
2013-03-11T00:00:00.000000000Z,53342,58554,35.6090401685473,164
2013-03-12T00:00:00.000000000Z,61248,49817,29.3123196509383,135
2013-03-13T00:00:00.000000000Z,62068,56209,34.0891421125727,157
2013-03-14T00:00:00.000000000Z,61917,58402,41.6325127555959,179
2013-03-15T00:00:00.000000000Z,63245,62880,41.44818968374,172
2013-03-16T00:00:00.000000000Z,50966,32987,42.1711232247355,175
2013-03-17T00:00:00.000000000Z,52184,35248,50.3643700226841,209
2013-03-18T00:00:00.000000000Z,59594,43324,45.7857909297128,190
2013-03-19T00:00:00.000000000Z,67946,45817,40.966233989743,170
2013-03-20T00:00:00.000000000Z,62822,46102,50.8463257166811,211
2013-03-21T00:00:00.000000000Z,70563,55782,52.5331706456705,218
2013-03-22T00:00:00.000000000Z,74587,60259,55.1839269626538,229
2013-03-23T00:00:00.000000000Z,67002,52173,52.292192798672,217
2013-03-24T00:00:00.000000000Z,69595,51811,52.8946917149168,189
2013-03-25T00:00:00.000000000Z,64715,47614,47.9305915057468,144
2013-03-26T00:00:00.000000000Z,74037,50068,50.260550815054,151
2013-03-27T00:00:00.000000000Z,72482,52012,43.6035242170336,131
2013-03-28T00:00:00.000000000Z,94934,61796,60.9117933718867,183
2013-03-29T00:00:00.000000000Z,81683,61081,57.9161314027775,174
2013-03-30T00:00:00.000000000Z,79925,60659,57.5832800728765,173
2013-03-31T00:00:00.000000000Z,63898,43434,56.2518747532724,169
2013-04-01T00:00:00.000000000Z,76869,52545,65.9045633204021,198
2013-04-02T00:00:00.000000000Z,90297,62511,60.2460907120847,181
2013-04-03T00:00:00.000000000Z,109240,65382,58.2489827326785,175
2013-04-04T00:00:00.000000000Z,107866,65513,51.259104804757,154
2013-04-05T00:00:00.000000000Z,99406,60816,55.2621661992767,158
2013-04-06T00:00:00.000000000Z,78563,51734,62.172583868616,163
2013-04-07T00:00:00.000000000Z,78312,63215,62.5540107635155,164
2013-04-08T00:00:00.000000000Z,112858,62215,59.1211687094201,155
2013-04-09T00:00:00.000000000Z,113921,67877,67.1311335023093,176
2013-04-10T00:00:00.000000000Z,132897,62747,72.8525369258016,191
2013-04-11T00:00:00.000000000Z,124532,67827,61.0283031839176,160
2013-04-12T00:00:00.000000000Z,102302,58476,65.9868528176109,173
2013-04-13T00:00:00.000000000Z,80991,53126,63.698291448214,167
2013-04-14T00:00:00.000000000Z,73989,56672,58.3583149196212,153
2013-04-15T00:00:00.000000000Z,100211,53610,62.5540107635155,164
2013-04-16T00:00:00.000000000Z,98394,67263,67.5125603972088,177
2013-04-17T00:00:00.000000000Z,105380,56489,68.652451353857,171
2013-04-18T00:00:00.000000000Z,85564,48902,65.5788571715191,147
2013-04-19T00:00:00.000000000Z,102489,57525,61.1177104251573,137
2013-04-20T00:00:00.000000000Z,73497,47182,68.7016598939724,154
2013-04-21T00:00:00.000000000Z,72721,44244,78.5161827359685,176
2013-04-22T00:00:00.000000000Z,90723,46971,68.2555452193363,153
2013-04-23T00:00:00.000000000Z,91871,61812,74.947265338879,168
2013-04-24T00:00:00.000000000Z,103533,65508,72.2705772910619,162
2013-04-25T00:00:00.000000000Z,89506,61207,76.7317240374237,172
2013-04-26T00:00:00.000000000Z,86571,55401,76.2856093627876,171
2013-04-27T00:00:00.000000000Z,76128,42987,65.5788571715191,147
2013-04-28T00:00:00.000000000Z,119432,42688,78.9622974106047,177
2013-04-29T00:00:00.000000000Z,88358,51922,77.6239533866961,174
2013-04-30T00:00:00.000000000Z,76703,46575,73.2638761425357,149
2013-05-01T00:00:00.000000000Z,83664,56714,75.6351806513814,151
2013-05-02T00:00:00.000000000Z,82318,54340,67.1199616376496,134
2013-05-03T00:00:00.000000000Z,82210,50991,68.6226473459552,137
2013-05-04T00:00:00.000000000Z,70341,50588,79.6423425401963,159
2013-05-05T00:00:00.000000000Z,72046,49862,82.6477139568075,165
2013-05-06T00:00:00.000000000Z,84314,52785,83.1486091929094,166
2013-05-07T00:00:00.000000000Z,111196,57354,84.1503996651131,168
2013-05-08T00:00:00.000000000Z,101126,50453,82.6477139568075,165
2013-05-09T00:00:00.000000000Z,82877,67022,82.1468187207056,164
2013-05-10T00:00:00.000000000Z,84004,67509,86.1539806095206,172
2013-05-11T00:00:00.000000000Z,81104,73410,91.1629329705392,182
2013-05-12T00:00:00.000000000Z,69104,64714,86.304227265133,168
2013-05-13T00:00:00.000000000Z,82986,60566,96.7651557587372,174
2013-05-14T00:00:00.000000000Z,84579,67020,85.6427240623307,154
2013-05-15T00:00:00.000000000Z,83911,62834,78.4131434596665,141
2013-05-16T00:00:00.000000000Z,84369,61152,82.3059945534088,148
2013-05-17T00:00:00.000000000Z,78514,59200,89.535575156073,161
2013-05-18T00:00:00.000000000Z,68752,52066,82.8621161382291,149
2013-05-19T00:00:00.000000000Z,63144,47001,86.7549672319714,156
2013-05-20T00:00:00.000000000Z,72183,48652,71.7396844418226,129
2013-05-21T00:00:00.000000000Z,82257,53953,83.9743593078697,151
2013-05-22T00:00:00.000000000Z,75632,51896,86.7549672319714,156
2013-05-23T00:00:00.000000000Z,82761,59647,96.7651557587372,174
2013-05-24T00:00:00.000000000Z,83234,54659,93.9845478346356,169
2013-05-25T00:00:00.000000000Z,69552,50763,94.161450904981,165
2013-05-26T00:00:00.000000000Z,69609,40723,98.4763478010956,163
2013-05-27T00:00:00.000000000Z,74785,53158,106.330289650263,176
2013-05-28T00:00:00.000000000Z,77841,58222,95.4556009360313,158
2013-05-29T00:00:00.000000000Z,79692,54168,101.49709466616,168
2013-05-30T00:00:00.000000000Z,77410,56337,108.142737769301,179
2013-05-31T00:00:00.000000000Z,75957,54306,105.72614027725,175
2013-06-01T00:00:00.000000000Z,66565,53613,128.683816451739,213
2013-06-02T00:00:00.000000000Z,66768,49967,120.225725229558,199
2013-06-03T00:00:00.000000000Z,79951,56421,128.683816451739,213
2013-06-04T00:00:00.000000000Z,78923,56427,128.683816451739,213
2013-06-05T00:00:00.000000000Z,78551,57092,124.034297282977,184
2013-06-06T00:00:00.000000000Z,73112,54281,140.41259770731,181
2013-06-07T00:00:00.000000000Z,74130,52059,124.897393540757,161
2013-06-08T00:00:00.000000000Z,57561,47330,140.41259770731,181
2013-06-09T00:00:00.000000000Z,56850,44753,123.345873124101,159
2013-06-10T00:00:00.000000000Z,61027,45143,134.982276249017,174
2013-06-11T00:00:00.000000000Z,66039,48715,139.636837498983,180
2013-06-12T00:00:00.000000000Z,64507,45916,157.479322290519,203
2013-06-13T00:00:00.000000000Z,67482,43686,144.291398748949,186
2013-06-14T00:00:00.000000000Z,74179,48983,139.636837498983,180
2013-06-15T00:00:00.000000000Z,53859,35845,134.206516040689,173
2013-06-16T00:00:00.000000000Z,49113,43150,147.598828306875,185
2013-06-17T00:00:00.000000000Z,57059,46511,139.397162757821,145
2013-06-18T00:00:00.000000000Z,63396,44976,134.590364042034,140
2013-06-19T00:00:00.000000000Z,69066,46996,130.744925069405,136
2013-06-20T00:00:00.000000000Z,69393,53645,148.049400446238,154
2013-06-21T00:00:00.000000000Z,67982,45795,161.508436850441,168
2013-06-22T00:00:00.000000000Z,58423,44378,169.1993147957,176
2013-06-23T00:00:00.000000000Z,51312,38075,158.624357620969,165
2013-06-24T00:00:00.000000000Z,65308,44521,144.203961473608,150
2013-06-25T00:00:00.000000000Z,61404,43987,150.93347967571,157
2013-06-26T00:00:00.000000000Z,66298,46920,167.276595309385,174
2013-06-27T00:00:00.000000000Z,59748,44877,160.547077107284,167
2013-06-28T00:00:00.000000000Z,69884,49996,162.469796593598,169
2013-06-29T00:00:00.000000000Z,60173,36048,170.010913293504,169
2013-06-30T00:00:00.000000000Z,49735,30124,162.269499322626,153
2013-07-01T00:00:00.000000000Z,68318,38911,166.511839174198,157
2013-07-02T00:00:00.000000000Z,64222,39542,162.269499322626,153
2013-07-03T00:00:00.000000000Z,65913,35054,195.147633172309,184
2013-07-04T00:00:00.000000000Z,60723,35320,174.996518877342,165
2013-07-05T00:00:00.000000000Z,60477,36700,197.268803098095,186
2013-07-06T00:00:00.000000000Z,55911,32727,198.329388060988,187
2013-07-07T00:00:00.000000000Z,49774,30743,197.268803098095,186
2013-07-08T00:00:00.000000000Z,63707,39175,203.632312875453,192
2013-07-09T00:00:00.000000000Z,67007,40664,196.208218135202,185
2013-07-10T00:00:00.000000000Z,65740,39510,207.534003688854,195
2013-07-11T00:00:00.000000000Z,73389,43449,226.298067177263,174
2013-07-12T00:00:00.000000000Z,79838,49231,200.286795087923,154
2013-07-13T00:00:00.000000000Z,61884,37197,204.188485901324,157
2013-07-14T00:00:00.000000000Z,46805,33438,223.696939968329,172
2013-07-15T00:00:00.000000000Z,63555,37389,213.292431132593,164
2013-07-16T00:00:00.000000000Z,67361,39999,213.292431132593,164
2013-07-17T00:00:00.000000000Z,62286,39582,239.303703221934,184
2013-07-18T00:00:00.000000000Z,62207,40944,209.390740319192,161
2013-07-19T00:00:00.000000000Z,58937,36483,222.396376363862,171
2013-07-20T00:00:00.000000000Z,53871,34103,241.904830430868,186
2013-07-21T00:00:00.000000000Z,49487,34746,258.812157288939,199
2013-07-22T00:00:00.000000000Z,60370,39744,224.215671699358,165
2013-07-23T00:00:00.000000000Z,65040,38373,219.084664326799,141
2013-07-24T00:00:00.000000000Z,65575,42718,247.052919347242,159
2013-07-25T00:00:00.000000000Z,66060,41480,226.8536240547,146
2013-07-26T00:00:00.000000000Z,63241,37751,254.821879075142,164
2013-07-27T00:00:00.000000000Z,51388,35941,281.236342150005,181
2013-07-28T00:00:00.000000000Z,50927,38638,261.037046857463,168
2013-07-29T00:00:00.000000000Z,66163,40392,276.574966313264,178
2013-07-30T00:00:00.000000000Z,71863,43611,306.097013279287,197
2013-07-31T00:00:00.000000000Z,80412,48569,295.220469660226,190
2013-08-01T00:00:00.000000000Z,113593,50984,275.021174367684,177
2013-08-02T00:00:00.000000000Z,75758,52012,298.328053551386,192
2013-08-03T00:00:00.000000000Z,58781,44128,290.070696755868,170
2013-08-04T00:00:00.000000000Z,61806,43835,332.726003144689,179
2013-08-05T00:00:00.000000000Z,71751,49802,351.314048013107,189
2013-08-06T00:00:00.000000000Z,71609,54586,353.172852499949,190
2013-08-07T00:00:00.000000000Z,76654,57855,345.737634552582,186
2013-08-08T00:00:00.000000000Z,71239,56892,381.054919802577,205
2013-08-09T00:00:00.000000000Z,65764,50425,362.466874934158,195
2013-08-10T00:00:00.000000000Z,57919,50367,390.348942236786,210
2013-08-11T00:00:00.000000000Z,54441,38470,401.501769157837,216
2013-08-12T00:00:00.000000000Z,104031,50040,401.501769157837,216
2013-08-13T00:00:00.000000000Z,76972,53870,365.506885446451,183
2013-08-14T00:00:00.000000000Z,76346,50866,424.333669882539,168
2013-08-15T00:00:00.000000000Z,74632,57170,429.385261190664,170
2013-08-16T00:00:00.000000000Z,82397,71128,424.333669882539,168
2013-08-17T00:00:00.000000000Z,62108,57694,479.901174271919,190
2013-08-18T00:00:00.000000000Z,57869,56575,490.00435688817,194
2013-08-19T00:00:00.000000000Z,77962,70058,447.065830769104,177
2013-08-20T00:00:00.000000000Z,79492,62577,479.901174271919,190
2013-08-21T00:00:00.000000000Z,85074,61952,495.055948196296,196
2013-08-22T00:00:00.000000000Z,81577,65300,545.571861277551,216
2013-08-23T00:00:00.000000000Z,81517,54838,495.055948196296,196
2013-08-24T00:00:00.000000000Z,63858,51936,514.206634181364,183
2013-08-25T00:00:00.000000000Z,69624,45140,493.536435944482,151
2013-08-26T00:00:00.000000000Z,75443,55116,542.563234217112,166
2013-08-27T00:00:00.000000000Z,95082,61838,552.368593871638,169
2013-08-28T00:00:00.000000000Z,84528,65524,581.784672835216,178
2013-08-29T00:00:00.000000000Z,74770,58633,617.737658235144,189
2013-08-30T00:00:00.000000000Z,88736,61739,670.03290972595,205
2013-08-31T00:00:00.000000000Z,87612,46466,728.865067653106,223
2013-09-01T00:00:00.000000000Z,57043,46591,722.328161216755,221
2013-09-02T00:00:00.000000000Z,63738,51932,702.717441907703,215
2013-09-03T00:00:00.000000000Z,72441,52252,634.079924326021,194
2013-09-04T00:00:00.000000000Z,75781,51616,667.543223035941,163
2013-09-05T00:00:00.000000000Z,70530,61074,773.542011809099,179
2013-09-06T00:00:00.000000000Z,75818,62299,799.47079432784,185
2013-09-07T00:00:00.000000000Z,60406,50469,626.612244202902,145
2013-09-08T00:00:00.000000000Z,55602,45566,678.469809240383,157
2013-09-09T00:00:00.000000000Z,75151,58296,877.257141884062,203
2013-09-10T00:00:00.000000000Z,70346,52594,825.399576846581,191
2013-09-11T00:00:00.000000000Z,74178,48436,864.292750624692,200
2013-09-12T00:00:00.000000000Z,78649,53334,920.471779415297,213
2013-09-13T00:00:00.000000000Z,65832,44619,881.578605637186,204
2013-09-14T00:00:00.000000000Z,53427,42218,951.020420564436,218
2013-09-15T00:00:00.000000000Z,54408,54017,1013.38198951784,181
2013-09-16T00:00:00.000000000Z,70731,53238,862.21451041849,154
2013-09-17T00:00:00.000000000Z,73646,68040,1002.18439847344,179
2013-09-18T00:00:00.000000000Z,77986,58643,923.801261162668,165
2013-09-19T00:00:00.000000000Z,80008,60342,1063.77114921762,190
2013-09-20T00:00:00.000000000Z,75867,57538,1119.7591044396,200
2013-09-21T00:00:00.000000000Z,66018,52298,1058.17235369542,189
2013-09-22T00:00:00.000000000Z,64347,51323,1136.55549100619,203
2013-09-23T00:00:00.000000000Z,80171,65141,1175.74705966158,210
2013-09-24T00:00:00.000000000Z,78410,62127,1186.94465070597,212
2013-09-25T00:00:00.000000000Z,79801,55484,1297.27563966709,206
2013-09-26T00:00:00.000000000Z,77792,56857,1198.45049283705,162
2013-09-27T00:00:00.000000000Z,77735,46171,1316.81597361108,178
2013-09-28T00:00:00.000000000Z,68961,42643,1309.4181310627,177
2013-09-29T00:00:00.000000000Z,70490,40260,1257.63323322407,170
2013-09-30T00:00:00.000000000Z,80461,46872,1205.84833538543,163
2013-10-01T00:00:00.000000000Z,91102,58336,1383.39655654647,187
2013-10-02T00:00:00.000000000Z,104703,60461,1412.98792673998,191
2013-10-03T00:00:00.000000000Z,90980,59974,1472.17066712699,199
2013-10-04T00:00:00.000000000Z,76881,50935,1331.61165870783,180
2013-10-05T00:00:00.000000000Z,65561,45100,1620.12751809453,219
2013-10-06T00:00:00.000000000Z,61903,43229,1519.45432564095,185
2013-10-07T00:00:00.000000000Z,78360,45722,1467.83862226455,156
2013-10-08T00:00:00.000000000Z,75010,43999,1524.29395389011,162
2013-10-09T00:00:00.000000000Z,79805,51194,1674.8415048916,178
2013-10-10T00:00:00.000000000Z,81804,56673,1806.57061201791,192
2013-10-11T00:00:00.000000000Z,78192,51064,1740.70605845476,185
2013-10-12T00:00:00.000000000Z,76060,49316,2013.57349464497,214
2013-10-13T00:00:00.000000000Z,77953,50663,2079.43804820812,221
2013-10-14T00:00:00.000000000Z,83416,57224,2352.30548439833,250
2013-10-15T00:00:00.000000000Z,86235,56110,2446.39770377427,260
2013-10-16T00:00:00.000000000Z,92582,49914,2315.21665452822,210
2013-10-17T00:00:00.000000000Z,82808,48197,2222.60176420815,167
2013-10-18T00:00:00.000000000Z,84996,58134,2555.32657920937,192
2013-10-19T00:00:00.000000000Z,96934,56808,2967.90534981089,223
2013-10-20T00:00:00.000000000Z,69040,47771,2648.48952740972,199
2013-10-21T00:00:00.000000000Z,97064,60385,2808.1974386103,211
2013-10-22T00:00:00.000000000Z,110677,64705,3260.70318701196,245
2013-10-23T00:00:00.000000000Z,108316,55738,2941.28736461079,221
2013-10-24T00:00:00.000000000Z,111952,62908,2861.4334090105,215
2013-10-25T00:00:00.000000000Z,100894,57306,3127.61326101147,235
2013-10-26T00:00:00.000000000Z,72893,47337,3408.23009035624,182
2013-10-27T00:00:00.000000000Z,66108,43681,3478.53840366574,179
2013-10-28T00:00:00.000000000Z,86585,50915,3400.80570190785,175
2013-10-29T00:00:00.000000000Z,86798,50035,3109.30807031575,160
2013-10-30T00:00:00.000000000Z,96056,48900,3789.46921069732,195
2013-10-31T00:00:00.000000000Z,95791,56611,4100.4000177289,211
2013-11-01T00:00:00.000000000Z,86825,44891,4042.10049141048,208
2013-11-02T00:00:00.000000000Z,78835,39677,3925.50143877364,202
2013-11-03T00:00:00.000000000Z,81991,34787,3731.1696843789,192
2013-11-04T00:00:00.000000000Z,102736,46469,3789.46921069732,195
2013-11-05T00:00:00.000000000Z,118752,52113,3596.12259203618,174
2013-11-06T00:00:00.000000000Z,133026,55598,4139.94817128837,163
2013-11-07T00:00:00.000000000Z,129067,59323,3657.37752555537,144
2013-11-08T00:00:00.000000000Z,131772,59787,3403.39297516958,134
2013-11-09T00:00:00.000000000Z,129648,54988,3758.97134570968,148
2013-11-10T00:00:00.000000000Z,114440,56423,4343.13581159701,171
2013-11-11T00:00:00.000000000Z,115536,56797,4749.51109221428,187
2013-11-12T00:00:00.000000000Z,116498,58112,5105.08946275439,201
2013-11-13T00:00:00.000000000Z,125199,65821,4266.94044648127,168
2013-11-14T00:00:00.000000000Z,132404,69027,4647.91727205996,183
2013-11-15T00:00:00.000000000Z,119399,60207,4216.14353640411,166
2013-11-16T00:00:00.000000000Z,103125,46401,4927.30027748433,194
2013-11-17T00:00:00.000000000Z,109082,52361,5042.5537025376,186
2013-11-18T00:00:00.000000000Z,171380,82186,4726.41754288692,156
2013-11-19T00:00:00.000000000Z,205240,90607,4877.90528464612,161
2013-11-20T00:00:00.000000000Z,161122,75413,4968.79792970164,164
2013-11-21T00:00:00.000000000Z,192640,73091,4544.63225277589,150
2013-11-22T00:00:00.000000000Z,168639,77157,5211.17831651635,172
2013-11-23T00:00:00.000000000Z,146167,70791,5150.58321981267,170
2013-11-24T00:00:00.000000000Z,123964,60636,5089.98812310899,168
2013-11-25T00:00:00.000000000Z,143350,71456,5241.47586486819,173
2013-11-26T00:00:00.000000000Z,187706,87387,4817.31018794244,159
2013-11-27T00:00:00.000000000Z,192515,92612,5241.47586486819,173
2013-11-28T00:00:00.000000000Z,201832,98832,5483.8562516829,181
2013-11-29T00:00:00.000000000Z,188994,89638,5480.00336357551,173
2013-11-30T00:00:00.000000000Z,163385,73916,6189.12034201531,176
2013-12-01T00:00:00.000000000Z,164939,72087,6857.26401530105,195
2013-12-02T00:00:00.000000000Z,179818,76173,5591.30758170701,159
2013-12-03T00:00:00.000000000Z,173471,76685,7033.09129774466,200
2013-12-04T00:00:00.000000000Z,186429,80693,6013.29305957169,171
2013-12-05T00:00:00.000000000Z,185882,84082,5978.12760308297,170
2013-12-06T00:00:00.000000000Z,165974,70222,7314.41494965444,208
2013-12-07T00:00:00.000000000Z,148012,65963,6857.26401530105,195
2013-12-08T00:00:00.000000000Z,115670,47735,6857.26401530105,195
2013-12-09T00:00:00.000000000Z,156514,63552,6189.12034201531,176
2013-12-10T00:00:00.000000000Z,157623,69013,7450.99133192782,192
2013-12-11T00:00:00.000000000Z,151130,66722,7450.47043785842,165
2013-12-12T00:00:00.000000000Z,129116,56680,7360.16170527832,163
2013-12-13T00:00:00.000000000Z,146944,61005,7856.85973446887,174
2013-12-14T00:00:00.000000000Z,147850,53014,8940.56452543008,198
2013-12-15T00:00:00.000000000Z,141277,52714,7992.32283333902,177
2013-12-16T00:00:00.000000000Z,180233,69955,9076.02762430024,201
2013-12-17T00:00:00.000000000Z,156115,66328,9166.33635688034,203
2013-12-18T00:00:00.000000000Z,181410,81215,8985.71889172013,199
2013-12-19T00:00:00.000000000Z,157818,70022,10204.8867815515,226
2013-12-20T00:00:00.000000000Z,158569,67421,8037.47719962908,178
2013-12-21T00:00:00.000000000Z,124307,54866,8611.26774435102,161
2013-12-22T00:00:00.000000000Z,124146,52236,9920.97776573908,169
2013-12-23T00:00:00.000000000Z,151062,53612,10038.3857866354,171
2013-12-24T00:00:00.000000000Z,132367,55951,9920.97776573908,169
2013-12-25T00:00:00.000000000Z,127600,54394,9510.04969260196,162
2013-12-26T00:00:00.000000000Z,124049,52162,10566.7218806688,180
2013-12-27T00:00:00.000000000Z,128876,53496,10801.5379224615,184
2013-12-28T00:00:00.000000000Z,112555,46692,8805.60156722404,150
2013-12-29T00:00:00.000000000Z,129208,51159,9862.27375529092,168
2013-12-30T00:00:00.000000000Z,152090,54952,10155.7938075317,173
2013-12-31T00:00:00.000000000Z,118420,48534,10801.5379224615,184
2014-01-01T00:00:00.000000000Z,96516,42383,12034.3221418728,205
2014-01-02T00:00:00.000000000Z,138928,55196,9425.136247148,134
2014-01-03T00:00:00.000000000Z,143832,61335,11352.6079123221,161
2014-01-04T00:00:00.000000000Z,116229,51901,9942.34605985975,141
2014-01-05T00:00:00.000000000Z,134802,57487,13609.0268762619,193
2014-01-06T00:00:00.000000000Z,179999,68483,13115.4352279001,186
2014-01-07T00:00:00.000000000Z,141665,62183,12480.817394292,177
2014-01-08T00:00:00.000000000Z,146348,60865,13609.0268762619,193
2014-01-09T00:00:00.000000000Z,134908,59047,14596.2101729856,207
2014-01-10T00:00:00.000000000Z,128371,54712,13185.9483205232,187
2014-01-11T00:00:00.000000000Z,130495,55926,14807.7494508549,210
2014-01-12T00:00:00.000000000Z,115119,49258,14596.2101729856,207
2014-01-13T00:00:00.000000000Z,153853,54504,14628.2406711142,169
2014-01-14T00:00:00.000000000Z,129226,55869,14411.3355551816,162
2014-01-15T00:00:00.000000000Z,135647,62751,16368.4305071198,184
2014-01-16T00:00:00.000000000Z,130689,55602,16457.3893685716,185
2014-01-17T00:00:00.000000000Z,128915,59146,13521.7469406642,152
2014-01-18T00:00:00.000000000Z,106009,51185,15478.8418926025,174
2014-01-19T00:00:00.000000000Z,108623,47424,15034.0475853438,169
2014-01-20T00:00:00.000000000Z,180527,63512,17346.977983089,195
2014-01-21T00:00:00.000000000Z,160288,73070,14767.1710009886,166
2014-01-22T00:00:00.000000000Z,150333,64796,17080.1013987337,192
2014-01-23T00:00:00.000000000Z,149895,62655,15745.7184769577,177
2014-01-24T00:00:00.000000000Z,144338,66566,18340.6657996556,189
2014-01-25T00:00:00.000000000Z,125411,52913,17994.3669102041,165
2014-01-26T00:00:00.000000000Z,125376,53290,16576.6289112183,152
2014-01-27T00:00:00.000000000Z,171032,64355,18975.8778325788,174
2014-01-28T00:00:00.000000000Z,158602,66013,16794.7424495238,154
2014-01-29T00:00:00.000000000Z,142119,59521,16576.6289112183,152
2014-01-30T00:00:00.000000000Z,151474,60940,19193.9913708843,176
2014-01-31T00:00:00.000000000Z,146489,58927,20066.4455241063,184
2014-02-01T00:00:00.000000000Z,138630,55715,20611.7293698701,189
2014-02-02T00:00:00.000000000Z,132242,51119,20284.5590624119,186
2014-02-03T00:00:00.000000000Z,175731,59417,19739.2752166481,181
2014-02-04T00:00:00.000000000Z,166548,68066,18757.7642942733,172
2014-02-05T00:00:00.000000000Z,156535,67380,20723.2339086288,168
2014-02-06T00:00:00.000000000Z,162066,69722,23716.5514349681,182
2014-02-07T00:00:00.000000000Z,169400,72424,20198.1619363739,155
2014-02-08T00:00:00.000000000Z,144461,63163,23716.5514349681,182
2014-02-09T00:00:00.000000000Z,130842,57564,17982.8796594812,138
2014-02-10T00:00:00.000000000Z,170337,65855,20328.472658544,156
2014-02-11T00:00:00.000000000Z,155297,67222,21370.9584359053,164
2014-02-12T00:00:00.000000000Z,212833,60833,23195.3085462874,178
2014-02-13T00:00:00.000000000Z,167617,69166,23195.3085462874,178
2014-02-14T00:00:00.000000000Z,175329,73697,24889.3479344994,191
2014-02-15T00:00:00.000000000Z,151828,61457,24368.1050458188,187
2014-02-16T00:00:00.000000000Z,135691,57435,25486.3744356631,195
2014-02-17T00:00:00.000000000Z,173737,61436,24113.6485813296,155
2014-02-18T00:00:00.000000000Z,154278,64161,25358.2239919788,163
2014-02-19T00:00:00.000000000Z,181354,72495,31114.3852662318,200
2014-02-20T00:00:00.000000000Z,179241,68604,27536.2309606151,177
2014-02-21T00:00:00.000000000Z,180043,70573,23646.9328023361,152
2014-02-22T00:00:00.000000000Z,152477,57544,28002.9467396085,180
2014-02-23T00:00:00.000000000Z,162703,59341,26136.0836236346,168
2014-02-24T00:00:00.000000000Z,217723,74409,29714.2379292513,191
2014-02-25T00:00:00.000000000Z,209042,79446,25047.0801393165,161
2014-02-26T00:00:00.000000000Z,198825,72156,28625.2344449332,184
2014-02-27T00:00:00.000000000Z,186867,72340,29247.5221502578,188
2014-02-28T00:00:00.000000000Z,202531,71210,31125.9783969294,181
2014-03-01T00:00:00.000000000Z,174849,61950,27314.0148774629,144
2014-03-02T00:00:00.000000000Z,161296,57645,26555.2922419778,140
2014-03-03T00:00:00.000000000Z,239106,81290,28072.737512948,148
2014-03-04T00:00:00.000000000Z,230183,83167,28262.4181718192,149
2014-03-05T00:00:00.000000000Z,204980,72579,29590.1827839181,156
2014-03-06T00:00:00.000000000Z,191203,69266,32814.7539847296,173
2014-03-07T00:00:00.000000000Z,181365,72245,31486.9893726308,166
2014-03-08T00:00:00.000000000Z,171767,64794,31866.3506903733,168
2014-03-09T00:00:00.000000000Z,172480,61341,33952.8379379573,179
2014-03-10T00:00:00.000000000Z,209703,71589,28262.4181718192,149
2014-03-11T00:00:00.000000000Z,192707,76932,31866.3506903733,168
2014-03-12T00:00:00.000000000Z,201998,75743,34521.8799145711,182
2014-03-13T00:00:00.000000000Z,198172,73111,34076.0838232155,162
2014-03-14T00:00:00.000000000Z,185902,69334,28100.1706779259,133
2014-03-15T00:00:00.000000000Z,146037,60354,34861.1139989306,165
2014-03-16T00:00:00.000000000Z,141737,59542,36128.7908716189,171
2014-03-17T00:00:00.000000000Z,187013,64647,34015.996083805,161
2014-03-18T00:00:00.000000000Z,145860,55702,30846.803902084,146
2014-03-19T00:00:00.000000000Z,162108,72825,33804.7166050236,160
2014-03-20T00:00:00.000000000Z,170768,72682,37396.4677443073,177
2014-03-21T00:00:00.000000000Z,185393,70606,39297.9830533399,186
2014-03-22T00:00:00.000000000Z,171832,67390,35917.5113928376,170
2014-03-23T00:00:00.000000000Z,149492,58394,45213.808459219,214
2014-03-24T00:00:00.000000000Z,189786,69060,40096.6711219624,188
2014-03-25T00:00:00.000000000Z,171509,73053,39076.1052123166,157
2014-03-26T00:00:00.000000000Z,166155,67123,39573.8899920914,159
2014-03-27T00:00:00.000000000Z,186843,73681,43058.3834505145,173
2014-03-28T00:00:00.000000000Z,178365,64037,43307.2758404019,174
2014-03-29T00:00:00.000000000Z,146650,54656,43556.1682302893,175
2014-03-30T00:00:00.000000000Z,164718,54831,34844.9345842314,140
2014-03-31T00:00:00.000000000Z,172497,65788,44800.6301797261,180
2014-04-01T00:00:00.000000000Z,180851,65002,42560.5986707398,171
2014-04-02T00:00:00.000000000Z,176078,65082,49031.8008078114,197
2014-04-03T00:00:00.000000000Z,173295,67888,50774.047537023,204
2014-04-04T00:00:00.000000000Z,177264,64956,48534.0160280367,195
2014-04-05T00:00:00.000000000Z,151868,54863,47539.4746363803,171
2014-04-06T00:00:00.000000000Z,185666,50897,45936.198326456,151
2014-04-07T00:00:00.000000000Z,159482,66490,45936.198326456,151
2014-04-08T00:00:00.000000000Z,166019,66995,40764.5733493053,134
2014-04-09T00:00:00.000000000Z,176284,64373,48978.3306659564,161
2014-04-10T00:00:00.000000000Z,185474,69256,47153.0512622562,155
2014-04-11T00:00:00.000000000Z,166924,64123,51412.0365375568,169
2014-04-12T00:00:00.000000000Z,131975,47751,48978.3306659564,161
2014-04-13T00:00:00.000000000Z,172422,50628,56887.8747486575,187
2014-04-14T00:00:00.000000000Z,183076,69890,58713.1541523577,193
2014-04-15T00:00:00.000000000Z,201397,73776,55366.8085789073,182
2014-04-16T00:00:00.000000000Z,182765,68176,48369.9041980563,159
2014-04-17T00:00:00.000000000Z,159399,66046,53376.5546672988,169
2014-04-18T00:00:00.000000000Z,147495,55995,55507.2239702395,160
2014-04-19T00:00:00.000000000Z,140534,53001,55160.3038204255,159
2014-04-20T00:00:00.000000000Z,162905,48228,61751.7866668914,178
2014-04-21T00:00:00.000000000Z,146354,60964,59323.3456181934,171
2014-04-22T00:00:00.000000000Z,179152,75836,53425.7030713555,154
2014-04-23T00:00:00.000000000Z,159425,75715,57241.8247193095,165
2014-04-24T00:00:00.000000000Z,162087,70139,52384.9426219135,151
2014-04-25T00:00:00.000000000Z,180567,73487,63139.4672661473,182
2014-04-26T00:00:00.000000000Z,132791,50499,56547.9844196815,163
2014-04-27T00:00:00.000000000Z,170979,52823,61404.8665170774,177
2014-04-28T00:00:00.000000000Z,168952,64986,52731.8627717276,152
2014-04-29T00:00:00.000000000Z,168752,64537,59983.8153155768,171
2014-04-30T00:00:00.000000000Z,166313,63995,54488.3950277099,137
2014-05-01T00:00:00.000000000Z,154174,59587,69999.6899626057,176
2014-05-02T00:00:00.000000000Z,143085,60396,64033.8072953381,161
2014-05-03T00:00:00.000000000Z,116433,53815,56477.0225834658,142
2014-05-04T00:00:00.000000000Z,159490,54062,60056.5521838263,151
2014-05-05T00:00:00.000000000Z,144154,64714,49715.6888938959,125
2014-05-06T00:00:00.000000000Z,166298,76114,77158.7491633268,194
2014-05-07T00:00:00.000000000Z,162643,70058,63238.3562730357,159
2014-05-08T00:00:00.000000000Z,165833,68496,66420.1603622451,167
2014-05-09T00:00:00.000000000Z,161587,66448,67613.3368956986,170
2014-05-10T00:00:00.000000000Z,134895,56457,71192.8664960592,179
2014-05-11T00:00:00.000000000Z,166228,53956,60454.2776949775,152
2014-05-12T00:00:00.000000000Z,155388,73765,68363.1186819926,164
2014-05-13T00:00:00.000000000Z,147074,67817,71297.1253229566,162
2014-05-14T00:00:00.000000000Z,159121,69339,66015.8567805154,150
2014-05-15T00:00:00.000000000Z,176226,74735,75258.0767297874,171
2014-05-16T00:00:00.000000000Z,156212,65511,79659.1338484884,181
2014-05-17T00:00:00.000000000Z,150165,53789,76138.2881535276,173
2014-05-18T00:00:00.000000000Z,177463,51089,75698.1824416575,172
2014-05-19T00:00:00.000000000Z,181571,61672,73937.7595941772,168
2014-05-20T00:00:00.000000000Z,192586,71852,77898.711001008,177
2014-05-21T00:00:00.000000000Z,157311,69798,77018.4995772678,175
2014-05-22T00:00:00.000000000Z,162838,72411,75698.1824416575,172
2014-05-23T00:00:00.000000000Z,177498,74305,72617.4424585669,165
2014-05-24T00:00:00.000000000Z,123811,51548,73989.0541480983,154
2014-05-25T00:00:00.000000000Z,187419,57626,83680.823428221,161
2014-05-26T00:00:00.000000000Z,167687,65293,82121.5534264529,158
2014-05-27T00:00:00.000000000Z,182860,69953,70686.9067468202,136
2014-05-28T00:00:00.000000000Z,183061,72168,87838.8767662692,169
2014-05-29T00:00:00.000000000Z,169110,63818,73285.6900831003,141
2014-05-30T00:00:00.000000000Z,153948,65812,86799.3634317572,167
2014-05-31T00:00:00.000000000Z,144272,51139,76404.2300866365,147
2014-06-01T00:00:00.000000000Z,192380,55721,90957.4167698054,175
2014-06-02T00:00:00.000000000Z,175430,64830,100313.036780414,193
2014-06-03T00:00:00.000000000Z,185339,68434,92516.6867715735,178
2014-06-04T00:00:00.000000000Z,172746,66528,94075.9567733416,181
2014-06-05T00:00:00.000000000Z,182268,65823,80296.3073918768,152
2014-06-06T00:00:00.000000000Z,173007,61731,81234.569832861,139
2014-06-07T00:00:00.000000000Z,143378,52993,90585.3116841256,155
2014-06-08T00:00:00.000000000Z,172332,47064,79481.3057357488,136
2014-06-09T00:00:00.000000000Z,162353,58213,91169.7330498296,156
2014-06-10T00:00:00.000000000Z,182372,65062,97598.3680725741,167
2014-06-11T00:00:00.000000000Z,173422,62177,85325.5193927892,146
2014-06-12T00:00:00.000000000Z,172729,63429,100520.474901094,172
2014-06-13T00:00:00.000000000Z,173708,64953,95260.6826097579,163
2014-06-14T00:00:00.000000000Z,149660,53486,104027.003095318,178
2014-06-15T00:00:00.000000000Z,177382,54739,111040.059483767,190
2014-06-16T00:00:00.000000000Z,177312,67803,109871.216752359,188
2014-06-17T00:00:00.000000000Z,184074,69331,107533.531289543,184
2014-06-18T00:00:00.000000000Z,165353,63028,103872.344332371,158
2014-06-19T00:00:00.000000000Z,158405,62474,111761.157396392,167
2014-06-20T00:00:00.000000000Z,155204,57135,124476.49865706,186
2014-06-21T00:00:00.000000000Z,152595,51083,124476.49865706,186
2014-06-22T00:00:00.000000000Z,185446,50597,120461.127732638,180
2014-06-23T00:00:00.000000000Z,162950,60115,117784.213783024,176
2014-06-24T00:00:00.000000000Z,174440,64075,125814.955631867,188
2014-06-25T00:00:00.000000000Z,174070,64056,125145.727144463,187
2014-06-26T00:00:00.000000000Z,158966,61079,114438.071346006,171
2014-06-27T00:00:00.000000000Z,166577,62724,131838.012018499,197
2014-06-28T00:00:00.000000000Z,144471,54720,121799.584707445,182
2014-06-29T00:00:00.000000000Z,175850,50174,121250.583447258,157
2014-06-30T00:00:00.000000000Z,181598,69802,110358.632936103,132
2014-07-01T00:00:00.000000000Z,185615,69748,111194.683185619,133
2014-07-02T00:00:00.000000000Z,179686,65850,114538.884183682,137
2014-07-03T00:00:00.000000000Z,158572,61838,116210.984682714,139
2014-07-04T00:00:00.000000000Z,144187,59708,138784.341419644,166
2014-07-05T00:00:00.000000000Z,126478,48881,127079.637926421,152
2014-07-06T00:00:00.000000000Z,184532,52464,118719.135431262,142
2014-07-07T00:00:00.000000000Z,189077,65833,125407.53742739,150
2014-07-08T00:00:00.000000000Z,211510,69343,125407.53742739,150
2014-07-09T00:00:00.000000000Z,187251,69653,138784.341419644,166
2014-07-10T00:00:00.000000000Z,167058,62823,124571.487177874,149
2014-07-11T00:00:00.000000000Z,169606,58631,130423.838924485,156
2014-07-12T00:00:00.000000000Z,156338,53816,131517.316592705,157
2014-07-13T00:00:00.000000000Z,185975,51752,137886.878621816,160
2014-07-14T00:00:00.000000000Z,164790,63947,116342.053837157,135
2014-07-15T00:00:00.000000000Z,176650,71208,137025.08563043,159
2014-07-16T00:00:00.000000000Z,168305,65933,124098.190759634,144
2014-07-17T00:00:00.000000000Z,173954,65617,148228.394518452,172
2014-07-18T00:00:00.000000000Z,168626,63793,148228.394518452,172
2014-07-19T00:00:00.000000000Z,148917,58470,152537.359475384,177
2014-07-20T00:00:00.000000000Z,190961,53542,133577.913664884,155
2014-07-21T00:00:00.000000000Z,161778,63367,133577.913664884,155
2014-07-22T00:00:00.000000000Z,169127,67264,122374.604776862,142
2014-07-23T00:00:00.000000000Z,174755,65840,125821.776742407,146
2014-07-24T00:00:00.000000000Z,176149,65859,123236.397768248,143
2014-07-25T00:00:00.000000000Z,177347,62203,141655.467292385,163
2014-07-26T00:00:00.000000000Z,140817,56869,124806.737276296,134
2014-07-27T00:00:00.000000000Z,182563,51250,142503.2149498,153
2014-07-28T00:00:00.000000000Z,174637,64903,139709.03426451,150
2014-07-29T00:00:00.000000000Z,170530,62541,138777.640702747,149
2014-07-30T00:00:00.000000000Z,180476,65495,160199.692623305,172
2014-07-31T00:00:00.000000000Z,177455,69650,143434.608511564,154
2014-08-01T00:00:00.000000000Z,172169,66047,146228.789196854,157
2014-08-02T00:00:00.000000000Z,141630,55208,151817.150567434,163
2014-08-03T00:00:00.000000000Z,176087,54294,143434.608511564,154
2014-08-04T00:00:00.000000000Z,172824,67849,119218.375905715,128
2014-08-05T00:00:00.000000000Z,203179,74637,125738.130838059,135
2014-08-06T00:00:00.000000000Z,196452,77201,152748.544129197,164
2014-08-07T00:00:00.000000000Z,178997,69305,149022.969882144,160
2014-08-08T00:00:00.000000000Z,173005,67797,153677.347167073,158
2014-08-09T00:00:00.000000000Z,152677,61115,178499.415531386,182
2014-08-10T00:00:00.000000000Z,202330,58924,173595.585434369,177
2014-08-11T00:00:00.000000000Z,190879,73128,178499.415531386,182
2014-08-12T00:00:00.000000000Z,204689,78838,170653.28737616,174
2014-08-13T00:00:00.000000000Z,195738,75082,142211.072813467,145
2014-08-14T00:00:00.000000000Z,202135,80916,176537.883492579,180
2014-08-15T00:00:00.000000000Z,200423,73530,161826.393201531,165
2014-08-16T00:00:00.000000000Z,173929,65307,154961.031065708,158
2014-08-17T00:00:00.000000000Z,201320,60043,166730.223298547,170
2014-08-18T00:00:00.000000000Z,193767,72355,194191.671841837,198
2014-08-19T00:00:00.000000000Z,187448,74860,189172.925205021,186
2014-08-20T00:00:00.000000000Z,186763,72909,200319.92108908,169
2014-08-21T00:00:00.000000000Z,193528,73090,195578.621181646,165
2014-08-22T00:00:00.000000000Z,182975,66760,186096.021366778,157
2014-08-23T00:00:00.000000000Z,151274,57747,192022.646251071,162
2014-08-24T00:00:00.000000000Z,208310,57066,173057.446621335,146
2014-08-25T00:00:00.000000000Z,181249,69534,162389.521829609,137
2014-08-26T00:00:00.000000000Z,188274,72342,205061.220996514,173
2014-08-27T00:00:00.000000000Z,189509,75503,200319.92108908,169
2014-08-28T00:00:00.000000000Z,191762,67833,205061.220996514,173
2014-08-29T00:00:00.000000000Z,165055,67775,201505.246065938,170
2014-08-30T00:00:00.000000000Z,167970,61204,215729.14578824,182
2014-08-31T00:00:00.000000000Z,191406,58486,224266.372936306,188
2014-09-01T00:00:00.000000000Z,190403,69351,185433.910730305,136
2014-09-02T00:00:00.000000000Z,191326,73278,200432.241745256,147
2014-09-03T00:00:00.000000000Z,169050,69430,230428.903775158,169
2014-09-04T00:00:00.000000000Z,180670,71310,215430.572760207,158
2014-09-05T00:00:00.000000000Z,188565,70511,197705.27246981,145
2014-09-06T00:00:00.000000000Z,152934,60225,244063.750152386,179
2014-09-07T00:00:00.000000000Z,232778,60251,211340.118847038,155
2014-09-08T00:00:00.000000000Z,196424,76646,196341.787832087,144
2014-09-09T00:00:00.000000000Z,243692,81139,199068.757107533,146
2014-09-10T00:00:00.000000000Z,221162,75019,214067.088122484,157
2014-09-11T00:00:00.000000000Z,171772,64288,231792.388412881,170
2014-09-12T00:00:00.000000000Z,166122,67281,209976.634209315,154
2014-09-13T00:00:00.000000000Z,152145,60474,250729.580909984,181
2014-09-14T00:00:00.000000000Z,240833,68210,234289.364098999,158
2014-09-15T00:00:00.000000000Z,190655,77918,234289.364098999,158
2014-09-16T00:00:00.000000000Z,225014,89544,253566.337094486,171
2014-09-17T00:00:00.000000000Z,191063,78526,275808.998243125,186
2014-09-18T00:00:00.000000000Z,190890,76357,265429.089707094,179
2014-09-19T00:00:00.000000000Z,172255,70093,253566.337094486,171
2014-09-20T00:00:00.000000000Z,169941,64168,260980.557477366,176
2014-09-21T00:00:00.000000000Z,200712,57668,243186.428558455,164
2014-09-22T00:00:00.000000000Z,206729,73709,249117.804864759,168
2014-09-23T00:00:00.000000000Z,195635,76923,222426.611486392,150
2014-09-24T00:00:00.000000000Z,189719,75302,231323.675945848,156
2014-09-25T00:00:00.000000000Z,201394,78696,261293.984719224,172
2014-09-26T00:00:00.000000000Z,180341,72617,230885.863009396,134
2014-09-27T00:00:00.000000000Z,167251,61019,230885.863009396,134
2014-09-28T00:00:00.000000000Z,234946,63418,223993.747695683,130
2014-09-29T00:00:00.000000000Z,198246,79158,236054.949494681,137
2014-09-30T00:00:00.000000000Z,217696,77225,263623.410749534,153
2014-10-01T00:00:00.000000000Z,212669,79127,267069.468406391,155
2014-10-02T00:00:00.000000000Z,183913,73147,237777.97832311,138
2014-10-03T00:00:00.000000000Z,177578,74077,251562.208950536,146
2014-10-04T00:00:00.000000000Z,172315,66820,265346.439577962,154
2014-10-05T00:00:00.000000000Z,247567,66118,291191.872004387,169
2014-10-06T00:00:00.000000000Z,193513,78947,277407.641376961,161
2014-10-07T00:00:00.000000000Z,200932,77172,230885.863009396,134
2014-10-08T00:00:00.000000000Z,189881,79002,248116.151293679,144
2014-10-09T00:00:00.000000000Z,188877,82611,255805.104174852,148
2014-10-10T00:00:00.000000000Z,196627,79459,269697.336979929,155
2014-10-11T00:00:00.000000000Z,164418,65585,250557.52596845,144
2014-10-12T00:00:00.000000000Z,250261,64996,257517.457245351,148
2014-10-13T00:00:00.000000000Z,207310,77486,269697.336979929,155
2014-10-14T00:00:00.000000000Z,222532,82942,229677.732137746,132
2014-10-15T00:00:00.000000000Z,205441,74701,262737.405703027,151
2014-10-16T00:00:00.000000000Z,184416,75699,257517.457245351,148
2014-10-17T00:00:00.000000000Z,180122,68154,247077.560329999,142
2014-10-18T00:00:00.000000000Z,176676,66863,285357.182352957,164
2014-10-19T00:00:00.000000000Z,236855,65258,231417.714956971,133
2014-10-20T00:00:00.000000000Z,201790,82251,238377.646233873,137
2014-10-21T00:00:00.000000000Z,206733,80753,266217.371341478,153
2014-10-22T00:00:00.000000000Z,201731,79124,276657.26825683,159
2014-10-23T00:00:00.000000000Z,198755,80410,267771.331001111,151
2014-10-24T00:00:00.000000000Z,196085,81413,284428.084979115,159
2014-10-25T00:00:00.000000000Z,202433,68922,277272.661457628,155
2014-10-26T00:00:00.000000000Z,214842,70568,223606.985046474,125
2014-10-27T00:00:00.000000000Z,225066,85089,284428.084979115,159
2014-10-28T00:00:00.000000000Z,205248,87975,246862.111491307,138
2014-10-29T00:00:00.000000000Z,200016,94358,277272.661457628,155
2014-10-30T00:00:00.000000000Z,205736,91615,304105.499663205,170
2014-10-31T00:00:00.000000000Z,203137,84518,336304.905509897,188
2014-11-01T00:00:00.000000000Z,173118,69360,284428.084979115,159
2014-11-02T00:00:00.000000000Z,267793,76525,277272.661457628,155
2014-11-03T00:00:00.000000000Z,211234,90284,302316.643782833,169
2014-11-04T00:00:00.000000000Z,209429,90476,289794.652620231,162
2014-11-05T00:00:00.000000000Z,203229,89108,268264.624126884,138
2014-11-06T00:00:00.000000000Z,219885,90820,303181.174870355,154
2014-11-07T00:00:00.000000000Z,221566,83898,295306.339159437,150
2014-11-08T00:00:00.000000000Z,170855,74699,301212.465942625,153
2014-11-09T00:00:00.000000000Z,253202,72914,295306.339159437,150
2014-11-10T00:00:00.000000000Z,214221,89325,289400.212376248,147
2014-11-11T00:00:00.000000000Z,200922,84570,253963.451677116,129
2014-11-12T00:00:00.000000000Z,229329,97750,289400.212376248,147
2014-11-13T00:00:00.000000000Z,213181,90507,285462.794520789,145
2014-11-14T00:00:00.000000000Z,223425,85478,303181.174870355,154
2014-11-15T00:00:00.000000000Z,174268,72643,275619.249882141,140
2014-11-16T00:00:00.000000000Z,249080,75533,295306.339159437,150
2014-11-17T00:00:00.000000000Z,213572,88054,283494.085593059,144
2014-11-18T00:00:00.000000000Z,208693,87534,303873.503789399,154
2014-11-19T00:00:00.000000000Z,212316,89108,282468.877689125,141
2014-11-20T00:00:00.000000000Z,204567,86184,276458.90156808,138
2014-11-21T00:00:00.000000000Z,196858,80671,254422.322457581,127
2014-11-22T00:00:00.000000000Z,180131,75577,308512.107546988,154
2014-11-23T00:00:00.000000000Z,249395,78174,284472.203062807,142
2014-11-24T00:00:00.000000000Z,211890,86052,294488.829931216,147
2014-11-25T00:00:00.000000000Z,203972,83050,264438.949325989,132
2014-11-26T00:00:00.000000000Z,205408,87328,274455.576194398,137
2014-11-27T00:00:00.000000000Z,208264,83862,282468.877689125,141
2014-11-28T00:00:00.000000000Z,208778,84822,296492.155304897,148
2014-11-29T00:00:00.000000000Z,187909,80030,314522.083668033,157
2014-11-30T00:00:00.000000000Z,277774,84409,320532.059789078,160
2014-12-01T00:00:00.000000000Z,227571,100563,260432.298578626,130
2014-12-02T00:00:00.000000000Z,252787,99828,300382.460137881,150
2014-12-03T00:00:00.000000000Z,226744,95844,230698.727588578,116
2014-12-04T00:00:00.000000000Z,227387,99396,290362.191620107,146
2014-12-05T00:00:00.000000000Z,227490,90109,310250.01296395,156
2014-12-06T00:00:00.000000000Z,186079,79713,272463.152410648,137
2014-12-07T00:00:00.000000000Z,259501,74469,250586.548932421,126
2014-12-08T00:00:00.000000000Z,242048,91051,324171.48790464,163
2014-12-09T00:00:00.000000000Z,225674,90913,282407.06308257,142
2014-12-10T00:00:00.000000000Z,223236,89230,284395.845216954,143
2014-12-11T00:00:00.000000000Z,217332,83996,294339.755888875,148
2014-12-12T00:00:00.000000000Z,217065,79502,280418.280948185,141
2014-12-13T00:00:00.000000000Z,180986,75125,290362.191620107,146
2014-12-14T00:00:00.000000000Z,284878,81604,280418.280948185,141
2014-12-15T00:00:00.000000000Z,248144,96978,280418.280948185,141
2014-12-16T00:00:00.000000000Z,252332,99237,284395.845216954,143
2014-12-17T00:00:00.000000000Z,242691,97273,251585.071833534,128
2014-12-18T00:00:00.000000000Z,238736,94900,253027.240872936,129
2014-12-19T00:00:00.000000000Z,223509,94533,268718.852710017,137
2014-12-20T00:00:00.000000000Z,251036,86304,262834.498271112,134
2014-12-21T00:00:00.000000000Z,237992,79552,258911.595311842,132
2014-12-22T00:00:00.000000000Z,260678,96522,321678.042660167,164
2014-12-23T00:00:00.000000000Z,244340,100084,294217.721945275,150
2014-12-24T00:00:00.000000000Z,186732,80385,300102.07638418,153
2014-12-25T00:00:00.000000000Z,166473,67726,309909.333782356,158
2014-12-26T00:00:00.000000000Z,192091,77254,298140.624904545,152
2014-12-27T00:00:00.000000000Z,210729,78014,298140.624904545,152
2014-12-28T00:00:00.000000000Z,263683,72602,331485.300058343,169
2014-12-29T00:00:00.000000000Z,204682,85863,321678.042660167,164
2014-12-30T00:00:00.000000000Z,204192,83018,306495.476137719,155
2014-12-31T00:00:00.000000000Z,177886,75829,307081.470445709,152
2015-01-01T00:00:00.000000000Z,145765,60177,333345.017260144,165
2015-01-02T00:00:00.000000000Z,212932,83050,333345.017260144,165
2015-01-03T00:00:00.000000000Z,241755,81404,327284.198764505,162
2015-01-04T00:00:00.000000000Z,235011,82769,347486.927083302,172
2015-01-05T00:00:00.000000000Z,242515,95721,315162.561773228,156
2015-01-06T00:00:00.000000000Z,215554,88848,319203.107436987,158
2015-01-07T00:00:00.000000000Z,204697,92569,282838.196463153,140
2015-01-08T00:00:00.000000000Z,230454,105611,296980.106286311,147
2015-01-09T00:00:00.000000000Z,237524,100397,282838.196463153,140
2015-01-10T00:00:00.000000000Z,274443,106342,296980.106286311,147
2015-01-11T00:00:00.000000000Z,249636,89751,313142.288941348,155
2015-01-12T00:00:00.000000000Z,222808,100751,291349.141441684,142
2015-01-13T00:00:00.000000000Z,250066,98240,277602.083462638,127
2015-01-14T00:00:00.000000000Z,257446,106993,316947.260646319,145
2015-01-15T00:00:00.000000000Z,262427,119661,330062.319707546,151
2015-01-16T00:00:00.000000000Z,246341,104742,303832.201585092,139
2015-01-17T00:00:00.000000000Z,272389,88416,301646.358408221,138
2015-01-18T00:00:00.000000000Z,247184,83765,334434.006061289,153
2015-01-19T00:00:00.000000000Z,255010,99008,314761.417469448,144
2015-01-20T00:00:00.000000000Z,234321,100182,257929.494870797,118
2015-01-21T00:00:00.000000000Z,215260,93268,325690.633353804,149
2015-01-22T00:00:00.000000000Z,230504,95488,295088.828877607,135
2015-01-23T00:00:00.000000000Z,216750,94078,271044.553932025,124
2015-01-24T00:00:00.000000000Z,201529,80633,275416.240285767,126
2015-01-25T00:00:00.000000000Z,318167,85829,273230.397108896,125
2015-01-26T00:00:00.000000000Z,263343,107895,277602.083462638,127
2015-01-27T00:00:00.000000000Z,249279,99265,317507.026636064,149
2015-01-28T00:00:00.000000000Z,198841,85087,336476.453109996,164
2015-01-29T00:00:00.000000000Z,217393,92284,336476.453109996,164
2015-01-30T00:00:00.000000000Z,193117,79736,283132.625177924,138
2015-01-31T00:00:00.000000000Z,276120,86631,340579.824489386,166
2015-02-01T00:00:00.000000000Z,250290,78157,318011.28190274,155
2015-02-02T00:00:00.000000000Z,228409,87190,326218.024661521,159
2015-02-03T00:00:00.000000000Z,241904,91378,260564.082591277,127
2015-02-04T00:00:00.000000000Z,228028,88890,326218.024661521,159
2015-02-05T00:00:00.000000000Z,217016,87548,326218.024661521,159
2015-02-06T00:00:00.000000000Z,231139,84709,363148.367076033,177
2015-02-07T00:00:00.000000000Z,195430,85768,326218.024661521,159
2015-02-08T00:00:00.000000000Z,293810,83307,270822.511039753,132
2015-02-09T00:00:00.000000000Z,232450,104895,340604.722619783,161
2015-02-10T00:00:00.000000000Z,227906,102102,318224.262813905,144
2015-02-11T00:00:00.000000000Z,236742,98560,349162.732809701,158
2015-02-12T00:00:00.000000000Z,232114,88258,262976.994964268,119
2015-02-13T00:00:00.000000000Z,312759,113789,322644.044241876,146
2015-02-14T00:00:00.000000000Z,260312,100479,353582.514237672,160
2015-02-15T00:00:00.000000000Z,342433,82100,309384.699957963,140
2015-02-16T00:00:00.000000000Z,261678,103452,346952.842095716,157
2015-02-17T00:00:00.000000000Z,272213,104074,329273.716383832,149
2015-02-18T00:00:00.000000000Z,246403,103957,369051.74923557,167
2015-02-19T00:00:00.000000000Z,213440,93715,366841.858521585,166
2015-02-20T00:00:00.000000000Z,249692,99228,349162.732809701,158
2015-02-21T00:00:00.000000000Z,271126,88178,313804.481385934,142
2015-02-22T00:00:00.000000000Z,273269,84628,334358.311133104,151
2015-02-23T00:00:00.000000000Z,253650,104512,329538.396656716,142
2015-02-24T00:00:00.000000000Z,232088,103153,299369.388512087,129
2015-02-25T00:00:00.000000000Z,226574,103255,368990.176538154,159
2015-02-26T00:00:00.000000000Z,230216,101222,348103.940130334,150
2015-02-27T00:00:00.000000000Z,247223,103585,352745.325998738,152
2015-02-28T00:00:00.000000000Z,281000,87971,329538.396656716,142
2015-03-01T00:00:00.000000000Z,272256,87940,324897.010788311,140
2015-03-02T00:00:00.000000000Z,286476,107024,366669.483603951,158
2015-03-03T00:00:00.000000000Z,266412,110488,366669.483603951,158
2015-03-04T00:00:00.000000000Z,240738,98822,324897.010788311,140
2015-03-05T00:00:00.000000000Z,249736,97524,306331.467314693,132
2015-03-06T00:00:00.000000000Z,235826,93661,343462.554261929,148
2015-03-07T00:00:00.000000000Z,254894,91134,324897.010788311,140
2015-03-08T00:00:00.000000000Z,276241,90034,363358.067705216,156
2015-03-09T00:00:00.000000000Z,260611,106792,339499.662403796,144
2015-03-10T00:00:00.000000000Z,242733,101987,358360.754759563,152
2015-03-11T00:00:00.000000000Z,259958,103305,363076.027848504,154
2015-03-12T00:00:00.000000000Z,237787,93481,308850.387325676,131
2015-03-13T00:00:00.000000000Z,243732,97080,344214.935492738,146
2015-03-14T00:00:00.000000000Z,261423,91210,308850.387325676,131
2015-03-15T00:00:00.000000000Z,254579,83260,337142.025859325,143
2015-03-16T00:00:00.000000000Z,260952,105590,327711.479681442,139
2015-03-17T00:00:00.000000000Z,226597,99700,301777.477692263,128
2015-03-18T00:00:00.000000000Z,251725,98308,360718.391304033,153
2015-03-19T00:00:00.000000000Z,261205,104914,322996.2065925,137
2015-03-20T00:00:00.000000000Z,236693,104055,320638.57004803,136
2015-03-21T00:00:00.000000000Z,251472,96199,356003.118215092,151
2015-03-22T00:00:00.000000000Z,271887,90009,334537.327428476,142
2015-03-23T00:00:00.000000000Z,255115,102332,336739.588444724,145
2015-03-24T00:00:00.000000000Z,220798,92642,401765.164144395,173
2015-03-25T00:00:00.000000000Z,226737,98232,376219.402262381,162
2015-03-26T00:00:00.000000000Z,232228,101438,343706.614412546,148
2015-03-27T00:00:00.000000000Z,229847,98363,397120.480165847,171
2015-03-28T00:00:00.000000000Z,237409,88943,343706.614412546,148
2015-03-29T00:00:00.000000000Z,283051,91895,355318.324358916,153
2015-03-30T00:00:00.000000000Z,256087,104131,329772.562476902,142
2015-03-31T00:00:00.000000000Z,266605,114677,348351.298391094,150
2015-04-01T00:00:00.000000000Z,274206,120748,306549.142584163,132
2015-04-02T00:00:00.000000000Z,249771,109756,385508.770219477,166
2015-04-03T00:00:00.000000000Z,240801,105958,339061.930433998,146
2015-04-04T00:00:00.000000000Z,243687,87605,355318.324358916,153
2015-04-05T00:00:00.000000000Z,271639,96521,361069.996691013,148
2015-04-06T00:00:00.000000000Z,242694,105277,309707.170078885,126
2015-04-07T00:00:00.000000000Z,269775,113215,373614.998825321,152
2015-04-08T00:00:00.000000000Z,253258,109348,307249.17666556,125
2015-04-09T00:00:00.000000000Z,250608,116464,326913.123972156,133
2015-04-10T00:00:00.000000000Z,250196,109637,373614.998825321,152
2015-04-11T00:00:00.000000000Z,270860,100196,344119.077865427,140
2015-04-12T00:00:00.000000000Z,254516,86603,314623.156905534,128
2015-04-13T00:00:00.000000000Z,276787,116290,383446.972478619,156
2015-04-14T00:00:00.000000000Z,255342,108751,366241.018585348,149
2015-04-15T00:00:00.000000000Z,227570,107977,299875.196425587,122
2015-04-16T00:00:00.000000000Z,225691,99527,339203.091038779,138
2015-04-17T00:00:00.000000000Z,228675,100988,309707.170078885,126
2015-04-18T00:00:00.000000000Z,250243,97580,358867.038345374,146
2015-04-19T00:00:00.000000000Z,276814,93417,351846.074225004,145
2015-04-20T00:00:00.000000000Z,245521,116476,364477.035874265,154
2015-04-21T00:00:00.000000000Z,243752,110257,362110.301875082,153
2015-04-22T00:00:00.000000000Z,265898,113336,359743.567875898,152
2015-04-23T00:00:00.000000000Z,264221,109934,307675.41989386,130
2015-04-24T00:00:00.000000000Z,252037,105601,293475.015898758,124
2015-04-25T00:00:00.000000000Z,268305,100598,385777.641866917,163
2015-04-26T00:00:00.000000000Z,275889,93522,340809.69588243,144
2015-04-27T00:00:00.000000000Z,253708,113365,324242.557888145,137
2015-04-28T00:00:00.000000000Z,255162,113542,362110.301875082,153
2015-04-29T00:00:00.000000000Z,261510,117554,300575.217896309,127
2015-04-30T00:00:00.000000000Z,240159,110679,317142.355890594,134
2015-05-01T00:00:00.000000000Z,225580,101452,350276.631879164,148
2015-05-02T00:00:00.000000000Z,264029,92909,347909.89787998,147
2015-05-03T00:00:00.000000000Z,247646,83855,333776.412541361,141
2015-05-04T00:00:00.000000000Z,255868,104511,303150.868676707,128
2015-05-05T00:00:00.000000000Z,263807,115789,364728.388876663,154
2015-05-06T00:00:00.000000000Z,270868,111252,381306.952007421,161
2015-05-07T00:00:00.000000000Z,259340,110385,333939.628776685,141
2015-05-08T00:00:00.000000000Z,298182,110150,355254.924230516,150
2015-05-09T00:00:00.000000000Z,235324,96017,305519.234838243,129
2015-05-10T00:00:00.000000000Z,267176,87291,305519.234838243,129
2015-05-11T00:00:00.000000000Z,262404,110147,374201.85352281,158
2015-05-12T00:00:00.000000000Z,273959,109607,355254.924230516,150
2015-05-13T00:00:00.000000000Z,252379,110562,383675.318168957,162
2015-05-14T00:00:00.000000000Z,241337,102057,364728.388876663,154
2015-05-15T00:00:00.000000000Z,242013,104527,348149.825745906,147
2015-05-16T00:00:00.000000000Z,259761,89300,312624.333322854,132
2015-05-17T00:00:00.000000000Z,263667,89084,410256.527852824,171
2015-05-18T00:00:00.000000000Z,239338,96958,349377.602526406,144
2015-05-19T00:00:00.000000000Z,258201,108963,315410.335614117,130
2015-05-20T00:00:00.000000000Z,251166,104816,351803.835877284,145
2015-05-21T00:00:00.000000000Z,236381,97997,376066.169386062,155
2015-05-22T00:00:00.000000000Z,248185,103038,334820.202421139,138
2015-05-23T00:00:00.000000000Z,222628,87197,271738.135298316,112
2015-05-24T00:00:00.000000000Z,282015,91128,354230.069228162,146
2015-05-25T00:00:00.000000000Z,262222,107497,342098.902473773,141
2015-05-26T00:00:00.000000000Z,274566,110959,349377.602526406,144
2015-05-27T00:00:00.000000000Z,258192,106238,334820.202421139,138
2015-05-28T00:00:00.000000000Z,255987,110526,320262.802315872,132
2015-05-29T00:00:00.000000000Z,301378,130305,373639.936035185,154
2015-05-30T00:00:00.000000000Z,302015,122222,329967.735719384,136
2015-05-31T00:00:00.000000000Z,294212,97356,356781.94209336,148
2015-06-01T00:00:00.000000000Z,316894,132668,312271.265830991,132
2015-06-02T00:00:00.000000000Z,299987,125717,354853.71117158,150
2015-06-03T00:00:00.000000000Z,295631,129398,335928.179909096,142
2015-06-04T00:00:00.000000000Z,270650,114685,333562.488501286,141
2015-06-05T00:00:00.000000000Z,261364,108893,326465.414277854,138
2015-06-06T00:00:00.000000000Z,271268,93591,421093.070590275,178
2015-06-07T00:00:00.000000000Z,255838,82502,352488.01976377,149
2015-06-08T00:00:00.000000000Z,252632,111670,371413.551026254,157
2015-06-09T00:00:00.000000000Z,287564,121137,357219.402579391,151
2015-06-10T00:00:00.000000000Z,354081,129616,399801.847919981,169
2015-06-11T00:00:00.000000000Z,281625,120640,319368.340054422,135
2015-06-12T00:00:00.000000000Z,296611,125402,335928.179909096,142
2015-06-13T00:00:00.000000000Z,282673,105230,376144.933841875,159
2015-06-14T00:00:00.000000000Z,292633,105380,361934.276712658,148
2015-06-15T00:00:00.000000000Z,318865,128569,355711.957090776,144
2015-06-16T00:00:00.000000000Z,276646,120372,291486.187060497,118
2015-06-17T00:00:00.000000000Z,322275,132006,390295.064030157,158
2015-06-18T00:00:00.000000000Z,287336,125830,385354.620181674,156
2015-06-19T00:00:00.000000000Z,291461,126014,363122.6228635,147
2015-06-20T00:00:00.000000000Z,259541,100545,331009.737848361,134
2015-06-21T00:00:00.000000000Z,279335,96769,306307.518605946,124
2015-06-22T00:00:00.000000000Z,264629,118897,377943.954408949,153
2015-06-23T00:00:00.000000000Z,303390,126676,345831.06939381,140
2015-06-24T00:00:00.000000000Z,267900,113349,385354.620181674,156
2015-06-25T00:00:00.000000000Z,227584,109193,375473.732484708,152
2015-06-26T00:00:00.000000000Z,294363,117718,380414.176333191,154
2015-06-27T00:00:00.000000000Z,290296,103789,318658.628227153,129
2015-06-28T00:00:00.000000000Z,275010,100641,346814.543816443,141
2015-06-29T00:00:00.000000000Z,290419,124779,343810.247546963,140
2015-06-30T00:00:00.000000000Z,312364,155748,356089.184959355,145
2015-07-01T00:00:00.000000000Z,308546,142709,331531.310134572,135
2015-07-02T00:00:00.000000000Z,317013,142954,378191.27230166,154
2015-07-03T00:00:00.000000000Z,300150,129344,395381.784679008,161
2015-07-04T00:00:00.000000000Z,271740,103718,373279.697336703,152
2015-07-05T00:00:00.000000000Z,307522,114726,348721.82251192,142
2015-07-06T00:00:00.000000000Z,352954,180882,444497.534328574,181
2015-07-07T00:00:00.000000000Z,321011,190910,329075.522652093,134
2015-07-08T00:00:00.000000000Z,317005,195582,395381.784679008,161
2015-07-09T00:00:00.000000000Z,333362,194989,326619.735169615,133
2015-07-10T00:00:00.000000000Z,319210,190131,378191.27230166,154
2015-07-11T00:00:00.000000000Z,321077,186958,365703.823777367,148
2015-07-12T00:00:00.000000000Z,313443,208628,342767.691987456,135
2015-07-13T00:00:00.000000000Z,299508,158460,375774.951215878,148
2015-07-14T00:00:00.000000000Z,288951,124862,365618.871453287,144
2015-07-15T00:00:00.000000000Z,268772,112163,388470.050919117,153
2015-07-16T00:00:00.000000000Z,278082,116060,340228.672046808,134
2015-07-17T00:00:00.000000000Z,248227,114852,373235.93127523,147
2015-07-18T00:00:00.000000000Z,251678,134042,378313.971156526,149
2015-07-19T00:00:00.000000000Z,296139,117660,385931.03097847,152
2015-07-20T00:00:00.000000000Z,283750,125270,396087.110741061,156
2015-07-21T00:00:00.000000000Z,313410,134200,322455.532462274,127
2015-07-22T00:00:00.000000000Z,287455,128982,391009.070859765,154
2015-07-23T00:00:00.000000000Z,264413,110507,355462.791690696,140
2015-07-24T00:00:00.000000000Z,264644,108126,429094.369969483,169
2015-07-25T00:00:00.000000000Z,243324,100567,395370.72515724,154
2015-07-26T00:00:00.000000000Z,299700,93547,374222.682670225,144
2015-07-27T00:00:00.000000000Z,283647,114211,387216.525818497,149
2015-07-28T00:00:00.000000000Z,303847,121880,353432.53363299,136
2015-07-29T00:00:00.000000000Z,312401,140018,395012.83170746,152
2015-07-30T00:00:00.000000000Z,278623,125022,348234.996373682,134
2015-07-31T00:00:00.000000000Z,299579,145443,392414.063077805,151
2015-08-01T00:00:00.000000000Z,300587,148454,402809.137596423,155
2015-08-02T00:00:00.000000000Z,292502,103972,392414.063077805,151
2015-08-03T00:00:00.000000000Z,300542,119397,408006.674855731,157
2015-08-04T00:00:00.000000000Z,293826,132986,353432.53363299,136
2015-08-05T00:00:00.000000000Z,313235,131314,345636.227744027,133
2015-08-06T00:00:00.000000000Z,295447,134811,371623.914040571,143
2015-08-07T00:00:00.000000000Z,283150,115384,356031.302262645,137
2015-08-08T00:00:00.000000000Z,266587,100950,420413.404985863,161
2015-08-09T00:00:00.000000000Z,262571,88144,372000.719336283,142
2015-08-10T00:00:00.000000000Z,292834,115928,437493.803726473,167
2015-08-11T00:00:00.000000000Z,271613,115981,424395.186848435,162
2015-08-12T00:00:00.000000000Z,278802,116970,330085.145326561,126
2015-08-13T00:00:00.000000000Z,272849,115808,385099.336214321,147
2015-08-14T00:00:00.000000000Z,268926,110518,372000.719336283,142
2015-08-15T00:00:00.000000000Z,272413,96407,358902.102458245,137
2015-08-16T00:00:00.000000000Z,275996,88617,361521.825833852,138
2015-08-17T00:00:00.000000000Z,293079,120631,385099.336214321,147
2015-08-18T00:00:00.000000000Z,293760,117676,369380.995960675,141
2015-08-19T00:00:00.000000000Z,280796,116441,408676.846594789,156
2015-08-20T00:00:00.000000000Z,278919,119447,392958.506341144,150
2015-08-21T00:00:00.000000000Z,281703,112811,432254.356975258,165
2015-08-22T00:00:00.000000000Z,295137,104345,426143.652201538,158
2015-08-23T00:00:00.000000000Z,284990,94037,361412.970854469,134
2015-08-24T00:00:00.000000000Z,309470,126407,418052.317033154,155
2015-08-25T00:00:00.000000000Z,288148,122964,364110.082577264,135
2015-08-26T00:00:00.000000000Z,288944,123779,434234.987369922,161
2015-08-27T00:00:00.000000000Z,270033,117058,369504.306022853,137
2015-08-28T00:00:00.000000000Z,296413,120019,418052.317033154,155
2015-08-29T00:00:00.000000000Z,290341,109044,431537.875647127,160
2015-08-30T00:00:00.000000000Z,280853,96776,404566.758419182,150
2015-08-31T00:00:00.000000000Z,308087,129082,423446.540478743,157
2015-09-01T00:00:00.000000000Z,308331,131180,415355.20531036,154
2015-09-02T00:00:00.000000000Z,292511,151003,431537.875647127,160
2015-09-03T00:00:00.000000000Z,297285,125273,393778.311528004,146
2015-09-04T00:00:00.000000000Z,260465,102134,434444.799372061,156
2015-09-05T00:00:00.000000000Z,323127,127522,416212.869138725,147
2015-09-06T00:00:00.000000000Z,290712,105924,407718.72895222,144
2015-09-07T00:00:00.000000000Z,318515,124388,430369.769449566,152
2015-09-08T00:00:00.000000000Z,338676,127806,385067.688454875,136
2015-09-09T00:00:00.000000000Z,298432,124005,421875.629263061,149
2015-09-10T00:00:00.000000000Z,283028,123230,484165.990630761,171
2015-09-11T00:00:00.000000000Z,317585,182060,447358.049822575,158
2015-09-12T00:00:00.000000000Z,276575,136766,382236.308392706,135
2015-09-13T00:00:00.000000000Z,317231,144629,427538.389387398,151
2015-09-14T00:00:00.000000000Z,311373,169000,430369.769449566,152
2015-09-15T00:00:00.000000000Z,324464,161744,453020.809946911,160
2015-09-16T00:00:00.000000000Z,301627,169119,402055.968827884,142
2015-09-17T00:00:00.000000000Z,315192,256980,410910.027600594,144
2015-09-18T00:00:00.000000000Z,320444,162145,433587.717335429,147
2015-09-19T00:00:00.000000000Z,268056,114319,368697.038550535,125
2015-09-20T00:00:00.000000000Z,336567,107742,377545.767475748,128
2015-09-21T00:00:00.000000000Z,357635,133015,389344.072709365,132
2015-09-22T00:00:00.000000000Z,348545,135214,463083.480419472,157
2015-09-23T00:00:00.000000000Z,297453,132602,466033.056727876,158
2015-09-24T00:00:00.000000000Z,295784,125773,412940.683176599,140
2015-09-25T00:00:00.000000000Z,292649,126477,483730.514578302,164
2015-09-26T00:00:00.000000000Z,314624,116096,433587.717335429,147
2015-09-27T00:00:00.000000000Z,324221,108836,439486.869952237,149
2015-09-28T00:00:00.000000000Z,295867,136065,421789.412101812,143
2015-09-29T00:00:00.000000000Z,355812,141219,513226.277662345,174
2015-09-30T00:00:00.000000000Z,334445,140556,436537.293643833,148
2015-10-01T00:00:00.000000000Z,297034,136279,444776.382758561,149
2015-10-02T00:00:00.000000000Z,309307,140746,417179.763438577,138
2015-10-03T00:00:00.000000000Z,252618,115341,438341.05578691,145
2015-10-04T00:00:00.000000000Z,303522,102050,462525.389899291,153
2015-10-05T00:00:00.000000000Z,297239,129445,462525.389899291,153
2015-10-06T00:00:00.000000000Z,325721,144666,429271.930494767,142
2015-10-07T00:00:00.000000000Z,310175,135767,402064.554618338,133
2015-10-08T00:00:00.000000000Z,301525,134073,423225.846966672,140
2015-10-09T00:00:00.000000000Z,274941,119845,380903.262270005,126
2015-10-10T00:00:00.000000000Z,317477,123713,483686.682247624,160
2015-10-11T00:00:00.000000000Z,296821,104828,441364.097550958,146
2015-10-12T00:00:00.000000000Z,307438,135172,429271.930494767,142
2015-10-13T00:00:00.000000000Z,307430,134743,414156.721674529,137
2015-10-14T00:00:00.000000000Z,317192,143317,459502.348135244,152
2015-10-15T00:00:00.000000000Z,360598,151601,502137.288713881,166
2015-10-16T00:00:00.000000000Z,342212,143758,435823.398820657,144
2015-10-17T00:00:00.000000000Z,375203,140784,411610.987775065,136
2015-10-18T00:00:00.000000000Z,327671,113308,438849.950201356,145
2015-10-19T00:00:00.000000000Z,349142,146674,499380.977815336,165
2015-10-20T00:00:00.000000000Z,403962,147549,387398.576729473,128
2015-10-21T00:00:00.000000000Z,343508,145239,435823.398820657,144
2015-10-22T00:00:00.000000000Z,352887,152044,447929.604343453,148
2015-10-23T00:00:00.000000000Z,361424,138354,450956.155724152,149
2015-10-24T00:00:00.000000000Z,378880,143796,438849.950201356,145
2015-10-25T00:00:00.000000000Z,371558,130520,469115.464008346,155
2015-10-26T00:00:00.000000000Z,371860,115817,496354.426434637,164
2015-10-27T00:00:00.000000000Z,353786,153539,444903.052962754,147
2015-10-28T00:00:00.000000000Z,355701,161025,420690.641917162,139
2015-10-29T00:00:00.000000000Z,385081,160480,466068.004514329,151
2015-10-30T00:00:00.000000000Z,372016,163703,529187.24527939,171
2015-10-31T00:00:00.000000000Z,367631,155851,454915.351205088,147
2015-11-01T00:00:00.000000000Z,393101,153010,473483.324723664,153
2015-11-02T00:00:00.000000000Z,404897,174085,473483.324723664,153
2015-11-03T00:00:00.000000000Z,449049,185118,479672.649229855,155
2015-11-04T00:00:00.000000000Z,498795,205457,479672.649229855,155
2015-11-05T00:00:00.000000000Z,441656,181730,451820.688951993,146
2015-11-06T00:00:00.000000000Z,426032,166618,448726.026698897,145
2015-11-07T00:00:00.000000000Z,365479,150863,470388.662470568,152
2015-11-08T00:00:00.000000000Z,386676,135361,430158.053180322,139
2015-11-09T00:00:00.000000000Z,408589,156149,461104.67571128,149
2015-11-10T00:00:00.000000000Z,399491,160462,451820.688951993,146
2015-11-11T00:00:00.000000000Z,374115,161943,537055.796106772,168
2015-11-12T00:00:00.000000000Z,374348,159916,527006.857659411,161
2015-11-13T00:00:00.000000000Z,358205,153174,523733.523139787,160
2015-11-14T00:00:00.000000000Z,383137,149141,464813.50178656,142
2015-11-15T00:00:00.000000000Z,409132,140003,523733.523139787,160
2015-11-16T00:00:00.000000000Z,404593,160506,566286.871894895,173
2015-11-17T00:00:00.000000000Z,388743,158577,487726.843423926,149
2015-11-18T00:00:00.000000000Z,403730,166493,500820.181502421,153
2015-11-19T00:00:00.000000000Z,345821,148816,445173.494668818,136
2015-11-20T00:00:00.000000000Z,361600,157775,546646.864777153,167
2015-11-21T00:00:00.000000000Z,370942,148752,569560.206414519,174
2015-11-22T00:00:00.000000000Z,379184,129856,563013.537375271,172
2015-11-23T00:00:00.000000000Z,340771,146876,533553.526698658,163
2015-11-24T00:00:00.000000000Z,385973,152287,560533.42415402,156
2015-11-25T00:00:00.000000000Z,364221,152916,535030.217025699,148
2015-11-26T00:00:00.000000000Z,386928,163281,636252.149976506,176
2015-11-27T00:00:00.000000000Z,360234,161840,480804.181516337,133
2015-11-28T00:00:00.000000000Z,410729,163866,556720.631229443,154
2015-11-29T00:00:00.000000000Z,328208,130482,538645.286059656,149
2015-11-30T00:00:00.000000000Z,490103,184974,585641.183501102,162
2015-12-01T00:00:00.000000000Z,414541,176727,603716.528670889,167
2015-12-02T00:00:00.000000000Z,424374,182865,582026.114467145,161
2015-12-03T00:00:00.000000000Z,359444,163822,513339.802821954,142
2015-12-04T00:00:00.000000000Z,416094,171379,553105.562195486,153
2015-12-05T00:00:00.000000000Z,460264,188759,632637.080942549,175
2015-12-06T00:00:00.000000000Z,425554,176858,577650.161239677,159
2015-12-07T00:00:00.000000000Z,449269,193821,578033.500385697,147
2015-12-08T00:00:00.000000000Z,452823,198694,688135.119506783,175
2015-12-09T00:00:00.000000000Z,493312,217675,660609.714726512,168
2015-12-10T00:00:00.000000000Z,473257,212096,849355.347505516,216
2015-12-11T00:00:00.000000000Z,466766,210641,629152.109263344,160
2015-12-12T00:00:00.000000000Z,527840,204106,637016.510629136,162
2015-12-13T00:00:00.000000000Z,484886,188060,558372.496971217,142
2015-12-14T00:00:00.000000000Z,520571,231777,766779.133164702,195
2015-12-15T00:00:00.000000000Z,495314,224712,719592.724969951,183
2015-12-16T00:00:00.000000000Z,487898,222651,640948.711312032,163
2015-12-17T00:00:00.000000000Z,453218,213352,609491.105848864,155
2015-12-18T00:00:00.000000000Z,459189,217534,684510.337699163,169
2015-12-19T00:00:00.000000000Z,497028,208041,729321.303625075,157
2015-12-20T00:00:00.000000000Z,481622,196417,766484.172599601,165
2015-12-21T00:00:00.000000000Z,505331,233218,692158.434650549,149
2015-12-22T00:00:00.000000000Z,479097,218030,696803.793272365,150
2015-12-23T00:00:00.000000000Z,478167,219943,729321.303625075,157
2015-12-24T00:00:00.000000000Z,456965,213360,641059.489810576,138
2015-12-25T00:00:00.000000000Z,367825,173868,752548.096734154,162
2015-12-26T00:00:00.000000000Z,416167,179227,794356.324330496,171
2015-12-27T00:00:00.000000000Z,408582,160526,952298.517472232,205
2015-12-28T00:00:00.000000000Z,413657,174759,701449.151894181,151
2015-12-29T00:00:00.000000000Z,427804,184447,738612.020868707,159
2015-12-30T00:00:00.000000000Z,397910,177403,766484.172599601,165
2015-12-31T00:00:00.000000000Z,353317,153350,702681.498032921,142
2016-01-01T00:00:00.000000000Z,316781,124427,697129.166405806,135
2016-01-02T00:00:00.000000000Z,417966,147864,748768.363917347,145
2016-01-03T00:00:00.000000000Z,398443,145029,748768.363917347,145
2016-01-04T00:00:00.000000000Z,413159,178576,934669.474958895,181
2016-01-05T00:00:00.000000000Z,435291,183659,810735.400931196,157
2016-01-06T00:00:00.000000000Z,381359,171808,728112.684912731,141
2016-01-07T00:00:00.000000000Z,432867,191087,759096.203419655,147
2016-01-08T00:00:00.000000000Z,405522,179603,893358.116949662,173
2016-01-09T00:00:00.000000000Z,461784,185614,779751.882424272,151
2016-01-10T00:00:00.000000000Z,427477,155959,903685.95645197,175
2016-01-11T00:00:00.000000000Z,452499,192900,877866.357696199,170
2016-01-12T00:00:00.000000000Z,453665,194437,877866.357696199,170
2016-01-13T00:00:00.000000000Z,430325,192477,813710.194014571,148
2016-01-14T00:00:00.000000000Z,427750,181837,749438.083305595,133
2016-01-15T00:00:00.000000000Z,410879,179113,687454.482430696,122
2016-01-16T00:00:00.000000000Z,511206,197424,800151.938566876,142
2016-01-17T00:00:00.000000000Z,521728,196195,850865.793828157,151
2016-01-18T00:00:00.000000000Z,476975,216659,974832.995577956,173
2016-01-19T00:00:00.000000000Z,425484,188008,749438.083305595,133
2016-01-20T00:00:00.000000000Z,623972,209638,856500.666634966,152
2016-01-21T00:00:00.000000000Z,511702,217274,771977.574532831,137
2016-01-22T00:00:00.000000000Z,500516,216124,991737.613998384,176
2016-01-23T00:00:00.000000000Z,466284,188043,1008642.23241881,179
2016-01-24T00:00:00.000000000Z,492811,204384,963563.249964338,171
2016-01-25T00:00:00.000000000Z,528904,224278,912849.394703057,162
2016-01-26T00:00:00.000000000Z,528008,228799,928141.002810171,160
2016-01-27T00:00:00.000000000Z,531444,230341,924867.907889316,155
2016-01-28T00:00:00.000000000Z,513308,221571,871165.900334451,146
2016-01-29T00:00:00.000000000Z,529268,223009,1008404.36408577,169
2016-01-30T00:00:00.000000000Z,490429,195106,1115808.3791955,187
2016-01-31T00:00:00.000000000Z,484082,177814,1080007.04082559,181
2016-02-01T00:00:00.000000000Z,616260,226436,960669.246259225,161
2016-02-02T00:00:00.000000000Z,675786,238194,1074040.15109727,180
2016-02-03T00:00:00.000000000Z,542654,187411,1068073.26136895,179
2016-02-04T00:00:00.000000000Z,459997,202021,1002437.47435745,168
2016-02-05T00:00:00.000000000Z,503467,222655,1121775.26892382,188
2016-02-06T00:00:00.000000000Z,497975,228552,1193377.94566364,200
2016-02-07T00:00:00.000000000Z,516141,210537,1234537.96602865,176
2016-02-08T00:00:00.000000000Z,479473,228610,1060281.98712231,148
2016-02-09T00:00:00.000000000Z,515267,232957,1260875.87657788,176
2016-02-10T00:00:00.000000000Z,487454,229228,1174907.06681121,164
2016-02-11T00:00:00.000000000Z,496667,221125,1375500.95626678,192
2016-02-12T00:00:00.000000000Z,470121,201608,1225055.5391751,171
2016-02-13T00:00:00.000000000Z,448353,184733,1117594.52696676,156
2016-02-14T00:00:00.000000000Z,496649,189676,1189235.20177232,166
2016-02-15T00:00:00.000000000Z,498129,220619,1088938.25704454,152
2016-02-16T00:00:00.000000000Z,481206,216248,988641.312316752,138
2016-02-17T00:00:00.000000000Z,537228,224099,1110430.45948621,155
2016-02-18T00:00:00.000000000Z,496326,213696,1210727.40421399,169
2016-02-19T00:00:00.000000000Z,523596,218073,1106210.05838203,145
2016-02-20T00:00:00.000000000Z,489626,216020,1219082.13715781,150
2016-02-21T00:00:00.000000000Z,531113,208504,1040283.423708,128
2016-02-22T00:00:00.000000000Z,537212,236206,1032156.20946028,127
2016-02-23T00:00:00.000000000Z,550408,249004,1105301.13768975,136
2016-02-24T00:00:00.000000000Z,466104,219789,959011.28123081,118
2016-02-25T00:00:00.000000000Z,529925,217622,1259718.20839641,155
2016-02-26T00:00:00.000000000Z,476826,203801,1137809.99468062,140
2016-02-27T00:00:00.000000000Z,467543,176879,1194700.49441466,147
2016-02-28T00:00:00.000000000Z,497556,239755,1089046.70919431,134
2016-02-29T00:00:00.000000000Z,563571,264062,1080919.49494659,133
2016-03-01T00:00:00.000000000Z,561876,275555,1145937.20892834,141
2016-03-02T00:00:00.000000000Z,553815,265637,1275972.63689184,157
2016-03-03T00:00:00.000000000Z,575225,228219,1097173.92344203,135
2016-03-04T00:00:00.000000000Z,513898,200730,1257200.65607867,155
2016-03-05T00:00:00.000000000Z,530671,235769,1181318.8523918,150
2016-03-06T00:00:00.000000000Z,409059,161087,1165567.93435991,148
2016-03-07T00:00:00.000000000Z,421465,187221,1047436.04912073,133
2016-03-08T00:00:00.000000000Z,460732,197505,1212820.68845558,154
2016-03-09T00:00:00.000000000Z,504399,186674,1323077.11467881,168
2016-03-10T00:00:00.000000000Z,445273,190661,1220696.14747152,155
2016-03-11T00:00:00.000000000Z,434658,195406,1260073.44255125,160
2016-03-12T00:00:00.000000000Z,374730,166468,1134066.09829613,144
2016-03-13T00:00:00.000000000Z,421585,147901,1047436.04912073,133
2016-03-14T00:00:00.000000000Z,451902,189108,1197069.77042369,152
2016-03-15T00:00:00.000000000Z,451559,204228,1267948.9015672,161
2016-03-16T00:00:00.000000000Z,449250,211838,1197069.77042369,152
2016-03-17T00:00:00.000000000Z,482125,206792,1110439.72124829,141
2016-03-18T00:00:00.000000000Z,425769,204309,1099528.52189976,136
2016-03-19T00:00:00.000000000Z,428645,180638,1118857.35233453,136
2016-03-20T00:00:00.000000000Z,430803,174786,1201126.2753003,146
2016-03-21T00:00:00.000000000Z,435918,199753,1143538.02922426,139
2016-03-22T00:00:00.000000000Z,462080,203183,1217580.05989345,148
2016-03-23T00:00:00.000000000Z,438399,189934,1225806.95219003,149
2016-03-24T00:00:00.000000000Z,430544,189092,1209353.16759688,147
2016-03-25T00:00:00.000000000Z,392195,170642,1201126.2753003,146
2016-03-26T00:00:00.000000000Z,471861,159417,1258714.52137634,153
2016-03-27T00:00:00.000000000Z,410531,158725,1159991.81381741,141
2016-03-28T00:00:00.000000000Z,520539,199341,1398571.69041816,170
2016-03-29T00:00:00.000000000Z,674110,200627,1291622.09056265,157
2016-03-30T00:00:00.000000000Z,475833,198494,1209353.16759688,147
2016-03-31T00:00:00.000000000Z,425668,209977,1020134.6447756,124
2016-04-01T00:00:00.000000000Z,498916,203564,1266862.83281171,153
2016-04-02T00:00:00.000000000Z,486983,189597,1152898.4861624,139
2016-04-03T00:00:00.000000000Z,456249,171837,1177781.1873026,142
2016-04-04T00:00:00.000000000Z,486496,209091,1376842.79642417,166
2016-04-05T00:00:00.000000000Z,464749,219126,1285606.22557678,155
2016-04-06T00:00:00.000000000Z,480231,219170,1302194.69300358,157
2016-04-07T00:00:00.000000000Z,450348,221115,1152898.4861624,139
2016-04-08T00:00:00.000000000Z,433298,210165,1194369.6547294,144
2016-04-09T00:00:00.000000000Z,428083,197534,1343665.86157057,162
2016-04-10T00:00:00.000000000Z,444157,186313,1434902.43241796,173
2016-04-11T00:00:00.000000000Z,476122,234053,1269017.75814998,153
2016-04-12T00:00:00.000000000Z,504477,233733,1227546.58958299,148
2016-04-13T00:00:00.000000000Z,497314,224860,1360254.32899737,164
2016-04-14T00:00:00.000000000Z,466772,228546,1425512.68730726,164
2016-04-15T00:00:00.000000000Z,439873,213187,1234618.41233425,139
2016-04-16T00:00:00.000000000Z,407712,180596,1225736.26548292,138
2016-04-17T00:00:00.000000000Z,485493,193251,1403379.20250943,158
2016-04-18T00:00:00.000000000Z,473379,222012,1190207.67807762,134
2016-04-19T00:00:00.000000000Z,480187,225653,1332322.02769883,150
2016-04-20T00:00:00.000000000Z,458038,211920,1465554.23046871,165
2016-04-21T00:00:00.000000000Z,481473,215427,1341204.17455015,151
2016-04-22T00:00:00.000000000Z,438706,209575,1270146.99973955,143
2016-04-23T00:00:00.000000000Z,433938,184000,1279029.14659088,144
2016-04-24T00:00:00.000000000Z,456476,182596,1172443.38437497,132
2016-04-25T00:00:00.000000000Z,496102,221427,1128032.65011834,127
2016-04-26T00:00:00.000000000Z,526580,250305,1341204.17455015,151
2016-04-27T00:00:00.000000000Z,477617,244862,1145796.94382099,129
2016-04-28T00:00:00.000000000Z,459333,245630,1199003.65014719,135
2016-04-29T00:00:00.000000000Z,513848,258516,1403229.58036089,158
2016-04-30T00:00:00.000000000Z,442245,217887,1296655.18185247,146
2016-05-01T00:00:00.000000000Z,424418,184944,1376585.98073378,155
2016-05-02T00:00:00.000000000Z,480773,224725,1394348.38048519,157
2016-05-03T00:00:00.000000000Z,461956,232184,1341061.18123098,151
2016-05-04T00:00:00.000000000Z,510639,239128,1483160.37924221,167
2016-05-05T00:00:00.000000000Z,455031,228717,1376585.98073378,155
2016-05-06T00:00:00.000000000Z,465712,238949,1438754.3798637,162
2016-05-07T00:00:00.000000000Z,411559,196121,1332179.98135528,150
2016-05-08T00:00:00.000000000Z,435990,184689,1492041.57911791,168
2016-05-09T00:00:00.000000000Z,489806,228993,1518685.17874501,171
2016-05-10T00:00:00.000000000Z,496262,246893,1403229.58036089,158
2016-05-11T00:00:00.000000000Z,475358,236434,1263377.10291735,133
2016-05-12T00:00:00.000000000Z,449920,227185,1342247.86954719,139
2016-05-13T00:00:00.000000000Z,461650,230934,1467781.84295808,152
2016-05-14T00:00:00.000000000Z,448880,208146,1390530.16701292,144
2016-05-15T00:00:00.000000000Z,437321,205289,1342247.86954719,139
2016-05-16T00:00:00.000000000Z,506052,235248,1361560.78853348,141
2016-05-17T00:00:00.000000000Z,488115,244451,1361560.78853348,141
2016-05-18T00:00:00.000000000Z,511129,234837,1477438.30245123,153
2016-05-19T00:00:00.000000000Z,452381,212191,1158775.13917743,120
2016-05-20T00:00:00.000000000Z,458726,212260,1438812.46447864,149
2016-05-21T00:00:00.000000000Z,489718,186149,1361560.78853348,141
2016-05-22T00:00:00.000000000Z,450660,185673,1776788.54673873,184
2016-05-23T00:00:00.000000000Z,524621,228956,1738162.70876615,180
2016-05-24T00:00:00.000000000Z,504685,241161,1424527.48797779,147
2016-05-25T00:00:00.000000000Z,494978,249524,1367284.21320355,138
2016-05-26T00:00:00.000000000Z,482152,221744,1337560.6433513,135
2016-05-27T00:00:00.000000000Z,520769,215751,1377192.06982096,139
2016-05-28T00:00:00.000000000Z,467539,187879,1317744.93011646,133
2016-05-29T00:00:00.000000000Z,446574,186986,1456454.9227603,147
2016-05-30T00:00:00.000000000Z,538546,205995,1426731.35290805,144
2016-05-31T00:00:00.000000000Z,480865,218981,1258297.79041196,127
2016-06-01T00:00:00.000000000Z,499855,229927,1416823.49629063,143
2016-06-02T00:00:00.000000000Z,483962,234060,1367284.21320355,138
2016-06-03T00:00:00.000000000Z,488080,229138,1406915.63967322,142
2016-06-04T00:00:00.000000000Z,441515,195593,1179034.93747262,119
2016-06-05T00:00:00.000000000Z,464095,189529,1684335.62496089,170
2016-06-06T00:00:00.000000000Z,518548,222496,1684335.62496089,170
2016-06-07T00:00:00.000000000Z,514462,237323,1387099.92643838,140
2016-06-08T00:00:00.000000000Z,482283,230863,1405239.8337768,144
2016-06-09T00:00:00.000000000Z,523498,230568,1608133.9309215,165
2016-06-10T00:00:00.000000000Z,498550,227239,1403462.33971331,144
2016-06-11T00:00:00.000000000Z,467524,213728,1520417.53468942,156
2016-06-12T00:00:00.000000000Z,526242,214242,1422954.87220933,146
2016-06-13T00:00:00.000000000Z,580506,252195,1569148.86592946,161
2016-06-14T00:00:00.000000000Z,534856,243818,1286507.1447372,132
2016-06-15T00:00:00.000000000Z,587472,261069,1481432.46969738,152
2016-06-16T00:00:00.000000000Z,586017,268010,1452193.67095336,149
2016-06-17T00:00:00.000000000Z,575677,249935,1452193.67095336,149
2016-06-18T00:00:00.000000000Z,564654,237493,1539910.06718544,158
2016-06-19T00:00:00.000000000Z,507096,213422,1725089.12589761,177
2016-06-20T00:00:00.000000000Z,567592,250874,1598387.66467349,164
2016-06-21T00:00:00.000000000Z,592134,251553,1531412.7730782,149
2016-06-22T00:00:00.000000000Z,553797,237433,1343144.51552347,129
2016-06-23T00:00:00.000000000Z,546971,234209,1457676.21839756,140
2016-06-24T00:00:00.000000000Z,534641,237560,1343144.51552347,129
2016-06-25T00:00:00.000000000Z,527647,209400,1686739.62414575,162
2016-06-26T00:00:00.000000000Z,498043,179209,1520148.05632888,146
2016-06-27T00:00:00.000000000Z,492341,218747,1530560.02931744,147
2016-06-28T00:00:00.000000000Z,542692,212946,1540972.00230599,148
2016-06-29T00:00:00.000000000Z,465149,225124,1520148.05632888,146
2016-06-30T00:00:00.000000000Z,506917,227705,1561795.9482831,150
2016-07-01T00:00:00.000000000Z,498334,209840,1613855.81322587,155
2016-07-02T00:00:00.000000000Z,438905,193271,1551383.97529455,149
2016-07-03T00:00:00.000000000Z,442711,180924,1603443.84023732,154
2016-07-04T00:00:00.000000000Z,507658,213768,1573973.22742671,151
2016-07-05T00:00:00.000000000Z,480529,214613,1538177.12694953,145
2016-07-06T00:00:00.000000000Z,477624,220805,1485136.53636507,140
2016-07-07T00:00:00.000000000Z,463940,209782,1453312.18201439,137
2016-07-08T00:00:00.000000000Z,463219,210222,1538177.12694953,145
2016-07-09T00:00:00.000000000Z,434260,182408,1580609.59941711,149
2016-07-10T00:00:00.000000000Z,400962,162504,1654866.42623536,156
2016-07-11T00:00:00.000000000Z,494651,220081,1516960.89071575,143
2016-07-12T00:00:00.000000000Z,475560,218015,1516960.89071575,143
2016-07-13T00:00:00.000000000Z,451100,217382,1368447.23707924,129
2016-07-14T00:00:00.000000000Z,485920,223467,1495744.65448196,141
2016-07-15T00:00:00.000000000Z,446635,211191,1432095.9457806,135
2016-07-16T00:00:00.000000000Z,468834,182111,1665474.54435225,157
2016-07-17T00:00:00.000000000Z,437943,170401,1580609.59941711,149
2016-07-18T00:00:00.000000000Z,488612,222469,1570047.99807086,148
2016-07-19T00:00:00.000000000Z,473547,221724,1358434.53362668,128
2016-07-20T00:00:00.000000000Z,470700,225390,1591915.46909377,150
2016-07-21T00:00:00.000000000Z,451643,222195,1411498.38259648,133
2016-07-22T00:00:00.000000000Z,470889,220460,1369047.30342064,129
2016-07-23T00:00:00.000000000Z,449056,196748,1390272.84300856,131
2016-07-24T00:00:00.000000000Z,435414,184404,1315983.45445085,124
2016-07-25T00:00:00.000000000Z,499950,238338,1390272.84300856,131
2016-07-26T00:00:00.000000000Z,510407,237031,1369047.30342064,129
2016-07-27T00:00:00.000000000Z,472568,230119,1358434.53362668,128
2016-07-28T00:00:00.000000000Z,495202,239806,1443336.69197835,136
2016-07-29T00:00:00.000000000Z,462610,229385,1560077.15971189,147
2016-07-30T00:00:00.000000000Z,453074,199444,1262919.60548106,119
2016-07-31T00:00:00.000000000Z,490761,192596,1634366.5482696,154
2016-08-01T00:00:00.000000000Z,510170,223058,1623753.77847564,153
2016-08-02T00:00:00.000000000Z,541551,250439,1611302.39442715,154
2016-08-03T00:00:00.000000000Z,512566,241845,1666003.54735094,166
2016-08-04T00:00:00.000000000Z,488042,232028,1535533.39002827,153
2016-08-05T00:00:00.000000000Z,482120,230143,1696112.04519463,169
2016-08-06T00:00:00.000000000Z,424854,195177,1666003.54735094,166
2016-08-07T00:00:00.000000000Z,444399,190474,1485352.56028879,148
2016-08-08T00:00:00.000000000Z,527222,234045,1485352.56028879,148
2016-08-09T00:00:00.000000000Z,494819,231091,1244484.57753925,124
2016-08-10T00:00:00.000000000Z,534986,249818,1515461.05813248,151
2016-08-11T00:00:00.000000000Z,526186,251317,1505424.89218458,150
2016-08-12T00:00:00.000000000Z,496269,233837,1495388.72623668,149
2016-08-13T00:00:00.000000000Z,465522,217616,1635895.04950725,163
2016-08-14T00:00:00.000000000Z,448752,195131,1635895.04950725,163
2016-08-15T00:00:00.000000000Z,503013,205074,1480672.78660971,146
2016-08-16T00:00:00.000000000Z,551712,255416,1458782.17092898,135
2016-08-17T00:00:00.000000000Z,507908,235185,1329112.64462418,123
2016-08-18T00:00:00.000000000Z,526059,237773,1664092.25424491,154
2016-08-19T00:00:00.000000000Z,507037,245627,1664092.25424491,154
2016-08-20T00:00:00.000000000Z,511306,215706,1674898.04810365,155
2016-08-21T00:00:00.000000000Z,445785,182112,1761344.39897351,163
2016-08-22T00:00:00.000000000Z,516221,223281,1707315.42967985,158
2016-08-23T00:00:00.000000000Z,512822,238968,1588451.69723378,147
2016-08-24T00:00:00.000000000Z,519952,239697,1642480.66652745,152
2016-08-25T00:00:00.000000000Z,485553,232049,1404753.20163532,130
2016-08-26T00:00:00.000000000Z,478025,225084,1426364.78935278,132
2016-08-27T00:00:00.000000000Z,460178,192507,1556034.31565758,144
2016-08-28T00:00:00.000000000Z,419012,172790,1642480.66652745,152
2016-08-29T00:00:00.000000000Z,512920,230540,1618801.46201982,149
2016-08-30T00:00:00.000000000Z,545062,248618,1799709.0589716,164
2016-08-31T00:00:00.000000000Z,497832,226351,1470493.9872085,134
2016-09-01T00:00:00.000000000Z,481213,233329,1536337.00156112,140
2016-09-02T00:00:00.000000000Z,490560,228902,1678996.8659918,153
2016-09-03T00:00:00.000000000Z,454210,179340,1382703.30140501,126
2016-09-04T00:00:00.000000000Z,433383,179857,1964316.59485315,179
2016-09-05T00:00:00.000000000Z,554978,234920,1536337.00156112,140
2016-09-06T00:00:00.000000000Z,507177,227334,1492441.65865938,136
2016-09-07T00:00:00.000000000Z,530571,253235,1668023.03026636,152
2016-09-08T00:00:00.000000000Z,499129,225530,1580232.34446287,144
2016-09-09T00:00:00.000000000Z,486523,217460,1558284.673012,142
2016-09-10T00:00:00.000000000Z,449720,196056,1700944.53744267,155
2016-09-11T00:00:00.000000000Z,460039,179546,1799709.0589716,164
2016-09-12T00:00:00.000000000Z,516128,212412,1821039.51020144,163
2016-09-13T00:00:00.000000000Z,525384,238121,1852325.13960032,165
2016-09-14T00:00:00.000000000Z,484948,227706,1751289.22289484,156
2016-09-15T00:00:00.000000000Z,494956,233885,1728836.7969603,154
2016-09-16T00:00:00.000000000Z,490815,216580,1560443.60245118,139
2016-09-17T00:00:00.000000000Z,497085,212263,1829872.71366577,163
2016-09-18T00:00:00.000000000Z,468394,191175,1627800.88025482,145
2016-09-19T00:00:00.000000000Z,499780,225146,1493086.32464753,133
2016-09-20T00:00:00.000000000Z,526478,241330,1695158.15805847,151
2016-09-21T00:00:00.000000000Z,511634,237941,1863551.35256759,166
2016-09-22T00:00:00.000000000Z,494102,229627,1582896.02838572,141
2016-09-23T00:00:00.000000000Z,501479,230152,1526764.96354935,136
2016-09-24T00:00:00.000000000Z,465376,203096,1863551.35256759,166
2016-09-25T00:00:00.000000000Z,474290,196599,2162558.09313961,185
2016-09-26T00:00:00.000000000Z,536915,231682,1834694.78231133,153
2016-09-27T00:00:00.000000000Z,556798,243713,2002575.3506274,167
2016-09-28T00:00:00.000000000Z,547404,234090,1774737.43648416,148
2016-09-29T00:00:00.000000000Z,554360,241142,1714780.09065699,143
2016-09-30T00:00:00.000000000Z,548051,248141,1702788.62149156,142
2016-10-01T00:00:00.000000000Z,501986,215905,1882660.65897306,157
2016-10-02T00:00:00.000000000Z,463086,189450,1690797.15232613,141
2016-10-03T00:00:00.000000000Z,631233,262768,1810711.84398046,151
2016-10-04T00:00:00.000000000Z,595024,261797,1894652.1281385,158
2016-10-05T00:00:00.000000000Z,599856,269389,2002575.3506274,167
2016-10-06T00:00:00.000000000Z,611468,271559,1930626.5356348,161
2016-10-07T00:00:00.000000000Z,577168,267487,1714780.09065699,143
2016-10-08T00:00:00.000000000Z,547264,246198,2109095.85982046,169
2016-10-09T00:00:00.000000000Z,517842,214311,2056197.68457302,160
2016-10-10T00:00:00.000000000Z,513555,224750,1593553.20554409,124
2016-10-11T00:00:00.000000000Z,595746,262242,1786321.73847281,139
2016-10-12T00:00:00.000000000Z,542168,233717,1850577.91611572,144
2016-10-13T00:00:00.000000000Z,553694,230741,1644958.14765842,128
2016-10-14T00:00:00.000000000Z,523032,237833,1747768.03188707,136
2016-10-15T00:00:00.000000000Z,499884,209799,1824875.44505855,142
2016-10-16T00:00:00.000000000Z,490575,199250,1670660.61871558,130
2016-10-17T00:00:00.000000000Z,544749,238183,1606404.44107267,125
2016-10-18T00:00:00.000000000Z,585111,249735,1991941.50693011,155
2016-10-19T00:00:00.000000000Z,456808,193769,1606404.44107267,125
2016-10-20T00:00:00.000000000Z,624972,277747,1722065.5608299,134
2016-10-21T00:00:00.000000000Z,574916,259442,2107602.62668734,164
2016-10-22T00:00:00.000000000Z,530899,218408,1906300.95008226,149
2016-10-23T00:00:00.000000000Z,527890,192661,1815470.1249901,144
2016-10-24T00:00:00.000000000Z,582797,224654,1802862.69356655,143
2016-10-25T00:00:00.000000000Z,620214,238454,1752432.96787238,139
2016-10-26T00:00:00.000000000Z,613266,221774,1739825.53644884,138
2016-10-27T00:00:00.000000000Z,724529,332576,2042403.89061386,162
2016-10-28T00:00:00.000000000Z,560747,244692,1916329.57637844,152
2016-10-29T00:00:00.000000000Z,542123,231604,1878507.28210781,149
2016-10-30T00:00:00.000000000Z,475892,205720,2118048.47915512,168
2016-10-31T00:00:00.000000000Z,587693,244943,1853292.41926072,147
2016-11-01T00:00:00.000000000Z,602551,248580,1815470.1249901,144
2016-11-02T00:00:00.000000000Z,586295,266408,1676788.37933113,133
2016-11-03T00:00:00.000000000Z,596454,273399,1954151.87064906,155
2016-11-04T00:00:00.000000000Z,552456,246796,1462462.04513091,116
2016-11-05T00:00:00.000000000Z,550980,236443,1856081.59672813,147
2016-11-06T00:00:00.000000000Z,526347,224122,1936557.43909685,153
2016-11-07T00:00:00.000000000Z,624606,277860,1847956.77194863,146
2016-11-08T00:00:00.000000000Z,660400,293470,2139073.24972136,169
2016-11-09T00:00:00.000000000Z,615584,272305,1860614.01011266,147
2016-11-10T00:00:00.000000000Z,603667,265908,2126416.01155733,168
2016-11-11T00:00:00.000000000Z,565366,258625,2063129.82073717,163
2016-11-12T00:00:00.000000000Z,583489,231859,2126416.01155733,168
2016-11-13T00:00:00.000000000Z,527525,213970,1797327.8192925,142
2016-11-14T00:00:00.000000000Z,640753,273607,2177044.96421346,172
2016-11-15T00:00:00.000000000Z,651339,279913,1974529.15358895,156
2016-11-16T00:00:00.000000000Z,621011,292039,2164387.72604942,171
2016-11-17T00:00:00.000000000Z,625675,274309,2012500.86808104,159
2016-11-18T00:00:00.000000000Z,624376,274958,2011089.71225163,148
2016-11-19T00:00:00.000000000Z,577027,250952,1989192.7397282,142
2016-11-20T00:00:00.000000000Z,581103,245259,1793075.14567049,128
2016-11-21T00:00:00.000000000Z,608552,285455,1947167.54100154,139
2016-11-22T00:00:00.000000000Z,617504,284460,1877125.54312379,134
2016-11-23T00:00:00.000000000Z,636445,270755,2059234.73760595,147
2016-11-24T00:00:00.000000000Z,737874,334765,2269360.73123921,162
2016-11-25T00:00:00.000000000Z,682142,314930,2129276.7354837,152
2016-11-26T00:00:00.000000000Z,654741,271985,2143285.13505925,153
2016-11-27T00:00:00.000000000Z,589127,243962,2017209.5388793,144
2016-11-28T00:00:00.000000000Z,701286,296689,2297377.53039031,164
2016-11-29T00:00:00.000000000Z,654015,289360,2087251.53675705,149
2016-11-30T00:00:00.000000000Z,632745,292055,1989192.7397282,142
2016-12-01T00:00:00.000000000Z,597486,234502,2045226.3380304,146
2016-12-02T00:00:00.000000000Z,732501,320261,2035532.46509142,143
2016-12-03T00:00:00.000000000Z,704699,287254,2451895.01734189,172
2016-12-04T00:00:00.000000000Z,645140,245198,2109770.13120116,148
2016-12-05T00:00:00.000000000Z,673152,278799,2166790.94555795,152
2016-12-06T00:00:00.000000000Z,752811,321714,2138280.53837956,150
2016-12-07T00:00:00.000000000Z,761638,308216,2480405.42452028,174
2016-12-08T00:00:00.000000000Z,657520,285072,2238066.96350393,157
2016-12-09T00:00:00.000000000Z,612161,265642,1924452.4845416,135
2016-12-10T00:00:00.000000000Z,587478,246301,1881686.87377401,132
2016-12-11T00:00:00.000000000Z,565550,227763,2665723.07117984,187
2016-12-12T00:00:00.000000000Z,646506,272264,2223811.75991474,156
2016-12-13T00:00:00.000000000Z,664583,294754,2537426.23887707,178
2016-12-14T00:00:00.000000000Z,620511,287634,1981473.29889839,139
2016-12-15T00:00:00.000000000Z,610613,281682,1952251.49677579,127
2016-12-16T00:00:00.000000000Z,640704,279272,2050571.62856036,133
2016-12-17T00:00:00.000000000Z,582085,235904,2220167.77829091,144
2016-12-18T00:00:00.000000000Z,578425,237674,2173914.28290985,141
2016-12-19T00:00:00.000000000Z,660086,284694,2328092.60084672,151
2016-12-20T00:00:00.000000000Z,649665,294641,2127660.78752879,138
2016-12-21T00:00:00.000000000Z,701255,322738,2451435.25519621,159
2016-12-22T00:00:00.000000000Z,685539,316500,2451435.25519621,159
2016-12-23T00:00:00.000000000Z,656294,302701,2343510.4326404,152
2016-12-24T00:00:00.000000000Z,548416,239590,2112242.9557351,137
2016-12-25T00:00:00.000000000Z,469228,196752,2543942.24595833,165
2016-12-26T00:00:00.000000000Z,598371,249168,2189332.11470354,142
2016-12-27T00:00:00.000000000Z,643553,294098,2405181.75981515,156
2016-12-28T00:00:00.000000000Z,663681,305997,2546127.99373219,164
2016-12-29T00:00:00.000000000Z,655045,305721,2368856.40597071,150
2016-12-30T00:00:00.000000000Z,641012,285492,2479403.03824934,157
2016-12-31T00:00:00.000000000Z,569619,246244,2337271.6538911,148
2017-01-01T00:00:00.000000000Z,466889,178054,2463610.66220954,156
2017-01-02T00:00:00.000000000Z,695006,289705,2510987.79032895,159
2017-01-03T00:00:00.000000000Z,665048,309610,2589949.67052797,164
2017-01-04T00:00:00.000000000Z,695057,326406,2416233.53409012,153
2017-01-05T00:00:00.000000000Z,652932,290836,2210932.64557266,140
2017-01-06T00:00:00.000000000Z,718728,344354,2542572.54240856,161
2017-01-07T00:00:00.000000000Z,641049,281650,2179347.89349305,138
2017-01-08T00:00:00.000000000Z,594176,256747,2637326.79864739,167
2017-01-09T00:00:00.000000000Z,615967,274558,2147763.14141344,136
2017-01-10T00:00:00.000000000Z,698656,321863,2545880.37552233,160
2017-01-11T00:00:00.000000000Z,639505,305027,2562350.134115,153
2017-01-12T00:00:00.000000000Z,607660,287002,2880550.47756719,172
2017-01-13T00:00:00.000000000Z,601486,279226,2512107.97462255,150
2017-01-14T00:00:00.000000000Z,595768,244189,2880550.47756719,172
2017-01-15T00:00:00.000000000Z,540189,228460,2796813.54507977,167
2017-01-16T00:00:00.000000000Z,642798,273717,2830308.31807474,169
2017-01-17T00:00:00.000000000Z,652459,287927,2646087.06660242,158
2017-01-18T00:00:00.000000000Z,651983,300621,2512107.97462255,150
2017-01-19T00:00:00.000000000Z,687454,301202,2914045.25056216,174
2017-01-20T00:00:00.000000000Z,659337,297795,3165256.04802441,189
2017-01-21T00:00:00.000000000Z,629947,259231,3031276.95604454,181
2017-01-22T00:00:00.000000000Z,572531,238139,2950275.25252868,174
2017-01-23T00:00:00.000000000Z,619539,232043,2695734.74214349,138
2017-01-24T00:00:00.000000000Z,724707,281463,2910612.14912595,149
2017-01-25T00:00:00.000000000Z,707539,307727,2910612.14912595,149
2017-01-26T00:00:00.000000000Z,719958,311685,3027818.00748001,155
2017-01-27T00:00:00.000000000Z,660526,261285,3320832.65336517,170
2017-01-28T00:00:00.000000000Z,669387,247025,2969215.07830298,152
2017-01-29T00:00:00.000000000Z,636175,240802,3262229.72418814,167
2017-01-30T00:00:00.000000000Z,649149,252820,2812940.60049756,144
2017-01-31T00:00:00.000000000Z,686217,310555,2832474.91022324,145
2017-02-01T00:00:00.000000000Z,780918,344963,3750587.46733008,192
2017-02-02T00:00:00.000000000Z,637933,258254,3066886.62693136,157
2017-02-03T00:00:00.000000000Z,713302,323167,2910612.14912595,149
2017-02-04T00:00:00.000000000Z,655245,285173,2824555.82436805,144
2017-02-05T00:00:00.000000000Z,694185,293960,3336807.82080876,159
2017-02-06T00:00:00.000000000Z,612564,227270,2623276.58868614,125
2017-02-07T00:00:00.000000000Z,721269,329143,3168918.11913285,151
2017-02-08T00:00:00.000000000Z,668157,308637,3063987.05558541,146
2017-02-09T00:00:00.000000000Z,753077,342842,3546669.94790366,169
2017-02-10T00:00:00.000000000Z,659353,304305,3084973.26829489,147
2017-02-11T00:00:00.000000000Z,623589,259144,2917083.56661898,139
2017-02-12T00:00:00.000000000Z,562366,233606,2938069.77932847,140
2017-02-13T00:00:00.000000000Z,674942,292905,3420752.67164672,163
2017-02-14T00:00:00.000000000Z,676693,315969,3546669.94790366,169
2017-02-15T00:00:00.000000000Z,630353,288117,2917083.56661898,139
2017-02-16T00:00:00.000000000Z,677760,291591,3168918.11913285,151
2017-02-17T00:00:00.000000000Z,697160,320136,3168918.11913285,151
2017-02-18T00:00:00.000000000Z,688930,282844,3254025.02653876,151
2017-02-19T00:00:00.000000000Z,592596,251635,2936112.56385841,134
2017-02-20T00:00:00.000000000Z,656025,282397,3242870.59291824,148
2017-02-21T00:00:00.000000000Z,644640,279162,3023757.71501836,138
2017-02-22T00:00:00.000000000Z,627239,279252,3023757.71501836,138
2017-02-23T00:00:00.000000000Z,702266,328502,3286693.16849821,150
2017-02-24T00:00:00.000000000Z,763642,343931,3571539.90976806,163
2017-02-25T00:00:00.000000000Z,741893,321609,3659185.06092801,167
2017-02-26T00:00:00.000000000Z,663264,271193,3900209.22661788,178
2017-02-27T00:00:00.000000000Z,661526,283200,3155225.44175829,144
2017-02-28T00:00:00.000000000Z,704366,327840,3352427.03186818,153
2017-03-01T00:00:00.000000000Z,680418,313728,3155225.44175829,144
2017-03-02T00:00:00.000000000Z,735015,330853,3440072.18302813,157
2017-03-03T00:00:00.000000000Z,732359,335165,3349345.38703688,151
2017-03-04T00:00:00.000000000Z,626694,267483,3023455.91166441,132
2017-03-05T00:00:00.000000000Z,695966,278466,3367030.44708082,147
2017-03-06T00:00:00.000000000Z,675606,287019,3252505.60194202,142
2017-03-07T00:00:00.000000000Z,738688,327507,3504460.26124739,153
2017-03-08T00:00:00.000000000Z,686030,298430,3252505.60194202,142
2017-03-09T00:00:00.000000000Z,705017,304802,3389935.41610858,148
2017-03-10T00:00:00.000000000Z,747049,307987,3573175.16833067,156
2017-03-11T00:00:00.000000000Z,690924,278371,3412840.38513634,149
2017-03-12T00:00:00.000000000Z,598360,221735,3550270.19930291,155
2017-03-13T00:00:00.000000000Z,681914,270973,3321220.5090253,145
2017-03-14T00:00:00.000000000Z,747825,313365,3573175.16833067,156
2017-03-15T00:00:00.000000000Z,673841,291717,3252505.60194202,142
2017-03-16T00:00:00.000000000Z,729304,323892,3504460.26124739,153
2017-03-17T00:00:00.000000000Z,711639,294408,3600869.26330221,154
2017-03-18T00:00:00.000000000Z,689478,263681,3712647.13922961,157
2017-03-19T00:00:00.000000000Z,664913,265099,3901826.61129226,165
2017-03-20T00:00:00.000000000Z,658172,281905,3216051.02506514,136
2017-03-21T00:00:00.000000000Z,686680,285044,3357935.62911213,142
2017-03-22T00:00:00.000000000Z,742361,316577,3759942.00724527,159
2017-03-23T00:00:00.000000000Z,680140,288453,3499820.23315912,148
2017-03-24T00:00:00.000000000Z,702675,287687,4161948.38537841,176
2017-03-25T00:00:00.000000000Z,622498,245888,3145108.72304164,133
2017-03-26T00:00:00.000000000Z,573816,214093,3925474.04530009,166
2017-03-27T00:00:00.000000000Z,610984,239466,3121461.28903381,132
2017-03-28T00:00:00.000000000Z,738882,294201,3665352.27121395,155
2017-03-29T00:00:00.000000000Z,677629,281428,3263345.8930808,138
2017-03-30T00:00:00.000000000Z,689337,286076,3942417.72740472,164
2017-03-31T00:00:00.000000000Z,634568,264354,3352999.96635802,135
2017-04-01T00:00:00.000000000Z,642373,255318,3278488.85599451,132
2017-04-02T00:00:00.000000000Z,648586,239768,3924251.81247828,158
2017-04-03T00:00:00.000000000Z,736529,291271,4371318.47465935,176
2017-04-04T00:00:00.000000000Z,634031,255190,3104629.59847965,125
2017-04-05T00:00:00.000000000Z,739640,318285,4023599.95962963,162
2017-04-06T00:00:00.000000000Z,700828,288456,3651044.40781207,147
2017-04-07T00:00:00.000000000Z,717479,295790,4023599.95962963,162
2017-04-08T00:00:00.000000000Z,599739,228220,3402674.03993369,137
2017-04-09T00:00:00.000000000Z,654193,235725,3949088.84926612,159
2017-04-10T00:00:00.000000000Z,691112,275186,3651044.40781207,147
2017-04-11T00:00:00.000000000Z,754368,308804,4147785.14356882,167
2017-04-12T00:00:00.000000000Z,687363,276453,3526859.22387288,142
2017-04-13T00:00:00.000000000Z,611405,228734,3274289.42119579,127
2017-04-14T00:00:00.000000000Z,696528,286708,3598646.52693503,139
2017-04-15T00:00:00.000000000Z,681237,268816,3883431.50388672,150
2017-04-16T00:00:00.000000000Z,589650,212360,3779873.33044974,146
2017-04-17T00:00:00.000000000Z,613136,249157,3572756.98357579,138
2017-04-18T00:00:00.000000000Z,713650,306095,3779873.33044974,146
2017-04-19T00:00:00.000000000Z,718648,309186,3702204.70037201,143
2017-04-20T00:00:00.000000000Z,687821,266967,3572756.98357579,138
2017-04-21T00:00:00.000000000Z,782123,323583,4323553.74099389,167
2017-04-22T00:00:00.000000000Z,691453,272882,3753983.7870905,145
2017-04-23T00:00:00.000000000Z,637701,241154,3961100.13396446,153
2017-04-24T00:00:00.000000000Z,616696,228745,3210303.37654636,124
2017-04-25T00:00:00.000000000Z,740074,323754,3831652.41716823,148
2017-04-26T00:00:00.000000000Z,769382,333528,3961100.13396446,153
2017-04-27T00:00:00.000000000Z,718553,298425,3813586.2247299,147
2017-04-28T00:00:00.000000000Z,726149,305139,3528859.19852578,136
2017-04-29T00:00:00.000000000Z,827017,342279,4488916.48047764,173
2017-04-30T00:00:00.000000000Z,726257,277080,3918071.61012788,151
2017-05-01T00:00:00.000000000Z,713866,298563,3892124.11602107,150
2017-05-02T00:00:00.000000000Z,782531,331695,4099704.06887553,158
2017-05-03T00:00:00.000000000Z,691453,295724,3425069.22209855,132
2017-05-04T00:00:00.000000000Z,851617,355309,4359179.0099436,168
2017-05-05T00:00:00.000000000Z,660727,267934,3347226.73977813,129
2017-05-06T00:00:00.000000000Z,867643,359458,4359179.0099436,168
2017-05-07T00:00:00.000000000Z,790638,318416,4333231.5158368,167
2017-05-08T00:00:00.000000000Z,887445,364313,4670548.93922529,180
2017-05-09T00:00:00.000000000Z,805373,333631,4021861.58655511,155
2017-05-10T00:00:00.000000000Z,730268,310417,4093329.66292194,148
2017-05-11T00:00:00.000000000Z,703146,295913,3757901.04949698,135
2017-05-12T00:00:00.000000000Z,742648,314538,4286790.8268336,154
2017-05-13T00:00:00.000000000Z,793427,330132,4398136.04311499,158
2017-05-14T00:00:00.000000000Z,894445,369462,4565153.86753708,164
2017-05-15T00:00:00.000000000Z,824667,329004,4732171.69195917,170
2017-05-16T00:00:00.000000000Z,653146,231042,3674392.13728594,132
2017-05-17T00:00:00.000000000Z,765393,320079,4314627.13090395,155
2017-05-18T00:00:00.000000000Z,742869,291987,3952755.17798942,142
2017-05-19T00:00:00.000000000Z,805861,316411,4565153.86753708,164
2017-05-20T00:00:00.000000000Z,854533,354493,4592990.17160743,165
2017-05-21T00:00:00.000000000Z,778746,320625,4091936.69834116,147
2017-05-22T00:00:00.000000000Z,781440,331686,4064100.39427081,146
2017-05-23T00:00:00.000000000Z,872972,368715,4887381.02634698,168
2017-05-24T00:00:00.000000000Z,811722,337146,4562009.63318436,154
2017-05-25T00:00:00.000000000Z,847501,350534,4828620.58577306,163
2017-05-26T00:00:00.000000000Z,814316,333093,4532386.19400784,153
2017-05-27T00:00:00.000000000Z,892105,330950,4976737.78165567,168
2017-05-28T00:00:00.000000000Z,848084,303645,4887867.46412611,165
2017-05-29T00:00:00.000000000Z,771791,326916,4473139.3156548,151
2017-05-30T00:00:00.000000000Z,851137,348103,5302595.61259742,179
2017-05-31T00:00:00.000000000Z,818815,320406,4858244.02494958,164
2017-06-01T00:00:00.000000000Z,837922,319348,5035984.66000872,170
2017-06-02T00:00:00.000000000Z,723130,263831,4325022.11977219,146
2017-06-03T00:00:00.000000000Z,879242,306209,5687700.3218922,192
2017-06-04T00:00:00.000000000Z,739511,271578,5049391.51326877,161
2017-06-05T00:00:00.000000000Z,767010,289269,5533581.08611424,164
2017-06-06T00:00:00.000000000Z,802549,299724,5094943.56099544,151
2017-06-07T00:00:00.000000000Z,877184,338421,5567322.43420031,165
2017-06-08T00:00:00.000000000Z,823165,307355,5567322.43420031,165
2017-06-09T00:00:00.000000000Z,762294,280990,5094943.56099544,151
2017-06-10T00:00:00.000000000Z,696034,252722,4757530.08013481,141
2017-06-11T00:00:00.000000000Z,670073,225018,4926236.82056512,146
2017-06-12T00:00:00.000000000Z,726296,270146,4959978.16865119,147
2017-06-13T00:00:00.000000000Z,768501,291856,4757530.08013481,141
2017-06-14T00:00:00.000000000Z,740847,284904,4723788.73204875,140
2017-06-15T00:00:00.000000000Z,797366,293498,5162426.25716756,153
2017-06-16T00:00:00.000000000Z,730161,271022,4993719.51673725,148
2017-06-17T00:00:00.000000000Z,659616,233555,4907231.27624732,145
2017-06-18T00:00:00.000000000Z,628753,209445,5129905.64430105,145
2017-06-19T00:00:00.000000000Z,725338,268231,5342177.60199627,151
2017-06-20T00:00:00.000000000Z,745087,272588,4882255.02698997,138
2017-06-21T00:00:00.000000000Z,755305,279662,4953012.34622171,140
2017-06-22T00:00:00.000000000Z,728948,267507,4917633.68660584,139
2017-06-23T00:00:00.000000000Z,718091,263398,5660585.53853909,160
2017-06-24T00:00:00.000000000Z,638287,220439,5165284.30391692,146
2017-06-25T00:00:00.000000000Z,537762,185434,4316196.47313606,122
2017-06-26T00:00:00.000000000Z,705488,261094,5023769.66545344,142
2017-06-27T00:00:00.000000000Z,696698,261113,4634604.40967888,131
2017-06-28T00:00:00.000000000Z,738521,277158,5554449.55969148,157
2017-06-29T00:00:00.000000000Z,628876,232122,4245439.15390432,120
2017-06-30T00:00:00.000000000Z,715545,266457,5448313.58084387,154
2017-07-01T00:00:00.000000000Z,641147,220267,5801798.16405462,164
2017-07-02T00:00:00.000000000Z,604820,196813,6622798.79067703,188
2017-07-03T00:00:00.000000000Z,660964,250562,5988701.03412285,170
2017-07-04T00:00:00.000000000Z,718284,256743,5389830.93071056,153
2017-07-05T00:00:00.000000000Z,649605,235034,5248920.31814296,149
2017-07-06T00:00:00.000000000Z,637761,229220,5002326.74614967,142
2017-07-07T00:00:00.000000000Z,733315,243553,5213692.66500107,148
2017-07-08T00:00:00.000000000Z,630307,217777,5812562.76841335,165
2017-07-09T00:00:00.000000000Z,547682,185614,4861416.13358208,138
2017-07-10T00:00:00.000000000Z,778061,254337,6939847.66895412,197
2017-07-11T00:00:00.000000000Z,773747,269057,6094383.99354854,173
2017-07-12T00:00:00.000000000Z,746872,255592,6235294.60611614,177
2017-07-13T00:00:00.000000000Z,675427,243905,5530741.54327816,157
2017-07-14T00:00:00.000000000Z,647312,231329,5287415.70544483,139
2017-07-15T00:00:00.000000000Z,624607,216276,5079131.87191812,127
2017-07-16T00:00:00.000000000Z,617297,205409,6518885.78836735,163
2017-07-17T00:00:00.000000000Z,690739,232141,5918988.32318017,148
2017-07-18T00:00:00.000000000Z,809612,260132,6598872.11705897,165
2017-07-19T00:00:00.000000000Z,713341,253602,5958981.48752598,149
2017-07-20T00:00:00.000000000Z,660126,230755,6478892.62402153,162
2017-07-21T00:00:00.000000000Z,744868,269668,6158947.30925504,154
2017-07-22T00:00:00.000000000Z,633583,214900,6398906.29532991,160
2017-07-23T00:00:00.000000000Z,536910,183120,6878824.26747965,172
2017-07-24T00:00:00.000000000Z,681339,243957,7118783.25355452,178
2017-07-25T00:00:00.000000000Z,702031,242360,5918988.32318017,148
2017-07-26T00:00:00.000000000Z,652653,236393,5878995.15883436,147
2017-07-27T00:00:00.000000000Z,686889,225488,6416436.63634687,154
2017-07-28T00:00:00.000000000Z,683771,249112,6414280.01814893,150
2017-07-29T00:00:00.000000000Z,634637,207797,6713613.08566255,157
2017-07-30T00:00:00.000000000Z,583526,193936,6285994.41778595,147
2017-07-31T00:00:00.000000000Z,692282,220968,6200470.68421063,145
2017-08-01T00:00:00.000000000Z,473639,131368,6371518.15136127,149
2017-08-02T00:00:00.000000000Z,599118,214635,6499803.75172425,152
2017-08-03T00:00:00.000000000Z,592805,212356,5901137.61669702,138
2017-08-04T00:00:00.000000000Z,668144,234256,7654374.15499106,179
2017-08-05T00:00:00.000000000Z,642015,235105,7568850.42141574,177
2017-08-06T00:00:00.000000000Z,547079,203085,5986661.35027234,140
2017-08-07T00:00:00.000000000Z,692078,250307,6542565.61851191,153
2017-08-08T00:00:00.000000000Z,786340,275494,7012946.15317617,164
2017-08-09T00:00:00.000000000Z,711839,257449,6107869.28310813,138
2017-08-10T00:00:00.000000000Z,730801,262413,6149818.07832045,134
2017-08-11T00:00:00.000000000Z,729508,278906,6608759.7259563,144
2017-08-12T00:00:00.000000000Z,695821,261652,6195712.24308403,135
2017-08-13T00:00:00.000000000Z,717839,263937,6792336.38501064,148
2017-08-14T00:00:00.000000000Z,681161,258450,5966241.41926611,130
2017-08-15T00:00:00.000000000Z,817719,309155,6975913.04406499,152
2017-08-16T00:00:00.000000000Z,688962,276520,5966241.41926611,130
2017-08-17T00:00:00.000000000Z,863099,348484,8215055.49268179,179
2017-08-18T00:00:00.000000000Z,727394,306485,6838230.54977423,149
2017-08-19T00:00:00.000000000Z,708914,264904,6930018.8793014,151
2017-08-20T00:00:00.000000000Z,627940,215808,5966241.41926611,130
2017-08-21T00:00:00.000000000Z,632318,238146,5277828.94781232,115
2017-08-22T00:00:00.000000000Z,530992,196446,4084580.6639591,89
2017-08-23T00:00:00.000000000Z,839588,313788,7297172.19741008,159
2017-08-24T00:00:00.000000000Z,542527,201411,4467992.01920994,101
2017-08-25T00:00:00.000000000Z,587663,212865,4459277.50765201,101
2017-08-26T00:00:00.000000000Z,617917,224662,4635882.55746001,105
2017-08-27T00:00:00.000000000Z,753881,257198,6843445.68006004,155
2017-08-28T00:00:00.000000000Z,661017,227603,5695512.85630802,129
2017-08-29T00:00:00.000000000Z,789243,276967,6578538.10534803,149
2017-08-30T00:00:00.000000000Z,805068,275731,7417412.09193603,168
2017-08-31T00:00:00.000000000Z,797023,281321,7196655.77967604,163
2017-09-01T00:00:00.000000000Z,767441,275267,7682319.66664803,174
2017-09-02T00:00:00.000000000Z,709832,241028,7240807.04212804,164
2017-09-03T00:00:00.000000000Z,587110,195123,6799294.41760804,154
2017-09-04T00:00:00.000000000Z,760792,270702,7726470.92910003,175
2017-09-05T00:00:00.000000000Z,780357,277339,8697798.70304403,197
2017-09-06T00:00:00.000000000Z,777010,277211,7283044.48578657,162
2017-09-07T00:00:00.000000000Z,767722,256625,8072925.27664423,176
2017-09-08T00:00:00.000000000Z,809056,271237,8027056.38302694,175
2017-09-09T00:00:00.000000000Z,625612,218820,7751843.02132316,169
2017-09-10T00:00:00.000000000Z,581564,199466,6329907.31918695,138
2017-09-11T00:00:00.000000000Z,724503,249732,7981187.48940964,174
2017-09-12T00:00:00.000000000Z,700869,254127,8623352.0000518,188
2017-09-13T00:00:00.000000000Z,715683,261808,8715089.78728639,190
2017-09-14T00:00:00.000000000Z,786448,274235,7981187.48940964,174
2017-09-15T00:00:00.000000000Z,831698,291839,8256400.85111342,180
2017-09-16T00:00:00.000000000Z,637532,224435,7751843.02132316,169
2017-09-17T00:00:00.000000000Z,582453,195890,8072925.27664423,176
2017-09-18T00:00:00.000000000Z,694432,224367,6687570.05931123,127
2017-09-19T00:00:00.000000000Z,784159,283774,8556655.83040941,156
2017-09-20T00:00:00.000000000Z,619406,234110,6417491.87280707,117
2017-09-21T00:00:00.000000000Z,684987,253479,9653662.9881542,176
2017-09-22T00:00:00.000000000Z,642171,224128,7624199.74632635,139
2017-09-23T00:00:00.000000000Z,571954,203754,9105159.4092818,166
2017-09-24T00:00:00.000000000Z,549507,190216,7953301.89364978,145
2017-09-25T00:00:00.000000000Z,655510,226331,6856294.73590499,125
2017-09-26T00:00:00.000000000Z,722077,258284,7569349.3884391,138
2017-09-27T00:00:00.000000000Z,702387,265442,8063002.60942426,147
2017-09-28T00:00:00.000000000Z,753933,270458,9708513.34604144,177
2017-09-29T00:00:00.000000000Z,741184,255919,9269710.48294352,169
2017-09-30T00:00:00.000000000Z,631821,211916,7569349.3884391,138
2017-10-01T00:00:00.000000000Z,628817,205006,7133598.09247187,130
2017-10-02T00:00:00.000000000Z,800519,289356,8380132.03962018,150
2017-10-03T00:00:00.000000000Z,787242,283080,10223761.0883366,183
2017-10-04T00:00:00.000000000Z,655363,239021,7486251.28872736,134
2017-10-05T00:00:00.000000000Z,725883,272044,6983443.36635015,125
2017-10-06T00:00:00.000000000Z,818384,284714,8882939.96199739,159
2017-10-07T00:00:00.000000000Z,651679,223629,8827072.41506659,158
2017-10-08T00:00:00.000000000Z,699283,243087,10167893.5414058,182
2017-10-09T00:00:00.000000000Z,797851,296123,8994675.05585899,161
2017-10-10T00:00:00.000000000Z,833834,304468,8938807.50892819,160
2017-10-11T00:00:00.000000000Z,778349,294651,7765589.02338137,139
2017-10-12T00:00:00.000000000Z,784446,293950,8547734.68041258,153
2017-10-13T00:00:00.000000000Z,818187,307306,7597986.38258896,136
2017-10-14T00:00:00.000000000Z,789672,291820,7877324.11724297,141
2017-10-15T00:00:00.000000000Z,825816,285265,11485102.1666364,195
2017-10-16T00:00:00.000000000Z,844162,312096,10351762.4275094,174
2017-10-17T00:00:00.000000000Z,878509,337105,9756833.55236517,164
2017-10-18T00:00:00.000000000Z,824566,330289,8983426.0146777,151
2017-10-19T00:00:00.000000000Z,906491,354271,10589733.9775671,178
2017-10-20T00:00:00.000000000Z,850614,313394,10649226.8650815,179
2017-10-21T00:00:00.000000000Z,800937,309587,9102411.78970654,153
2017-10-22T00:00:00.000000000Z,907439,290846,10827705.5276248,182
2017-10-23T00:00:00.000000000Z,880240,316323,10173283.7649661,171
2017-10-24T00:00:00.000000000Z,955565,346088,9935312.21490844,167
2017-10-25T00:00:00.000000000Z,911228,310122,11006184.190168,185
2017-10-26T00:00:00.000000000Z,742163,272615,11103293.0112987,180
2017-10-27T00:00:00.000000000Z,668740,246216,7510989.9435995,104
2017-10-28T00:00:00.000000000Z,555227,208616,6138789.8577496,85
2017-10-29T00:00:00.000000000Z,905041,330193,11122042.8010992,154
2017-10-30T00:00:00.000000000Z,894901,316082,10616495.4010493,147
2017-10-31T00:00:00.000000000Z,827896,280319,9966505.88669932,138
2017-11-01T00:00:00.000000000Z,961473,351487,11266484.9153992,156
2017-11-02T00:00:00.000000000Z,916882,341608,10833158.5724993,150
2017-11-03T00:00:00.000000000Z,820113,277903,8594305.80084942,119
2017-11-04T00:00:00.000000000Z,800708,290835,9388737.42949936,130
2017-11-05T00:00:00.000000000Z,805781,251752,10183169.0581493,141
2017-11-06T00:00:00.000000000Z,831790,273071,9605400.60094935,133
2017-11-07T00:00:00.000000000Z,937089,332632,11266484.9153992,156
2017-11-08T00:00:00.000000000Z,871573,303382,10399832.2295993,144
2017-11-09T00:00:00.000000000Z,948030,339565,11049821.7439492,153
2017-11-10T00:00:00.000000000Z,786879,274118,8468739.81561046,120
2017-11-11T00:00:00.000000000Z,579558,192216,5426063.16330811,80
2017-11-12T00:00:00.000000000Z,586355,187788,5426063.16330811,80
2017-11-13T00:00:00.000000000Z,920515,308819,9495610.5357892,140
2017-11-14T00:00:00.000000000Z,819127,272441,8681701.06129298,128
2017-11-15T00:00:00.000000000Z,944172,319586,10309520.0102854,152
2017-11-16T00:00:00.000000000Z,907472,311127,10309520.0102854,152
2017-11-17T00:00:00.000000000Z,982559,305425,11326906.8534057,167
2017-11-18T00:00:00.000000000Z,843076,268902,9224307.3776238,136
2017-11-19T00:00:00.000000000Z,913898,267096,10852126.3266162,160
2017-11-20T00:00:00.000000000Z,979917,332821,11869513.1697365,175
2017-11-21T00:00:00.000000000Z,981593,373326,11733861.5906538,173
2017-11-22T00:00:00.000000000Z,869698,311835,10038216.85212,148
2017-11-23T00:00:00.000000000Z,959240,352980,10648648.9579922,157
2017-11-24T00:00:00.000000000Z,905792,307294,10083527.0255049,149
2017-11-25T00:00:00.000000000Z,922777,332515,10445729.4715118,156
2017-11-26T00:00:00.000000000Z,941512,330936,10244850.0585982,153
2017-11-27T00:00:00.000000000Z,1061044,381576,11383166.7317757,170
2017-11-28T00:00:00.000000000Z,1025283,365153,10445729.4715118,156
2017-11-29T00:00:00.000000000Z,1132724,398873,11584046.1446894,173
2017-11-30T00:00:00.000000000Z,1086490,383941,11182287.318862,167
2017-12-01T00:00:00.000000000Z,1115596,412472,12253644.187735,183
2017-12-02T00:00:00.000000000Z,943132,325296,10780528.4930347,161
2017-12-03T00:00:00.000000000Z,1008744,347132,11784925.5576031,176
2017-12-04T00:00:00.000000000Z,1155119,407287,12119724.5791259,181
2017-12-05T00:00:00.000000000Z,1146460,404804,11918845.1662122,178
2017-12-06T00:00:00.000000000Z,1228561,442897,13218896.9761819,188
2017-12-07T00:00:00.000000000Z,1065803,374945,12020755.1114562,152
2017-12-08T00:00:00.000000000Z,1126652,385493,12337090.772284,156
2017-12-09T00:00:00.000000000Z,1182172,401509,13760601.2460091,174
2017-12-10T00:00:00.000000000Z,1073634,336561,12969762.0939396,164
2017-12-11T00:00:00.000000000Z,1163072,376572,13523349.5003882,171
2017-12-12T00:00:00.000000000Z,1099485,372599,12337090.772284,156
2017-12-13T00:00:00.000000000Z,1251052,417596,14709608.2284925,186
2017-12-14T00:00:00.000000000Z,1290363,498142,14630524.3132855,185
2017-12-15T00:00:00.000000000Z,1179313,400877,13365181.6699743,169
2017-12-16T00:00:00.000000000Z,1132973,366938,13523349.5003882,171
2017-12-17T00:00:00.000000000Z,1175732,389211,14630524.3132855,185
2017-12-18T00:00:00.000000000Z,1204183,398048,15613766.2496263,182
2017-12-19T00:00:00.000000000Z,1046267,378510,13035760.9505203,140
2017-12-20T00:00:00.000000000Z,1027644,370374,12663310.6376483,136
2017-12-21T00:00:00.000000000Z,998866,334454,12290860.3247763,132
2017-12-22T00:00:00.000000000Z,1110734,380012,14432449.6237903,155
2017-12-23T00:00:00.000000000Z,979504,307204,12942648.3723023,139
2017-12-24T00:00:00.000000000Z,1020552,274389,14153111.8891363,152
2017-12-25T00:00:00.000000000Z,878323,229330,12570198.0594303,135
2017-12-26T00:00:00.000000000Z,911656,247416,13221986.1069563,142
2017-12-27T00:00:00.000000000Z,1037747,311934,14525562.2020083,156
2017-12-28T00:00:00.000000000Z,999488,303032,13873774.1544823,149
2017-12-29T00:00:00.000000000Z,1096215,356789,15363575.4059704,165
2017-12-30T00:00:00.000000000Z,998615,338045,13687548.9980463,147
2017-12-31T00:00:00.000000000Z,1007208,292987,15177350.2495343,163
2018-01-01T00:00:00.000000000Z,972783,241625,14923655.7184224,156
2018-01-02T00:00:00.000000000Z,1142721,343664,16415540.6673567,171
2018-01-03T00:00:00.000000000Z,1130917,396942,15071578.273538,157
2018-01-04T00:00:00.000000000Z,1253986,424762,16127548.7258241,168
2018-01-05T00:00:00.000000000Z,1069525,339441,13727615.8797194,143
2018-01-06T00:00:00.000000000Z,1163503,356470,16127548.7258241,168
2018-01-07T00:00:00.000000000Z,1130388,372566,15551564.842759,162
2018-01-08T00:00:00.000000000Z,1157303,345855,15935554.0981357,166
2018-01-09T00:00:00.000000000Z,1145338,354874,15743559.4704474,164
2018-01-10T00:00:00.000000000Z,1118949,347701,15935554.0981357,166
2018-01-11T00:00:00.000000000Z,1222969,334581,18527481.5719289,193
2018-01-12T00:00:00.000000000Z,1153290,304727,17087521.864266,178
2018-01-13T00:00:00.000000000Z,939348,264304,15881806.2094572,149
2018-01-14T00:00:00.000000000Z,971840,236042,17165770.5545811,155
2018-01-15T00:00:00.000000000Z,949563,272139,16612036.0205623,150
2018-01-16T00:00:00.000000000Z,1001819,306170,17608758.1817961,159
2018-01-17T00:00:00.000000000Z,1090483,314242,18494733.4362261,167
2018-01-18T00:00:00.000000000Z,1050790,307893,19159214.8770486,173
2018-01-19T00:00:00.000000000Z,1027992,242661,18273239.6226186,165
2018-01-20T00:00:00.000000000Z,970060,236313,19712949.4110673,178
2018-01-21T00:00:00.000000000Z,988506,217475,20709671.572301,187
2018-01-22T00:00:00.000000000Z,946599,250083,18494733.4362261,167
2018-01-23T00:00:00.000000000Z,893416,266082,19602202.5042636,177
2018-01-24T00:00:00.000000000Z,940167,251628,19491455.5974598,176
2018-01-25T00:00:00.000000000Z,854029,238459,19419246.3436515,158
2018-01-26T00:00:00.000000000Z,807029,218851,20056949.5413983,155
2018-01-27T00:00:00.000000000Z,860840,192395,20315748.8903196,157
2018-01-28T00:00:00.000000000Z,765711,213698,20445148.5647802,158
2018-01-29T00:00:00.000000000Z,775230,230013,19151151.8201739,148
2018-01-30T00:00:00.000000000Z,845185,239554,21609745.6349259,167
2018-01-31T00:00:00.000000000Z,685452,208360,15139761.9118942,117
2018-02-01T00:00:00.000000000Z,833934,252498,20703947.9137015,160
2018-02-02T00:00:00.000000000Z,853582,237739,21739145.3093865,168
2018-02-03T00:00:00.000000000Z,714800,190833,20445148.5647802,158
2018-02-04T00:00:00.000000000Z,711645,172621,23033142.0539929,178
2018-02-05T00:00:00.000000000Z,915758,221421,23938939.7752173,185
2018-02-06T00:00:00.000000000Z,999753,245035,22105953.9129441,170
2018-02-07T00:00:00.000000000Z,804119,207672,20149017.2119133,141
2018-02-08T00:00:00.000000000Z,753618,177469,18720008.8990117,131
2018-02-09T00:00:00.000000000Z,781921,178845,19291612.2241723,135
2018-02-10T00:00:00.000000000Z,737187,176305,20434818.8744937,143
2018-02-11T00:00:00.000000000Z,814528,147871,21578025.524815,151
2018-02-12T00:00:00.000000000Z,912131,185649,23721537.9941675,166
2018-02-13T00:00:00.000000000Z,868109,188299,23435736.3315871,164
2018-02-14T00:00:00.000000000Z,937769,197735,25579248.8009396,179
2018-02-15T00:00:00.000000000Z,779005,195903,18720008.8990117,131
2018-02-16T00:00:00.000000000Z,773561,185173,22435430.512556,157
2018-02-17T00:00:00.000000000Z,765638,172015,21292223.8622346,149
2018-02-18T00:00:00.000000000Z,730130,160325,23149934.6690068,162
2018-02-19T00:00:00.000000000Z,857787,191633,23149934.6690068,162
2018-02-20T00:00:00.000000000Z,703065,194005,20835108.4972582,141
2018-02-21T00:00:00.000000000Z,713740,208330,25265138.8267234,169
2018-02-22T00:00:00.000000000Z,719848,182712,22275181.569123,149
2018-02-23T00:00:00.000000000Z,732287,180733,22125683.706243,148
2018-02-24T00:00:00.000000000Z,690001,153121,21677190.1176029,145
2018-02-25T00:00:00.000000000Z,526879,143945,25564134.5524835,171
2018-02-26T00:00:00.000000000Z,688379,191999,21079198.6660828,141
2018-02-27T00:00:00.000000000Z,699046,215369,23919658.0608032,160
2018-02-28T00:00:00.000000000Z,817155,190181,23172168.7464031,155
2018-03-01T00:00:00.000000000Z,821011,236700,24667147.3752033,165
2018-03-02T00:00:00.000000000Z,752300,192887,23321666.6092831,156
2018-03-03T00:00:00.000000000Z,934083,179832,26909615.3184037,180
2018-03-04T00:00:00.000000000Z,792569,154847,22125683.706243,148
2018-03-05T00:00:00.000000000Z,857168,205776,24020983.5292903,149
2018-03-06T00:00:00.000000000Z,834323,208778,25517998.1075581,156
2018-03-07T00:00:00.000000000Z,922143,212833,25681575.018504,157
2018-03-08T00:00:00.000000000Z,903578,189879,26499459.5732334,162
2018-03-09T00:00:00.000000000Z,888997,202179,23882228.9980992,146
2018-03-10T00:00:00.000000000Z,803717,149505,22900767.5324239,140
2018-03-11T00:00:00.000000000Z,889324,157234,25027267.3747204,153
2018-03-12T00:00:00.000000000Z,828676,185230,26335882.6622875,161
2018-03-13T00:00:00.000000000Z,773506,199201,25845151.9294498,158
2018-03-14T00:00:00.000000000Z,580666,193089,23555075.1762074,144
2018-03-15T00:00:00.000000000Z,602746,201087,23555075.1762074,144
2018-03-16T00:00:00.000000000Z,601517,188256,25517998.1075581,156
2018-03-17T00:00:00.000000000Z,452543,151432,24372959.7309369,149
2018-03-18T00:00:00.000000000Z,535510,164511,25426608.9713916,151
2018-03-19T00:00:00.000000000Z,587514,193494,26679206.959874,155
2018-03-20T00:00:00.000000000Z,567891,193222,21859737.3155097,127
2018-03-21T00:00:00.000000000Z,586910,199262,26162835.2122636,152
2018-03-22T00:00:00.000000000Z,577941,180421,24613719.9694322,143
2018-03-23T00:00:00.000000000Z,619608,177341,22892480.8107306,133
2018-03-24T00:00:00.000000000Z,543804,159401,26851330.8757442,156
2018-03-25T00:00:00.000000000Z,454187,137632,23236728.6424709,135
2018-03-26T00:00:00.000000000Z,582295,187477,25818587.3805233,150
2018-03-27T00:00:00.000000000Z,598612,185428,26162835.2122636,152
2018-03-28T00:00:00.000000000Z,552755,181035,23236728.6424709,135
2018-03-29T00:00:00.000000000Z,559619,189556,26162835.2122636,152
2018-03-30T00:00:00.000000000Z,571020,183947,27884074.3709651,162
2018-03-31T00:00:00.000000000Z,475498,149294,22031861.2313799,128
2018-04-01T00:00:00.000000000Z,425276,133901,28151789.8209148,162
2018-04-02T00:00:00.000000000Z,485666,167141,27227579.616214,156
2018-04-03T00:00:00.000000000Z,605514,203600,28449329.9836082,163
2018-04-04T00:00:00.000000000Z,565002,183926,25656757.7152785,147
2018-04-05T00:00:00.000000000Z,534893,181407,27227579.616214,156
2018-04-06T00:00:00.000000000Z,631476,169899,24085935.8143431,138
2018-04-07T00:00:00.000000000Z,502038,155865,31416438.0187084,180
2018-04-08T00:00:00.000000000Z,414992,139770,28100258.450067,161
2018-04-09T00:00:00.000000000Z,535496,174115,25656757.7152785,147
2018-04-10T00:00:00.000000000Z,569509,188256,28623865.7503788,164
2018-04-11T00:00:00.000000000Z,533732,179955,28100258.450067,161
2018-04-12T00:00:00.000000000Z,629328,216526,26878508.0826727,154
2018-04-13T00:00:00.000000000Z,638968,213311,28798401.5171494,165
2018-04-14T00:00:00.000000000Z,502546,165043,25934796.2703183,137
2018-04-15T00:00:00.000000000Z,590187,170677,31109116.9538305,163
2018-04-16T00:00:00.000000000Z,721332,194303,26910340.4324546,141
2018-04-17T00:00:00.000000000Z,614295,204094,30918263.4755861,162
2018-04-18T00:00:00.000000000Z,588686,200441,30536556.5190974,160
2018-04-19T00:00:00.000000000Z,657714,215282,33971919.1274958,178
2018-04-20T00:00:00.000000000Z,661833,210669,26146926.5194772,137
2018-04-21T00:00:00.000000000Z,602722,191121,30345703.0408531,159
2018-04-22T00:00:00.000000000Z,502665,168980,30536556.5190974,160
2018-04-23T00:00:00.000000000Z,642298,227377,29200582.1713869,153
2018-04-24T00:00:00.000000000Z,776436,253956,30345703.0408531,159
2018-04-25T00:00:00.000000000Z,701507,217684,23474977.8240562,123
2018-04-26T00:00:00.000000000Z,661663,217258,26910340.4324546,141
2018-04-27T00:00:00.000000000Z,674680,212647,27882432.4329455,142
2018-04-28T00:00:00.000000000Z,541764,194970,25592018.8297845,128
2018-04-29T00:00:00.000000000Z,549120,183812,31590148.2430152,158
2018-04-30T00:00:00.000000000Z,645424,215603,30990335.3016921,155
2018-05-01T00:00:00.000000000Z,634217,198167,31590148.2430152,158
2018-05-02T00:00:00.000000000Z,673769,210896,27991270.5950767,140
2018-05-03T00:00:00.000000000Z,660104,227954,30190584.7132614,151
2018-05-04T00:00:00.000000000Z,710689,224579,27591395.3008614,138
2018-05-05T00:00:00.000000000Z,606625,195965,32189961.1843383,161
2018-05-06T00:00:00.000000000Z,535825,172671,27391457.6537537,137
2018-05-07T00:00:00.000000000Z,662775,204816,29990647.0661537,150
2018-05-08T00:00:00.000000000Z,665870,219628,27791332.9479691,139
2018-05-09T00:00:00.000000000Z,603396,204710,31990023.5372306,160
2018-05-10T00:00:00.000000000Z,633729,215367,30790397.6545844,154
2018-05-11T00:00:00.000000000Z,772234,207053,26155095.4999563,127
2018-05-12T00:00:00.000000000Z,563749,181270,33988897.1882542,165
2018-05-13T00:00:00.000000000Z,488836,159530,30487010.8112825,148
2018-05-14T00:00:00.000000000Z,641192,211328,27191117.7506033,132
2018-05-15T00:00:00.000000000Z,624136,208197,30075024.1786976,146
2018-05-16T00:00:00.000000000Z,617403,213978,36872803.6163485,179
2018-05-17T00:00:00.000000000Z,635676,190427,27191117.7506033,132
2018-05-18T00:00:00.000000000Z,701918,216419,30487010.8112825,148
2018-05-19T00:00:00.000000000Z,500408,167502,31722970.7090372,154
2018-05-20T00:00:00.000000000Z,483041,159863,29663037.5461127,144
2018-05-21T00:00:00.000000000Z,620329,201185,32340950.6579146,157
2018-05-22T00:00:00.000000000Z,595706,207023,31104990.7601599,151
2018-05-23T00:00:00.000000000Z,636565,222546,33370917.2393768,162
2018-05-24T00:00:00.000000000Z,559734,202902,30032592.1199289,143
2018-05-25T00:00:00.000000000Z,624713,198774,37681533.9302757,176
2018-05-26T00:00:00.000000000Z,459370,155834,34684139.1858219,162
2018-05-27T00:00:00.000000000Z,441802,143384,35112338.4350296,164
2018-05-28T00:00:00.000000000Z,598556,192951,33399541.4381989,156
2018-05-29T00:00:00.000000000Z,600021,204915,29759847.8199336,139
2018-05-30T00:00:00.000000000Z,596173,204891,37253334.681068,174
2018-05-31T00:00:00.000000000Z,620191,206264,36396936.1826526,170
2018-06-01T00:00:00.000000000Z,683588,201858,35540537.6842373,166
2018-06-02T00:00:00.000000000Z,524370,175813,32543142.9397835,152
2018-06-03T00:00:00.000000000Z,542740,167198,34898238.8104258,163
2018-06-04T00:00:00.000000000Z,694350,205524,39180231.3025025,183
2018-06-05T00:00:00.000000000Z,655014,214242,38570079.4652277,175
2018-06-06T00:00:00.000000000Z,653426,207161,36103754.4868986,147
2018-06-07T00:00:00.000000000Z,635530,207335,35121339.3988197,143
2018-06-08T00:00:00.000000000Z,640966,197681,35612546.9428592,145
2018-06-09T00:00:00.000000000Z,503993,176022,35121339.3988197,143
2018-06-10T00:00:00.000000000Z,527886,178072,31191679.0465042,127
2018-06-11T00:00:00.000000000Z,586393,213701,34384528.0827606,140
2018-06-12T00:00:00.000000000Z,662032,216723,35612546.9428592,145
2018-06-13T00:00:00.000000000Z,660241,212718,35121339.3988197,143
2018-06-14T00:00:00.000000000Z,586144,212115,37577377.119017,153
2018-06-15T00:00:00.000000000Z,613937,201252,37577377.119017,153
2018-06-16T00:00:00.000000000Z,434955,155858,40770226.1552733,166
2018-06-17T00:00:00.000000000Z,439145,145540,38559792.2070958,157
2018-06-18T00:00:00.000000000Z,569167,194397,40279018.6112339,164
2018-06-19T00:00:00.000000000Z,628857,192770,38748592.0678864,155
2018-06-20T00:00:00.000000000Z,590701,199288,39122596.1405431,155
2018-06-21T00:00:00.000000000Z,556428,200306,42908653.8315634,170
2018-06-22T00:00:00.000000000Z,616964,202454,38112980.756271,151
2018-06-23T00:00:00.000000000Z,473376,159934,40384615.3708832,160
2018-06-24T00:00:00.000000000Z,465159,160718,43161057.6776314,171
2018-06-25T00:00:00.000000000Z,618481,202227,39627403.8326791,157
2018-06-26T00:00:00.000000000Z,601757,189209,36850961.5259309,146
2018-06-27T00:00:00.000000000Z,591319,189544,30540865.3742304,121
2018-06-28T00:00:00.000000000Z,566389,195746,39627403.8326791,157
2018-06-29T00:00:00.000000000Z,584573,194630,38112980.756271,151
2018-06-30T00:00:00.000000000Z,560237,177709,35588942.2955908,141
2018-07-01T00:00:00.000000000Z,476547,153443,37103365.3719989,147
2018-07-02T00:00:00.000000000Z,662310,206702,36328697.2314513,141
2018-07-03T00:00:00.000000000Z,655359,217338,30929068.6931176,116
2018-07-04T00:00:00.000000000Z,594400,201935,35728406.9386013,134
2018-07-05T00:00:00.000000000Z,555588,202507,36528296.646182,137
2018-07-06T00:00:00.000000000Z,640591,200485,42660784.4043001,160
2018-07-07T00:00:00.000000000Z,460458,164668,41594264.7941926,156
2018-07-08T00:00:00.000000000Z,501981,157910,42127524.5992464,158
2018-07-09T00:00:00.000000000Z,627774,206977,36261666.7436551,136
2018-07-10T00:00:00.000000000Z,669373,215433,39727855.4765045,149
2018-07-11T00:00:00.000000000Z,636817,201326,35995036.8411282,135
2018-07-12T00:00:00.000000000Z,923421,207840,37594816.2562895,141
2018-07-13T00:00:00.000000000Z,941540,206358,38128076.0613432,143
2018-07-14T00:00:00.000000000Z,793757,175324,35461777.0360745,133
2018-07-15T00:00:00.000000000Z,502106,158295,35461777.0360745,133
2018-07-16T00:00:00.000000000Z,602482,213849,31995588.3032251,120
2018-07-17T00:00:00.000000000Z,681518,232829,41051426.467194,159
2018-07-18T00:00:00.000000000Z,762246,233249,44793365.5190134,174
2018-07-19T00:00:00.000000000Z,626926,225038,44021066.1135132,171
2018-07-20T00:00:00.000000000Z,653321,226470,39644702.8156786,154
2018-07-21T00:00:00.000000000Z,511119,186978,35268339.5178439,137
2018-07-22T00:00:00.000000000Z,459458,167495,46852830.6003474,182
2018-07-23T00:00:00.000000000Z,716690,229101,42733900.4376795,166
2018-07-24T00:00:00.000000000Z,717759,259522,40931868.4915123,159
2018-07-25T00:00:00.000000000Z,771199,248976,45565664.9245137,177
2018-07-26T00:00:00.000000000Z,641543,230206,42476467.3025127,165
2018-07-27T00:00:00.000000000Z,721812,232444,42991333.5728462,167
2018-07-28T00:00:00.000000000Z,545883,181696,37327804.5991779,145
2018-07-29T00:00:00.000000000Z,494042,172401,47480188.0482407,170
2018-07-30T00:00:00.000000000Z,638966,231060,39630250.2088987,134
2018-07-31T00:00:00.000000000Z,696566,243458,43474975.9754336,147
2018-08-01T00:00:00.000000000Z,698015,238104,44362220.3830956,150
2018-08-02T00:00:00.000000000Z,622521,222669,45249464.7907575,153
2018-08-03T00:00:00.000000000Z,694601,232465,49094190.5572924,166
2018-08-04T00:00:00.000000000Z,547308,192558,52051671.9161655,176
2018-08-05T00:00:00.000000000Z,495532,171233,47319701.7419686,160
2018-08-06T00:00:00.000000000Z,651894,219051,38743005.8012368,131
2018-08-07T00:00:00.000000000Z,710766,236513,44657968.5189829,151
2018-08-08T00:00:00.000000000Z,634443,229381,46432457.3343067,157
2018-08-09T00:00:00.000000000Z,636143,224091,44066472.2472083,149
2018-08-10T00:00:00.000000000Z,656819,224863,52051671.9161655,176
2018-08-11T00:00:00.000000000Z,523641,192213,52485702.5441051,170
2018-08-12T00:00:00.000000000Z,486939,168546,49230273.0794214,155
2018-08-13T00:00:00.000000000Z,602328,217348,47642199.7542788,150
2018-08-14T00:00:00.000000000Z,672592,252662,43195594.4438794,136
2018-08-15T00:00:00.000000000Z,677460,246292,51135961.0695926,161
2018-08-16T00:00:00.000000000Z,621029,231430,50183117.074507,158
2018-08-17T00:00:00.000000000Z,650774,235627,48277429.0843358,152
2018-08-18T00:00:00.000000000Z,498238,189867,50818346.404564,160
2018-08-19T00:00:00.000000000Z,502449,160808,46054126.4291361,145
2018-08-20T00:00:00.000000000Z,639365,219696,47642199.7542788,150
2018-08-21T00:00:00.000000000Z,589991,219552,47006970.4242217,148
2018-08-22T00:00:00.000000000Z,622189,224396,50818346.404564,160
2018-08-23T00:00:00.000000000Z,574017,217634,47324585.0892502,149
2018-08-24T00:00:00.000000000Z,633016,221813,47295605.0753526,146
2018-08-25T00:00:00.000000000Z,540988,194213,45145645.9144945,135
2018-08-26T00:00:00.000000000Z,495145,170466,57853309.2089448,173
2018-08-27T00:00:00.000000000Z,675295,227920,61866255.5124554,185
2018-08-28T00:00:00.000000000Z,676219,236793,51165065.3697604,153
2018-08-29T00:00:00.000000000Z,643056,235130,46483294.6823314,139
2018-08-30T00:00:00.000000000Z,626114,233686,51499477.5617197,154
2018-08-31T00:00:00.000000000Z,658225,238587,51833889.7536789,155
2018-09-01T00:00:00.000000000Z,556577,211324,50496240.985842,151
2018-09-02T00:00:00.000000000Z,491997,184405,48155355.6421275,144
2018-09-03T00:00:00.000000000Z,616107,224964,48155355.6421275,144
2018-09-04T00:00:00.000000000Z,646393,239053,42135936.1868616,126
2018-09-05T00:00:00.000000000Z,644928,239620,44142409.3386169,132
2018-09-06T00:00:00.000000000Z,659910,251946,50161828.7938828,150
2018-09-07T00:00:00.000000000Z,694327,230315,52746513.6394839,152
2018-09-08T00:00:00.000000000Z,541935,204695,52338942.9548858,150
2018-09-09T00:00:00.000000000Z,506971,189529,56874984.6776426,163
2018-09-10T00:00:00.000000000Z,620579,222834,47105048.6593973,135
2018-09-11T00:00:00.000000000Z,642145,235440,49198606.3775927,141
2018-09-12T00:00:00.000000000Z,602958,234777,58619616.1094721,168
2018-09-13T00:00:00.000000000Z,618775,238597,51641090.382154,148
2018-09-14T00:00:00.000000000Z,615099,222661,46058269.8002995,132
2018-09-15T00:00:00.000000000Z,547938,207837,48849680.0912268,140
2018-09-16T00:00:00.000000000Z,479019,183118,48500753.8048609,139
2018-09-17T00:00:00.000000000Z,616149,234503,47105048.6593973,135
2018-09-18T00:00:00.000000000Z,640750,243846,49547532.6639586,142
2018-09-19T00:00:00.000000000Z,638350,254819,54432500.6730812,156
2018-09-20T00:00:00.000000000Z,628755,256241,53860675.976615,154
2018-09-21T00:00:00.000000000Z,713347,271751,51200543.8778614,144
2018-09-22T00:00:00.000000000Z,550844,219158,55111696.535198,155
2018-09-23T00:00:00.000000000Z,524121,207166,53333899.8727723,150
2018-09-24T00:00:00.000000000Z,601707,232771,52622781.207802,148
2018-09-25T00:00:00.000000000Z,653042,252662,60089527.1899902,169
2018-09-26T00:00:00.000000000Z,624467,244200,49422747.2154357,139
2018-09-27T00:00:00.000000000Z,642476,251227,50844984.5453763,143
2018-09-28T00:00:00.000000000Z,654875,248966,54756137.2027129,154
2018-09-29T00:00:00.000000000Z,564628,222847,54045018.5377426,152
2018-09-30T00:00:00.000000000Z,514766,202606,57956171.1950792,163
2018-10-01T00:00:00.000000000Z,688212,246557,56178374.5326535,158
2018-10-02T00:00:00.000000000Z,660448,240379,48711628.5504654,137
2018-10-03T00:00:00.000000000Z,695230,243276,51556103.2103466,145
2018-10-04T00:00:00.000000000Z,653916,248357,54987108.4738221,150
2018-10-05T00:00:00.000000000Z,686857,241297,48176505.2061282,130
2018-10-06T00:00:00.000000000Z,569596,211031,46323562.6982002,125
2018-10-07T00:00:00.000000000Z,618542,227911,52623567.2251554,142
2018-10-08T00:00:00.000000000Z,643328,248404,50029447.7140562,135
2018-10-09T00:00:00.000000000Z,604271,227800,48176505.2061282,130
2018-10-10T00:00:00.000000000Z,651334,248451,53364744.2283266,144
2018-10-11T00:00:00.000000000Z,689144,262974,58923571.7521107,159
2018-10-12T00:00:00.000000000Z,699176,241875,48917682.2092994,132
2018-10-13T00:00:00.000000000Z,553344,203529,52252978.7235698,141
2018-10-14T00:00:00.000000000Z,522288,189268,42247089.1807586,114
2018-10-15T00:00:00.000000000Z,711826,275017,60035337.2568675,162
2018-10-16T00:00:00.000000000Z,674140,253557,50029447.7140562,135
2018-10-17T00:00:00.000000000Z,662174,255908,51141213.218813,138
2018-10-18T00:00:00.000000000Z,673350,261959,50884200.6681646,138
2018-10-19T00:00:00.000000000Z,684662,251721,50702736.5834671,142
2018-10-20T00:00:00.000000000Z,583046,225898,51059798.1087028,143
2018-10-21T00:00:00.000000000Z,540049,204835,49274490.4825244,138
2018-10-22T00:00:00.000000000Z,687801,258515,55344536.411531,155
2018-10-23T00:00:00.000000000Z,688951,259288,54987474.8862954,154
2018-10-24T00:00:00.000000000Z,630269,249113,40347952.3516322,113
2018-10-25T00:00:00.000000000Z,664579,258172,48917428.9572887,137
2018-10-26T00:00:00.000000000Z,681997,252435,51059798.1087028,143
2018-10-27T00:00:00.000000000Z,578121,234281,48560367.432053,136
2018-10-28T00:00:00.000000000Z,547630,215502,49988613.5329958,140
2018-10-29T00:00:00.000000000Z,708860,268291,52130982.6844099,146
2018-10-30T00:00:00.000000000Z,697640,287764,54987474.8862954,154
2018-10-31T00:00:00.000000000Z,694833,283381,58201028.6134165,163
2018-11-01T00:00:00.000000000Z,702856,287126,54989095.6997791,154
2018-11-02T00:00:00.000000000Z,764821,290925,51070835.0767113,143
2018-11-03T00:00:00.000000000Z,635423,247512,57499331.799654,161
2018-11-04T00:00:00.000000000Z,619152,227689,43928060.9401084,123
2018-11-05T00:00:00.000000000Z,709024,295977,51427973.7835415,144
2018-11-06T00:00:00.000000000Z,698165,287608,45713754.4742591,128
2018-11-07T00:00:00.000000000Z,708634,296293,46428031.8879194,130
2018-11-08T00:00:00.000000000Z,702459,276879,43213783.5264481,121
2018-11-09T00:00:00.000000000Z,696353,283042,45356615.767429,127
2018-11-10T00:00:00.000000000Z,583550,247175,46785170.5947495,131
2018-11-11T00:00:00.000000000Z,601176,252172,52142251.1972018,146
2018-11-12T00:00:00.000000000Z,680949,298929,49999418.9562209,140
2018-11-13T00:00:00.000000000Z,637890,273801,42856644.8196179,120
2018-11-14T00:00:00.000000000Z,734241,298332,48213725.4220701,135
2018-11-15T00:00:00.000000000Z,709708,291290,45356615.767429,127
2018-11-16T00:00:00.000000000Z,704543,281416,44814668.5643965,126
2018-11-17T00:00:00.000000000Z,587644,261511,47956936.4976081,145
2018-11-18T00:00:00.000000000Z,543353,238029,40680711.6496951,123
2018-11-19T00:00:00.000000000Z,680899,269543,41672924.128956,126
2018-11-20T00:00:00.000000000Z,769611,289046,43657349.0874777,132
2018-11-21T00:00:00.000000000Z,620393,256543,34727436.77413,105
2018-11-22T00:00:00.000000000Z,653846,264718,40349974.1566082,122
2018-11-23T00:00:00.000000000Z,624434,273038,41342186.635869,125
2018-11-24T00:00:00.000000000Z,578522,251955,47295461.5114342,143
2018-11-25T00:00:00.000000000Z,577253,241502,42003661.622043,127
2018-11-26T00:00:00.000000000Z,628614,255328,36711861.7326517,111
2018-11-27T00:00:00.000000000Z,627815,262477,43326611.5943908,131
2018-11-28T00:00:00.000000000Z,630438,262267,39027024.1842604,118
2018-11-29T00:00:00.000000000Z,612685,245371,34727436.77413,105
2018-11-30T00:00:00.000000000Z,597612,248304,33404486.8017821,101
2018-12-01T00:00:00.000000000Z,579421,242745,41011449.1427821,124
2018-12-02T00:00:00.000000000Z,502649,221524,37704074.2119126,114
2018-12-03T00:00:00.000000000Z,586010,241785,34851039.8061178,114
2018-12-04T00:00:00.000000000Z,671416,268150,38734427.5898648,138
2018-12-05T00:00:00.000000000Z,609238,256736,36488953.5266842,130
2018-12-06T00:00:00.000000000Z,655016,280512,37892374.8161721,135
2018-12-07T00:00:00.000000000Z,658859,256146,31998005.4003231,114
2018-12-08T00:00:00.000000000Z,531426,231269,35646900.7529915,127
2018-12-09T00:00:00.000000000Z,518114,237071,35927585.0108891,128
2018-12-10T00:00:00.000000000Z,600210,253368,34804847.9792988,124
2018-12-11T00:00:00.000000000Z,635401,255759,35085532.2371964,125
2018-12-12T00:00:00.000000000Z,616176,258638,33682110.9477085,120
2018-12-13T00:00:00.000000000Z,638713,266702,36769637.7845818,131
2018-12-14T00:00:00.000000000Z,701381,278774,40979901.6530454,146
2018-12-15T00:00:00.000000000Z,594065,263117,41821954.4267381,149
2018-12-16T00:00:00.000000000Z,539434,225399,32278689.6582207,115
2018-12-17T00:00:00.000000000Z,682984,296295,44909481.2636114,160
2018-12-18T00:00:00.000000000Z,656410,269609,35632316.4387212,128
2018-12-19T00:00:00.000000000Z,701481,302963,37822407.4037366,149
2018-12-20T00:00:00.000000000Z,641537,282826,34268624.1577479,135
2018-12-21T00:00:00.000000000Z,656212,280679,35537832.4598867,140
2018-12-22T00:00:00.000000000Z,551516,251236,44422290.5748584,175
2018-12-23T00:00:00.000000000Z,520086,249032,44676132.2352862,176
2018-12-24T00:00:00.000000000Z,583425,278193,38583932.3850198,152
2018-12-25T00:00:00.000000000Z,481186,259581,40360824.0080142,159
2018-12-26T00:00:00.000000000Z,536230,281142,39853140.6871587,157
2018-12-27T00:00:00.000000000Z,624625,302098,44168448.9144307,174
2018-12-28T00:00:00.000000000Z,644439,312462,42391557.2914363,167
2018-12-29T00:00:00.000000000Z,572182,265401,35030149.1390311,138
2018-12-30T00:00:00.000000000Z,514111,259817,44676132.2352862,176
2018-12-31T00:00:00.000000000Z,557851,262001,40567549.5659183,155
2019-01-01T00:00:00.000000000Z,433715,235813,41615985.2733756,149
2019-01-02T00:00:00.000000000Z,578607,271103,42174589.1025484,151
2019-01-03T00:00:00.000000000Z,598436,287081,43291796.7608941,155
2019-01-04T00:00:00.000000000Z,580495,283490,41615985.2733756,149
2019-01-05T00:00:00.000000000Z,519070,269637,45526212.0775854,163
2019-01-06T00:00:00.000000000Z,498140,251485,39381569.9566843,141
2019-01-07T00:00:00.000000000Z,613474,288254,39381569.9566843,141
2019-01-08T00:00:00.000000000Z,607366,317666,47202023.5651039,169
2019-01-09T00:00:00.000000000Z,619701,320698,45805513.9921718,164
2019-01-10T00:00:00.000000000Z,634499,322365,43571098.6754805,156
2019-01-11T00:00:00.000000000Z,623617,308638,41336683.3587892,148
2019-01-12T00:00:00.000000000Z,521168,288972,38543664.212925,138
2019-01-13T00:00:00.000000000Z,477843,273864,38264362.2983386,137
2019-01-14T00:00:00.000000000Z,604549,328198,43489353.9009638,149
2019-01-15T00:00:00.000000000Z,621686,303591,38609293.9848548,132
2019-01-16T00:00:00.000000000Z,639811,300170,38901788.6362552,133
2019-01-17T00:00:00.000000000Z,619396,301704,37146820.7278527,127
2019-01-18T00:00:00.000000000Z,606378,301071,40364261.8932572,138
2019-01-19T00:00:00.000000000Z,519467,278030,38901788.6362552,133
2019-01-20T00:00:00.000000000Z,518578,298153,45921660.2698651,157
2019-01-21T00:00:00.000000000Z,604061,317864,43874197.7100622,150
2019-01-22T00:00:00.000000000Z,594573,293737,38024304.6820539,130
2019-01-23T00:00:00.000000000Z,685141,294680,42704219.1044605,146
2019-01-24T00:00:00.000000000Z,619376,304938,47384133.5268671,162
2019-01-25T00:00:00.000000000Z,629078,301170,40364261.8932572,138
2019-01-26T00:00:00.000000000Z,585285,291468,43874197.7100622,150
2019-01-27T00:00:00.000000000Z,487233,269916,40071767.2418568,137
2019-01-28T00:00:00.000000000Z,650793,314000,42053315.6218028,145
2019-01-29T00:00:00.000000000Z,607365,322797,42201068.2451955,146
2019-01-30T00:00:00.000000000Z,622377,326328,39310584.1188122,136
2019-01-31T00:00:00.000000000Z,632855,355308,44802503.9589404,155
2019-02-01T00:00:00.000000000Z,654356,336300,45669649.1968553,158
2019-02-02T00:00:00.000000000Z,560738,326634,41622971.4199188,144
2019-02-03T00:00:00.000000000Z,518121,296555,39888680.9440889,138
2019-02-04T00:00:00.000000000Z,610696,333136,42490116.6578338,147
2019-02-05T00:00:00.000000000Z,645414,355590,42490116.6578338,147
2019-02-06T00:00:00.000000000Z,686774,349372,47403939.6726853,164
2019-02-07T00:00:00.000000000Z,645404,348678,50294423.7990685,174
2019-02-08T00:00:00.000000000Z,691966,338602,47114891.260047,163
2019-02-09T00:00:00.000000000Z,561955,311894,43357261.8957488,150
2019-02-10T00:00:00.000000000Z,501124,300848,41080343.9102215,140
2019-02-11T00:00:00.000000000Z,709903,306149,43691361.6410391,145
2019-02-12T00:00:00.000000000Z,809914,280287,38568926.1382966,128
2019-02-13T00:00:00.000000000Z,758224,351610,46101919.5246827,153
2019-02-14T00:00:00.000000000Z,617275,355246,42486082.6992174,141
2019-02-15T00:00:00.000000000Z,621340,293872,38267606.4028412,127
2019-02-16T00:00:00.000000000Z,587666,328238,45197960.3183164,150
2019-02-17T00:00:00.000000000Z,526787,333183,47909837.9374153,159
2019-02-18T00:00:00.000000000Z,693311,340577,46704558.9955936,155
2019-02-19T00:00:00.000000000Z,713530,350653,47005878.731049,156
2019-02-20T00:00:00.000000000Z,690103,314347,39171565.6092075,130
2019-02-21T00:00:00.000000000Z,643083,294962,35857048.5191977,119
2019-02-22T00:00:00.000000000Z,728261,348456,48813797.1437817,162
2019-02-23T00:00:00.000000000Z,581866,332241,43088722.1701283,143
2019-02-24T00:00:00.000000000Z,558515,319278,41300825.1419887,137
2019-02-25T00:00:00.000000000Z,679440,336764,43162133.9136362,143
2019-02-26T00:00:00.000000000Z,702086,366379,48595129.7908771,161
2019-02-27T00:00:00.000000000Z,668278,346851,42558467.7050539,141
2019-02-28T00:00:00.000000000Z,688385,363432,45274965.6436743,150
2019-03-01T00:00:00.000000000Z,727984,358837,48896962.8951683,162
2019-03-02T00:00:00.000000000Z,616539,333961,39841969.7664334,132
2019-03-03T00:00:00.000000000Z,553981,355233,44067633.2265097,146
2019-03-04T00:00:00.000000000Z,687289,298916,41351135.2878892,137
2019-03-05T00:00:00.000000000Z,701551,286974,44973132.5393832,149
2019-03-06T00:00:00.000000000Z,734311,276931,38634637.3492687,128
2019-03-07T00:00:00.000000000Z,689254,284201,42860300.809345,142
2019-03-08T00:00:00.000000000Z,698786,281209,44067633.2265097,146
2019-03-09T00:00:00.000000000Z,604793,242010,41652968.3921804,138
2019-03-10T00:00:00.000000000Z,525757,213175,41044308.6239489,136
2019-03-11T00:00:00.000000000Z,749756,295205,42839445.3543402,142
2019-03-12T00:00:00.000000000Z,696573,283351,43141131.5892299,143
2019-03-13T00:00:00.000000000Z,720085,289611,40727641.7101121,135
2019-03-14T00:00:00.000000000Z,735928,296141,46761366.4079065,155
2019-03-15T00:00:00.000000000Z,715166,296890,46157993.938127,153
2019-03-16T00:00:00.000000000Z,602121,257699,49174856.2870242,163
2019-03-17T00:00:00.000000000Z,548345,229399,44046190.293899,146
2019-03-18T00:00:00.000000000Z,720573,295707,48571483.8172448,161
2019-03-19T00:00:00.000000000Z,739893,299996,52493404.8708111,174
2019-03-20T00:00:00.000000000Z,745772,309808,48571483.8172448,161
2019-03-21T00:00:00.000000000Z,705159,299110,43141131.5892299,143
2019-03-22T00:00:00.000000000Z,726789,300913,48571483.8172448,161
2019-03-23T00:00:00.000000000Z,566705,243553,43744504.0590093,145
2019-03-24T00:00:00.000000000Z,569884,225704,47567250.8442935,150
2019-03-25T00:00:00.000000000Z,715056,331828,46933020.8330363,148
2019-03-26T00:00:00.000000000Z,688572,364225,42493410.7542356,134
2019-03-27T00:00:00.000000000Z,778566,382838,47250135.8386649,149
2019-03-28T00:00:00.000000000Z,765998,391284,46298790.821779,146
2019-03-29T00:00:00.000000000Z,759323,372063,46615905.8274077,147
2019-03-30T00:00:00.000000000Z,683748,380746,44078985.7823787,139
2019-03-31T00:00:00.000000000Z,623888,380878,44078985.7823787,139
2019-04-01T00:00:00.000000000Z,697929,368694,43127640.7654928,136
2019-04-02T00:00:00.000000000Z,879271,399631,49787055.8836939,157
2019-04-03T00:00:00.000000000Z,856707,359553,45030330.7992646,142
2019-04-04T00:00:00.000000000Z,802957,355050,44396100.7880073,140
2019-04-05T00:00:00.000000000Z,873077,389172,50104170.8893225,158
2019-04-06T00:00:00.000000000Z,677458,358555,44084457.1991955,139
2019-04-07T00:00:00.000000000Z,623548,350634,44809649.5150318,141
2019-04-08T00:00:00.000000000Z,778923,371209,47034242.0441469,148
2019-04-09T00:00:00.000000000Z,776284,346875,41949459.1204553,132
2019-04-10T00:00:00.000000000Z,773468,396407,47034242.0441469,148
2019-04-11T00:00:00.000000000Z,813510,402681,49894432.4387234,157
2019-04-12T00:00:00.000000000Z,763723,370652,47987638.842339,151
2019-04-13T00:00:00.000000000Z,602847,372612,42902855.9186475,135
2019-04-14T00:00:00.000000000Z,596510,337631,38771469.7931481,122
2019-04-15T00:00:00.000000000Z,767910,378373,46080845.2459547,145
2019-04-16T00:00:00.000000000Z,777026,360057,46080845.2459547,145
2019-04-17T00:00:00.000000000Z,734917,350486,43856252.7168397,138
2019-04-18T00:00:00.000000000Z,739768,383772,47352040.9768776,149
2019-04-19T00:00:00.000000000Z,798377,361175,48305437.7750698,152
2019-04-20T00:00:00.000000000Z,689643,316867,41631660.1877246,131
2019-04-21T00:00:00.000000000Z,673424,391493,51189192.6714095,162
2019-04-22T00:00:00.000000000Z,646342,343644,42318655.5416624,134
2019-04-23T00:00:00.000000000Z,714325,308585,36634060.0211406,116
2019-04-24T00:00:00.000000000Z,875920,408325,51477170.5469476,163
2019-04-25T00:00:00.000000000Z,751975,381671,45160953.3019233,143
2019-04-26T00:00:00.000000000Z,761966,382165,47687440.199933,151
2019-04-27T00:00:00.000000000Z,619281,360931,43266088.128416,137
2019-04-28T00:00:00.000000000Z,574359,370571,51477170.5469476,163
2019-04-29T00:00:00.000000000Z,807672,375559,51477170.5469476,163
2019-04-30T00:00:00.000000000Z,839425,343390,44213520.7151697,140
2019-05-01T00:00:00.000000000Z,760187,441332,54003657.4449573,171
2019-05-02T00:00:00.000000000Z,787748,453346,58109198.654223,184
2019-05-03T00:00:00.000000000Z,803354,380134,48003251.0621842,152
2019-05-04T00:00:00.000000000Z,658798,355688,43092854.4112328,132
2019-05-05T00:00:00.000000000Z,613917,329799,42978500.6950409,129
2019-05-06T00:00:00.000000000Z,776590,379526,50308167.4802416,151
2019-05-07T00:00:00.000000000Z,754405,331131,42312167.3509317,127
2019-05-08T00:00:00.000000000Z,839633,392431,50641334.1522962,152
2019-05-09T00:00:00.000000000Z,831454,362109,49975000.808187,150
2019-05-10T00:00:00.000000000Z,775704,322692,41645834.0068226,125
2019-05-11T00:00:00.000000000Z,773667,342753,43311667.3670955,130
2019-05-12T00:00:00.000000000Z,819732,335831,52640334.1846237,158
2019-05-13T00:00:00.000000000Z,882729,395478,55638834.2331149,167
2019-05-14T00:00:00.000000000Z,896277,365699,50641334.1522962,152
2019-05-15T00:00:00.000000000Z,879106,367621,49641834.1361325,149
2019-05-16T00:00:00.000000000Z,882945,376258,48642334.1199687,146
2019-05-17T00:00:00.000000000Z,903650,360950,50308167.4802416,151
2019-05-18T00:00:00.000000000Z,845558,356335,50987355.5821806,153
2019-05-19T00:00:00.000000000Z,750954,349207,54326123.0260991,163
2019-05-20T00:00:00.000000000Z,836865,382185,53659544.8294598,161
2019-05-21T00:00:00.000000000Z,888770,381653,50993232.0429028,153
2019-05-22T00:00:00.000000000Z,862194,394258,55659279.4193776,167
2019-05-23T00:00:00.000000000Z,825753,386213,52659677.5345009,158
2019-05-24T00:00:00.000000000Z,862849,375098,50993232.0429028,153
2019-05-25T00:00:00.000000000Z,701431,336585,46660473.7647477,140
2019-05-26T00:00:00.000000000Z,670124,378005,54992701.2227383,165
2019-05-27T00:00:00.000000000Z,884928,397195,55659279.4193776,167
2019-05-28T00:00:00.000000000Z,944118,387999,54659412.1244187,164
2019-05-29T00:00:00.000000000Z,887870,405506,57992303.107615,174
2019-05-30T00:00:00.000000000Z,862822,380276,53851726.7142329,160
2019-05-31T00:00:00.000000000Z,766989,297215,43386260.5763855,117
2019-06-01T00:00:00.000000000Z,850116,332532,55994233.7353351,151
2019-06-02T00:00:00.000000000Z,690143,296672,48577778.935953,131
2019-06-03T00:00:00.000000000Z,727530,298454,44127906.0563237,119
2019-06-04T00:00:00.000000000Z,911280,375104,57106701.9552424,154
2019-06-05T00:00:00.000000000Z,874396,372790,59331638.395057,160
2019-06-06T00:00:00.000000000Z,812486,364084,58219170.1751497,157
2019-06-07T00:00:00.000000000Z,864227,350679,58589992.9151188,158
2019-06-08T00:00:00.000000000Z,617675,289229,45982019.7561692,124
2019-06-09T00:00:00.000000000Z,580387,303848,54510942.7754586,147
2019-06-10T00:00:00.000000000Z,809202,353081,58219170.1751497,157
2019-06-11T00:00:00.000000000Z,835542,342338,53027651.8155822,143
2019-06-12T00:00:00.000000000Z,795814,327686,48577778.935953,131
2019-06-13T00:00:00.000000000Z,892695,364181,55994233.7353351,151
2019-06-14T00:00:00.000000000Z,1041358,366631,62251625.6357354,169
2019-06-15T00:00:00.000000000Z,860753,328798,53775192.2320143,146
2019-06-16T00:00:00.000000000Z,689588,290875,47882020.4805607,130
2019-06-17T00:00:00.000000000Z,805931,324974,48986990.1839583,133
2019-06-18T00:00:00.000000000Z,950212,395670,60036687.2179338,163
2019-06-19T00:00:00.000000000Z,892254,393499,65193212.5004558,177
2019-06-20T00:00:00.000000000Z,839162,335359,53038545.7630826,144
2019-06-21T00:00:00.000000000Z,842659,340137,48986990.1839583,133
2019-06-22T00:00:00.000000000Z,848072,348735,51933576.0596851,141
2019-06-23T00:00:00.000000000Z,875010,379617,66666505.4383192,181
2019-06-24T00:00:00.000000000Z,978017,389565,65193212.5004558,177
2019-06-25T00:00:00.000000000Z,911584,362627,53775192.2320143,146
2019-06-26T00:00:00.000000000Z,1035885,400110,60773333.6868655,165
2019-06-27T00:00:00.000000000Z,891448,361594,55670540.6800857,142
2019-06-28T00:00:00.000000000Z,1008973,402045,64293187.5738047,163
2019-06-29T00:00:00.000000000Z,846946,359234,68631991.6432025,174
2019-06-30T00:00:00.000000000Z,675915,331336,59954383.5044069,152
2019-07-01T00:00:00.000000000Z,836709,334925,56404452.9021723,143
2019-07-02T00:00:00.000000000Z,894242,372380,62321003.9058966,158
2019-07-03T00:00:00.000000000Z,883931,397650,67843118.1760393,172
2019-07-04T00:00:00.000000000Z,814107,367092,65870934.5081312,167
2019-07-05T00:00:00.000000000Z,837154,383936,74548542.6469268,189
2019-07-06T00:00:00.000000000Z,654703,343762,70209738.577529,178
2019-07-07T00:00:00.000000000Z,614084,317421,60348820.2379885,153
2019-07-08T00:00:00.000000000Z,834590,382393,70209738.577529,178
2019-07-09T00:00:00.000000000Z,815561,360758,66020895.9353463,154
2019-07-10T00:00:00.000000000Z,802293,319829,58125055.93338185,129
2019-07-11T00:00:00.000000000Z,778056,324853,58125055.93338185,129
2019-07-12T00:00:00.000000000Z,899488,358858,73895419.94631507,164
2019-07-13T00:00:00.000000000Z,645726,304776,63532037.880673245,141
2019-07-14T00:00:00.000000000Z,592612,303453,65334365.19643704,145
2019-07-15T00:00:00.000000000Z,757007,349052,65784947.02537798,146
2019-07-16T00:00:00.000000000Z,794106,363942,72994256.28843316,162
2019-07-17T00:00:00.000000000Z,739298,325893,59927383.24914565,133
2019-07-18T00:00:00.000000000Z,740918,316059,54520401.301854275,121
2019-07-19T00:00:00.000000000Z,732618,295703,53168655.81503144,118
2019-07-20T00:00:00.000000000Z,702633,316713,79752983.72254743,177
2019-07-21T00:00:00.000000000Z,558672,290166,67136692.51220085,149
2019-07-22T00:00:00.000000000Z,708667,319856,71191928.97266938,158
2019-07-23T00:00:00.000000000Z,702928,318384,64200324.93722811,143
2019-07-24T00:00:00.000000000Z,733358,297882,62282811.34553916,139
2019-07-25T00:00:00.000000000Z,764542,332671,67211666.91964662,150
2019-07-26T00:00:00.000000000Z,750605,321796,74380911.39107564,166
2019-07-27T00:00:00.000000000Z,587410,285151,68107822.47857523,152
2019-07-28T00:00:00.000000000Z,521206,270123,78413611.40625447,175
2019-07-29T00:00:00.000000000Z,738306,336634,75277066.95000428,168
2019-07-30T00:00:00.000000000Z,737831,325262,63627044.68393211,142
2019-07-31T00:00:00.000000000Z,786236,365194,76621300.28839722,171
2019-08-01T00:00:00.000000000Z,752575,333913,63627044.68393211,142
2019-08-02T00:00:00.000000000Z,775949,351743,75725144.72946858,169
2019-08-03T00:00:00.000000000Z,612854,321871,77517455.84732585,173
2019-08-04T00:00:00.000000000Z,583300,298741,74828989.17053996,167
2019-08-05T00:00:00.000000000Z,807955,339296,70546861.81990622,143
2019-08-06T00:00:00.000000000Z,850550,371039,79916269.03403816,161
2019-08-07T00:00:00.000000000Z,819832,370946,75945274.29942758,153
2019-08-08T00:00:00.000000000Z,815367,337539,70485156.53933802,142
2019-08-09T00:00:00.000000000Z,749568,340632,72967028.24846964,147
2019-08-10T00:00:00.000000000Z,596821,296009,74952525.61577493,151
2019-08-11T00:00:00.000000000Z,550565,273676,75945274.29942758,153
2019-08-12T00:00:00.000000000Z,660039,303296,66017787.46290111,133
2019-08-13T00:00:00.000000000Z,873566,372239,77930771.66673285,157
2019-08-14T00:00:00.000000000Z,750768,360140,75448899.95760125,152
2019-08-15T00:00:00.000000000Z,701215,347508,77930771.66673285,157
2019-08-16T00:00:00.000000000Z,706459,329465,72967028.24846964,147
2019-08-17T00:00:00.000000000Z,565674,288730,63535915.753769495,128
2019-08-18T00:00:00.000000000Z,526730,272544,62789407.41868819,126
2019-08-19T00:00:00.000000000Z,711022,333840,82514504.79037575,163
2019-08-20T00:00:00.000000000Z,743636,329880,77452265.23268399,153
2019-08-21T00:00:00.000000000Z,784357,310110,68846457.984608,136
2019-08-22T00:00:00.000000000Z,808723,321501,71377577.76345386,141
2019-08-23T00:00:00.000000000Z,791057,341649,77452265.23268399,153
2019-08-24T00:00:00.000000000Z,700721,302706,80995832.92306823,160
2019-08-25T00:00:00.000000000Z,513916,288354,78464713.14422233,155
2019-08-26T00:00:00.000000000Z,759470,320470,69352681.94037716,137
2019-08-27T00:00:00.000000000Z,726784,324695,68340234.02883881,135
2019-08-28T00:00:00.000000000Z,705437,339895,76439817.32114564,151
2019-08-29T00:00:00.000000000Z,735396,346467,83526952.7019141,165
2019-08-30T00:00:00.000000000Z,734849,353926,80995832.92306823,160
2019-08-31T00:00:00.000000000Z,596235,334787,84033176.65768328,166
2019-09-01T00:00:00.000000000Z,574358,286147,76105398.3346369,143
2019-09-02T00:00:00.000000000Z,728155,332061,79786349.93155265,149
2019-09-03T00:00:00.000000000Z,799532,370996,87818532.81056806,164
2019-09-04T00:00:00.000000000Z,750620,324650,72825124.76973927,136
2019-09-05T00:00:00.000000000Z,744004,354399,88354011.66916907,165
2019-09-06T00:00:00.000000000Z,775304,361399,84605659.65896188,158
2019-09-07T00:00:00.000000000Z,617013,313050,80321828.79015365,150
2019-09-08T00:00:00.000000000Z,567664,288498,94779757.97238144,177
2019-09-09T00:00:00.000000000Z,769573,316630,78179913.35574953,146
2019-09-10T00:00:00.000000000Z,807975,338913,97457152.26538657,182
2019-09-11T00:00:00.000000000Z,783950,335304,98528109.9825886,184
2019-09-12T00:00:00.000000000Z,757805,339021,84605659.65896188,158
2019-09-13T00:00:00.000000000Z,759154,304604,81990003.47587636,150
2019-09-14T00:00:00.000000000Z,652357,305924,91618125.62606,155
2019-09-15T00:00:00.000000000Z,554317,269747,86889448.17439239,147
2019-09-16T00:00:00.000000000Z,779631,349425,96346803.07772762,163
2019-09-17T00:00:00.000000000Z,777701,344330,87480532.85585083,148
2019-09-18T00:00:00.000000000Z,855706,360321,102848734.57377057,174
2019-09-19T00:00:00.000000000Z,733322,347535,87480532.85585083,148
2019-09-20T00:00:00.000000000Z,742828,346533,89253786.90022619,151
2019-09-21T00:00:00.000000000Z,625288,327703,98120057.12210296,166
2019-09-22T00:00:00.000000000Z,606415,320368,98120057.12210296,166
2019-09-23T00:00:00.000000000Z,735518,291156,67383653.68626347,114
2019-09-24T00:00:00.000000000Z,840208,354704,92800294.9889769,157
2019-09-25T00:00:00.000000000Z,783948,344325,92209210.30751845,156
2019-09-26T00:00:00.000000000Z,739854,351788,102371761.97619785,171
2019-09-27T00:00:00.000000000Z,714047,307940,83726816.31844728,132
2019-09-28T00:00:00.000000000Z,619808,314444,100852756.01994783,159
2019-09-29T00:00:00.000000000Z,564381,288605,86263992.57052143,136
2019-09-30T00:00:00.000000000Z,750859,310433,82458228.1924102,130
2019-10-01T00:00:00.000000000Z,750562,331458,90704051.0116512,143
2019-10-02T00:00:00.000000000Z,717573,329482,93875521.32674389,148
2019-10-03T00:00:00.000000000Z,708956,327406,93241227.26372536,147
2019-10-04T00:00:00.000000000Z,712900,336945,93241227.26372536,147
2019-10-05T00:00:00.000000000Z,636638,327164,100218461.9569293,158
2019-10-06T00:00:00.000000000Z,555377,271853,94509815.38976245,149
2019-10-07T00:00:00.000000000Z,734959,329430,98315579.76787366,155
2019-10-08T00:00:00.000000000Z,715311,332738,102755638.20900345,162
2019-10-09T00:00:00.000000000Z,701690,313118,87532580.6965585,138
2019-10-10T00:00:00.000000000Z,743456,349406,103742972.6980896,162
2019-10-11T00:00:00.000000000Z,726820,346995,100875176.08460964,156
2019-10-12T00:00:00.000000000Z,578474,294174,86002553.969571,133
2019-10-13T00:00:00.000000000Z,555407,286586,91822275.66676003,142
2019-10-14T00:00:00.000000000Z,694167,304204,87295825.4578352,135
2019-10-15T00:00:00.000000000Z,712296,343443,98935268.85221331,153
2019-10-16T00:00:00.000000000Z,733220,333799,92468911.41089214,143
2019-10-17T00:00:00.000000000Z,730671,335681,96995361.61981696,150
2019-10-18T00:00:00.000000000Z,673650,336621,103461719.06113812,160
2019-10-19T00:00:00.000000000Z,643714,309836,91822275.66676003,142
2019-10-20T00:00:00.000000000Z,546144,281555,94408818.6432885,146
2019-10-21T00:00:00.000000000Z,749935,356016,102815083.317006,159
2019-10-22T00:00:00.000000000Z,732596,343436,109281440.75832719,169
2019-10-23T00:00:00.000000000Z,736263,342228,109314233.41859664,168
2019-10-24T00:00:00.000000000Z,719988,308626,90520752.85884188,133
2019-10-25T00:00:00.000000000Z,786680,329616,93923788.68060285,138
2019-10-26T00:00:00.000000000Z,761194,303527,95285003.00930724,140
2019-10-27T00:00:00.000000000Z,598714,259835,78269823.90050235,115
2019-10-28T00:00:00.000000000Z,753434,305938,91201360.02319407,134
2019-10-29T00:00:00.000000000Z,728736,309538,90520752.85884188,133
2019-10-30T00:00:00.000000000Z,711325,308902,91201360.02319407,134
2019-10-31T00:00:00.000000000Z,721957,300632,89840145.69448967,132
2019-11-01T00:00:00.000000000Z,790414,315875,88478931.36578529,130
2019-11-02T00:00:00.000000000Z,634816,284358,91201360.02319407,134
2019-11-03T00:00:00.000000000Z,610943,288785,93923788.68060285,138
2019-11-04T00:00:00.000000000Z,757129,310329,89840145.69448967,132
2019-11-05T00:00:00.000000000Z,782184,335704,98007431.66671602,144
2019-11-06T00:00:00.000000000Z,831199,310101,89840145.69448967,132
2019-11-07T00:00:00.000000000Z,799136,331125,91495629.00498703,135
2019-11-08T00:00:00.000000000Z,728522,312840,80936306.11613324,128
2019-11-09T00:00:00.000000000Z,709807,296119,91053344.3806499,144
2019-11-10T00:00:00.000000000Z,594556,305653,104964271.99436028,166
2019-11-11T00:00:00.000000000Z,704180,327772,95479548.62137593,151
2019-11-12T00:00:00.000000000Z,682025,301363,85362510.35685928,135
2019-11-13T00:00:00.000000000Z,746140,316690,85362510.35685928,135
2019-11-14T00:00:00.000000000Z,746968,346544,106861216.66895717,169
2019-11-15T00:00:00.000000000Z,779428,328438,99905752.86210199,158
2019-11-16T00:00:00.000000000Z,666406,280324,93582603.94677904,148
2019-11-17T00:00:00.000000000Z,598140,267492,97376493.29597281,154
2019-11-18T00:00:00.000000000Z,696269,306782,88524084.81452073,140
2019-11-19T00:00:00.000000000Z,823018,325197,92950289.05524676,147
2019-11-20T00:00:00.000000000Z,702168,320826,89788714.59758532,142
2019-11-21T00:00:00.000000000Z,803455,326131,87206195.79641934,137
2019-11-22T00:00:00.000000000Z,790198,303688,85127203.65307556,132
2019-11-23T00:00:00.000000000Z,681817,312324,111568229.03016719,173
2019-11-24T00:00:00.000000000Z,557217,264419,84482300.59509772,131
2019-11-25T00:00:00.000000000Z,678695,283328,80612882.24723066,125
2019-11-26T00:00:00.000000000Z,784964,319461,78678173.07329711,122
2019-11-27T00:00:00.000000000Z,812540,312560,89641525.05892047,139
2019-11-28T00:00:00.000000000Z,716192,316000,105119198.45038874,163
2019-11-29T00:00:00.000000000Z,730014,305085,87706815.88498695,136
2019-11-30T00:00:00.000000000Z,683831,284912,81257785.3052085,126
2019-12-01T00:00:00.000000000Z,593329,268135,89641525.05892047,139
2019-12-02T00:00:00.000000000Z,749060,318601,93510943.40678756,145
2019-12-03T00:00:00.000000000Z,744688,333969,101894683.16049953,158
2019-12-04T00:00:00.000000000Z,749562,332204,107698810.68230015,167
2019-12-05T00:00:00.000000000Z,746859,319133,93362398.66941905,145
2019-12-06T00:00:00.000000000Z,748047,311069,92816137.37716064,145
2019-12-07T00:00:00.000000000Z,642350,282629,99217250.29972345,155
2019-12-08T00:00:00.000000000Z,587017,278763,94736471.25392947,148
2019-12-09T00:00:00.000000000Z,803439,316995,94736471.25392947,148
2019-12-10T00:00:00.000000000Z,803226,321466,94736471.25392947,148
2019-12-11T00:00:00.000000000Z,771631,288155,84494690.57782899,132
2019-12-12T00:00:00.000000000Z,722853,310072,85134801.87008528,133
2019-12-13T00:00:00.000000000Z,746512,329512,97296916.4229546,152
2019-12-14T00:00:00.000000000Z,623464,291279,96656805.13069834,151
2019-12-15T00:00:00.000000000Z,657604,258366,79373800.23977876,124
2019-12-16T00:00:00.000000000Z,777556,330126,100497472.884236,157
2019-12-17T00:00:00.000000000Z,875713,314849,90255692.20813552,141
2019-12-18T00:00:00.000000000Z,751472,318200,85774913.16234156,134
2019-12-19T00:00:00.000000000Z,725702,319162,100640144.00517273,157
2019-12-20T00:00:00.000000000Z,708265,332107,100413778.96363248,156
2019-12-21T00:00:00.000000000Z,610208,305042,113287340.36922646,176
2019-12-22T00:00:00.000000000Z,589250,282133,108781593.87726857,169
2019-12-23T00:00:00.000000000Z,727796,313917,92045964.0499964,143
2019-12-24T00:00:00.000000000Z,649535,283750,80459758.78496182,125
2019-12-25T00:00:00.000000000Z,537049,241535,82390792.9958009,128
2019-12-26T00:00:00.000000000Z,653003,302825,107494237.73670918,167
2019-12-27T00:00:00.000000000Z,721861,325259,93333320.1905558,145
2019-12-28T00:00:00.000000000Z,611206,291276,95908032.4716746,149
2019-12-29T00:00:00.000000000Z,589993,281440,99770100.89335278,155
2019-12-30T00:00:00.000000000Z,735877,326626,106850559.66642946,166
2019-12-31T00:00:00.000000000Z,657164,289968,93333320.1905558,145
2020-01-01T00:00:00.000000000Z,524360,251867,112929774.50430365,174
2020-01-02T00:00:00.000000000Z,671016,291935,96717718.31238091,141
2020-01-03T00:00:00.000000000Z,721747,323153,115924073.72193182,169
2020-01-04T00:00:00.000000000Z,611397,282301,115238132.457305,168
2020-01-05T00:00:00.000000000Z,597061,288212,111808426.13417092,163
2020-01-06T00:00:00.000000000Z,724219,297843,92602070.72462001,135
2020-01-07T00:00:00.000000000Z,775757,347212,120725662.57431954,176
2020-01-08T00:00:00.000000000Z,754553,318633,97403659.57700774,142
2020-01-09T00:00:00.000000000Z,773570,322838,107692778.54641,157
2020-01-10T00:00:00.000000000Z,792103,332463,102205248.42939548,149
2020-01-11T00:00:00.000000000Z,640445,303555,111808426.13417092,163
2020-01-12T00:00:00.000000000Z,581504,278853,103577130.9586491,151
2020-01-13T00:00:00.000000000Z,705443,299786,98089600.84163456,143
2020-01-14T00:00:00.000000000Z,850757,346978,99850250.9686384,145
2020-01-15T00:00:00.000000000Z,759192,328833,110915119.36618419,151
2020-01-16T00:00:00.000000000Z,739283,326587,116791417.08094886,159
2020-01-17T00:00:00.000000000Z,756728,323884,116791417.08094886,159
2020-01-18T00:00:00.000000000Z,649187,290970,96958912.29361789,132
2020-01-19T00:00:00.000000000Z,622774,282105,110180582.1518386,150
2020-01-20T00:00:00.000000000Z,741539,312967,111649656.58052978,152
2020-01-21T00:00:00.000000000Z,756250,311835,112384193.79487537,153
2020-01-22T00:00:00.000000000Z,771727,326380,114587805.43791209,156
2020-01-23T00:00:00.000000000Z,789764,337280,116791417.08094886,159
2020-01-24T00:00:00.000000000Z,720051,311823,111649656.58052978,152
2020-01-25T00:00:00.000000000Z,665971,283292,120464103.15267676,164
2020-01-26T00:00:00.000000000Z,544915,256739,105038821.65141945,143
2020-01-27T00:00:00.000000000Z,726725,285400,94755300.65058112,129
2020-01-28T00:00:00.000000000Z,812560,339784,107492950.68599442,142
2020-01-29T00:00:00.000000000Z,767507,340075,123011831.71279211,160
2020-01-30T00:00:00.000000000Z,765495,332584,119936535.91997233,156
2020-01-31T00:00:00.000000000Z,762130,329369,110710648.54151301,144
2020-02-01T00:00:00.000000000Z,743933,304884,116092416.17894764,151
2020-02-02T00:00:00.000000000Z,706042,292383,109941824.59330806,143
2020-02-03T00:00:00.000000000Z,879860,336226,113785944.3343328,148
2020-02-04T00:00:00.000000000Z,764885,307816,101484761.16305356,132
2020-02-05T00:00:00.000000000Z,823713,363153,122243007.76458718,159
2020-02-06T00:00:00.000000000Z,765225,321928,103791233.00766842,135
2020-02-07T00:00:00.000000000Z,865396,333319,106866528.80048823,139
2020-02-08T00:00:00.000000000Z,709380,315526,106866528.80048823,139
2020-02-09T00:00:00.000000000Z,695691,318974,117630064.07535753,153
2020-02-10T00:00:00.000000000Z,703356,295461,93796521.681004,122
2020-02-11T00:00:00.000000000Z,885934,361869,114210895.7545908,148
2020-02-12T00:00:00.000000000Z,822547,350973,109742275.1892226,142
2020-02-13T00:00:00.000000000Z,815808,336765,108969442.26535484,141
2020-02-14T00:00:00.000000000Z,741471,329123,104332444.72214827,135
2020-02-15T00:00:00.000000000Z,736640,316931,109742275.1892226,142
2020-02-16T00:00:00.000000000Z,655188,299527,109742275.1892226,142
2020-02-17T00:00:00.000000000Z,773751,337935,121334769.04723918,157
2020-02-18T00:00:00.000000000Z,783570,327054,115924938.58016479,150
2020-02-19T00:00:00.000000000Z,792783,340104,108969442.26535484,141
2020-02-20T00:00:00.000000000Z,766448,311982,97376948.40733843,126
2020-02-21T00:00:00.000000000Z,768521,341390,119016270.27563587,154
2020-02-22T00:00:00.000000000Z,660812,300166,114379272.73242924,148
2020-02-23T00:00:00.000000000Z,622397,289114,109742275.1892226,142
2020-02-24T00:00:00.000000000Z,758122,328045,108969442.26535484,141
2020-02-25T00:00:00.000000000Z,743278,339313,111005384.3400511,144
2020-02-26T00:00:00.000000000Z,778003,328537,104700775.42728595,136
2020-02-27T00:00:00.000000000Z,777389,338194,113169220.49861053,147
2020-02-28T00:00:00.000000000Z,778213,361653,121637665.56993525,158
2020-02-29T00:00:00.000000000Z,679597,309086,107010351.35582903,139
2020-03-01T00:00:00.000000000Z,674209,312717,136264979.78404152,177
2020-03-02T00:00:00.000000000Z,829550,341655,114708937.78430595,149
2020-03-03T00:00:00.000000000Z,840712,346828,117788372.35569674,153
2020-03-04T00:00:00.000000000Z,857423,350503,128566393.35556455,167
2020-03-05T00:00:00.000000000Z,793221,350421,125486958.78417374,163
2020-03-06T00:00:00.000000000Z,804945,338758,119328089.64139213,155
2020-03-07T00:00:00.000000000Z,682432,313782,120867806.92708752,157
2020-03-08T00:00:00.000000000Z,654911,304534,121637665.56993525,158
2020-03-09T00:00:00.000000000Z,809850,347351,120142063.4511651,150
2020-03-10T00:00:00.000000000Z,807778,329508,108616241.39191228,132
2020-03-11T00:00:00.000000000Z,728889,290284,97919187.31543607,119
2020-03-12T00:00:00.000000000Z,909601,346057,124250397.34983888,151
2020-03-13T00:00:00.000000000Z,786409,279662,102856289.19688664,125
2020-03-14T00:00:00.000000000Z,772769,276029,105324840.13761191,128
2020-03-15T00:00:00.000000000Z,629326,224876,97919187.31543607,119
2020-03-16T00:00:00.000000000Z,725120,269587,97919187.31543607,119
2020-03-17T00:00:00.000000000Z,765477,279277,101210588.56973645,123
2020-03-18T00:00:00.000000000Z,633373,233212,82285031.35750929,100
2020-03-19T00:00:00.000000000Z,709786,265543,88044983.55253497,107
2020-03-20T00:00:00.000000000Z,734614,282852,89690684.17968515,109
2020-03-21T00:00:00.000000000Z,637554,238359,102033438.88331154,124
2020-03-22T00:00:00.000000000Z,579901,215499,104501989.82403682,127
2020-03-23T00:00:00.000000000Z,667486,256978,92159235.12041043,112
2020-03-24T00:00:00.000000000Z,736233,280363,108616241.39191228,132
2020-03-25T00:00:00.000000000Z,587460,219772,75702228.84890854,92
2020-03-26T00:00:00.000000000Z,889704,286521,111836546.3991491,160
2020-03-27T00:00:00.000000000Z,807651,273175,107197274.86378047,155
2020-03-28T00:00:00.000000000Z,627230,241957,93365368.42974424,135
2020-03-29T00:00:00.000000000Z,591287,234751,104430893.57697324,151
2020-03-30T00:00:00.000000000Z,770915,278279,101664512.29016598,147
2020-03-31T00:00:00.000000000Z,816889,288338,109963656.15058772,159
2020-04-01T00:00:00.000000000Z,824108,285331,105814084.22037683,153
2020-04-02T00:00:00.000000000Z,798186,300020,105814084.22037683,153
2020-04-03T00:00:00.000000000Z,750332,276158,91290582.4646388,132
2020-04-04T00:00:00.000000000Z,657862,255653,108580465.50718409,157
2020-04-05T00:00:00.000000000Z,596364,237774,121029181.2978167,175
2020-04-06T00:00:00.000000000Z,780832,282652,88524201.17783155,128
2020-04-07T00:00:00.000000000Z,938358,310534,116188014.04590404,168
2020-04-08T00:00:00.000000000Z,760207,283150,103260704.52088556,144
2020-04-09T00:00:00.000000000Z,730620,289249,112650577.82639459,154
2020-04-10T00:00:00.000000000Z,735297,286082,119234053.15391117,163
2020-04-11T00:00:00.000000000Z,634944,249141,116308064.11945938,159
2020-04-12T00:00:00.000000000Z,618062,232510,111919080.56778164,153
2020-04-13T00:00:00.000000000Z,764583,281944,125086031.2228148,171
2020-04-14T00:00:00.000000000Z,843493,303129,122891539.44697595,168
2020-04-15T00:00:00.000000000Z,926278,309402,123623036.70558889,169
2020-04-16T00:00:00.000000000Z,880665,321911,112650577.82639459,154
2020-04-17T00:00:00.000000000Z,844316,287202,92900151.8438449,127
2020-04-18T00:00:00.000000000Z,847811,285552,115576566.86084642,158
2020-04-19T00:00:00.000000000Z,718815,254065,111187583.3091687,152
2020-04-20T00:00:00.000000000Z,842251,307154,117771058.63668527,161
2020-04-21T00:00:00.000000000Z,818062,311455,116039619.81187667,149
2020-04-22T00:00:00.000000000Z,762361,283681,103923467.23346883,131
2020-04-23T00:00:00.000000000Z,935989,327396,112649865.24543951,142
2020-04-24T00:00:00.000000000Z,893187,317682,114236483.06579782,144
2020-04-25T00:00:00.000000000Z,813456,278517,107890011.7843646,136
2020-04-26T00:00:00.000000000Z,724250,257046,108683320.69454375,137
2020-04-27T00:00:00.000000000Z,876229,311090,111856556.33526036,141
2020-04-28T00:00:00.000000000Z,926669,326468,122169572.16758937,154
2020-04-29T00:00:00.000000000Z,911617,330308,115029791.97597697,145
2020-04-30T00:00:00.000000000Z,947585,320861,107096702.87418543,135
2020-05-01T00:00:00.000000000Z,955523,330551,111856556.33526036,141
2020-05-02T00:00:00.000000000Z,970554,292646,117409718.70651443,148
2020-05-03T00:00:00.000000000Z,909805,283545,133275896.91009754,168
2020-05-04T00:00:00.000000000Z,889636,324017,125342807.80830598,158
2020-05-05T00:00:00.000000000Z,970464,327645,126330903.87563805,158
2020-05-06T00:00:00.000000000Z,972369,334650,123288445.65559772,154
2020-05-07T00:00:00.000000000Z,1020443,343684,117684425.39852506,147
2020-05-08T00:00:00.000000000Z,949216,324693,109678682.17413558,137
2020-05-09T00:00:00.000000000Z,906900,310119,108878107.85169664,136
2020-05-10T00:00:00.000000000Z,869262,283795,136097634.81462088,170
2020-05-11T00:00:00.000000000Z,999192,311653,125690168.62291455,157
2020-05-12T00:00:00.000000000Z,954129,342304,116883851.07608612,146
2020-05-13T00:00:00.000000000Z,858458,299956,95268344.37023449,119
2020-05-14T00:00:00.000000000Z,880861,268116,91265472.75803976,114
2020-05-15T00:00:00.000000000Z,895670,311224,100071790.3048682,125
2020-05-16T00:00:00.000000000Z,880534,295280,100872364.62730715,126
2020-05-17T00:00:00.000000000Z,763444,236007,81658580.88877237,102
2020-05-18T00:00:00.000000000Z,970423,275691,102473513.27218504,128
2020-05-19T00:00:00.000000000Z,890493,272964,92066047.08047871,115
2020-05-20T00:00:00.000000000Z,865708,276199,86731596.76375672,115
2020-05-21T00:00:00.000000000Z,928630,302259,98579623.70355071,131
2020-05-22T00:00:00.000000000Z,797526,278942,83529299.47400093,111
2020-05-23T00:00:00.000000000Z,848702,267042,89549429.16582084,119
2020-05-24T00:00:00.000000000Z,807939,216545,87291880.53138837,116
2020-05-25T00:00:00.000000000Z,828919,267395,94064526.43468578,125
2020-05-26T00:00:00.000000000Z,852839,286759,93312010.2232083,124
2020-05-27T00:00:00.000000000Z,913075,299984,103847237.18389316,138
2020-05-28T00:00:00.000000000Z,866559,299064,98579623.70355071,131
2020-05-29T00:00:00.000000000Z,852420,282773,95569558.85764076,127
2020-05-30T00:00:00.000000000Z,902498,284116,117392528.99048796,156
2020-05-31T00:00:00.000000000Z,801889,258529,112877431.72162303,150
2020-06-01T00:00:00.000000000Z,870833,302044,100837172.33798319,134
2020-06-02T00:00:00.000000000Z,899961,308948,97074591.28059575,129
2020-06-03T00:00:00.000000000Z,950153,311153,104599753.39537065,139
2020-06-04T00:00:00.000000000Z,884109,315771,108319274.22458893,151
2020-06-05T00:00:00.000000000Z,918647,331389,122192367.72521374,179
2020-06-06T00:00:00.000000000Z,771819,281291,133797229.46448,196
2020-06-07T00:00:00.000000000Z,690992,254724,108539589.20842996,159
2020-06-08T00:00:00.000000000Z,986341,316297,110587505.98594747,162
2020-06-09T00:00:00.000000000Z,910121,328115,109222228.13426913,160
2020-06-10T00:00:00.000000000Z,909669,324907,111952783.83762586,164
2020-06-11T00:00:00.000000000Z,1048342,336672,126288201.28024888,185
2020-06-12T00:00:00.000000000Z,909615,309817,111270144.91178666,163
2020-06-13T00:00:00.000000000Z,800767,283164,107856950.28259078,158
2020-06-14T00:00:00.000000000Z,698545,279097,116048617.392661,170
2020-06-15T00:00:00.000000000Z,867844,292792,94204171.7658072,138
2020-06-16T00:00:00.000000000Z,986219,343031,106884937.53919552,150
2020-06-17T00:00:00.000000000Z,918592,330975,108283617.57348618,138
2020-06-18T00:00:00.000000000Z,854866,283106,96513659.14158547,123
2020-06-19T00:00:00.000000000Z,947402,345029,112206937.0507864,143
2020-06-20T00:00:00.000000000Z,760742,281510,107498953.67802612,137
2020-06-21T00:00:00.000000000Z,710176,256980,114560928.73716654,146
2020-06-22T00:00:00.000000000Z,850006,307776,112206937.0507864,143
2020-06-23T00:00:00.000000000Z,1034537,351192,123976895.48268713,158
2020-06-24T00:00:00.000000000Z,917620,311143,109068281.46894622,139
2020-06-25T00:00:00.000000000Z,901033,315538,110637609.25986633,141
2020-06-26T00:00:00.000000000Z,929963,328405,128684878.8554474,164
2020-06-27T00:00:00.000000000Z,761896,272210,108283617.57348618,138
2020-06-28T00:00:00.000000000Z,686270,265941,117699584.31900674,150
2020-06-29T00:00:00.000000000Z,962232,314488,113776264.8417065,145
2020-06-30T00:00:00.000000000Z,926238,306323,115344545.21897343,147
2020-07-01T00:00:00.000000000Z,1078007,378081,127111309.03923196,162
2020-07-02T00:00:00.000000000Z,951042,339419,128680584.45946935,164
2020-07-03T00:00:00.000000000Z,944676,327948,127895946.74935065,163
2020-07-04T00:00:00.000000000Z,799989,292761,123188120.4886384,157
2020-07-05T00:00:00.000000000Z,771473,273114,127895946.74935065,163
2020-07-06T00:00:00.000000000Z,989688,337284,120834207.3582823,154
2020-07-07T00:00:00.000000000Z,969354,349022,126326671.32911325,161
2020-07-08T00:00:00.000000000Z,1024085,347004,118480294.22792618,151
2020-07-09T00:00:00.000000000Z,1033334,360126,128680584.45946935,164
2020-07-10T00:00:00.000000000Z,976205,345294,126326671.32911325,161
2020-07-11T00:00:00.000000000Z,885970,310565,122403482.7785197,156
2020-07-12T00:00:00.000000000Z,745665,280425,119264931.93804488,152
2020-07-13T00:00:00.000000000Z,909653,311275,121474836.12740125,147
2020-07-14T00:00:00.000000000Z,993499,357160,124167138.54257391,144
2020-07-15T00:00:00.000000000Z,971186,318436,118993507.76996668,138
2020-07-16T00:00:00.000000000Z,966383,347671,117268964.1790976,136
2020-07-17T00:00:00.000000000Z,847984,290533,101748071.86127587,118
2020-07-18T00:00:00.000000000Z,892684,313304,112095333.40649036,130
2020-07-19T00:00:00.000000000Z,872974,274629,112957605.20192489,131
2020-07-20T00:00:00.000000000Z,940265,312187,121580323.1562703,141
2020-07-21T00:00:00.000000000Z,927506,313100,107783974.42931765,125
2020-07-22T00:00:00.000000000Z,1017627,362798,124167138.54257391,144
2020-07-23T00:00:00.000000000Z,977856,336506,117268964.1790976,136
2020-07-24T00:00:00.000000000Z,1083981,369218,138825759.0649611,161
2020-07-25T00:00:00.000000000Z,972156,290603,122442594.95170484,142
2020-07-26T00:00:00.000000000Z,999311,301312,136238943.6786575,158
2020-07-27T00:00:00.000000000Z,1022491,325521,128082098.07778554,149
2020-07-28T00:00:00.000000000Z,1059084,354433,121437040.3952344,145
2020-07-29T00:00:00.000000000Z,1039672,348023,123949530.88617033,148
2020-07-30T00:00:00.000000000Z,968423,329417,113062072.09211469,135
2020-07-31T00:00:00.000000000Z,1062923,355688,128137015.03773022,153
2020-08-01T00:00:00.000000000Z,954055,292274,114737065.75273862,137
2020-08-02T00:00:00.000000000Z,950873,287133,118087053.07398653,141
2020-08-03T00:00:00.000000000Z,1080975,334722,135674486.51053798,162
2020-08-04T00:00:00.000000000Z,1003351,331448,121437040.3952344,145
2020-08-05T00:00:00.000000000Z,957619,291603,108037091.11024292,129
2020-08-06T00:00:00.000000000Z,1120216,355285,130649505.52866612,156
2020-08-07T00:00:00.000000000Z,1049182,327415,127299518.20741823,152
2020-08-08T00:00:00.000000000Z,951540,277399,118924549.9042985,142
2020-08-09T00:00:00.000000000Z,911571,275199,130649505.52866612,156
2020-08-10T00:00:00.000000000Z,967780,307280,114926419.49958968,137
2020-08-11T00:00:00.000000000Z,1086328,348465,129741892.84212302,154
2020-08-12T00:00:00.000000000Z,1049344,342524,132269332.31307347,157
2020-08-13T00:00:00.000000000Z,952528,330257,123844534.076572,147
2020-08-14T00:00:00.000000000Z,1086754,364429,140694130.54957497,167
2020-08-15T00:00:00.000000000Z,973628,309355,131426852.48942332,156
2020-08-16T00:00:00.000000000Z,892624,293129,128056933.19482274,152
2020-08-17T00:00:00.000000000Z,878796,289826,105309977.95626877,125
2020-08-18T00:00:00.000000000Z,1008612,345122,117947175.31102097,140
2020-08-19T00:00:00.000000000Z,988648,336660,116262215.6637207,138
2020-08-20T00:00:00.000000000Z,994559,331546,123002054.25292186,146
2020-08-21T00:00:00.000000000Z,1095556,313078,130584372.66577318,155
2020-08-22T00:00:00.000000000Z,950674,308966,114577256.0164204,136
2020-08-23T00:00:00.000000000Z,906460,287940,132269332.31307347,157
2020-08-24T00:00:00.000000000Z,944242,334304,128593100.89647324,149
2020-08-25T00:00:00.000000000Z,951716,301021,111720008.69546545,128
2020-08-26T00:00:00.000000000Z,1030264,328396,123939384.64653216,142
2020-08-27T00:00:00.000000000Z,947577,324735,112592821.26339878,129
2020-08-28T00:00:00.000000000Z,1080096,352344,142268448.5731322,163
2020-08-29T00:00:00.000000000Z,972062,291205,127430634.91826549,146
2020-08-30T00:00:00.000000000Z,821271,266126,110847196.12753214,127
2020-08-31T00:00:00.000000000Z,935410,310357,130921885.18999885,150
2020-09-01T00:00:00.000000000Z,1074307,371778,134413135.46173215,154
2020-09-02T00:00:00.000000000Z,1029017,320017,125685009.78239882,144
2020-09-03T00:00:00.000000000Z,983249,309835,112592821.26339878,129
2020-09-04T00:00:00.000000000Z,1004854,300021,117829696.6709988,135
2020-09-05T00:00:00.000000000Z,984198,324594,123066572.07859881,141
2020-09-06T00:00:00.000000000Z,988383,258964,130921885.18999885,150
2020-09-07T00:00:00.000000000Z,1086059,328020,151709442.06778005,175
2020-09-08T00:00:00.000000000Z,974053,329714,133652505.32879294,155
2020-09-09T00:00:00.000000000Z,968245,321941,128478859.9612268,149
2020-09-10T00:00:00.000000000Z,1103924,343183,136239328.01257607,158
2020-09-11T00:00:00.000000000Z,951505,308280,118993843.45402217,138
2020-09-12T00:00:00.000000000Z,890683,297027,146586618.7477084,170
2020-09-13T00:00:00.000000000Z,803998,256977,139688424.92428684,162
2020-09-14T00:00:00.000000000Z,1016193,353963,151760264.11527455,176
2020-09-15T00:00:00.000000000Z,976024,335248,134514779.55672064,156
2020-09-16T00:00:00.000000000Z,1064243,340027,133652505.32879294,155
2020-09-17T00:00:00.000000000Z,1101957,347774,153484812.57112998,178
2020-09-18T00:00:00.000000000Z,974291,326660,142275247.6080699,165
2020-09-19T00:00:00.000000000Z,892685,292875,128478859.9612268,149
2020-09-20T00:00:00.000000000Z,820833,261651,135654384.57842135,142
2020-09-21T00:00:00.000000000Z,946997,299730,139219832.7594406,145
2020-09-22T00:00:00.000000000Z,968239,311008,123857644.31701958,129
2020-09-23T00:00:00.000000000Z,1013565,349540,136339422.42648664,142
2020-09-24T00:00:00.000000000Z,943668,318555,131538738.53823009,137
2020-09-25T00:00:00.000000000Z,1140261,345399,162263115.42307213,169
2020-09-26T00:00:00.000000000Z,952990,281747,144020516.64769718,150
2020-09-27T00:00:00.000000000Z,784428,258919,145940790.2029998,152
2020-09-28T00:00:00.000000000Z,884124,297685,123857644.31701958,129
2020-09-29T00:00:00.000000000Z,998051,345931,135379285.64883533,141
2020-09-30T00:00:00.000000000Z,1118241,351403,149781337.31360504,156
2020-10-01T00:00:00.000000000Z,922880,304377,119056960.428763,124
2020-10-02T00:00:00.000000000Z,996361,315938,130578601.76057877,136
2020-10-03T00:00:00.000000000Z,1002444,303899,144980653.4253485,151
2020-10-04T00:00:00.000000000Z,923546,274508,151587945.74942547,158
2020-10-05T00:00:00.000000000Z,946902,295868,134303836.4311297,140
2020-10-06T00:00:00.000000000Z,978521,318289,124710705.25747761,130
2020-10-07T00:00:00.000000000Z,1063425,369576,144856280.72214702,151
2020-10-08T00:00:00.000000000Z,1033122,329472,155408725.0131643,162
2020-10-09T00:00:00.000000000Z,1006667,339374,136222462.66586015,142
2020-10-10T00:00:00.000000000Z,917402,294652,137181775.7832253,143
2020-10-11T00:00:00.000000000Z,791020,257292,134303836.4311297,140
2020-10-12T00:00:00.000000000Z,945894,315903,142937654.4874166,149
2020-10-13T00:00:00.000000000Z,1049377,330320,159245977.48262516,166
2020-10-14T00:00:00.000000000Z,952949,318750,142937654.4874166,149
2020-10-15T00:00:00.000000000Z,1035214,337702,144856280.72214702,151
2020-10-16T00:00:00.000000000Z,973228,319791,148693533.19160783,155
2020-10-17T00:00:00.000000000Z,851147,278655,152593470.69353917,157
2020-10-18T00:00:00.000000000Z,744786,234650,119288755.69898535,120
2020-10-19T00:00:00.000000000Z,930306,303148,124259120.51977639,125
2020-10-20T00:00:00.000000000Z,1011847,331386,143146506.83878234,144
2020-10-21T00:00:00.000000000Z,1013298,308240,129229485.34056745,130
2020-10-22T00:00:00.000000000Z,1048775,341549,136187996.0896749,137
2020-10-23T00:00:00.000000000Z,977710,321018,130223558.30472566,131
2020-10-24T00:00:00.000000000Z,1098917,304224,151099090.55204803,152
2020-10-25T00:00:00.000000000Z,851199,242596,116306536.80651072,117
2020-10-26T00:00:00.000000000Z,825846,255058,109348026.05740325,110
2020-10-27T00:00:00.000000000Z,827512,255102,98413223.45166297,99
2020-10-28T00:00:00.000000000Z,817505,259212,99407296.41582118,100
2020-10-29T00:00:00.000000000Z,887772,277836,107359880.12908687,108
2020-10-30T00:00:00.000000000Z,901403,267995,110342099.02156149,111
2020-10-31T00:00:00.000000000Z,875335,274513,112330244.9498779,113
2020-11-01T00:00:00.000000000Z,897445,276664,124259120.51977639,125
2020-11-02T00:00:00.000000000Z,777173,225214,94436931.59503014,95
2020-11-03T00:00:00.000000000Z,1029970,330051,123534519.48211516,140
2020-11-04T00:00:00.000000000Z,1175181,319925,132689483.09191571,159
2020-11-05T00:00:00.000000000Z,1071518,319993,122675182.48120517,147
2020-11-06T00:00:00.000000000Z,1080743,334639,127682332.786560301594257560297699025,153
2020-11-07T00:00:00.000000000Z,1055012,273328,121840657.43031262,146
2020-11-08T00:00:00.000000000Z,920529,243396,115164457.02317227,138
2020-11-09T00:00:00.000000000Z,1188873,320528,154387134.41512182,185
2020-11-10T00:00:00.000000000Z,1026623,308276,122675182.48120517,147
2020-11-11T00:00:00.000000000Z,1004339,318925,122675182.48120517,147
2020-11-12T00:00:00.000000000Z,1064270,329630,133524008.14280823,160
2020-11-13T00:00:00.000000000Z,999523,301426,115998982.341112604008503904519886168433096,139
2020-11-14T00:00:00.000000000Z,915336,272079,118502557.093218232552515851680993803283452,142
2020-11-15T00:00:00.000000000Z,845204,248137,125178757.6338828,150
2020-11-16T00:00:00.000000000Z,1041491,312340,135735925.23468184,160
2020-11-17T00:00:00.000000000Z,1142716,350945,137334451.150486295540826120288331810171956,157
2020-11-18T00:00:00.000000000Z,1197076,362407,147831351.5740522,169
2020-11-19T00:00:00.000000000Z,1052034,309724,119839616.504722658545603407843570361335978,137
2020-11-20T00:00:00.000000000Z,1177776,346562,146956610.268637700109096471548569496507934,168
2020-11-21T00:00:00.000000000Z,1007240,308830,147831351.5740522,169
2020-11-22T00:00:00.000000000Z,875364,273653,152205060.20050347,174
2020-11-23T00:00:00.000000000Z,1014814,301519,128587033.61766668,147
2020-11-24T00:00:00.000000000Z,1052398,330918,118964874.63947392,136
2020-11-25T00:00:00.000000000Z,1127776,362628,135584967.559947123399508130212617886335978,155
2020-11-26T00:00:00.000000000Z,1115848,321713,131211259.213413235255191749179521971507934,150
2020-11-27T00:00:00.000000000Z,1099990,323696,134710225.69469845,154
2020-11-28T00:00:00.000000000Z,1038684,292638,134710225.69469845,154
2020-11-29T00:00:00.000000000Z,875712,259705,135787629.27682322,150
2020-11-30T00:00:00.000000000Z,903580,262264,107610727.91731204,113
2020-12-01T00:00:00.000000000Z,1179012,378285,144750713.6586849,152
2020-12-02T00:00:00.000000000Z,1015318,327335,124752259.7979457,131
2020-12-03T00:00:00.000000000Z,1165469,343706,149512250.29219425,157
2020-12-04T00:00:00.000000000Z,1070208,315591,137132255.04506996,144
2020-12-05T00:00:00.000000000Z,1077064,283933,137132255.04506996,144
2020-12-06T00:00:00.000000000Z,906549,256611,129513796.43145503,136
2020-12-07T00:00:00.000000000Z,1017188,305857,142846099.0052812,150
2020-12-08T00:00:00.000000000Z,1057637,329557,137132255.04506996,144
2020-12-09T00:00:00.000000000Z,1059284,323845,132370718.716298855792566057019677772096088,139
2020-12-10T00:00:00.000000000Z,995137,311527,123799952.47124383,130
2020-12-11T00:00:00.000000000Z,1078069,304342,131418411.08485878,138
2020-12-12T00:00:00.000000000Z,962538,296177,125704567.12464757,132
2020-12-13T00:00:00.000000000Z,938739,274709,148342069.0427936,156
2020-12-14T00:00:00.000000000Z,977389,313940,134574370.800974739387185866461403088406192,145
2020-12-15T00:00:00.000000000Z,1047043,322798,129933875.82961448,140
2020-12-16T00:00:00.000000000Z,1098912,313973,132718173.762804250021973325005810511593808,143
2020-12-17T00:00:00.000000000Z,1066159,308001,119724785.58585908,129
2020-12-18T00:00:00.000000000Z,1194851,377227,145711560.75178188,157
2020-12-19T00:00:00.000000000Z,1158142,339766,146639659.567859257174437068197530581703096,158
2020-12-20T00:00:00.000000000Z,1075417,282293,140142965.924874375939508331965568690851548,151
2020-12-21T00:00:00.000000000Z,1126710,274086,126221478.783356645968149641728052663406192,136
2020-12-22T00:00:00.000000000Z,1095221,322307,132718173.762804250021973325005810511593808,143
2020-12-23T00:00:00.000000000Z,1138302,337585,142927263.4125759,154
2020-12-24T00:00:00.000000000Z,969168,271363,116940488.24665305,126
2020-12-25T00:00:00.000000000Z,1021183,298020,133646272.28188917,144
2020-12-26T00:00:00.000000000Z,957062,277615,127149578.49040844,137
2020-12-27T00:00:00.000000000Z,1049825,304240,137344635.42361856,148
2020-12-28T00:00:00.000000000Z,1154354,314503,147934525.66917643,160
2020-12-29T00:00:00.000000000Z,1146131,334580,140537799.38571763,152
2020-12-30T00:00:00.000000000Z,1221579,340919,159029615.0943647,172
2020-12-31T00:00:00.000000000Z,1193822,338444,153482070.677639541788407976074272574926684,166
2021-01-01T00:00:00.000000000Z,1001890,261318,137764026.733551449125853441822306987573316,149
2021-01-02T00:00:00.000000000Z,1140633,297595,139613208.60028526,151
2021-01-03T00:00:00.000000000Z,1184688,359641,146085344.09831175,158
2021-01-04T00:00:00.000000000Z,1270082,370865,159954206.027731482583992964579016162463342,173
2021-01-05T00:00:00.000000000Z,1230529,355008,145160753.608748370619429078420084587426684,157
2021-01-06T00:00:00.000000000Z,1344921,398455,163652569.02152643,177
2021-01-07T00:00:00.000000000Z,1292297,402123,155331252.396438772161801885223716974890026,168
2021-01-08T00:00:00.000000000Z,1237271,358440,136839436.2439882,148
2021-01-09T00:00:00.000000000Z,1094947,318922,134307072.19635198,139
2021-01-10T00:00:00.000000000Z,1177151,332604,162879650.92477036,159
2021-01-11T00:00:00.000000000Z,1211948,333441,157757649.32336253,154
2021-01-12T00:00:00.000000000Z,1202314,336350,151611247.729481136121225611494754763502772,148
2021-01-13T00:00:00.000000000Z,1163164,320071,155708849.338415536817576001913262127005544,152
2021-01-14T00:00:00.000000000Z,1167975,338553,150586847.08139154,147
2021-01-15T00:00:00.000000000Z,1209589,345053,158782049.807548106737105117602766544251386,155
2021-01-16T00:00:00.000000000Z,1115276,308421,150586846.589679305344404336765751817245842,147
2021-01-17T00:00:00.000000000Z,1002014,268872,136245242.433545364112645324549728255748614,133
2021-01-18T00:00:00.000000000Z,1077578,313873,148538046.4408284,145
2021-01-19T00:00:00.000000000Z,1095890,326366,152635647.7219547,149
2021-01-20T00:00:00.000000000Z,1107233,315516,144440445.15970212,141
2021-01-21T00:00:00.000000000Z,1059467,288464,132147640.824610963416294934131220892245842,129
2021-01-22T00:00:00.000000000Z,1115180,326671,144440445.15970212,141
2021-01-23T00:00:00.000000000Z,1128728,303320,160859266.69140872,156
2021-01-24T00:00:00.000000000Z,1004162,254109,143884925.71895775357160619164473073640886,139
2021-01-25T00:00:00.000000000Z,1121794,312958,144920068.40457904590282799279455657609114,140
2021-01-26T00:00:00.000000000Z,1182517,335923,166658079.04619855,161
2021-01-27T00:00:00.000000000Z,1106142,323598,146990355.43205088,142
2021-01-28T00:00:00.000000000Z,1097896,325159,150095785.47638997,145
2021-01-29T00:00:00.000000000Z,1208741,339577,157341788.91318125,152
2021-01-30T00:00:00.000000000Z,1087755,313065,140779494.68088103401239963233012615218228,136
2021-01-31T00:00:00.000000000Z,1063553,287082,149060642.12827694,144
2021-02-01T00:00:00.000000000Z,999221,283467,123182058.42545108,119
2021-02-02T00:00:00.000000000Z,1202183,363397,158376932.26129428,153
2021-02-03T00:00:00.000000000Z,1187019,345764,155271502.21695518,150
2021-02-04T00:00:00.000000000Z,1226684,367536,165622935.53246268407219921718414516304557,160
2021-02-05T00:00:00.000000000Z,1257476,360061,174939225.66548000018427773926283185054557,169
2021-02-06T00:00:00.000000000Z,1147256,328082,169173097.2862372960022462332331304270290579958,159
2021-02-07T00:00:00.000000000Z,1159518,286807,166219497.492111666232010240405779750775382,156
2021-02-08T00:00:00.000000000Z,1249543,340919,172612555.619077670684249620988308575,162
2021-02-09T00:00:00.000000000Z,1174227,359788,152367873.851852731506527191600295578132824,143
2021-02-10T00:00:00.000000000Z,1191329,340736,152367873.851852731506527191600295578132824,143
2021-02-11T00:00:00.000000000Z,1052110,301861,137450738.222265387784635303574394988275382,129
2021-02-12T00:00:00.000000000Z,1157108,347247,151302363.396858150235253202906542458591794,142
2021-02-13T00:00:00.000000000Z,1217682,333184,167285007.947106247503284229099532870316412,157
2021-02-14T00:00:00.000000000Z,1122976,297041,157695421.523824154687492583489071282816412,148
2021-02-15T00:00:00.000000000Z,1140491,312281,161957460.275134824322318837210757165632824,152
2021-02-16T00:00:00.000000000Z,989854,293716,128926662.253977876240117646657686520316412,121
2021-02-17T00:00:00.000000000Z,1134666,318209,147040324.645547480600426949184856575775382,138
2021-02-18T00:00:00.000000000Z,1138881,317446,145974815.724886727054287811017766753908206,137
2021-02-19T00:00:00.000000000Z,1248515,340244,163253417.20803393928241613130762864675875,153
2021-02-20T00:00:00.000000000Z,1187083,321732,157667240.26214834789478134694387211940943,146
2021-02-21T00:00:00.000000000Z,1047141,272006,152267677.59096139701672296839661192072829,141
2021-02-22T00:00:00.000000000Z,1094544,284119,143628376.07300295655055966049507144309057,133
2021-02-23T00:00:00.000000000Z,1054613,288011,137148899.93453412620093717956891608486228,127
2021-02-24T00:00:00.000000000Z,1230122,354258,171706104.45129373923900303339267279572829,159
2021-02-25T00:00:00.000000000Z,1217040,328850,168466365.60452224965089810403839251677171,156
2021-02-26T00:00:00.000000000Z,1114180,305149,150107852.21147178690018214142122680131886,139
2021-02-27T00:00:00.000000000Z,1202477,322758,169546279.07180412912246220641728767631886,157
2021-02-28T00:00:00.000000000Z,1033508,252499,141468550.69351334643401883351968632368114,131
2021-03-01T00:00:00.000000000Z,1073523,278708,140388638.78130561578904210892319636381886,130
2021-03-02T00:00:00.000000000Z,1119669,340722,154427502.97045100713326379537199704013772,143
2021-03-03T00:00:00.000000000Z,1185450,332985,164146716.40061717824440382787002747763772,152
2021-03-04T00:00:00.000000000Z,1042797,290966,138228813.40181600567250128194781124440943,128
2021-03-05T00:00:00.000000000Z,1154593,315193,160906977.55384568865629889851574719868114,149
2021-03-06T00:00:00.000000000Z,1147083,288073,162185767.0079193946306464748757271137928677544,152
2021-03-07T00:00:00.000000000Z,1043256,259265,155665152.077238134768946957578905821252066,146
2021-03-08T00:00:00.000000000Z,1164249,294249,165260949.112579338106384834868084533752066,155
2021-03-09T00:00:00.000000000Z,1088598,299423,149267953.541901490659124194722766557495868,140
2021-03-10T00:00:00.000000000Z,1165773,342661,158863750.577242693996562072011945269995868,149
2021-03-11T00:00:00.000000000Z,1084417,293471,140738357.030113490833953044904641238756198,132
2021-03-12T00:00:00.000000000Z,1186618,320069,159929951.100795897508828799482998663756198,150
2021-03-13T00:00:00.000000000Z,1104466,276253,152466553.577233575541331843145866372508264,143
2021-03-14T00:00:00.000000000Z,1155175,305716,167393348.624358219476325755820130955004132,157
2021-03-15T00:00:00.000000000Z,1167577,295380,157797551.589017016138887878530952242504132,148
2021-03-16T00:00:00.000000000Z,1161912,319854,158863750.577242693996562072011945269995868,149
2021-03-17T00:00:00.000000000Z,1110541,290856,145003154.518343727919242352818673714991736,136
2021-03-18T00:00:00.000000000Z,1219716,335857,162062350.612574778878769720435045085008264,152
2021-03-19T00:00:00.000000000Z,1158820,315088,158461331.2834583132369334608941909286726987988,148
2021-03-20T00:00:00.000000000Z,1124513,281882,167389188.348342386212765234740081974401632,154
2021-03-21T00:00:00.000000000Z,1112554,240660,169563074.094253047157850528690583205801224,156
2021-03-22T00:00:00.000000000Z,1144113,295471,164128360.512075200715070760450358618600408,151
2021-03-23T00:00:00.000000000Z,1234149,316687,174997789.241628505440497230202864775598368,161
2021-03-24T00:00:00.000000000Z,1153475,301818,165215304.167629337107546874061637725598368,152
2021-03-25T00:00:00.000000000Z,1218346,320449,167389188.348342386212765234740081974401632,154
2021-03-26T00:00:00.000000000Z,1085835,293636,147824218.200344049546864522457627874401632,136
2021-03-27T00:00:00.000000000Z,1149403,286113,172823903.495717844495411936252363544198776,159
2021-03-28T00:00:00.000000000Z,1063472,244181,172823903.495717844495411936252363544198776,159
2021-03-29T00:00:00.000000000Z,1115525,307500,164128360.512075200715070760450358618600408,151
2021-03-30T00:00:00.000000000Z,1154381,323613,158693646.929897354272290992210134031399592,146
2021-03-31T00:00:00.000000000Z,1234495,330775,170650017.749807183550326642301862312799184,157
2021-04-01T00:00:00.000000000Z,1145125,315091,157606703.274343217879814878598854924401632,145
2021-04-02T00:00:00.000000000Z,1103476,302587,160833893.9076464270123722632374965643044138836,140
2021-04-03T00:00:00.000000000Z,1020968,278911,150672055.363055477090210694170840412180816,131
2021-04-04T00:00:00.000000000Z,1032167,247000,167924581.380530492786483934160696718909592,146
2021-04-05T00:00:00.000000000Z,1229289,289931,179426264.288018873465437242719770143271224,156
2021-04-06T00:00:00.000000000Z,1180036,310254,165624244.4677843277151246170186328,144
2021-04-07T00:00:00.000000000Z,1246138,318898,180576433.572513178340038539866425187819184,157
2021-04-08T00:00:00.000000000Z,1092604,280374,154122561.560295947036171308459559375638368,134
2021-04-09T00:00:00.000000000Z,1222362,322101,174825592.118768988000561885586888475638368,152
2021-04-10T00:00:00.000000000Z,1163952,300140,180576433.572513178340038539866425187819184,157
2021-04-11T00:00:00.000000000Z,1043812,254567,166774412.096036187911882637014041674361632,145
2021-04-12T00:00:00.000000000Z,1126723,291473,165624244.4677843277151246170186328,144
2021-04-13T00:00:00.000000000Z,1178027,310996,163323907.555038162643765299876568881090408,142
2021-04-14T00:00:00.000000000Z,1149773,295564,155272729.18854780723292932845496825,135
2021-04-15T00:00:00.000000000Z,1366494,358905,198624496.428595815684773409083874840759648,172
2021-04-16T00:00:00.000000000Z,933121,218612,120743465.939566941708485133981051120868368,103
2021-04-17T00:00:00.000000000Z,828375,195677,106676264.942605521480733375000101808263264,91
2021-04-18T00:00:00.000000000Z,1057891,276174,145361065.152153450221673222032595014565816,124
2021-04-19T00:00:00.000000000Z,884672,207290,113709865.441086231594609254490576464565816,97
2021-04-20T00:00:00.000000000Z,1126908,280365,150050132.151140590297590475026244785434184,128
2021-04-21T00:00:00.000000000Z,918079,226747,118398932.440073371670526507484226235434184,101
2021-04-22T00:00:00.000000000Z,1114976,269958,167634132.553310373287154343697392291736736,143
2021-04-23T00:00:00.000000000Z,1114180,296653,158255998.55533609313531983771009275,135
2021-04-24T00:00:00.000000000Z,1125210,291934,169978664.364739958734861310084138908263264,145
2021-04-25T00:00:00.000000000Z,1026103,241657,165289599.053816803249195717200567406302552,141
2021-04-26T00:00:00.000000000Z,943203,241837,133638399.342749584622131749658548856302552,114
2021-04-27T00:00:00.000000000Z,1092574,297541,166461864.959531595973049200393940714565816,142
2021-04-28T00:00:00.000000000Z,1113474,276370,166461864.959531595973049200393940714565816,142
2021-04-29T00:00:00.000000000Z,986056,256358,143016531.652659880183714595535770129131632,122
2021-04-30T00:00:00.000000000Z,1122022,292939,169978664.364739958734861310084138908263264,145
2021-05-01T00:00:00.000000000Z,1040203,260173,158215613.4606975571700096090946130479128646672,139
2021-05-02T00:00:00.000000000Z,1248724,235137,189527186.172450416513650610724305295026904,185
2021-05-03T00:00:00.000000000Z,1268856,288071,181331416.764988251083722153359704969959644,177
2021-05-04T00:00:00.000000000Z,1293836,300350,185429300.731100013365159449995750765053808,181
2021-05-05T00:00:00.000000000Z,1208973,309762,160841991.033474876208320213809441054973096,157
2021-05-06T00:00:00.000000000Z,1228892,310841,174160117.980244366007389554130988909946192,170
2021-05-07T00:00:00.000000000Z,1187763,306397,176209059.225680926714581270402757440053808,172
2021-05-08T00:00:00.000000000Z,1169650,275777,175184588.602962646360985412266873175,171
2021-05-09T00:00:00.000000000Z,1234486,246707,190551658.270407337734300332952698294959644,186
2021-05-10T00:00:00.000000000Z,1315147,305887,184404830.1083817330115635918598665,180
2021-05-11T00:00:00.000000000Z,1258920,309496,176209059.225680926714581270402757440053808,172
2021-05-12T00:00:00.000000000Z,1245595,301570,176209059.225680926714581270402757440053808,172
2021-05-13T00:00:00.000000000Z,1187747,274151,186999513.8623470761756284909683058526229940704,161
2021-05-14T00:00:00.000000000Z,1066269,267317,166839066.08152365773492973282359566919772,134
2021-05-15T00:00:00.000000000Z,953308,231360,153143321.71715250538470230898402284564829,123
2021-05-16T00:00:00.000000000Z,971649,219486,164348930.57955641021810431273055328314829,132
2021-05-17T00:00:00.000000000Z,962984,252917,150653186.21518525786787688889098045959886,121
2021-05-18T00:00:00.000000000Z,856695,220564,124506764.34097786793352236458619570580228,100
2021-05-19T00:00:00.000000000Z,1031147,264932,155633457.21911975290152772907706523169772,125
2021-05-20T00:00:00.000000000Z,943686,226451,139447577.35278135303447488514445002209886,112
2021-05-21T00:00:00.000000000Z,942736,225921,136957441.85081410551764946505140763604943,110
2021-05-22T00:00:00.000000000Z,918673,221219,144427848.35671584806812572533053479419772,116
2021-05-23T00:00:00.000000000Z,957018,195260,148163050.71321801035105146879793807354943,119
2021-05-24T00:00:00.000000000Z,975836,236897,156878524.073654667667628052451426125,126
2021-05-25T00:00:00.000000000Z,968674,232254,153143321.71715250538470230898402284564829,123
2021-05-26T00:00:00.000000000Z,933622,228063,151898253.06972017263397721226534135290114,122
2021-05-27T00:00:00.000000000Z,864432,217523,145672915.2112507628342260487048956875,117
2021-05-28T00:00:00.000000000Z,972164,217451,148163050.71321801035105146879793807354943,119
2021-05-29T00:00:00.000000000Z,863265,192912,144427848.35671584806812572533053479419772,116
2021-05-30T00:00:00.000000000Z,990443,182281,150864303.39569444771333606867138225046,144
2021-05-31T00:00:00.000000000Z,977895,229620,147526659.522837919178026072824073271218776,141
2021-06-01T00:00:00.000000000Z,914351,231423,148572947.215061732882241159496868626260408,142
2021-06-02T00:00:00.000000000Z,1090605,252343,173683868.401640913461509388398865247479184,166
2021-06-03T00:00:00.000000000Z,1015474,253523,153804388.689491283526608619907192328781224,147
2021-06-04T00:00:00.000000000Z,907519,235300,137063775.067323576827645138480252402520816,131
2021-06-05T00:00:00.000000000Z,762659,192819,137063775.067323576827645138480252402520816,131
2021-06-06T00:00:00.000000000Z,737174,188480,156943254.779473206762545906971925321218776,150
2021-06-07T00:00:00.000000000Z,910652,237064,139156351.958426445297721325349016576260408,133
2021-06-08T00:00:00.000000000Z,998834,245071,155896965.580594151996684806775956502520816,149
2021-06-09T00:00:00.000000000Z,817282,213689,131832333.5928940261832776780699287,126
2021-06-10T00:00:00.000000000Z,948298,252966,123462026.028482552302972930594872005041632,118
2021-06-11T00:00:00.000000000Z,874050,212379,109860278.496296768839946736232665071218776,105
2021-06-12T00:00:00.000000000Z,1013611,223896,138110064.266202631593506238676221221218776,132
2021-06-13T00:00:00.000000000Z,799859,182420,136447345.8977942082160963087674519697200550404,132
2021-06-14T00:00:00.000000000Z,972587,248537,133766696.2188995272262347279607885625,135
2021-06-15T00:00:00.000000000Z,963054,242092,129803238.236077742789547412225690286963316,131
2021-06-16T00:00:00.000000000Z,954838,254125,121876323.697278933584434404501997500805026,123
2021-06-17T00:00:00.000000000Z,865333,236736,128812374.453794676514506395165167600536684,130
2021-06-18T00:00:00.000000000Z,825241,224077,122867187.479561999859475421562520187231658,124
2021-06-19T00:00:00.000000000Z,688095,182467,102059035.210014771069259449573009888036684,103
2021-06-20T00:00:00.000000000Z,652470,168027,104040764.201425663287603107440559025805026,105
2021-06-21T00:00:00.000000000Z,835557,208474,104040764.201425663287603107440559025805026,105
2021-06-22T00:00:00.000000000Z,776432,196802,90168661.261549417759197502367715061426632,91
2021-06-23T00:00:00.000000000Z,847730,233460,100077306.218603878850915791705460750268342,101
2021-06-24T00:00:00.000000000Z,843836,226845,104040764.201425663287603107440559025805026,105
2021-06-25T00:00:00.000000000Z,880813,223011,108995085.966530513999331440236179987768342,110
2021-06-26T00:00:00.000000000Z,715801,180868,88186933.696983285209115468246669688573368,89
2021-06-27T00:00:00.000000000Z,518219,123967,57470136.470381595327181206919413700536684,58
2021-06-28T00:00:00.000000000Z,776365,215492,87196068.487855459265812827439643237231658,88
2021-06-29T00:00:00.000000000Z,792995,207236,89177797.479266351484156485307192375,90
2021-06-30T00:00:00.000000000Z,790273,217133,87196068.487855459265812827439643237231658,88
2021-07-01T00:00:00.000000000Z,817115,232056,95122984.453499028139187458909839788305026,96
2021-07-02T00:00:00.000000000Z,809016,189904,89177797.479266351484156485307192375,90
2021-07-03T00:00:00.000000000Z,1027108,234315,97321703.034328668290662755134097082016996676,127
2021-07-04T00:00:00.000000000Z,843475,169312,82108835.963278493429054506440431082062934,115
2021-07-05T00:00:00.000000000Z,902032,223372,94246664.362125814721295670012959766311198,132
2021-07-06T00:00:00.000000000Z,853332,232857,101386562.694521585599344649232935969562934,142
2021-07-07T00:00:00.000000000Z,811614,220912,87820755.451711450664532289082124803811198,123
2021-07-08T00:00:00.000000000Z,802085,228850,99244593.400431939469189605283371298374132,139
2021-07-09T00:00:00.000000000Z,818441,223467,93532673.911998982233711822641677576625868,131
2021-07-10T00:00:00.000000000Z,726034,193966,114952370.965477146200455258465888084248264,161
2021-07-11T00:00:00.000000000Z,690684,160653,89248735.323819689973401734742548234248264,125
2021-07-12T00:00:00.000000000Z,838472,225239,89962724.745801096794687333031689475,126
2021-07-13T00:00:00.000000000Z,807050,227411,97102623.078196867672736312251665678251736,136
2021-07-14T00:00:00.000000000Z,817900,235584,121378279.875891510257218639396723046748264,170
2021-07-15T00:00:00.000000000Z,828844,224713,91390704.617909336103556778692112905437066,128
2021-07-16T00:00:00.000000000Z,764392,223179,107098482.182954542834822431874629691311198,150
2021-07-17T00:00:00.000000000Z,640355,181727,101825980.8946450943181403577774199388304998824,143
2021-07-18T00:00:00.000000000Z,651828,163158,97872242.0886893838238468474572396,144
2021-07-19T00:00:00.000000000Z,845474,228590,115543619.567468265186216456354116072032176,170
2021-07-20T00:00:00.000000000Z,822257,228207,82919538.218756856653671615042723888983912,122
2021-07-21T00:00:00.000000000Z,815589,237007,98551910.001539761928448522458595552967824,145
2021-07-22T00:00:00.000000000Z,780869,223683,103989257.219232470312837275423317075,153
2021-07-23T00:00:00.000000000Z,803246,234138,91755226.958146297334856419491162125,135
2021-07-24T00:00:00.000000000Z,712132,196325,104668925.132082848417438950424673027967824,154
2021-07-25T00:00:00.000000000Z,641796,172110,103989257.219232470312837275423317075,153
2021-07-26T00:00:00.000000000Z,958347,269826,101950252.501958915112138412180780741524132,150
2021-07-27T00:00:00.000000000Z,903400,251334,115543619.567468265186216456354116072032176,170
2021-07-28T00:00:00.000000000Z,868607,255513,106707930.828078824505031651905677836016088,157
2021-07-29T00:00:00.000000000Z,880689,261353,108746935.545352379705730515148214169491956,160
2021-07-30T00:00:00.000000000Z,841162,250833,112824945.958621910994022079871755311016088,166
2021-07-31T00:00:00.000000000Z,720022,204354,112670630.5738044685448287752859684526690718828,158
2021-08-01T00:00:00.000000000Z,695892,190234,110975800.329985340810898558089373893071464,154
2021-08-02T00:00:00.000000000Z,899861,236019,103048958.338725644700867042430587344428536,143
2021-08-03T00:00:00.000000000Z,820918,246833,121785131.921778434897288312478084017017866,169
2021-08-04T00:00:00.000000000Z,842870,237723,98004602.834911947749579430785133818071464,136
2021-08-05T00:00:00.000000000Z,854629,249454,115299533.174241738366628748825963979517866,160
2021-08-06T00:00:00.000000000Z,894265,258639,114578911.552380238576942772822630723946402,159
2021-08-07T00:00:00.000000000Z,724467,207621,120343887.640359635712044915565887321535732,167
2021-08-08T00:00:00.000000000Z,740945,197270,113858288.892822939181385351913767284035732,158
2021-08-09T00:00:00.000000000Z,934412,254532,109534557.086262341231526606082707381928536,152
2021-08-10T00:00:00.000000000Z,875882,259626,118902643.358940836526801518653690626053598,165
2021-08-11T00:00:00.000000000Z,866724,261571,105931445.863867443465482391349450551053598,147
2021-08-12T00:00:00.000000000Z,842547,252677,108813934.426705041835969185173843942017866,151
2021-08-13T00:00:00.000000000Z,917929,256053,108438697.1558966416855852989382883802767143422,142
2021-08-14T00:00:00.000000000Z,724702,211657,126820808.670615753950681822557954299479592,164
2021-08-15T00:00:00.000000000Z,750378,181221,140740165.706249817642211228749408399479592,182
2021-08-16T00:00:00.000000000Z,978773,270372,124500916.202526264285668619966829447918368,161
2021-08-17T00:00:00.000000000Z,953226,254546,133007188.956703914007625394575071402081632,172
2021-08-18T00:00:00.000000000Z,876483,247197,104395177.76725547768647054643590575,135
2021-08-19T00:00:00.000000000Z,888796,254656,119087831.921069850316095988383617302081632,154
2021-08-20T00:00:00.000000000Z,984372,272396,123727617.970797392496847488888219500520408,160
2021-08-21T00:00:00.000000000Z,787645,216018,131460594.720343296131433323062556497918368,170
2021-08-22T00:00:00.000000000Z,715639,191939,126820808.670615753950681822557954299479592,164
2021-08-23T00:00:00.000000000Z,973417,271010,152339630.273794391668727432349737647918368,197
2021-08-24T00:00:00.000000000Z,945668,263660,119087831.921069850316095988383617302081632,154
2021-08-25T00:00:00.000000000Z,867743,264966,131199199.2676680467706990093393593032910744412,160
2021-08-26T00:00:00.000000000Z,818959,254481,127844614.260042230027876419548593407756386,146
2021-08-27T00:00:00.000000000Z,864176,260937,127844614.260042230027876419548593407756386,146
2021-08-28T00:00:00.000000000Z,726381,212867,123466374.330662667026334375654238710769158,141
2021-08-29T00:00:00.000000000Z,685753,196139,136601094.118801356030960507337302801730842,156
2021-08-30T00:00:00.000000000Z,910173,249956,118212485.6588472832078613104507006875,135
2021-08-31T00:00:00.000000000Z,930055,273720,126093318.0361037687550520644807474,144
2021-09-01T00:00:00.000000000Z,954959,277500,119963781.882785744480685665518546695256386,137
2021-09-02T00:00:00.000000000Z,1026339,293611,130471557.965483331756594108375102096987228,149
2021-09-03T00:00:00.000000000Z,1008068,278164,129595910.483980691300700774616439415512772,148
2021-09-04T00:00:00.000000000Z,776022,227677,135725446.637298715575067173578640120256386,155
2021-09-05T00:00:00.000000000Z,735688,206820,143606279.014555201122257927608686832756386,164
2021-09-06T00:00:00.000000000Z,968860,269949,150611462.649375865852517660329550218974456,172
2021-09-07T00:00:00.000000000Z,938525,277913,134093473.52179763372185685540829189861,153
2021-09-08T00:00:00.000000000Z,907794,271871,129989982.271837367560067178186024999161658,142
2021-09-09T00:00:00.000000000Z,937415,275020,125412870.507789970425842094994583863338342,137
2021-09-10T00:00:00.000000000Z,906178,260963,124497447.364055527552409192980576596646632,136
2021-09-11T00:00:00.000000000Z,823454,210848,135482517.179619207567725163391473401676684,148
2021-09-12T00:00:00.000000000Z,705573,193569,134567094.035884764694292261377466134984974,147
2021-09-13T00:00:00.000000000Z,908372,253041,145552163.851448444709608231788362940015026,159
2021-09-14T00:00:00.000000000Z,952892,270910,153790965.554017068515605305116769677515026,168
2021-09-15T00:00:00.000000000Z,976201,268455,129989982.271837367560067178186024999161658,142
2021-09-16T00:00:00.000000000Z,1021047,270023,124497447.364055527552409192980576596646632,136
2021-09-17T00:00:00.000000000Z,943981,273808,134567094.035884764694292261377466134984974,147
2021-09-18T00:00:00.000000000Z,819880,227894,141890473.912927218037836241651397338338342,155
2021-09-19T00:00:00.000000000Z,714326,199632,146467585.676974615172061324842838474161658,160
2021-09-20T00:00:00.000000000Z,1014971,273371,150129275.615495841843833314979804075838342,164
2021-09-21T00:00:00.000000000Z,844883,245996,114073685.1540919547931140980722439940662910244,123
2021-09-22T00:00:00.000000000Z,888195,270233,126546634.444452166098505004984865948121632,134
2021-09-23T00:00:00.000000000Z,918846,273598,155822347.185566572195176715599308813908776,165
2021-09-24T00:00:00.000000000Z,958548,274940,139767924.244943075283879594832827024060816,148
2021-09-25T00:00:00.000000000Z,702530,210070,135990412.4848302084171148308273672,144
2021-09-26T00:00:00.000000000Z,699993,192460,131268523.464641187257809917906116574060816,139
2021-09-27T00:00:00.000000000Z,901586,262162,146378569.145188529876566889756807562030408,155
2021-09-28T00:00:00.000000000Z,935822,262395,143545436.005055942150644358838286848121632,152
2021-09-29T00:00:00.000000000Z,830989,240916,122769122.684339299231740240979406124060816,130
2021-09-30T00:00:00.000000000Z,1059608,289577,161488614.82573587249532386160749855,171
2021-10-01T00:00:00.000000000Z,962201,279255,132212900.724717341550350066821907375939184,140
2021-10-02T00:00:00.000000000Z,963528,260972,177543039.126263494254923066545128648121632,188
2021-10-03T00:00:00.000000000Z,808347,216090,141656680.124999508717261976835556936091224,150
2021-10-04T00:00:00.000000000Z,1015651,265740,147634521.7847933453101409407827980837563836624,156
2021-10-05T00:00:00.000000000Z,1037679,312571,162177735.989744449111912959095302936981386,164
2021-10-06T00:00:00.000000000Z,914612,273475,129544410.622149644008527017587245213537228,131
2021-10-07T00:00:00.000000000Z,1144142,324741,139433297.744450932687468985220493273444158,141
2021-10-08T00:00:00.000000000Z,978503,280844,118666635.499618042307398370417892639055842,120
2021-10-09T00:00:00.000000000Z,991926,241705,148333295.442522276652809238863196235944158,150
2021-10-10T00:00:00.000000000Z,803826,212316,157233293.140593620618149492505899198444158,159
2021-10-11T00:00:00.000000000Z,1009017,277496,144377740.593601761181232451809897011981386,146
2021-10-12T00:00:00.000000000Z,937369,274993,132511077.470839846457917125104439922925544,134
2021-10-13T00:00:00.000000000Z,975651,289461,167122178.838895277605676425684706675518614,169
2021-10-14T00:00:00.000000000Z,1007101,284115,135477742.895530417215892198167194049481386,137
2021-10-15T00:00:00.000000000Z,1017121,297755,139433297.744450932687468985220493273444158,141
2021-10-16T00:00:00.000000000Z,937355,269680,131522188.046609901744315411113894825518614,133
2021-10-17T00:00:00.000000000Z,823877,212511,158222181.140823933640336172042003713018614,160
2021-10-18T00:00:00.000000000Z,1003479,291260,146581499.0140110231828506172014655685797944064,148
2021-10-19T00:00:00.000000000Z,1077371,310438,154737198.888861373855770807257927233273452,155
2021-10-20T00:00:00.000000000Z,977215,291740,148747371.362095881562186255468610958453096,149
2021-10-21T00:00:00.000000000Z,1139133,321169,147749067.493080878556108248638984316546904,148
2021-10-22T00:00:00.000000000Z,957015,281476,157732111.933464874293043664683992633453096,158
2021-10-23T00:00:00.000000000Z,826969,228432,144754153.010918886699796554275733441906192,145
2021-10-24T00:00:00.000000000Z,737951,208278,152740589.713272876424575956661488475,153
2021-10-25T00:00:00.000000000Z,1079523,286798,181691420.602968352048343034904072258273452,182
2021-10-26T00:00:00.000000000Z,998333,295695,149745676.668669375987303099235423074820356,150
2021-10-27T00:00:00.000000000Z,944035,286086,156733808.064449871286965657854365991546904,157
2021-10-28T00:00:00.000000000Z,1055114,297884,152740589.713272876424575956661488475,153
2021-10-29T00:00:00.000000000Z,1014855,307314,170710070.856010861886290775092251825,171
2021-10-30T00:00:00.000000000Z,906672,251998,154737198.888861373855770807257927233273452,155
2021-10-31T00:00:00.000000000Z,893617,216741,140567236.2917176276573400792309509995833215044,139
2021-11-01T00:00:00.000000000Z,1053426,289324,159350397.350624119718577580557621460348368,148
2021-11-02T00:00:00.000000000Z,1035030,300911,170117315.378168532718389249650505439651632,158
2021-11-03T00:00:00.000000000Z,1069212,290879,173347392.026780892773787441905775170696736,161
2021-11-04T00:00:00.000000000Z,998917,286047,153966938.336851913218671746011179470696736,143
2021-11-05T00:00:00.000000000Z,1037437,282446,166887240.279992467857309421804491380174184,155
2021-11-06T00:00:00.000000000Z,825483,237201,165810547.546976249440737236249649579303264,154
2021-11-07T00:00:00.000000000Z,826432,222930,164733856.36439632621848341510406345,153
2021-11-08T00:00:00.000000000Z,1018796,294064,145353402.67446734666336771920946775,135
2021-11-09T00:00:00.000000000Z,1195638,336872,163657165.181816402996229593958477320696736,152
2021-11-10T00:00:00.000000000Z,1022756,295892,160427088.533204042940831401703207589651632,149
2021-11-11T00:00:00.000000000Z,1037951,293052,170117315.378168532718389249650505439651632,158
2021-11-12T00:00:00.000000000Z,975353,287476,152890245.603835694802099560456337669825816,142
2021-11-13T00:00:00.000000000Z,828248,234794,164733856.36439632621848341510406345,153
2021-11-14T00:00:00.000000000Z,806451,222847,175346393.038994035726881601008308321654622954,157
2021-11-15T00:00:00.000000000Z,1083387,291313,170197841.188036708235029180664074652743044,151
2021-11-16T00:00:00.000000000Z,1030573,301154,169070703.887097898195017620951178966770868,150
2021-11-17T00:00:00.000000000Z,993545,288569,167943564.963080336032718245357435130486088,149
2021-11-18T00:00:00.000000000Z,990087,295608,162307875.2122287815880848150312604,144
2021-11-19T00:00:00.000000000Z,976682,283868,154417909.236420854941140449398446147256956,137
2021-11-20T00:00:00.000000000Z,848464,248520,163435012.513167591628096374744156085972176,145
2021-11-21T00:00:00.000000000Z,842004,218828,148782219.485569300496507019072271416770868,132
2021-11-22T00:00:00.000000000Z,947435,286930,158926461.686333599345762320011725191770868,141
2021-11-23T00:00:00.000000000Z,909010,282832,148782219.485569300496507019072271416770868,132
2021-11-24T00:00:00.000000000Z,1071921,295032,176960669.862905824841961986583993219513912,157
2021-11-25T00:00:00.000000000Z,973237,287824,146527943.260612928294196083765631894513912,130
2021-11-26T00:00:00.000000000Z,996141,291679,148782219.485569300496507019072271416770868,132
2021-11-27T00:00:00.000000000Z,777970,238622,161180737.911289971548073255318364714027824,143
2021-11-28T00:00:00.000000000Z,816560,215317,155140985.0878091609463689929649828338426864956,139
2021-11-29T00:00:00.000000000Z,993217,303388,158774565.890453517457979935969097778892176,143
2021-11-30T00:00:00.000000000Z,977183,296340,148781761.088924240645790549508114053892176,134
2021-12-01T00:00:00.000000000Z,1057704,284941,152112695.489817743501625581678341350973044,137
2021-12-02T00:00:00.000000000Z,1184757,315565,172098305.092876297126004354600308800973044,155
2021-12-03T00:00:00.000000000Z,1010596,289452,186532356.828162756575763310588463477919132,168
2021-12-04T00:00:00.000000000Z,961294,244342,172098305.092876297126004354600308800973044,155
2021-12-05T00:00:00.000000000Z,978899,221615,184311733.361284165256978525824878001946088,166
2021-12-06T00:00:00.000000000Z,1078373,286268,190973602.163071170968648590165332596107824,172
2021-12-07T00:00:00.000000000Z,983177,284544,170987992.560012617344269817243365146107824,154
2021-12-08T00:00:00.000000000Z,927369,268196,186532356.828162756575763310588463477919132,168
2021-12-09T00:00:00.000000000Z,1123743,285532,180980797.361541894156459203704348871107824,163
2021-12-10T00:00:00.000000000Z,930831,270853,173208616.026891208663054602006950622080868,156
2021-12-11T00:00:00.000000000Z,805461,222133,176623989.8605637378971029555855210345214826544,151
2021-12-12T00:00:00.000000000Z,725043,211066,168385593.155278493501047224570724274612772,140
2021-12-13T00:00:00.000000000Z,996713,281785,169588348.357054455517419723646779300580842,141
2021-12-14T00:00:00.000000000Z,966596,281921,178007627.841621769694021953277780925387228,148
2021-12-15T00:00:00.000000000Z,1058257,280841,169588348.357054455517419723646779300580842,141
2021-12-16T00:00:00.000000000Z,873836,256019,138316737.358404912874753171324191074806386,115
2021-12-17T00:00:00.000000000Z,979005,260119,179210381.311431626725893136378490062112772,149
2021-12-18T00:00:00.000000000Z,855978,234236,153952542.857729684196086447485485187693614,128
2021-12-19T00:00:00.000000000Z,755797,214374,179210381.311431626725893136378490062112772,149
2021-12-20T00:00:00.000000000Z,1015255,266803,173196610.4984501315975345889242526,144
2021-12-21T00:00:00.000000000Z,1009227,303464,193643433.340946541015355229439075038274456,161
2021-12-22T00:00:00.000000000Z,992589,286626,178007627.841621769694021953277780925387228,148
2021-12-23T00:00:00.000000000Z,991240,292194,182818645.184793407790509317631309250774456,152
2021-12-24T00:00:00.000000000Z,974212,256631,181615889.983017445774136818555254224806386,151
2021-12-25T00:00:00.000000000Z,866151,204665,177168715.8496908335034219185514242838069339864,147
2021-12-26T00:00:00.000000000Z,774902,201930,161682279.298921805382590082867371696355648,134
2021-12-27T00:00:00.000000000Z,992531,248198,178574457.266351521804577134566197548177824,148
2021-12-28T00:00:00.000000000Z,1051572,269681,161682279.298921805382590082867371696355648,134
2021-12-29T00:00:00.000000000Z,1142870,276509,174954703.603701438229826015700168603644352,145
2021-12-30T00:00:00.000000000Z,977727,245011,143583516.198114993743000841245605274088912,119
2021-12-31T00:00:00.000000000Z,1093396,262509,179781040.662247414944123873586345351822176,149
2022-01-01T00:00:00.000000000Z,695722,188065,207532476.142664977934253380077672503644352,172
2022-01-02T00:00:00.000000000Z,734444,194826,190640298.175235261512266328378846651822176,158
2022-01-03T00:00:00.000000000Z,948843,241163,168921783.149259568375981418793844051822176,140
2022-01-04T00:00:00.000000000Z,971141,274049,177367872.132974426586974944643256977733264,147
2022-01-05T00:00:00.000000000Z,1023484,274757,180987625.795624510161726063509285922266736,150
2022-01-06T00:00:00.000000000Z,937879,258406,176161288.737078533447428205623109174088912,146
2022-01-07T00:00:00.000000000Z,961733,255659,168921783.149259568375981418793844051822176,140
2022-01-08T00:00:00.000000000Z,823193,226064,174267690.69443853603418003639002870972,144
2022-01-09T00:00:00.000000000Z,734904,203966,170826077.224204716514254831394151225620842,141
2022-01-10T00:00:00.000000000Z,977953,269292,172037608.907282589458551691316197795626386,142
2022-01-11T00:00:00.000000000Z,973363,285302,191422128.048775737830456737000674566252772,158
2022-01-12T00:00:00.000000000Z,958871,266587,168403012.113442230445210356274096421247228,139
2022-01-13T00:00:00.000000000Z,943218,276789,216864310.839478471465198348123269179994456,179
2022-01-14T00:00:00.000000000Z,959705,262404,192633661.476460350955204352198682800620842,159
2022-01-15T00:00:00.000000000Z,819060,234931,201114388.491825682106634637480893783747228,166
2022-01-16T00:00:00.000000000Z,768912,217903,212018180.617953499327109397883159571247228,175
2022-01-17T00:00:00.000000000Z,963405,258684,195056726.587222837024248827318737604994456,161
2022-01-18T00:00:00.000000000Z,906852,267423,164768413.574995131251418265956033382505544,136
2022-01-19T00:00:00.000000000Z,940760,267790,209595115.507191013258064922763104766873614,173
2022-01-20T00:00:00.000000000Z,944092,272287,204748985.285666041119975972522995158126386,169
2022-01-21T00:00:00.000000000Z,1017544,272514,176007153.4708341912550020954162233736105510072,134
2022-01-22T00:00:00.000000000Z,980566,246984,177474950.515511319160807368723464988228264,134
2022-01-23T00:00:00.000000000Z,764279,208492,186746029.763862785076470818942199822421198,141
2022-01-24T00:00:00.000000000Z,967257,271583,198665989.069913739677774217253222284921198,150
2022-01-25T00:00:00.000000000Z,892344,266941,201314869.127613228363414165345509913228264,152
2022-01-26T00:00:00.000000000Z,872302,258696,172177190.400112341789527472538889731614132,130
2022-01-27T00:00:00.000000000Z,894323,252850,173501629.475365341648271078480761680885868,131
2022-01-28T00:00:00.000000000Z,953545,266473,203963747.278119228080901377229253811771736,154
2022-01-29T00:00:00.000000000Z,800040,227066,197341548.087467250850877875102806605885868,149
2022-01-30T00:00:00.000000000Z,780477,208908,193368228.954514762306494321068647028307066,146
2022-01-31T00:00:00.000000000Z,993797,262993,189394909.821562273762110767034487450728264,143
2022-02-01T00:00:00.000000000Z,1058396,274556,203963747.278119228080901377229253811771736,154
2022-02-02T00:00:00.000000000Z,954043,275434,202639308.2028662282221577712873818625,153
2022-02-03T00:00:00.000000000Z,931571,267726,194692668.029767762165237927010518977578802,147
2022-02-04T00:00:00.000000000Z,885216,249753,172457231.3989618048740106045722878652166815396,130
2022-02-05T00:00:00.000000000Z,951087,253867,157888392.03489855561109544353922525007,119
2022-02-06T00:00:00.000000000Z,891700,221803,206979739.90370578247047611179426174979,156
2022-02-07T00:00:00.000000000Z,927917,262908,180443875.51955136619870324486084899972,136
2022-02-08T00:00:00.000000000Z,1014770,277455,204326153.27423211880585280424372399972,154
2022-02-09T00:00:00.000000000Z,998247,263940,185751048.77849869352794985996192449986,140
2022-02-10T00:00:00.000000000Z,1029721,261192,195038601.02636540616690133210282424979,147
2022-02-11T00:00:00.000000000Z,987669,258085,188404635.40797235719257316751246224993,142
2022-02-12T00:00:00.000000000Z,1060262,224735,248110329.79467423871044706596964974993,187
2022-02-13T00:00:00.000000000Z,829229,212378,209633326.53317944613509941934479949986,158
2022-02-14T00:00:00.000000000Z,899786,249689,202999360.9147863971607712547544375,153
2022-02-15T00:00:00.000000000Z,1013694,272685,232188811.92841447709716742923838800014,175
2022-02-16T00:00:00.000000000Z,925324,267496,206979739.90370578247047611179426174979,156
2022-02-17T00:00:00.000000000Z,931220,256201,213573837.4035231126135171240543052043107708752,157
2022-02-18T00:00:00.000000000Z,940726,258376,186294129.77324113791574963177924378260228,134
2022-02-19T00:00:00.000000000Z,839236,218004,207147948.83600090124603697167614760869886,149
2022-02-20T00:00:00.000000000Z,741534,202691,200196675.815080980135941191710513,144
2022-02-21T00:00:00.000000000Z,886316,238620,171001327.92603725658305303503920049320171,123
2022-02-22T00:00:00.000000000Z,886571,256251,211318714.25012626043274228074305790760228,152
2022-02-23T00:00:00.000000000Z,859810,253563,208538204.64136494035854200848492168070171,150
2022-02-24T00:00:00.000000000Z,958866,255800,183513620.16447981784154935952110755570171,132
2022-02-25T00:00:00.000000000Z,936543,260990,186294129.77324113791574963177924378260228,134
2022-02-26T00:00:00.000000000Z,818914,221994,173781837.53479857665725330729733672010228,125
2022-02-27T00:00:00.000000000Z,768705,206112,189074637.38003569983914010267796809239772,136
2022-02-28T00:00:00.000000000Z,981066,274389,214099221.85692082235613275164178221739772,154
2022-03-01T00:00:00.000000000Z,1065354,275460,225221260.291966102652933840674327125,162
2022-03-02T00:00:00.000000000Z,1091796,289957,189074637.38003569983914010267796809239772,136
2022-03-03T00:00:00.000000000Z,1011448,270823,204804563.2149038421569933621981374638146212032,148
2022-03-04T00:00:00.000000000Z,949176,257979,190365287.083752002729550144611808080786904,139
2022-03-05T00:00:00.000000000Z,801293,226147,168452736.322100420955852477637148708680356,123
2022-03-06T00:00:00.000000000Z,771254,205542,179409010.716861417707732189958392169213096,131
2022-03-07T00:00:00.000000000Z,917289,255761,202691097.010439116744126222430814755786904,148
2022-03-08T00:00:00.000000000Z,962840,258526,202691097.010439116744126222430814755786904,148
2022-03-09T00:00:00.000000000Z,960901,272021,188995751.551825885466853779114044866319644,138
2022-03-10T00:00:00.000000000Z,993366,259229,198582492.386790353225975368269697563426192,145
2022-03-11T00:00:00.000000000Z,903967,252248,188995751.551825885466853779114044866319644,138
2022-03-12T00:00:00.000000000Z,787792,222124,213647371.405200113496005934752058216319644,156
2022-03-13T00:00:00.000000000Z,751546,206930,206799699.661958291992338834259759497106548,151
2022-03-14T00:00:00.000000000Z,936153,263759,209538768.753680938247793322923113475,153
2022-03-15T00:00:00.000000000Z,949102,266692,190365287.083752002729550144611808080786904,139
2022-03-16T00:00:00.000000000Z,1014991,276789,212277837.845403584503247811586467452893452,155
2022-03-17T00:00:00.000000000Z,1009859,272685,217498770.491950183559860014288935428959948,159
2022-03-18T00:00:00.000000000Z,1004891,266839,195149455.610025794062493793758482067692176,143
2022-03-19T00:00:00.000000000Z,864890,236675,211525632.974835705408362333015467373173044,155
2022-03-20T00:00:00.000000000Z,780069,211211,210160950.381435751406214371600230857307824,154
2022-03-21T00:00:00.000000000Z,941088,260248,208796269.753177159786910267002973325,153
2022-03-22T00:00:00.000000000Z,920483,260695,203337543.309860068544006134977985228653912,149
2022-03-23T00:00:00.000000000Z,972037,266381,197878816.866542977301102002952997132307824,145
2022-03-24T00:00:00.000000000Z,966209,269340,195149455.610025794062493793758482067692176,143
2022-03-25T00:00:00.000000000Z,1068732,286600,212890313.603094297027666437612724905480868,156
2022-03-26T00:00:00.000000000Z,825356,229765,219713722.639811342272718531052949517692176,161
2022-03-27T00:00:00.000000000Z,812882,219139,178773276.280074520333781397683517778653912,131
2022-03-28T00:00:00.000000000Z,1029256,289835,216984359.418152796651266465040455469519132,159
2022-03-29T00:00:00.000000000Z,972049,293194,206066906.531518614165458200990479276826956,151
2022-03-30T00:00:00.000000000Z,940234,269490,184232002.723391611576685529708505875,135
2022-03-31T00:00:00.000000000Z,979952,280038,194529355.776195289176825308703553702474583781,138
2022-04-01T00:00:00.000000000Z,1073859,286454,200371606.966793695980759144690724912344132,141
2022-04-02T00:00:00.000000000Z,932911,250576,191845154.953414713331655476128037125,135
2022-04-03T00:00:00.000000000Z,794992,223619,197529456.295667368431057921836495649896088,139
2022-04-04T00:00:00.000000000Z,985718,276178,224529884.601845000898584125645186025103912,158
2022-04-05T00:00:00.000000000Z,952254,276073,206055906.262698031577071314861525025207824,145
2022-04-06T00:00:00.000000000Z,919776,272206,213161283.963688010202869509765927387344132,150
2022-04-07T00:00:00.000000000Z,927811,266096,196108379.936930044904662172640551812655868,138
2022-04-08T00:00:00.000000000Z,929602,270556,190424080.641025709308350002469751699792176,134
2022-04-09T00:00:00.000000000Z,786423,228357,217424508.947203341775876206278442075,153
2022-04-10T00:00:00.000000000Z,754197,218201,198950530.608056372454363395494781075103912,140
2022-04-11T00:00:00.000000000Z,986075,279217,194687305.624541040881356698982266387448044,137
2022-04-12T00:00:00.000000000Z,970523,273114,217424508.947203341775876206278442075,153
2022-04-13T00:00:00.000000000Z,960119,283767,198950530.608056372454363395494781075103912,140
2022-04-14T00:00:00.000000000Z,910470,259632,194402491.2641441222765764743843317872849001256,138
2022-04-15T00:00:00.000000000Z,893942,258904,221692722.384036701102676226303871929201632,158
2022-04-16T00:00:00.000000000Z,774863,220729,188017879.756392289845491365702461141596736,134
2022-04-17T00:00:00.000000000Z,760823,211027,231514551.652140540925879328526175093802448,165
2022-04-18T00:00:00.000000000Z,930250,248528,188017879.756392289845491365702461141596736,134
2022-04-19T00:00:00.000000000Z,945444,273229,173986693.644464919756422494982956464600816,124
2022-04-20T00:00:00.000000000Z,961981,283298,224498959.606422175120490000447772864600816,160
2022-04-21T00:00:00.000000000Z,970130,279919,237127026.096911488961506876813976964600816,169
2022-04-22T00:00:00.000000000Z,945273,261784,189420997.3573397076152531454930615,135
2022-04-23T00:00:00.000000000Z,857006,238246,228708314.429755066908065554382274158403264,163
2022-04-24T00:00:00.000000000Z,796298,217733,239933263.3192969629793206509578779,171
2022-04-25T00:00:00.000000000Z,1003326,277416,227305196.8288076491383037745916738,162
2022-04-26T00:00:00.000000000Z,965991,277059,196436589.403058073420642473571463729201632,140
2022-04-27T00:00:00.000000000Z,967943,285596,243520196.0268335056185837938099346669502524096,170
2022-04-28T00:00:00.000000000Z,1003139,272681,195503621.293934088506453487084478838195382,132
2022-04-29T00:00:00.000000000Z,1059989,290674,222163205.918890247393856566641805663195382,150
2022-04-30T00:00:00.000000000Z,944577,256188,222163205.918890247393856566641805663195382,150
2022-05-01T00:00:00.000000000Z,834397,233382,247341701.324256191900574635672477462036412,167
2022-05-02T00:00:00.000000000Z,966035,269678,236974085.318191771221750405954877737268206,160
2022-05-03T00:00:00.000000000Z,956710,283138,222163205.918890247393856566641805663195382,150
2022-05-04T00:00:00.000000000Z,862312,229490,216238853.306062929864101946519678287731794,146
2022-05-05T00:00:00.000000000Z,1189734,317562,232530821.924954668072680796359405387963588,157
2022-05-06T00:00:00.000000000Z,1086467,288758,210314500.693235612334347326397550912268206,142
2022-05-07T00:00:00.000000000Z,837217,234267,211795589.912825826715032336924205938427176,143
2022-05-08T00:00:00.000000000Z,813799,223007,229568645.618541009307803486298341700231794,155
2022-05-09T00:00:00.000000000Z,1067791,287708,229568645.618541009307803486298341700231794,155
2022-05-10T00:00:00.000000000Z,978190,279809,227185770.43526814922330786354409864212875,153
2022-05-11T00:00:00.000000000Z,981424,253805,225257596.897055601713899934258330748125544,145
2022-05-12T00:00:00.000000000Z,1058679,282227,209722591.1401721693868046864305493125,135
2022-05-13T00:00:00.000000000Z,1028898,267948,236132103.611323170937070375888877739374456,152
2022-05-14T00:00:00.000000000Z,1101356,292088,219043595.936526812080163719202768167030842,141
2022-05-15T00:00:00.000000000Z,1016251,233949,189527081.866590929632111685487033455312772,122
2022-05-16T00:00:00.000000000Z,1094147,272399,254774110.966991484161951967974065459843614,164
2022-05-17T00:00:00.000000000Z,1029420,278212,228364598.495840482611686278515737032969158,147
2022-05-18T00:00:00.000000000Z,902599,264173,208169091.459300215018829751031471164374456,134
2022-05-19T00:00:00.000000000Z,897588,260343,189527081.866590929632111685487033455312772,122
2022-05-20T00:00:00.000000000Z,949339,269360,198848086.662945572325470718259252309843614,128
2022-05-21T00:00:00.000000000Z,758937,216560,209722591.1401721693868046864305493125,135
2022-05-22T00:00:00.000000000Z,749577,210953,189527081.866590929632111685487033455312772,122
2022-05-23T00:00:00.000000000Z,939531,268759,248560107.769421722366379279459252890156386,160
2022-05-24T00:00:00.000000000Z,841611,237379,186420080.267806048734325341229627170469158,120
2022-05-25T00:00:00.000000000Z,1016156,284400,219464677.386246814534244900615187825,144
2022-05-26T00:00:00.000000000Z,894042,260517,209555370.570558320892599058853251017314158,141
2022-05-27T00:00:00.000000000Z,942679,275683,205096744.253220093388404477069978320185842,138
2022-05-28T00:00:00.000000000Z,783393,227772,219958828.410780939273109734360426786542772,148
2022-05-29T00:00:00.000000000Z,751185,205693,221445035.756467050122797255493333475957228,149
2022-05-30T00:00:00.000000000Z,925404,267947,228876076.765177499326366879542419551914456,154
2022-05-31T00:00:00.000000000Z,998795,277824,216986411.579268770096168682902337093271386,146
2022-06-01T00:00:00.000000000Z,962754,274630,202124327.421707924211463425611888626914456,136
2022-06-02T00:00:00.000000000Z,945705,262596,185776038.058600914954636656380809785585544,125
2022-06-03T00:00:00.000000000Z,932672,269049,212527787.402070490069540110311340710585544,143
2022-06-04T00:00:00.000000000Z,776053,219811,206582953.739046151715658007395161324042772,139
2022-06-05T00:00:00.000000000Z,721815,195813,216986411.579268770096168682902337093271386,146
2022-06-06T00:00:00.000000000Z,952859,268569,222931245.242293108450050785818516479814158,150
2022-06-07T00:00:00.000000000Z,941706,265801,240765744.091226176034131085374778325,162
2022-06-08T00:00:00.000000000Z,888118,261456,266501680.4499476831151756862318733101440286134,178
2022-06-09T00:00:00.000000000Z,914304,264597,219787040.620419673599904014470225151120978,146
2022-06-10T00:00:00.000000000Z,900195,259531,221292430.344500847029207611469150359137066,147
2022-06-11T00:00:00.000000000Z,831309,228805,231830164.916356831169174891352110420516088,154
2022-06-12T00:00:00.000000000Z,762985,219703,191184616.353014068038609368819195383016088,127
2022-06-13T00:00:00.000000000Z,1011323,273372,200216961.200788878749273051703230236379022,133
2022-06-14T00:00:00.000000000Z,1075994,275578,219787040.620419673599904014470225151120978,146
2022-06-15T00:00:00.000000000Z,1063571,297032,248389462.720062689116251293157760384137066,165
2022-06-16T00:00:00.000000000Z,911369,258005,179141492.057076910469338491937310113620978,119
2022-06-17T00:00:00.000000000Z,876153,248214,162582194.25337105252226209013166015,108
2022-06-18T00:00:00.000000000Z,924686,246705,234840946.532281768072729452313455371637066,156
2022-06-19T00:00:00.000000000Z,733337,195875,200216961.200788878749273051703230236379022,133
2022-06-20T00:00:00.000000000Z,833932,239275,198711571.476707705319969454704305028362934,132
2022-06-21T00:00:00.000000000Z,927938,260657,225808603.852269547407013136392915053362934,150
2022-06-22T00:00:00.000000000Z,859651,247129,193096459.392676623821901245433077469746145528,129
2022-06-23T00:00:00.000000000Z,866807,258973,223431041.438622166975544224109439213013368,152
2022-06-24T00:00:00.000000000Z,869532,250666,189622395.506427806086794532015183752739974,129
2022-06-25T00:00:00.000000000Z,742895,217926,221961099.206762349281577155159400434246658,151
2022-06-26T00:00:00.000000000Z,734812,207474,202851865.009590562802292780166934240239974,138
2022-06-27T00:00:00.000000000Z,953524,258934,199911982.662586047920399716746576386986632,136
2022-06-28T00:00:00.000000000Z,922274,253741,214611394.397608622329865033848365653253342,146
2022-06-29T00:00:00.000000000Z,899514,257517,221961099.206762349281577155159400434246658,151
2022-06-30T00:00:00.000000000Z,967680,275120,251359920.5600923775944667148832592625,171
2022-07-01T00:00:00.000000000Z,946760,272893,196972102.432296653544547727805938238013368,134
2022-07-02T00:00:00.000000000Z,844916,235532,202851865.009590562802292780166934240239974,138
2022-07-03T00:00:00.000000000Z,701943,196946,227840863.900771379045363282000116140753342,155
2022-07-04T00:00:00.000000000Z,883632,251379,210201571.935459410260045975957688725513368,143
2022-07-05T00:00:00.000000000Z,864471,244533,173453043.656260534489403220443075411986632,118
2022-07-06T00:00:00.000000000Z,969280,264360,186599522.8930837792248892064809912294171400904,127
2022-07-07T00:00:00.000000000Z,1007259,284162,227523378.270895744686926673361098877652772,157
2022-07-08T00:00:00.000000000Z,936111,264779,214480636.867937881927462826372427165152772,148
2022-07-09T00:00:00.000000000Z,773277,219088,194191928.482634234184576406948763505305544,134
2022-07-10T00:00:00.000000000Z,705622,198306,221726603.8502836669108853988074191125,153
2022-07-11T00:00:00.000000000Z,839927,234215,178250799.869370332537091922683251910229158,123
2022-07-12T00:00:00.000000000Z,943773,274945,218828216.639977628022864761530579229923614,151
2022-07-13T00:00:00.000000000Z,815549,225738,159411284.045800392001586801140900432576386,110
2022-07-14T00:00:00.000000000Z,983744,282646,179699992.431104039744473220564564092423614,124
2022-07-15T00:00:00.000000000Z,943171,267630,205785475.237019765263400914541907517423614,142
2022-07-16T00:00:00.000000000Z,771028,223950,214480636.867937881927462826372427165152772,148
2022-07-17T00:00:00.000000000Z,723539,201095,179699992.431104039744473220564564092423614,124
2022-07-18T00:00:00.000000000Z,887138,254873,189844346.623755863615916430276395922347228,131
2022-07-19T00:00:00.000000000Z,994059,279366,199988700.816407687487359639988227752270842,138
2022-07-20T00:00:00.000000000Z,905497,254748,182598379.641410078632493857841403975,126
2022-07-21T00:00:00.000000000Z,964460,278928,198824710.5667849855518345928284406539042870024,139
2022-07-22T00:00:00.000000000Z,848578,262220,181711863.299495812612750097460872883925356,132
2022-07-23T00:00:00.000000000Z,755495,219584,211997172.197485757393129025667518404766192,154
2022-07-24T00:00:00.000000000Z,736224,201963,216126988.578997608470617979329851847616904,157
2022-07-25T00:00:00.000000000Z,892636,251613,195477912.618372039441459127950784488691548,142
2022-07-26T00:00:00.000000000Z,945582,260791,220256802.978198230762011627347985338691548,160
2022-07-27T00:00:00.000000000Z,916926,265290,227139827.637636344176366142592941141074644,165
2022-07-28T00:00:00.000000000Z,1008866,283820,194101308.479408908273026347159473308925356,141
2022-07-29T00:00:00.000000000Z,945142,280447,200984333.138847021687380862404429111308452,146
2022-07-30T00:00:00.000000000Z,785742,228995,177582046.917983961535261143798539441074644,129
2022-07-31T00:00:00.000000000Z,787873,215224,209243963.919559495056263464084896045233808,152
2022-08-01T00:00:00.000000000Z,907238,248469,187218281.837659566072576526270317554766192,136
2022-08-02T00:00:00.000000000Z,946865,267917,213373778.318760117347657112103029536308452,155
2022-08-03T00:00:00.000000000Z,977386,282580,199607727.017572661732852775968917979766192,145
2022-08-04T00:00:00.000000000Z,948545,278115,183293576.20328617825526917592050951053,132
2022-08-05T00:00:00.000000000Z,944004,269270,210085555.711822375866592718272695287134644,150
2022-08-06T00:00:00.000000000Z,856759,232291,225491829.972147198556380619263070557846192,161
2022-08-07T00:00:00.000000000Z,716918,199770,222690689.014195291850994950218969862134644,159
2022-08-08T00:00:00.000000000Z,918162,257482,201682132.8379666557504357111403932,144
2022-08-09T00:00:00.000000000Z,941249,251924,200281563.367401366587576155370521407846192,143
2022-08-10T00:00:00.000000000Z,1035793,270675,207284414.753870469161207049228594591423096,148
2022-08-11T00:00:00.000000000Z,1002846,284126,196079850.922062842339664373052191808576904,140
2022-08-12T00:00:00.000000000Z,948381,269215,215687835.610904860897697498856539567153808,154
2022-08-13T00:00:00.000000000Z,834925,239894,194679281.451497553176804817282320016423096,139
2022-08-14T00:00:00.000000000Z,811197,202156,186275858.577641833060647810150017929288452,133
2022-08-15T00:00:00.000000000Z,922140,245572,203082702.308531944913295266910264992153808,145
2022-08-16T00:00:00.000000000Z,1020819,269531,207284414.753870469161207049228594591423096,148
2022-08-17T00:00:00.000000000Z,915870,255933,180673576.661738019649876472061816537865356,129
2022-08-18T00:00:00.000000000Z,1009836,292682,202447354.27677863782509104045972625972,144
2022-08-19T00:00:00.000000000Z,982140,276337,250867150.56061098055822775426602407018057,178
2022-08-20T00:00:00.000000000Z,841648,226096,209995535.88119569474590861104691057786114,149
2022-08-21T00:00:00.000000000Z,753797,201437,205767438.51073447984784565049332167981943,146
2022-08-22T00:00:00.000000000Z,880923,250080,204358071.36758936652228255873524121822228,145
2022-08-23T00:00:00.000000000Z,930754,257650,242410953.79020148822278867579852003072228,172
2022-08-24T00:00:00.000000000Z,930584,260385,205767438.51073447984784565049332167981943,146
2022-08-25T00:00:00.000000000Z,898274,255143,224089197.16521151530497374182608397695829,159
2022-08-26T00:00:00.000000000Z,937226,265467,248048418.30380781644641472811018939036114,176
2022-08-27T00:00:00.000000000Z,830874,221784,204358071.36758936652228255873524121822228,145
2022-08-28T00:00:00.000000000Z,776186,204472,226907929.42201467941678676798191865677772,161
2022-08-29T00:00:00.000000000Z,939245,253563,221270464.90840835119316071567024929713886,157
2022-08-30T00:00:00.000000000Z,951380,263101,228317294.535672730203036702379672875,162
2022-08-31T00:00:00.000000000Z,916812,258575,220515247.0319977402651533206270269110264352344,146
2022-09-01T00:00:00.000000000Z,969786,270341,212503107.418256587557341120537057886577908,138
2022-09-02T00:00:00.000000000Z,996822,270262,198644209.060165424514588741222893661577908,129
2022-09-03T00:00:00.000000000Z,916603,235843,226362005.776347750600093499851222111577908,147
2022-09-04T00:00:00.000000000Z,774639,206295,258699436.756842955896239776144525763422092,168
2022-09-05T00:00:00.000000000Z,942780,253103,235601272.087549771726790448340791825,153
2022-09-06T00:00:00.000000000Z,927513,267063,218662618.292391268308472419530104362192636,142
2022-09-07T00:00:00.000000000Z,951645,264285,224822129.166525949059603718523150837807364,146
2022-09-08T00:00:00.000000000Z,947648,266823,195564453.623098084139023091726370423770544,127
2022-09-09T00:00:00.000000000Z,1021884,286018,226362005.776347750600093499851222111577908,147
2022-09-10T00:00:00.000000000Z,873305,240963,241760782.961684452477921747333838300614728,157
2022-09-11T00:00:00.000000000Z,871675,225743,281797599.208712402771103017107879011577908,183
2022-09-12T00:00:00.000000000Z,989815,269113,235601272.087549771726790448340791825,153
2022-09-13T00:00:00.000000000Z,948189,259359,212237771.6665517973233018969651269040076934512,137
2022-09-14T00:00:00.000000000Z,977568,269647,202308898.955436121609999761474942395527824,127
2022-09-15T00:00:00.000000000Z,953771,277597,234168568.497706474146399763918996027895868,147
2022-09-16T00:00:00.000000000Z,933213,260328,203901883.694192543017582491792483332368044,128
2022-09-17T00:00:00.000000000Z,918990,245261,270807189.962349902213252084233239279472176,170
2022-09-18T00:00:00.000000000Z,775872,212149,245319452.493416669230295383812049820527824,154
2022-09-19T00:00:00.000000000Z,912328,255334,207087850.877809197140452079345132014736088,130
2022-09-20T00:00:00.000000000Z,952698,268728,242133487.603696203799721669341834329472176,152
2022-09-21T00:00:00.000000000Z,918372,263619,224610669.240752700470086874343483172104132,141
2022-09-22T00:00:00.000000000Z,860577,246387,203901883.694192543017582491792483332368044,128
2022-09-23T00:00:00.000000000Z,968636,276441,215052767.689902738101478111685537125,135
2022-09-24T00:00:00.000000000Z,799441,226763,232575586.052846241431112906683888282368044,146
2022-09-25T00:00:00.000000000Z,781165,208905,234168568.497706474146399763918996027895868,147
2022-09-26T00:00:00.000000000Z,938059,264276,238947520.420079549676852081789185647104132,150
2022-09-27T00:00:00.000000000Z,966074,275487,205494866.139052775732869349027591077895868,129
2022-09-28T00:00:00.000000000Z,849979,258906,234113533.8337632507431068206796288906815696,150
2022-09-29T00:00:00.000000000Z,874705,266329,222928607.672785200381349673286910315496736,143
2022-09-30T00:00:00.000000000Z,1005499,292553,263461080.366552658756704623218048508625816,169
2022-10-01T00:00:00.000000000Z,867330,236007,282168375.283301064175727842995812284503264,181
2022-10-02T00:00:00.000000000Z,852250,216756,244753785.449804253337681403440284732748368,157
2022-10-03T00:00:00.000000000Z,964012,268836,240076960.036960542129304716638918734503264,154
2022-10-04T00:00:00.000000000Z,932869,280235,254107431.785740716144779092091216584503264,163
2022-10-05T00:00:00.000000000Z,891063,267518,272814728.947364601368630154344880432748368,175
2022-10-06T00:00:00.000000000Z,930050,276491,247871668.310074900874989913815895374122552,159
2022-10-07T00:00:00.000000000Z,936123,270954,266578963.22682330629401313359365915,171
2022-10-08T00:00:00.000000000Z,815047,235954,272814728.947364601368630154344880432748368,175
2022-10-09T00:00:00.000000000Z,787417,214993,246312725.757501837203921737390140017251632,158
2022-10-10T00:00:00.000000000Z,896218,253025,282818946.6660148926680360856754048163932704762,168
2022-10-11T00:00:00.000000000Z,916599,272927,277924882.769347563359229710760581711671632,157
2022-10-12T00:00:00.000000000Z,871140,260366,242520438.893388897945386198529636080835816,137
2022-10-13T00:00:00.000000000Z,933599,275214,253141772.820912479172358572315385073343264,143
2022-10-14T00:00:00.000000000Z,984001,284575,276154659.173533663816702114935514707492552,156
2022-10-15T00:00:00.000000000Z,838678,241112,269073772.437637881674784932799899723343264,152
2022-10-16T00:00:00.000000000Z,769067,214703,254911993.8676064400388217677522344,144
2022-10-17T00:00:00.000000000Z,870371,261168,265533327.795130021265794141537983392507448,150
2022-10-18T00:00:00.000000000Z,887194,258490,251371549.225098579629830976490318069164184,142
2022-10-19T00:00:00.000000000Z,923688,260354,267303548.841823982132257336974832719164184,151
2022-10-20T00:00:00.000000000Z,893489,268532,256682214.914300400905284963189083726656736,145
2022-10-21T00:00:00.000000000Z,913925,266487,276154659.173533663816702114935514707492552,156
2022-10-22T00:00:00.000000000Z,817446,231911,240750215.297574998402858602704569076656736,136
2022-10-23T00:00:00.000000000Z,803523,218227,274810664.8495724948255838127748401938062437902,155
2022-10-24T00:00:00.000000000Z,922514,266297,249031191.577437549926407181883568400853264,136
2022-10-25T00:00:00.000000000Z,829386,251891,223395628.203901484093666250244790050426632,122
2022-10-26T00:00:00.000000000Z,1051950,305561,283822315.558780094475017512089628374786684,155
2022-10-27T00:00:00.000000000Z,895161,265430,247200081.037956772826156648257514625,135
2022-10-28T00:00:00.000000000Z,925522,279384,291146762.990304931685764133551851974360052,159
2022-10-29T00:00:00.000000000Z,871729,251735,261848975.901006447247649891181961824146736,143
2022-10-30T00:00:00.000000000Z,830676,223333,247200081.037956772826156648257514625,135
2022-10-31T00:00:00.000000000Z,980614,290008,316782326.363840997518505065190630324786684,173
2022-11-01T00:00:00.000000000Z,955117,273150,263680086.4404872243479004248080156,144
2022-11-02T00:00:00.000000000Z,869056,258761,223395628.203901484093666250244790050426632,122
2022-11-03T00:00:00.000000000Z,1009478,294320,300302320.9613105737152076611639949283052,164
2022-11-04T00:00:00.000000000Z,939102,281439,236213409.8906695388129608944925727150844,129
2022-11-05T00:00:00.000000000Z,916525,253538,276497868.1272552827855232914368675716948,151
2022-11-06T00:00:00.000000000Z,811578,223686,250862304.7537192145865735795124924283052,137
2022-11-07T00:00:00.000000000Z,920253,267661,263168681.00773701886494925962854203704,144
2022-11-08T00:00:00.000000000Z,1051006,296138,297875785.7478075892991138835197655454584,163
2022-11-09T00:00:00.000000000Z,1076579,293667,272291362.9163776173788418109888796477292,149
2022-11-10T00:00:00.000000000Z,1056871,294575,268636444.9930960936417398646904563465938,147
2022-11-11T00:00:00.000000000Z,964454,278829,244879482.4390772307097395410878207045416,134
2022-11-12T00:00:00.000000000Z,942728,245106,305185621.5943706367733177761166121477292,167
2022-11-13T00:00:00.000000000Z,895185,224942,235742186.3151030742472638995627238465938,129
2022-11-14T00:00:00.000000000Z,954601,244858,224777435.1767991972753996122255311534062,123
2022-11-15T00:00:00.000000000Z,986709,281221,283256116.6862221885901476498841495511354,155
2022-11-16T00:00:00.000000000Z,944275,264899,274118823.1937887263671135599171299034062,150
2022-11-17T00:00:00.000000000Z,902258,254924,252189315.6540995839445018821265900965938,138
2022-11-18T00:00:00.000000000Z,955851,275776,254016775.9315106929327736310548403522708,139
2022-11-19T00:00:00.000000000Z,1113245,262900,268636444.9930960936417398646904563465938,147
2022-11-20T00:00:00.000000000Z,1013890,229629,272422405.8222945713855884064755202056052700348,149
2022-11-21T00:00:00.000000000Z,974239,269034,236949653.0891524680537008558082510660498,129
2022-11-22T00:00:00.000000000Z,931145,257097,231439196.9017366316868208607869275,126
2022-11-23T00:00:00.000000000Z,1057775,270971,258991483.1288545998466295601637364339502,141
2022-11-24T00:00:00.000000000Z,988182,250821,236949653.0891524680537008558082510660498,129
2022-11-25T00:00:00.000000000Z,981465,262820,225928740.7143207953199408657656039339502,123
2022-11-26T00:00:00.000000000Z,892687,230269,200213272.3346683082281907106842043380664,109
2022-11-27T00:00:00.000000000Z,855437,223392,249807385.9564690150182237522814030880664,136
2022-11-28T00:00:00.000000000Z,931505,259679,255317844.7889042445478081094378222059668,139
2022-11-29T00:00:00.000000000Z,955669,271896,240623291.4291028233525223065341652940332,131
2022-11-30T00:00:00.000000000Z,946754,272102,253481024.2964193703170452030073173160498,138
2022-12-01T00:00:00.000000000Z,1030232,286994,281033310.52353733847685390238412625,153
2022-12-02T00:00:00.000000000Z,970221,271522,229602379.0542711506187623164915181619336,125
2022-12-03T00:00:00.000000000Z,938854,249912,240623291.4291028233525223065341652940332,131
2022-12-04T00:00:00.000000000Z,842351,216703,257154662.6363697256158666537332315440332,140
2022-12-05T00:00:00.000000000Z,960563,273083,268175577.6562207915123310059109742279834,146
2022-12-06T00:00:00.000000000Z,941978,264624,230616963.69146737546043375038982555555625,135
2022-12-07T00:00:00.000000000Z,899850,266558,292794731.6482504811800555073709927057072,172
2022-12-08T00:00:00.000000000Z,905789,270258,284283257.4040976800479745987444288528536,167
2022-12-09T00:00:00.000000000Z,946767,268606,258748834.6716392766517318728647372942928,152
2022-12-10T00:00:00.000000000Z,909506,231276,262153422.4082566057449562084690077057072,154
2022-12-11T00:00:00.000000000Z,781176,220885,250237357.9761817363201409294302295292804,147
2022-12-12T00:00:00.000000000Z,905428,264207,243428180.0516423389341822234137447942928,143
2022-12-13T00:00:00.000000000Z,974065,286344,280878667.2161756117552402283322145292804,165
2022-12-14T00:00:00.000000000Z,930586,279228,251939654.2957951400662631320403086471464,148
2022-12-15T00:00:00.000000000Z,897844,271326,236618999.6757982023487134825893161471464,139
2022-12-16T00:00:00.000000000Z,893040,258839,221298345.0558012646311638331383236471464,130
2022-12-17T00:00:00.000000000Z,967830,261183,234916703.3561847986025912799792370292804,138
2022-12-18T00:00:00.000000000Z,783263,207910,246832767.7882596680274065590180152057072,145
2022-12-19T00:00:00.000000000Z,971140,262020,234239565.5288072179007454855810081498819986928,136
2022-12-20T00:00:00.000000000Z,950486,270300,246114014.5930936689806051841306771858624,140
2022-12-21T00:00:00.000000000Z,905699,268746,251387888.0340677726764869766767856282752,143
2022-12-22T00:00:00.000000000Z,908585,276334,237324228.9000814182886268122143,135
2022-12-23T00:00:00.000000000Z,891725,275188,232050357.9905657561936134814135442212064,132
2022-12-24T00:00:00.000000000Z,758680,215536,156458196.4740352053610362517910656282752,89
2022-12-25T00:00:00.000000000Z,731599,196741,247871973.2505711840795219355611642212064,141
2022-12-26T00:00:00.000000000Z,787672,227132,226776484.5495916524977316888674357787936,129
2022-12-27T00:00:00.000000000Z,867369,241695,202165083.5965739739198448628034385929312,115
2022-12-28T00:00:00.000000000Z,904203,269982,295336819.0305874677372472980040242212064,168
2022-12-29T00:00:00.000000000Z,945186,266982,247871973.2505711840795219355611642212064,141
2022-12-30T00:00:00.000000000Z,1050756,286348,277757245.1131045247524220924259171858624,158
2022-12-31T00:00:00.000000000Z,839910,243946,274241330.3296079361554570513102957787936,156
2023-01-01T00:00:00.000000000Z,719716,189355,272483374.2035888626574087616251614070688,155
2023-01-02T00:00:00.000000000Z,842261,228547,274241330.3296079361554570513102957787936,156
2023-01-03T00:00:00.000000000Z,985169,273459,261567697.3308510654836788860386682320194880712,154
2023-01-04T00:00:00.000000000Z,922281,279254,242356483.0955473509369902509710763697664,143
2023-01-05T00:00:00.000000000Z,922508,274976,266083690.5822478791261816717590181848832,157
2023-01-06T00:00:00.000000000Z,932794,273358,305064103.2304720077003927289968,180
2023-01-07T00:00:00.000000000Z,809225,250336,260999287.2347314617686577518736436302336,154
2023-01-08T00:00:00.000000000Z,755503,229074,259304487.74590120654533381964728,153
2023-01-09T00:00:00.000000000Z,981056,286289,257609688.2570709513220098874209163697664,152
2023-01-10T00:00:00.000000000Z,1146540,306036,286421296.6507750710249491664910909075584,169
2023-01-11T00:00:00.000000000Z,944957,288569,249135683.4913811976740620414796727226752,147
2023-01-12T00:00:00.000000000Z,1034292,310585,255914886.3277278702549098935914109075584,151
2023-01-13T00:00:00.000000000Z,1072059,320370,269473292.0004212154166055978148872773248,159
2023-01-14T00:00:00.000000000Z,965948,303624,289810898.06894840731537309254696,171
2023-01-15T00:00:00.000000000Z,807742,255156,281119760.74708688527620001985071331248687596,163
2023-01-16T00:00:00.000000000Z,966312,303811,274688842.3501408043391038114701072066602,147
2023-01-17T00:00:00.000000000Z,988775,309004,291506526.6305745165408733091577284566602,156
2023-01-18T00:00:00.000000000Z,942079,294539,261608421.5421178598343268635223039711068,140
2023-01-19T00:00:00.000000000Z,926693,298607,270951578.8777300366421112617302891922136,145
2023-01-20T00:00:00.000000000Z,933005,303214,246659370.3433042739157506168461515433398,132
2023-01-21T00:00:00.000000000Z,906764,286001,257871158.0697070921373343137824859566602,138
2023-01-22T00:00:00.000000000Z,863236,249747,282163369.2949623397330889109497432355534,151
2023-01-23T00:00:00.000000000Z,933346,296833,295243790.1029852842378658588975464711068,158
2023-01-24T00:00:00.000000000Z,908199,288416,241053473.7892733799355648160948647066602,129
2023-01-25T00:00:00.000000000Z,912032,306272,327010528.2730620672276055555444397788932,175
2023-01-26T00:00:00.000000000Z,892287,297461,289637896.2397838751270740104293792644466,155
2023-01-27T00:00:00.000000000Z,929064,305372,287769263.1581637488438807594179104422136,154
2023-01-28T00:00:00.000000000Z,857014,268374,313930107.4650391227228286075966365433398,168
2023-01-29T00:00:00.000000000Z,829895,258804,311438925.8972278325737578794594421772955804808,161
2023-01-30T00:00:00.000000000Z,957363,311188,269948141.5759667566959963340700892061614,138
2023-01-31T00:00:00.000000000Z,944348,312359,224956785.1161139943740551785959951520538,115
2023-02-01T00:00:00.000000000Z,1050528,343824,267991996.8676471508404116756692698479462,137
2023-02-02T00:00:00.000000000Z,983946,335421,283641162.9847545459781371465523993582152,145
2023-02-03T00:00:00.000000000Z,988867,317695,260167412.4006683618893742396149426520538,133
2023-02-04T00:00:00.000000000Z,961115,302062,266035849.3424773622204776160429256082152,136
2023-02-05T00:00:00.000000000Z,802171,256347,297334187.2103925180246273602602343917848,152
2023-02-06T00:00:00.000000000Z,920525,304492,289509602.7434137290735899242059071958924,148
2023-02-07T00:00:00.000000000Z,944049,303225,277772726.0429455456470337701244164020538,142
2023-02-08T00:00:00.000000000Z,942153,315120,269948141.5759667566959963340700892061614,138
2023-02-09T00:00:00.000000000Z,1056974,363668,316895645.5609893076378715491705275,162
2023-02-10T00:00:00.000000000Z,923753,302716,287553455.2182439404536558645795629561614,147
2023-02-11T00:00:00.000000000Z,896301,281958,289509602.7434137290735899242059071958924,148
2023-02-12T00:00:00.000000000Z,861493,256348,315851203.9583589728746767969558474999975,162
2023-02-13T00:00:00.000000000Z,957593,297879,303650130.9946970477872412446051726873182,156
2023-02-14T00:00:00.000000000Z,913570,305330,299757180.2739147952186419409635277497576,154
2023-02-15T00:00:00.000000000Z,993456,325059,317275457.1159727844126996718263114997576,163
2023-02-16T00:00:00.000000000Z,1118226,341817,348419062.8822308049614941009594710002424,179
2023-02-17T00:00:00.000000000Z,1050009,322140,321168407.8367550369812989754679564373182,165
2023-02-18T00:00:00.000000000Z,1046593,273988,327007835.3193905631988370664550423126818,168
2023-02-19T00:00:00.000000000Z,928713,244509,315328983.1570438054930391555301075,162
2023-02-20T00:00:00.000000000Z,908106,267205,286131854.1526390585931835137423889373182,147
2023-02-21T00:00:00.000000000Z,1012926,293613,325061358.5575372895498982791096013748788,167
2023-02-22T00:00:00.000000000Z,931144,277803,272506528.0313633219677250865212501248788,140
2023-02-23T00:00:00.000000000Z,1071298,291650,332847259.99910179468709688639289125,171
2023-02-24T00:00:00.000000000Z,964247,298377,262774152.63086983791086596294175625,135
2023-02-25T00:00:00.000000000Z,811239,259206,228809606.1413121257381283928689104725702512288,107
2023-02-26T00:00:00.000000000Z,905055,271471,359556659.210642265735299389680280680159,168
2023-02-27T00:00:00.000000000Z,982682,296912,299630547.801244781612731513963287879894,140
2023-02-28T00:00:00.000000000Z,983627,335341,293209894.218132777706756223836924810053,137
2023-03-01T00:00:00.000000000Z,1076257,377754,363837095.960021672672628234722486740212,170
2023-03-02T00:00:00.000000000Z,939444,330024,308191421.3000035954873892040477,144
2023-03-03T00:00:00.000000000Z,1086253,355066,359556659.210642265735299389680280680159,168
2023-03-04T00:00:00.000000000Z,905589,306924,325313168.297521223236704584216524240212,152
2023-03-05T00:00:00.000000000Z,995537,287178,331733821.880633227142679874342887310053,155
2023-03-06T00:00:00.000000000Z,931807,318245,282508803.885641366863452088668355680159,132
2023-03-07T00:00:00.000000000Z,1063023,360867,353136002.545616048829288144680025569841,165
2023-03-08T00:00:00.000000000Z,885079,290018,284649020.719373963832098533752512689947,133
2023-03-09T00:00:00.000000000Z,929904,339133,288929457.46875337076942737879471875,135
2023-03-10T00:00:00.000000000Z,979055,322995,291688415.564575746214885572299433178615167756,136
2023-03-11T00:00:00.000000000Z,982511,323403,357219694.8827461302481322620081860579786,165
2023-03-12T00:00:00.000000000Z,886609,263955,348559825.8912208977132899905727381726952,161
2023-03-13T00:00:00.000000000Z,999918,335201,339899953.7821419553143252446397797113476,157
2023-03-14T00:00:00.000000000Z,1024780,327923,316085307.0409517186492334305728992306738,146
2023-03-15T00:00:00.000000000Z,1006730,343857,318250273.5094445993169133798073835579786,147
2023-03-16T00:00:00.000000000Z,879957,295146,290105693.8312686013164616672715344226952,134
2023-03-17T00:00:00.000000000Z,1085422,339244,318250273.5094445993169133798073835579786,147
2023-03-18T00:00:00.000000000Z,955447,293458,350724792.3597137783809699398072225,162
2023-03-19T00:00:00.000000000Z,845573,271293,320415243.0954911898487158035393784613476,148
2023-03-20T00:00:00.000000000Z,1014355,337263,333405048.1415558935830404479413055773048,154
2023-03-21T00:00:00.000000000Z,990544,331907,313920337.4549051281174310068409043273048,145
2023-03-22T00:00:00.000000000Z,940276,296448,344229889.8366814265138076176062589420214,159
2023-03-23T00:00:00.000000000Z,902932,292159,398970829.725713246580338489200332205684261779,183
2023-03-24T00:00:00.000000000Z,893101,294570,377232885.4931152521081537852925875,162
2023-03-25T00:00:00.000000000Z,898042,287422,337646717.006621387901781095791399783412,145
2023-03-26T00:00:00.000000000Z,851151,266890,335318120.4383246685405811424823,144
2023-03-27T00:00:00.000000000Z,1057595,295339,344632513.417873954751874326530321983294,148
2023-03-28T00:00:00.000000000Z,982699,317587,312032141.342632657395594867768056466588,134
2023-03-29T00:00:00.000000000Z,977852,328588,342303913.496396031007427687815410775059,147
2023-03-30T00:00:00.000000000Z,1021839,331354,360932699.455494603430014055911454741647,155
2023-03-31T00:00:00.000000000Z,1043754,308895,328332327.380253306073734597149189224941,141
2023-04-01T00:00:00.000000000Z,1038858,316521,326003727.458775382329287958434278016706,140
2023-04-02T00:00:00.000000000Z,1012005,342161,346961109.986170674113074279839421766706,149
2023-04-03T00:00:00.000000000Z,985157,336905,305046344.931380090545501637029134266706,131
2023-04-04T00:00:00.000000000Z,1108155,419443,377232885.4931152521081537852925875,162
2023-04-05T00:00:00.000000000Z,964688,345029,323675130.890478662968088005125178233294,139
2023-04-06T00:00:00.000000000Z,1022873,352346,375586794.880830196025935708554172300163475,160
2023-04-07T00:00:00.000000000Z,956362,351639,338032941.785607291839724838359735158175,142
2023-04-08T00:00:00.000000000Z,885739,325340,349935509.409986910908070119021861724525,147
2023-04-09T00:00:00.000000000Z,936112,277152,347554997.256286865178189376925264841825,146
2023-04-10T00:00:00.000000000Z,947327,292988,292803183.441788861296224457807825775475,123
2023-04-11T00:00:00.000000000Z,1146146,375758,366599104.7697063166456476689667531327,154
2023-04-12T00:00:00.000000000Z,1056542,344791,380882187.975725676653344476815047658175,160
2023-04-13T00:00:00.000000000Z,1009669,326572,338032941.785607291839724838359735158175,142
2023-04-14T00:00:00.000000000Z,1016042,316304,333271914.05026750517049256907697031635,140
2023-04-15T00:00:00.000000000Z,1045660,275326,376121160.24038588998411220753228281635,158
2023-04-16T00:00:00.000000000Z,840992,235578,295183695.595488907026105199904422658175,124
2023-04-17T00:00:00.000000000Z,984242,316549,368979620.351346057584999196152921091825,155
2023-04-18T00:00:00.000000000Z,1149264,313000,395165271.18174503666104128466334218365,166
2023-04-19T00:00:00.000000000Z,985732,298359,330891401.89656745944061182698037343365,139
2023-04-20T00:00:00.000000000Z,951443,297440,319518832.8346639519776090104577360376608289056,133
2023-04-21T00:00:00.000000000Z,1015546,352999,351118489.4146720294917770660647361666472,145
2023-04-22T00:00:00.000000000Z,914896,356615,360804517.5265041861968442246362574583236,149
2023-04-23T00:00:00.000000000Z,840711,434101,355961503.4705881078443106453504968124854,147
2023-04-24T00:00:00.000000000Z,998948,358615,341432464.7898097140886990171582631875146,141
2023-04-25T00:00:00.000000000Z,895988,373152,302688355.8294509285704194925372263333528,125
2023-04-26T00:00:00.000000000Z,893248,433927,314795889.2257562038007588859191037916764,130
2023-04-27T00:00:00.000000000Z,892914,419005,314795889.2257562038007588859191037916764,130
2023-04-28T00:00:00.000000000Z,957827,484327,355961503.4705881078443106453504968124854,147
2023-04-29T00:00:00.000000000Z,803633,487346,331746436.6779775573836318585867418958382,137
2023-04-30T00:00:00.000000000Z,767567,561448,358383012.2420310676715719898259012916764,148
2023-05-01T00:00:00.000000000Z,929691,685711,440714244.2186647170606646183537356458382,182
2023-05-02T00:00:00.000000000Z,820724,460621,312374380.4543132439734975414436993124854,129
2023-05-03T00:00:00.000000000Z,953701,488518,341432464.7898097140886990171582631875146,141
2023-05-04T00:00:00.000000000Z,914598,490738,351712781.6347697333482339604177883325993651446,146
2023-05-05T00:00:00.000000000Z,822037,411057,283977798.8604690195495221913475520454972,119
2023-05-06T00:00:00.000000000Z,764917,603617,355568839.3482854956454037054762484090056,149
2023-05-07T00:00:00.000000000Z,549932,614264,331705160.3311366697458134764187115909944,139
2023-05-08T00:00:00.000000000Z,696710,573864,326932423.8404329048864732652159870454972,137
2023-05-09T00:00:00.000000000Z,772112,592036,360341575.8389892605047439166789729545028,151
2023-05-10T00:00:00.000000000Z,891517,672910,405682570.7824900274699205096268131819888,170
2023-05-11T00:00:00.000000000Z,831417,544837,360341575.8389892605047439166789729545028,151
2023-05-12T00:00:00.000000000Z,809188,508450,336477896.8218404346051536876214361364916,141
2023-05-13T00:00:00.000000000Z,705679,581550,346023366.3668779659267232830707993180112,145
2023-05-14T00:00:00.000000000Z,835319,626942,415228040.3275275587914901050761763635084,174
2023-05-15T00:00:00.000000000Z,817441,526691,350796102.8575817307860634942735238635084,147
2023-05-16T00:00:00.000000000Z,814467,564700,365114312.3296930253640841278816975,153
2023-05-17T00:00:00.000000000Z,841652,579967,381818888.3289712031732194536131904545028,160
2023-05-18T00:00:00.000000000Z,814709,478050,345151895.572956714581863407846060348588242829,141
2023-05-19T00:00:00.000000000Z,904374,513521,369469366.9436956997508905042279278253496,150
2023-05-20T00:00:00.000000000Z,719434,423450,322669911.9767492099769627422975431164336,131
2023-05-21T00:00:00.000000000Z,775828,487763,371932494.4723690306977067962891690582168,151
2023-05-22T00:00:00.000000000Z,817592,506455,354690591.13093798014185334760488,144
2023-05-23T00:00:00.000000000Z,859507,514901,379321880.6052949348475354738914262328672,154
2023-05-24T00:00:00.000000000Z,859470,398061,347301204.9980120759920246700026228253496,141
2023-05-25T00:00:00.000000000Z,923963,466257,371932494.4723690306977067962891690582168,151
2023-05-26T00:00:00.000000000Z,963216,533103,376858753.076621603900719181830185,153
2023-05-27T00:00:00.000000000Z,877266,469559,357153718.6596113110886696396661212328672,145
2023-05-28T00:00:00.000000000Z,863880,499561,394100656.4180526544565726305144740582168,160
2023-05-29T00:00:00.000000000Z,912071,548854,399026915.02230522765958501605549,162
2023-05-30T00:00:00.000000000Z,959148,511408,379321880.6052949348475354738914262328672,154
2023-05-31T00:00:00.000000000Z,925966,421021,350148490.6078393528842917051306640404079569346,141
2023-06-01T00:00:00.000000000Z,919298,351891,336187210.7165765855898123502292888590158,132
2023-06-02T00:00:00.000000000Z,982760,485798,417687139.4758991424465900814970462863386,164
2023-06-03T00:00:00.000000000Z,873884,380045,331093464.7106818219307033211500750726772,130
2023-06-04T00:00:00.000000000Z,879948,357474,376937175.0962378640182012158631675726772,148
2023-06-05T00:00:00.000000000Z,884289,363110,351468445.0667640457226560704670986409842,138
2023-06-06T00:00:00.000000000Z,1032895,468063,384577792.2713315940846230759820724636614,151
2023-06-07T00:00:00.000000000Z,1004588,429649,343827827.89167031565623421034819375,135
2023-06-08T00:00:00.000000000Z,964762,403263,392218409.4464253241510449361009773546456,154
2023-06-09T00:00:00.000000000Z,1020140,387748,430421502.6568876361721209706951649636614,169
2023-06-10T00:00:00.000000000Z,943047,364874,392218409.4464253241510449361009773546456,154
2023-06-11T00:00:00.000000000Z,872589,401105,415140264.6392033451947938834575236046456,163
2023-06-12T00:00:00.000000000Z,985947,371500,399859030.2890158850619501632197138226772,157
2023-06-13T00:00:00.000000000Z,933842,405497,374390300.2595420667664050178236448909842,147
2023-06-14T00:00:00.000000000Z,828183,333934,312665624.100299149749103440924649910148393618,121
2023-06-15T00:00:00.000000000Z,919869,421465,385148460.9959121443502377006756421770556,148
2023-06-16T00:00:00.000000000Z,958674,521861,398160232.46596813308430111902970875,153
2023-06-17T00:00:00.000000000Z,863600,468094,364329623.6459102238084467586743978229444,140
2023-06-18T00:00:00.000000000Z,883864,442763,392955523.1284676529488533835293976614722,151
2023-06-19T00:00:00.000000000Z,920552,412858,369534332.9834107039438944941747089114722,142
2023-06-20T00:00:00.000000000Z,951926,446312,353920204.9709092635375512876737756458888,136
2023-06-21T00:00:00.000000000Z,920555,363604,314884890.5607412973353610326115759270556,121
2023-06-22T00:00:00.000000000Z,1000988,390860,356522561.5133547152098310758206423385278,137
2023-06-23T00:00:00.000000000Z,948738,373178,325294309.2357422576062565036121981041112,125
2023-06-24T00:00:00.000000000Z,1011110,360123,379943751.6584116642147899651753310885278,146
2023-06-25T00:00:00.000000000Z,944147,384437,398160232.46596813308430111902970875,153
2023-06-26T00:00:00.000000000Z,998904,405162,379943751.6584116642147899651753310885278,146
2023-06-27T00:00:00.000000000Z,978594,433747,364329623.6459102238084467586743978229444,140
2023-06-28T00:00:00.000000000Z,826245,331234,280122385.025966247894244313793272314815,108
2023-06-29T00:00:00.000000000Z,970467,435226,367574940.7040656698072666511695170695866,146
2023-06-30T00:00:00.000000000Z,1067040,446825,397786578.4244694675091232996232783608268,158
2023-07-01T00:00:00.000000000Z,918349,320180,334845664.3921468306094004420471166804134,133
2023-07-02T00:00:00.000000000Z,997177,307552,430515854.73638830670698950874567875,171
2023-07-03T00:00:00.000000000Z,977874,333178,344916211.5074136536647935191302708195866,137
2023-07-04T00:00:00.000000000Z,963366,377184,354986758.6226804767201865962134249587598,141
2023-07-05T00:00:00.000000000Z,964759,494320,392751304.8668360559814267610817012912402,156
2023-07-06T00:00:00.000000000Z,973154,393611,349951485.0650470651924900576718478891732,139
2023-07-07T00:00:00.000000000Z,1021136,558253,440586401.8516551297623825858288328891732,175
2023-07-08T00:00:00.000000000Z,1009931,574664,448139310.3754069113217661022433479304134,178
2023-07-09T00:00:00.000000000Z,978223,593770,425480581.1787548951792929702041016804134,169
2023-07-10T00:00:00.000000000Z,925790,508406,387716031.3092026444537302225401242216536,154
2023-07-11T00:00:00.000000000Z,937945,430012,339880937.94978024213709698058869375,135
2023-07-12T00:00:00.000000000Z,942309,477324,383801277.42337140405192222983801824074,144
2023-07-13T00:00:00.000000000Z,874515,373263,321592672.2254732170584846883240086690102,120
2023-07-14T00:00:00.000000000Z,996373,421261,369831573.2522498037243637382361261690102,138
2023-07-15T00:00:00.000000000Z,914738,489697,369831573.2522498037243637382361261690102,138
2023-07-16T00:00:00.000000000Z,927843,591972,415390537.0482552831941948112732700269966,155
2023-07-17T00:00:00.000000000Z,931087,440009,364471694.9315955071901408512158548920136,136
2023-07-18T00:00:00.000000000Z,1028951,569852,434150109.2409892799929114492090575,162
2023-07-19T00:00:00.000000000Z,969285,482668,396630964.8555212863954781733374825539932,148
2023-07-20T00:00:00.000000000Z,901211,398519,343032185.5080904031953762364050937769966,128
2023-07-21T00:00:00.000000000Z,855163,322339,300153162.8019681130637200735132475539932,112
2023-07-22T00:00:00.000000000Z,923147,288229,359111820.4700532927980448974659076079864,134
2023-07-23T00:00:00.000000000Z,894084,560423,393951023.7656380970573032631921849190102,147
2023-07-24T00:00:00.000000000Z,938461,530301,401990843.1761755829297010603577538309898,150
2023-07-25T00:00:00.000000000Z,940528,463976,369831573.2522498037243637382361261690102,138
2023-07-26T00:00:00.000000000Z,1015337,451236,380796719.35454817533322514416903421296,144
2023-07-27T00:00:00.000000000Z,943734,413776,358973120.0187305909472741539034810298752,138
2023-07-28T00:00:00.000000000Z,948590,448372,364175629.4388056989655893329481340199168,140
2023-07-29T00:00:00.000000000Z,889450,423912,343365595.5043117496818877667917189701248,132
2023-07-30T00:00:00.000000000Z,1010937,645339,437010757.5740507284324426895510789701248,168
2023-07-31T00:00:00.000000000Z,922082,446746,366776886.0217464943695264974815589701248,141
2023-08-01T00:00:00.000000000Z,983005,405391,361574376.6016713863512113184369059800832,139
2023-08-02T00:00:00.000000000Z,1069904,393762,400593191.6335249723042364362385080398336,154
2023-08-03T00:00:00.000000000Z,1030326,476666,392789429.3763155516715432426826270099584,151
2023-08-04T00:00:00.000000000Z,912508,318338,314751795.5668018969759338570572259800832,121
2023-08-05T00:00:00.000000000Z,992041,499440,400593191.6335249723042364362385080398336,154
2023-08-06T00:00:00.000000000Z,973822,611086,426605738.7339005123958123314617729900416,164
2023-08-07T00:00:00.000000000Z,952272,423178,379783157.6990310230205348700820929900416,146
2023-08-08T00:00:00.000000000Z,874562,332667,325156814.4069521130125642151465319601664,125
2023-08-09T00:00:00.000000000Z,1057273,508817,421665740.3548995181943284920381066666675,162
2023-08-10T00:00:00.000000000Z,947623,355773,330756211.7722731833419307640005506114944,127
2023-08-11T00:00:00.000000000Z,954168,502936,393261324.2234606638116744950302826528736,151
2023-08-12T00:00:00.000000000Z,926800,512116,434931397.9408167601031318534226653057472,167
2023-08-13T00:00:00.000000000Z,860881,497535,351591250.5061045675202171366379,135
2023-08-14T00:00:00.000000000Z,1007719,563322,445348917.30773245219227503974134,171
2023-08-15T00:00:00.000000000Z,1073564,581895,445348917.30773245219227503974134,171
2023-08-16T00:00:00.000000000Z,947796,574119,424513878.5739010680139886671039906114944,163
2023-08-17T00:00:00.000000000Z,1050502,492845,406283221.5569519428905457844874679586208,156
2023-08-18T00:00:00.000000000Z,1016460,424283,362008769.8730202596093603229565746942528,139
2023-08-19T00:00:00.000000000Z,878361,521811,364613147.8395958465990884260950853057472,140
2023-08-20T00:00:00.000000000Z,929724,611930,421909500.60732548102426056396548,162
2023-08-21T00:00:00.000000000Z,1002377,551541,429722638.2573589140585602602633279586208,165
2023-08-22T00:00:00.000000000Z,922178,422819,381739775.6965673855948179025138816129272394328,143
2023-08-23T00:00:00.000000000Z,937656,409372,392623891.4787874377768299064921066403182,142
2023-08-24T00:00:00.000000000Z,946410,401881,384329021.8498855114096691472995454693636,139
2023-08-25T00:00:00.000000000Z,922155,425953,373269193.02365757030744541285651875,135
2023-08-26T00:00:00.000000000Z,917123,499325,378799107.4367715408585572800780321096818,137
2023-08-27T00:00:00.000000000Z,808508,411227,320735012.0713819384504037991712684387272,116
2023-08-28T00:00:00.000000000Z,873786,326485,326264922.5029578500825015831133640612728,118
2023-08-29T00:00:00.000000000Z,1060996,509039,436863202.8021611432667107609847957806364,158
2023-08-30T00:00:00.000000000Z,877649,406652,348384580.1554137322869490519994175,126
2023-08-31T00:00:00.000000000Z,968985,433684,398153805.89190140832794177371362,144
2023-09-01T00:00:00.000000000Z,1051172,418665,417508504.3470312757973262673492078903182,151
2023-09-02T00:00:00.000000000Z,955720,545957,420273463.5443572905323892425996734387272,152
2023-09-03T00:00:00.000000000Z,864433,627700,436863202.8021611432667107609847957806364,158
2023-09-04T00:00:00.000000000Z,920027,575666,411978589.9339173052462144001276945306364,149
2023-09-05T00:00:00.000000000Z,940913,453308,342854665.7422997617358371847779041403182,124
2023-09-06T00:00:00.000000000Z,1001123,485735,364053703.25462377303346901494843458333125,135
2023-09-07T00:00:00.000000000Z,1003310,541513,393005454.3704644839183454851959686152,146
2023-09-08T00:00:00.000000000Z,986937,408954,358011817.1993768007531872875590313848,133
2023-09-09T00:00:00.000000000Z,1116330,599142,406464544.3974310771836087567690313848,151
2023-09-10T00:00:00.000000000Z,1049360,557602,395697270.8253705322336612937370941544,147
2023-09-11T00:00:00.000000000Z,1120614,463598,427999091.5415521670835036828329058456,159
2023-09-12T00:00:00.000000000Z,1042537,461193,379546364.3434978906530822136229058456,141
2023-09-13T00:00:00.000000000Z,1049105,513232,395697270.8253705322336612937370941544,147
2023-09-14T00:00:00.000000000Z,1131002,574875,436074544.78248848787379322289,162
2023-09-15T00:00:00.000000000Z,1234300,708663,506061819.1246638542041096181638744608,188
2023-09-16T00:00:00.000000000Z,1053706,591563,417231817.9694916221335562198009686152,155
2023-09-17T00:00:00.000000000Z,1039207,616879,401080907.6114008047086350252530627696,149
2023-09-18T00:00:00.000000000Z,1125172,625728,419923634.4243976704488720283420941544,156
2023-09-19T00:00:00.000000000Z,1035954,491377,386415687.7514349884088870851610161325050163336,139
2023-09-20T00:00:00.000000000Z,1062056,561350,414558854.2037332146633968826240464595294,146
2023-09-21T00:00:00.000000000Z,1078476,427398,391843298.7563836014022976064337006214118,138
2023-09-22T00:00:00.000000000Z,978848,433758,366288300.9225151131930399774601718714118,129
2023-09-23T00:00:00.000000000Z,1090192,639336,442953294.4241205778208128643807581214118,156
2023-09-24T00:00:00.000000000Z,1061159,428059,414558854.2037332146633968826240464595294,146
2023-09-25T00:00:00.000000000Z,1104115,294377,411719407.7284146862962804163596429118824,145
2023-09-26T00:00:00.000000000Z,1027673,305251,386164409.8945461980870227873861141618824,136
2023-09-27T00:00:00.000000000Z,1072094,341149,445792740.8994391061879293306451616690588,157
2023-09-28T00:00:00.000000000Z,1045920,376671,414558854.2037332146633968826240464595294,146
2023-09-29T00:00:00.000000000Z,1050872,323661,417398296.5902520896115552354072293714118,147
2023-09-30T00:00:00.000000000Z,1019753,280334,391843298.7563836014022976064337006214118,138
2023-10-01T00:00:00.000000000Z,921731,320190,400361634.0935395330846888917456906285882,141
2023-10-02T00:00:00.000000000Z,1027085,340200,445792740.8994391061879293306451616690588,157
2023-10-03T00:00:00.000000000Z,1077556,309334,466801496.998177441742618220368742974138783514,164
2023-10-04T00:00:00.000000000Z,904067,293693,373280258.5727723831330695194168125989008,131
2023-10-05T00:00:00.000000000Z,946720,321037,401774937.1488809925521791126590936016488,141
2023-10-06T00:00:00.000000000Z,915218,293272,455914820.2886372703970341094080137994504,160
2023-10-07T00:00:00.000000000Z,853582,242646,487258964.670740047407570251837385,171
2023-10-08T00:00:00.000000000Z,786381,243277,421721210.1005403257950714177915524010992,148
2023-10-09T00:00:00.000000000Z,942188,280007,444516948.8581938266293902721111013983512,156
2023-10-10T00:00:00.000000000Z,903210,283755,461613756.00385899228085602805647,162
2023-10-11T00:00:00.000000000Z,867301,265623,455914820.2886372703970341094080137994504,160
2023-10-12T00:00:00.000000000Z,911879,272350,470162157.5250748817561044958920163983512,165
2023-10-13T00:00:00.000000000Z,917035,278419,393226531.5244317163759618245492713983512,138
2023-10-14T00:00:00.000000000Z,806946,258882,416022274.3853186039112494991430962005496,146
2023-10-15T00:00:00.000000000Z,795940,258142,475861093.2402966036399264145404725989008,167
2023-10-16T00:00:00.000000000Z,1018543,298000,417078811.4760414001636294489395050353391144208,141
2023-10-17T00:00:00.000000000Z,917408,294069,491483968.4443416691185597126183075,162
2023-10-18T00:00:00.000000000Z,932487,275052,439908488.3325913717148919141591134038536,145
2023-10-19T00:00:00.000000000Z,918882,282274,424739231.0181047146568458373371848269268,140
2023-10-20T00:00:00.000000000Z,952627,293330,406536123.9882192806559609242390828461464,134
2023-10-21T00:00:00.000000000Z,871252,268430,455077750.0158244149448639387015727596098,150
2023-10-22T00:00:00.000000000Z,795000,247456,464179303.53076713194530639525062375,153
2023-10-23T00:00:00.000000000Z,1071672,312741,476314711.1298550120605136357963789230732,157
2023-10-24T00:00:00.000000000Z,1021188,372695,382265308.7900435204255464431475725,126
2023-10-25T00:00:00.000000000Z,1090466,477890,436874638.61719259477205307788294,144
2023-10-26T00:00:00.000000000Z,1099370,429794,455077750.0158244149448639387015727596098,150
2023-10-27T00:00:00.000000000Z,1052994,456280,467213153.2461659088881452315267971538536,154
2023-10-28T00:00:00.000000000Z,1018571,564578,485416264.6447977290609560923454299134634,160
2023-10-29T00:00:00.000000000Z,909920,403706,415637677.5031619976564033807881338365366,137
2023-10-30T00:00:00.000000000Z,1097494,461480,482896145.8175682584947442800369394531942897436,156
2023-10-31T00:00:00.000000000Z,1044499,437895,481286783.3729944261437130197749565524202,155
2023-11-01T00:00:00.000000000Z,1053031,461955,462656325.7712218496300614686430356451596,149
2023-11-02T00:00:00.000000000Z,1062991,410238,447130946.67206610256234902217818,144
2023-11-03T00:00:00.000000000Z,990903,450384,422290336.5363693338774802873356187903192,136
2023-11-04T00:00:00.000000000Z,1118816,704138,521652772.6078469418962942010823734072606,168
2023-11-05T00:00:00.000000000Z,1144443,666535,506127389.0373817281079207289940275403192,163
2023-11-06T00:00:00.000000000Z,993108,439013,394344652.3693652024673334734494825403192,127
2023-11-07T00:00:00.000000000Z,961106,449873,412975109.9711377789809850245814034475798,133
2023-11-08T00:00:00.000000000Z,1004807,585167,462656325.7712218496300614686430356451596,149
2023-11-09T00:00:00.000000000Z,989778,571031,444025872.6407587398370709431346049596808,143
2023-11-10T00:00:00.000000000Z,1127201,526138,478181704.8703775966977739151078912903192,154
2023-11-11T00:00:00.000000000Z,1073475,628048,496812162.4721501732114254662398121975798,160
2023-11-12T00:00:00.000000000Z,1008655,706503,506634196.2470559791792008924898323237368226248,161
2023-11-13T00:00:00.000000000Z,963722,418873,389037995.7448951760320783379502562077828,121
2023-11-14T00:00:00.000000000Z,957065,525384,443696223.8353264851865508337358800633258,138
2023-11-15T00:00:00.000000000Z,961281,569166,475848126.7972334224462756625131799577828,148
2023-11-16T00:00:00.000000000Z,933700,628280,475848126.7972334224462756625131799577828,148
2023-11-17T00:00:00.000000000Z,1014052,532945,482278507.3896148098982206282686399366742,150
2023-11-18T00:00:00.000000000Z,860889,629610,479063314.7784872881098949076789812922172,149
2023-11-19T00:00:00.000000000Z,962703,712264,546582308.6835550282929638103993824155656,170
2023-11-20T00:00:00.000000000Z,1064908,630519,533721547.4987922533890738788884624577828,166
2023-11-21T00:00:00.000000000Z,1007505,530112,488708887.9819961973501655940240999155656,152
2023-11-22T00:00:00.000000000Z,979014,536770,456556985.0200892600904407652468000211086,142
2023-11-23T00:00:00.000000000Z,970303,586979,472632934.1861059006579499419235213133258,147
2023-11-24T00:00:00.000000000Z,1136807,624489,540151928.0911736408410188446439224366742,168
2023-11-25T00:00:00.000000000Z,1032695,612626,511704247.8625201970113497014173088852289769392,159
2023-11-26T00:00:00.000000000Z,983533,578192,493217212.1025501505185275206720188156312,146
2023-11-27T00:00:00.000000000Z,981736,478456,439166011.3759894905483993655174476312624,130
2023-11-28T00:00:00.000000000Z,996007,447781,496595410.0196941418756740451355185531064,147
2023-11-29T00:00:00.000000000Z,915309,358838,459435208.6080696667643595876523247374752,136
2023-11-30T00:00:00.000000000Z,958958,410936,452678812.7737816840500665387253252625248,134
2023-12-01T00:00:00.000000000Z,1131524,497410,570915812.8429430920983029601019061843688,169
2023-12-02T00:00:00.000000000Z,860355,435763,429031407.8953412884038787167730697374752,127
2023-12-03T00:00:00.000000000Z,919493,707186,557403011.4451508985966357868940285531064,165
2023-12-04T00:00:00.000000000Z,1034656,567712,523621012.8152785288790083915512738156312,155
2023-12-05T00:00:00.000000000Z,867570,513549,466191609.3069657635151931742562635531064,138
2023-12-06T00:00:00.000000000Z,867353,469800,459435208.6080696667643595876523247374752,136
2023-12-07T00:00:00.000000000Z,898183,368965,388493008.5665728219354177348263761843688,115
2023-12-08T00:00:00.000000000Z,924415,411806,456057010.690925675407213063188825,135
2023-12-09T00:00:00.000000000Z,927620,593873,530377413.5141746256298419781552126312624,157
2023-12-10T00:00:00.000000000Z,848613,528723,469156589.9817664505753286574497042857522578836,140
2023-12-11T00:00:00.000000000Z,1010741,528218,528635574.1324890051587120509471918363428,158
2023-12-12T00:00:00.000000000Z,886419,547067,481794448.28640911515509779864574,144
2023-12-13T00:00:00.000000000Z,742559,586126,498523421.1145884354615184385318330863428,149
2023-12-14T00:00:00.000000000Z,711343,569840,488486038.3812697398504842849103728318286,146
2023-12-15T00:00:00.000000000Z,860116,632050,545364546.9606683254651326908332849226856,163
2023-12-16T00:00:00.000000000Z,724669,636141,508560808.6658516139366437437042713273144,152
2023-12-17T00:00:00.000000000Z,703993,621213,501869218.5709909892412572574396384954858,150
2023-12-18T00:00:00.000000000Z,928612,641771,562093524.6067921286356444822703559954858,168
2023-12-19T00:00:00.000000000Z,817240,662370,542018754.3222102545494850234764575,162
2023-12-20T00:00:00.000000000Z,787679,580281,485140240.9248671860707454660025674226856,145
2023-12-21T00:00:00.000000000Z,815395,589222,488486038.3812697398504842849103728318286,146
2023-12-22T00:00:00.000000000Z,1012121,623750,562093524.6067921286356444822703559954858,168
2023-12-23T00:00:00.000000000Z,893092,609387,561495983.98860679725598927330028794489362,160
2023-12-24T00:00:00.000000000Z,880971,724746,612085087.5512701439732247044677125,171
2023-12-25T00:00:00.000000000Z,702609,531891,497542850.090606889056635555511368087308,139
2023-12-26T00:00:00.000000000Z,742922,556724,497542850.090606889056635555511368087308,139
2023-12-27T00:00:00.000000000Z,776011,541778,461748397.662649161099042793971854119038,129
2023-12-28T00:00:00.000000000Z,848615,417387,433112840.874683716006822428725293087308,121
2023-12-29T00:00:00.000000000Z,910761,579710,540496187.849755425331893025373734706346,151
2023-12-30T00:00:00.000000000Z,787521,540497,519019516.392980788557337368450026325384,145
2023-12-31T00:00:00.000000000Z,791644,724837,558393411.486533920673762484150966619038,156
2024-01-01T00:00:00.000000000Z,827239,655722,554813968.820938516514930129989540293654,155
2024-01-02T00:00:00.000000000Z,867688,364237,468907288.148240706690561346279756912692,131
2024-01-03T00:00:00.000000000Z,940343,502203,565552301.972125466265281036458869412692,158
2024-01-04T00:00:00.000000000Z,1010934,482718,608505644.885674739814392350306286174616,170
2024-01-05T00:00:00.000000000Z,813324,416347,493963402.270610747623949357364891619038,138
2024-01-06T00:00:00.000000000Z,808917,389306,509355148.2310429362348335079628106586492842328,140
2024-01-07T00:00:00.000000000Z,713381,348435,429363545.3243671591927403106666664265136,118
2024-01-08T00:00:00.000000000Z,756849,409400,447556920.0629499252261970065193339301148,123
2024-01-09T00:00:00.000000000Z,902934,470829,553078470.4920906637273689312729085734864,152
2024-01-10T00:00:00.000000000Z,839431,384427,483943659.0607339552508936204101703566284,133
2024-01-11T00:00:00.000000000Z,960999,450822,629490625.5312515773918968537880146433716,173
2024-01-12T00:00:00.000000000Z,987727,367870,611297256.0323595623795485468425964301148,168
2024-01-13T00:00:00.000000000Z,845713,667027,578549188.8384776349488782387779439301148,159
2024-01-14T00:00:00.000000000Z,722721,591106,465750289.5618419402385453134647521433716,128
2024-01-15T00:00:00.000000000Z,786699,401054,414808852.8690679977955266984546814301148,114
2024-01-16T00:00:00.000000000Z,782242,469892,454834268.9104448814353580070789510734864,125
2024-01-17T00:00:00.000000000Z,809220,455050,440279571.2154549690170360059597167867432,121
2024-01-18T00:00:00.000000000Z,897358,480795,516691726.2546158826815639284748228566284,142
2024-01-19T00:00:00.000000000Z,806018,461325,480304987.2568318526568673145839864301148,132
2024-01-20T00:00:00.000000000Z,817313,565601,512668948.5237080866914850560781402442046584952,143
2024-01-21T00:00:00.000000000Z,767739,593968,489551346.644566084273265583516833933136,140
2024-01-22T00:00:00.000000000Z,951076,451204,559487254.027416280781179498063916966568,160
2024-01-23T00:00:00.000000000Z,865990,368563,538506480.301945634444165778205967866272,154
2024-01-24T00:00:00.000000000Z,899326,368789,524519302.853683828168288449946749100296,150
2024-01-25T00:00:00.000000000Z,1101397,347123,632919954.513485606037529790097617866272,181
2024-01-26T00:00:00.000000000Z,892906,496525,531512894.095507376947293023232732133728,152
2024-01-27T00:00:00.000000000Z,965883,603739,597952003.33975315342463874198045,171
2024-01-28T00:00:00.000000000Z,898096,629248,559487254.027416280781179498063916966568,160
2024-01-29T00:00:00.000000000Z,959589,580828,545500071.543769183223170351491950899704,156
2024-01-30T00:00:00.000000000Z,907924,524001,503538529.1282131818312747300888,144
2024-01-31T00:00:00.000000000Z,870798,437107,458080188.574052760408810912886283933136,131
2024-02-01T00:00:00.000000000Z,933880,410372,535009687.19872650569572940071935,153
2024-02-02T00:00:00.000000000Z,932903,432087,677399664.6757449547888024093449866627810282112,188
2024-02-03T00:00:00.000000000Z,820828,515129,566738184.0279739097121332881503811658472,151
2024-02-04T00:00:00.000000000Z,802004,331515,581751117.2721473126715235446668488341528,155
2024-02-05T00:00:00.000000000Z,852467,281772,585504347.8808628956463799973050084975416,156
2024-02-06T00:00:00.000000000Z,865722,280196,638049614.2354698060042458951126453366112,170
2024-02-07T00:00:00.000000000Z,901234,425025,600517281.1250362986057702538214761658472,160
2024-02-08T00:00:00.000000000Z,818130,287438,517946153.6867381178591060659628184975416,138
2024-02-09T00:00:00.000000000Z,950564,330447,623036680.9912964030448556385961776683056,166
2024-02-10T00:00:00.000000000Z,963958,406003,570491420.0413450282169719637704553366112,152
2024-02-11T00:00:00.000000000Z,840255,323411,514192923.0780225348842496133246588341528,137
2024-02-12T00:00:00.000000000Z,1013562,413637,671828711.3325321948978828607837403366112,179
2024-02-13T00:00:00.000000000Z,843469,305214,506686456.455935833404554485066425,135
2024-02-14T00:00:00.000000000Z,803805,298455,521699389.7001092363639447415828926683056,139
2024-02-15T00:00:00.000000000Z,892019,309299,606890743.6292629063911383400823966831385148384,157
2024-02-16T00:00:00.000000000Z,836256,306995,544386619.0220116051744016963873593791312,134
2024-02-17T00:00:00.000000000Z,850883,330435,609388005.4074551824324963297389482843484,150
2024-02-18T00:00:00.000000000Z,748090,346126,491572990.7556746882799590926828746895656,121
2024-02-19T00:00:00.000000000Z,867774,366190,552511787.2013328232893895260586156208688,136
2024-02-20T00:00:00.000000000Z,866223,396745,572824725.2000103681503699556574157843484,141
2024-02-21T00:00:00.000000000Z,821320,369350,560636961.2307788745955476408700917156516,138
2024-02-22T00:00:00.000000000Z,855859,366922,548449203.1116722142318956112229875,135
2024-02-23T00:00:00.000000000Z,938307,403218,645951285.6148999967146227038204807843484,159
2024-02-24T00:00:00.000000000Z,819174,342157,556574377.1411182655380537260344635947828,137
2024-02-25T00:00:00.000000000Z,894568,421219,666264217.7634527083844328482790610947828,164
2024-02-26T00:00:00.000000000Z,887140,355313,540324029.0822261629257374964115114052172,133
2024-02-27T00:00:00.000000000Z,917983,388230,524073681.0233340603134212667885592156516,129
2024-02-28T00:00:00.000000000Z,1054242,415406,605325415.4676697401838321297631003104344,149
2024-02-29T00:00:00.000000000Z,989364,407609,540324029.0822261629257374964115114052172,133
2024-03-01T00:00:00.000000000Z,1058499,415081,607463923.1349978537559082197444682959608,154
2024-03-02T00:00:00.000000000Z,843207,342086,500960507.5972892304082261361365645459608,127
2024-03-03T00:00:00.000000000Z,868123,385135,611408497.2364956705527445442538598010098,155
2024-03-04T00:00:00.000000000Z,889591,358771,508849650.1201027019907722066123030969706,129
2024-03-05T00:00:00.000000000Z,1163884,424703,658743346.6931943380368943885652466479804,167
2024-03-06T00:00:00.000000000Z,922558,381467,552239931.1554857146892123049573428979804,140
2024-03-07T00:00:00.000000000Z,1034779,437969,710022770.251390822317880557386025,180
2024-03-08T00:00:00.000000000Z,947450,424558,607463923.1349978537559082197444682959608,154
2024-03-09T00:00:00.000000000Z,915625,362520,642965061.6475673948718022476137695459608,163
2024-03-10T00:00:00.000000000Z,862638,363011,564073647.7797970030685946999424729540392,143
2024-03-11T00:00:00.000000000Z,1150718,393001,670577063.3175056264162767835503767040392,170
2024-03-12T00:00:00.000000000Z,1016389,344882,556184505.2569835314860486294667344030294,141
2024-03-13T00:00:00.000000000Z,1093495,387845,631131350.7034382685035464311716839489902,160
2024-03-14T00:00:00.000000000Z,1000634,330080,580862770.2919040783501760379359935474755711584,141
2024-03-15T00:00:00.000000000Z,963220,311078,529980319.013691159231371043012766231812,127
2024-03-16T00:00:00.000000000Z,916345,355299,600922569.4689919007045058790923,144
2024-03-17T00:00:00.000000000Z,861558,365645,609268716.934864087624281683751366254547,146
2024-03-18T00:00:00.000000000Z,910571,417117,600922569.4689919007045058790923,144
2024-03-19T00:00:00.000000000Z,974102,459004,655172524.992548268338089105853701259094,157
2024-03-20T00:00:00.000000000Z,942142,360623,621787935.129059520658985887217436240906,149
2024-03-21T00:00:00.000000000Z,819742,328692,500768805.887751352357115230228563736359,120
2024-03-22T00:00:00.000000000Z,915500,347556,563364908.87717990691047426164903125,135
2024-03-23T00:00:00.000000000Z,908728,315648,650999448.254999327533241700001638736359,156
2024-03-24T00:00:00.000000000Z,918817,331993,709422480.516104635971672332615102518188,170
2024-03-25T00:00:00.000000000Z,918815,320633,550845690.682984473875770058182961263641,132
2024-03-26T00:00:00.000000000Z,851577,313314,559191838.148856660795545862842027518188,134
2024-03-27T00:00:00.000000000Z,865580,358499,567537979.605503153025402660456034981812,136
2024-03-28T00:00:00.000000000Z,942681,433584,630471212.2216164994001553629338836766502331384,152
2024-03-29T00:00:00.000000000Z,847610,451776,595046224.98347443089059270665026,144
2024-03-30T00:00:00.000000000Z,826192,486300,640501145.6086523110097067949533689796114,155
2024-03-31T00:00:00.000000000Z,691124,315001,566120367.4857180071483827066220864796114,137
2024-04-01T00:00:00.000000000Z,970510,330165,619839819.6746066154559488390626631888342,150
2024-04-02T00:00:00.000000000Z,953501,358331,611575288.1108958872674967949251954592228,148
2024-04-03T00:00:00.000000000Z,965290,369696,586781693.4197637027021406625127922703886,142
2024-04-04T00:00:00.000000000Z,978380,324609,570252630.2923422463252365742378568111658,138
2024-04-05T00:00:00.000000000Z,950040,346357,611575288.1108958872674967949251954592228,148
2024-04-06T00:00:00.000000000Z,907389,433426,640501145.6086523110097067949533689796114,155
2024-04-07T00:00:00.000000000Z,833045,526443,702485129.3612516475057249715314134184456,170
2024-04-08T00:00:00.000000000Z,896193,454644,652897939.9789872783750127067066070407772,158
2024-04-09T00:00:00.000000000Z,890535,450513,603310756.5471851590790447507877277296114,146
2024-04-10T00:00:00.000000000Z,846297,538372,627214744.594020326129670643997958127434745818,151
2024-04-11T00:00:00.000000000Z,748021,479937,566860611.5965838744936191876818119440644,132
2024-04-12T00:00:00.000000000Z,832502,441977,584038201.0151990835001740133994440745808,136
2024-04-13T00:00:00.000000000Z,869723,510750,704281364.0491090797638985485767039813548,164
2024-04-14T00:00:00.000000000Z,839158,468144,674220574.8366150612487107795804654627096,157
2024-04-15T00:00:00.000000000Z,813736,503794,605510198.6103524586135710991330194440644,141
2024-04-16T00:00:00.000000000Z,941086,453968,708575759.8577794014647938902080355559356,165
2024-04-17T00:00:00.000000000Z,794595,385424,588332603.0078033274040428142230814813548,137
2024-04-18T00:00:00.000000000Z,823945,416810,622687788.0289676676201259248506515745808,145
2024-04-19T00:00:00.000000000Z,880733,398632,648454181.4327913644344183522155585186452,151
2024-04-20T00:00:00.000000000Z,509709,630654,558271813.7953093088888550452268429627096,130
2024-04-21T00:00:00.000000000Z,565959,644793,601215796.6177482147097022983093820372904,140
2024-04-22T00:00:00.000000000Z,659537,673406,652748583.4253956083382871530391959254192,152
2024-04-23T00:00:00.000000000Z,547174,928131,721458959.6516582109734268334866419440644,168
2024-04-24T00:00:00.000000000Z,835569,600768,672198686.5397469138535726214798333128354285902,155
2024-04-25T00:00:00.000000000Z,818807,525222,626294685.5332319502740191755902239813536,143
2024-04-26T00:00:00.000000000Z,847289,440854,582497851.0693291959213758945452877546616,133
2024-04-27T00:00:00.000000000Z,856864,459297,613155632.0406892948369742083865855093232,140
2024-04-28T00:00:00.000000000Z,707117,480244,613155632.0406892948369742083865855093232,140
2024-04-29T00:00:00.000000000Z,856192,400991,573738484.1765486450508472383363005093232,131
2024-04-30T00:00:00.000000000Z,827915,501881,617535318.6404513994034905193812367360152,141
2024-05-01T00:00:00.000000000Z,781183,477225,578118170.7763107496173635493309517360152,132
2024-05-02T00:00:00.000000000Z,744998,563418,635054046.1192688428820438660188960186464,145
2024-05-03T00:00:00.000000000Z,731936,437975,564979117.2837680941803185821273132639848,129
2024-05-04T00:00:00.000000000Z,613171,668343,617535318.6404513994034905193812367360152,141
2024-05-05T00:00:00.000000000Z,573428,626139,608775951.7476708485329618631722494906768,139
2024-05-06T00:00:00.000000000Z,670316,507965,534321336.3124079952647202682860155093232,122
2024-05-07T00:00:00.000000000Z,702887,373579,534321336.3124079952647202682860155093232,122
2024-05-08T00:00:00.000000000Z,697417,453934,556219750.3909875433097899259183260186464,127
2024-05-09T00:00:00.000000000Z,671205,521126,612635655.6510732087547710814685691415110042912,145
2024-05-10T00:00:00.000000000Z,606931,720578,599332434.9336823928989792665327851810808,145
2024-05-11T00:00:00.000000000Z,612137,712455,657199019.7430513232735041301052795516894,159
2024-05-12T00:00:00.000000000Z,573640,562310,545599186.5386836139006229287602508016894,132
2024-05-13T00:00:00.000000000Z,746125,541770,607599089.9064493829524828184717129483106,147
2024-05-14T00:00:00.000000000Z,686207,422749,562132490.5322264897746855327511089310808,136
2024-05-15T00:00:00.000000000Z,714393,499145,582799130.9401395170249166625419270516894,141
2024-05-16T00:00:00.000000000Z,689540,481822,586932455.4505274599351961885678922327702,142
2024-05-17T00:00:00.000000000Z,743911,564502,640665709.7975173431664970262274240172298,155
2024-05-18T00:00:00.000000000Z,650957,399736,529065876.5931496337936158248823952672298,128
2024-05-19T00:00:00.000000000Z,637953,641786,636532379.3351382960232730003144614310808,154
2024-05-20T00:00:00.000000000Z,706063,632582,644799034.3079052860767765522533891983106,156
2024-05-21T00:00:00.000000000Z,746087,544407,570399145.5049934798281890846900366983106,138
2024-05-22T00:00:00.000000000Z,709347,587003,632399054.82475035311299347428849625,153
2024-05-23T00:00:00.000000000Z,728396,736406,706501036.6485612409955501490868602773173011396,169
2024-05-24T00:00:00.000000000Z,663534,739561,671140034.0912752052510512867781334732084,160
2024-05-25T00:00:00.000000000Z,591356,844733,671140034.0912752052510512867781334732084,160
2024-05-26T00:00:00.000000000Z,538911,852881,704697038.5139561063013855731715795803748,168
2024-05-27T00:00:00.000000000Z,612909,549315,515938903.7370268200475981125114420803748,123
2024-05-28T00:00:00.000000000Z,653177,594169,562079781.7980829025609391762418311071664,134
2024-05-29T00:00:00.000000000Z,559784,721240,574663655.4364580840239459535787740267916,137
2024-05-30T00:00:00.000000000Z,649063,510008,515938903.7370268200475981125114420803748,123
2024-05-31T00:00:00.000000000Z,656289,713689,620804533.4975141665372870173091630535832,148
2024-06-01T00:00:00.000000000Z,570980,737521,591442157.6477985345491130967754970803748,141
2024-06-02T00:00:00.000000000Z,536181,729457,587247529.0748332654869527309157169464168,140
2024-06-03T00:00:00.000000000Z,689745,758731,658556160.4529000237880445094411905535832,157
2024-06-04T00:00:00.000000000Z,637180,636795,562079781.7980829025609391762418311071664,134
2024-06-05T00:00:00.000000000Z,592424,562197,515938903.7370268200475981125114420803748,123
2024-06-06T00:00:00.000000000Z,624088,602842,554745618.7245224530171672988940134056704,133
2024-06-07T00:00:00.000000000Z,583336,250713,590944002.2950455162135639417494433786552,142
2024-06-08T00:00:00.000000000Z,772154,529506,715791324.8666921077364408791693935146208,172
2024-06-09T00:00:00.000000000Z,609844,761292,636721355.302939301613701206660965,153
2024-06-10T00:00:00.000000000Z,684041,661124,578459271.8356823308578107466814282426896,139
2024-06-11T00:00:00.000000000Z,684207,469892,511874032.7312927100908242692410148640344,123
2024-06-12T00:00:00.000000000Z,677849,690905,607590313.5693108162357559766711966213448,146
2024-06-13T00:00:00.000000000Z,613255,729876,603428732.7544087015693171368174585146208,145
2024-06-14T00:00:00.000000000Z,606488,599059,532681918.8277885454576734817699066213448,128
2024-06-15T00:00:00.000000000Z,635369,447381,557651385.7391864954909615341525364853792,134
2024-06-16T00:00:00.000000000Z,735939,452652,678337127.4959309723473996317187485146208,163
2024-06-17T00:00:00.000000000Z,724644,465013,582620846.6579128662024679242885667573104,140
2024-06-18T00:00:00.000000000Z,733498,605888,632559780.4807087662690440290538264853792,152
2024-06-19T00:00:00.000000000Z,622245,635236,570136116.1985496808467147292205516213448,137
2024-06-20T00:00:00.000000000Z,661281,528366,553312848.2609435875308443909189138136333903648,133
2024-06-21T00:00:00.000000000Z,719280,592761,582332777.671390910896391699902192659348,140
2024-06-22T00:00:00.000000000Z,639305,681231,632247019.864738875161844010075814681304,152
2024-06-23T00:00:00.000000000Z,511478,497676,465866224.532996162327140955861257340652,112
2024-06-24T00:00:00.000000000Z,756391,525488,632247019.864738875161844010075814681304,152
2024-06-25T00:00:00.000000000Z,631668,550745,515780460.736635542567524276186121329674,124
2024-06-26T00:00:00.000000000Z,659381,465408,503301903.183152843513695693567094840652,121
2024-06-27T00:00:00.000000000Z,741302,427935,540737581.833309524700250431272932340652,130
2024-06-28T00:00:00.000000000Z,752964,595003,561535179.7523502177983210655875625,135
2024-06-29T00:00:00.000000000Z,720705,703622,653044617.783779568259914644390444840652,157
2024-06-30T00:00:00.000000000Z,653363,518698,503301903.183152843513695693567094840652,121
2024-07-01T00:00:00.000000000Z,907181,596143,586492300.849024199931047220674373510978,141
2024-07-02T00:00:00.000000000Z,750376,608523,615608939.133622887073359906684607340652,148
2024-07-03T00:00:00.000000000Z,769767,536681,603130375.590431603994462334216822818696,145
2024-07-04T00:00:00.000000000Z,715636,535655,582332777.671390910896391699902192659348,140
2024-07-05T00:00:00.000000000Z,694964,493163,480652547.1920645168927980976095477021849459596,121
2024-07-06T00:00:00.000000000Z,720587,656568,652035051.0748852748150564039042863845144,165
2024-07-07T00:00:00.000000000Z,594423,684693,557193592.6181125619488600884677836154856,141
2024-07-08T00:00:00.000000000Z,798942,586774,628324689.3059359641114434115484936154856,159
2024-07-09T00:00:00.000000000Z,762581,644607,608566046.9111612251572696872431118460192,154
2024-07-10T00:00:00.000000000Z,646708,632748,537434950.2233378229946863641624018460192,136
2024-07-11T00:00:00.000000000Z,646553,646591,553241861.8629625201476764744040409230096,140
2024-07-12T00:00:00.000000000Z,708446,659272,592759140.9620242630301517500081386154856,150
2024-07-13T00:00:00.000000000Z,601071,733907,608566046.9111612251572696872431118460192,154
2024-07-14T00:00:00.000000000Z,751254,588547,659938506.8946976233915514590251059230096,167
2024-07-15T00:00:00.000000000Z,787506,544485,604614321.846498918381958246186035,153
2024-07-16T00:00:00.000000000Z,746639,536502,580903954.3870618726524730808235763845144,147
2024-07-17T00:00:00.000000000Z,729938,617766,628324689.3059359641114434115484936154856,159
2024-07-18T00:00:00.000000000Z,764574,435804,515736551.8693225231487799812804743973802,129
2024-07-19T00:00:00.000000000Z,755308,507835,599556359.565823246294529382599919494295,147
2024-07-20T00:00:00.000000000Z,673407,696460,672971424.242177324375832010938856994295,165
2024-07-21T00:00:00.000000000Z,607493,858284,689285884.364301602640193983126223164765,169
2024-07-22T00:00:00.000000000Z,749350,827992,730072034.66961229830109891359463859094,179
2024-07-23T00:00:00.000000000Z,671794,827733,689285884.364301602640193983126223164765,169
2024-07-24T00:00:00.000000000Z,681137,601149,571006057.28870834638605905452413382953,140
2024-07-25T00:00:00.000000000Z,713877,708129,664814194.18111518524365102484517390906,163
2024-07-26T00:00:00.000000000Z,715636,458448,652578352.026124563599542668956754414765,160
2024-07-27T00:00:00.000000000Z,694649,454253,628106661.84293814620299971067570515906,154
2024-07-28T00:00:00.000000000Z,578686,756828,603634977.53295690291478299889886617047,148
2024-07-29T00:00:00.000000000Z,794379,821955,725993416.702478641680845297295691914765,178
2024-07-30T00:00:00.000000000Z,673555,670957,611792207.594019042046963984992549255705,150
2024-07-31T00:00:00.000000000Z,740485,578053,615358184.0246311922229906489943164893445574074,141
2024-08-01T00:00:00.000000000Z,772675,532152,630987878.5179506962899053682439208082456,140
2024-08-02T00:00:00.000000000Z,764749,410307,563382038.5632737973426730843263208835088,125
2024-08-03T00:00:00.000000000Z,692352,502369,608452598.5330583966408279402713875,135
2024-08-04T00:00:00.000000000Z,668340,526479,644509051.7010149168947834763625058835088,143
2024-08-05T00:00:00.000000000Z,817104,550851,703100778.3637026857785268762573262123684,156
2024-08-06T00:00:00.000000000Z,729981,483465,630987878.5179506962899053682439208082456,140
2024-08-07T00:00:00.000000000Z,714826,381999,549860865.3802095767377949762077358082456,122
2024-08-08T00:00:00.000000000Z,722252,485878,581410258.6570910064503612882030487123684,129
2024-08-09T00:00:00.000000000Z,705635,394215,585917318.5481660969917505122988541917544,130
2024-08-10T00:00:00.000000000Z,594175,556497,581410258.6570910064503612882030487123684,129
2024-08-11T00:00:00.000000000Z,630696,641944,725636064.8387560364468938683986908835088,161
2024-08-12T00:00:00.000000000Z,714520,442326,617466711.8250475267043168242941670958772,137
2024-08-13T00:00:00.000000000Z,706882,582647,671551385.0868212560659605642620133082456,149
2024-08-14T00:00:00.000000000Z,662757,510189,593799520.5910221173712332227707401245088959596,132
2024-08-15T00:00:00.000000000Z,715632,658114,690944705.110743411292010909749300973157,160
2024-08-16T00:00:00.000000000Z,700335,581170,613213425.708053498118969769229463473157,142
2024-08-17T00:00:00.000000000Z,612305,706066,643442255.895932647440130984560145696314,149
2024-08-18T00:00:00.000000000Z,588717,758170,673671086.083811796761292199890827919471,156
2024-08-19T00:00:00.000000000Z,687027,560243,561392574.845761006742006693497335553686,130
2024-08-20T00:00:00.000000000Z,696903,715687,647760663.761916727180407188946409580529,150
2024-08-21T00:00:00.000000000Z,711700,684872,634805446.382466840174771629630909169471,147
2024-08-22T00:00:00.000000000Z,719227,797502,690944705.110743411292010909749300973157,160
2024-08-23T00:00:00.000000000Z,694990,799006,708218324.137675025822729619607774026843,164
2024-08-24T00:00:00.000000000Z,611271,797698,660715874.92286426197084969441861875,153
2024-08-25T00:00:00.000000000Z,539499,703385,574347786.006708541532449198969544723157,133
2024-08-26T00:00:00.000000000Z,656542,606871,578666193.872692621272725403355808607372,134
2024-08-27T00:00:00.000000000Z,685194,676465,613213425.708053498118969769229463473157,142
2024-08-28T00:00:00.000000000Z,740845,721912,704440301.0132378797688023387665181379464267656,161
2024-08-29T00:00:00.000000000Z,723280,525910,587091198.7311840380323019880138183845094,132
2024-08-30T00:00:00.000000000Z,826297,548197,631567801.6874317938911376904927863718302,142
2024-08-31T00:00:00.000000000Z,670825,695519,653806103.1655556718205555417322703654906,147
2024-09-01T00:00:00.000000000Z,660770,656333,631567801.6874317938911376904927863718302,142
2024-09-02T00:00:00.000000000Z,717673,739986,742759315.4826824191343028685114064936604,167
2024-09-03T00:00:00.000000000Z,699302,592324,662701425.0377314701115378665923039936604,149
2024-09-04T00:00:00.000000000Z,699461,728756,671596746.9099072684025201914523376218302,151
2024-09-05T00:00:00.000000000Z,734546,714387,689387390.6542588649844848411724048781698,155
2024-09-06T00:00:00.000000000Z,726287,665444,644910781.2933798735295732168722367373208,145
2024-09-07T00:00:00.000000000Z,606660,794571,702730370.2602069446229203675518552436604,158
2024-09-08T00:00:00.000000000Z,596940,906655,742759315.4826824191343028685114064936604,167
2024-09-09T00:00:00.000000000Z,736827,570838,644910781.2933798735295732168722367373208,145
2024-09-10T00:00:00.000000000Z,733172,556413,609329500.2093079159617198392533023781698,137
2024-09-11T00:00:00.000000000Z,662704,408991,496254188.956594565079625491594814074075,108
2024-09-12T00:00:00.000000000Z,775748,561823,700222817.5061856854155671304723152143376,152
2024-09-13T00:00:00.000000000Z,794367,422965,566627674.5179347369579319368058589107532,123
2024-09-14T00:00:00.000000000Z,688474,637192,640335338.4711611529815796878975151071688,139
2024-09-15T00:00:00.000000000Z,643849,730022,695616084.7776585094674965853659936964156,151
2024-09-16T00:00:00.000000000Z,746172,486773,575841133.3412992667267973636174477143376,125
2024-09-17T00:00:00.000000000Z,732953,551806,691009358.6828211556467017036607264107532,150
2024-09-18T00:00:00.000000000Z,720313,535050,635728605.7426339770335091427911935892468,138
2024-09-19T00:00:00.000000000Z,746741,449403,562020941.7894075610098613916995373928312,122
2024-09-20T00:00:00.000000000Z,822445,524801,667975708.3075649201609003049312272856624,145
2024-09-21T00:00:00.000000000Z,665209,564640,621908420.8244320934438488342743375,135
2024-09-22T00:00:00.000000000Z,595289,629903,626515146.9192694472646437159796047856624,136
2024-09-23T00:00:00.000000000Z,796781,573531,672582441.0360920961089708500375488035844,146
2024-09-24T00:00:00.000000000Z,749184,531570,667975708.3075649201609003049312272856624,145
2024-09-25T00:00:00.000000000Z,713234,504605,655944699.44349319012909333218376277778,144
2024-09-26T00:00:00.000000000Z,721855,483781,571298869.586401697411509661740835931852,130
2024-09-27T00:00:00.000000000Z,751618,434448,602061115.631425343670346040537117965926,137
2024-09-28T00:00:00.000000000Z,649697,521838,566904259.392407681223395950888896102222,129
2024-09-29T00:00:00.000000000Z,680061,685081,681164035.840981467411493842953792965926,155
2024-09-30T00:00:00.000000000Z,732082,593815,602061115.631425343670346040537117965926,137
2024-10-01T00:00:00.000000000Z,863700,624352,689953249.900735883023231365365848431852,157
2024-10-02T00:00:00.000000000Z,711643,599545,681164035.840981467411493842953792965926,155
2024-10-03T00:00:00.000000000Z,737116,574536,694347853.766496282446855176925964068148,158
2024-10-04T00:00:00.000000000Z,784413,571667,742688527.931028759929166600546357034074,169
2024-10-05T00:00:00.000000000Z,608641,759113,663585607.721472636188018798129682034074,151
2024-10-06T00:00:00.000000000Z,610738,744069,667980217.915466652376132508981621863704,152
2024-10-07T00:00:00.000000000Z,719501,717392,681164035.840981467411493842953792965926,155
2024-10-08T00:00:00.000000000Z,822783,711462,733899313.871274344317429078134301568148,167
2024-10-09T00:00:00.000000000Z,668278,534258,575872986.8706376182981474830606135504325156168,127
2024-10-10T00:00:00.000000000Z,679738,759342,709250576.1991408090432666955985771770478,155
2024-10-11T00:00:00.000000000Z,718986,631180,640613421.5382024608788379661247831459044,140
2024-10-12T00:00:00.000000000Z,606243,732389,654340856.4238901124697731436330549581912,143
2024-10-13T00:00:00.000000000Z,609844,643752,631461800.4774662386837975320156647188566,138
2024-10-14T00:00:00.000000000Z,722649,609666,636037614.3024176680796922754148181040956,139
2024-10-15T00:00:00.000000000Z,787245,648296,713826383.4349256018424123863085422188566,156
2024-10-16T00:00:00.000000000Z,614677,722995,645189235.3631538902747327095239365311434,141
2024-10-17T00:00:00.000000000Z,765780,637858,718402197.2598770312383071297076956040956,157
2024-10-18T00:00:00.000000000Z,723986,471530,622310179.4167300164887570979065462918088,136
2024-10-19T00:00:00.000000000Z,685573,738236,791615159.1566001722018815498914546770478,173
2024-10-20T00:00:00.000000000Z,688498,785369,791615159.1566001722018815498914546770478,173
2024-10-21T00:00:00.000000000Z,717571,837363,782463538.09586395000684111578233625,171
2024-10-22T00:00:00.000000000Z,639877,696851,639026240.6203893124566431792670892276223115942,138
2024-10-23T00:00:00.000000000Z,740774,655119,718143297.5144314419147707517042180986844,151
2024-10-24T00:00:00.000000000Z,656927,700022,699119632.4620647705196991500965692960532,147
2024-10-25T00:00:00.000000000Z,859095,503588,727655130.0406147776123065525080425,153
2024-10-26T00:00:00.000000000Z,727063,603956,694363719.6232325381561772619878644013156,146
2024-10-27T00:00:00.000000000Z,654362,695610,765702460.1453481204024497557233401052624,161
2024-10-28T00:00:00.000000000Z,756668,713082,798993870.5627303598585790462435182039468,168
2024-10-29T00:00:00.000000000Z,831182,617786,746678795.0929814490073781541156913026312,157
2024-10-30T00:00:00.000000000Z,794409,674680,803749783.4015625922221009343522230986844,169
2024-10-31T00:00:00.000000000Z,789382,562286,751434707.9318136813709000422243961973688,158
2024-11-01T00:00:00.000000000Z,819093,547824,727655130.0406147776123065525080425,153
2024-11-02T00:00:00.000000000Z,690705,540251,670584141.7320336343975837722715107039468,141
2024-11-03T00:00:00.000000000Z,627617,455287,627780898.7884680592439186809475082039468,132
2024-11-04T00:00:00.000000000Z,811710,462249,722003987.1010513471424089537037948925920776674,151
2024-11-05T00:00:00.000000000Z,768957,457869,702351990.309250934636867881417234218096,139
2024-11-06T00:00:00.000000000Z,894241,500965,773092476.76205611824160307927715,153
2024-11-07T00:00:00.000000000Z,792482,567009,788251150.351610232679105513799123672856,156
2024-11-08T00:00:00.000000000Z,848426,481877,717510663.898805049074370315939207890952,142
2024-11-09T00:00:00.000000000Z,654475,587132,702351990.309250934636867881417234218096,139
2024-11-10T00:00:00.000000000Z,793243,553582,747828018.354077765121668062551184218096,148
2024-11-11T00:00:00.000000000Z,941403,461089,687193309.443532333027072569327231563808,136
2024-11-12T00:00:00.000000000Z,1007782,502742,737722233.535653526439235480347192109048,146
2024-11-13T00:00:00.000000000Z,859128,570985,697299094.261956571709505151531223672856,138
2024-11-14T00:00:00.000000000Z,839766,503550,641717281.398705502542272388193281563808,127
2024-11-15T00:00:00.000000000Z,886479,559376,757933803.172502003804100644755176327144,150
2024-11-16T00:00:00.000000000Z,802492,608007,793304046.398904595606468243685134218096,157
2024-11-17T00:00:00.000000000Z,717710,598836,757933803.172502003804100644755176327144,150
2024-11-18T00:00:00.000000000Z,796834,676948,789337179.1728684846854442519226891970883960114,156
2024-11-19T00:00:00.000000000Z,757888,815851,889845956.743043788243316604150372343224,175
2024-11-20T00:00:00.000000000Z,750264,669311,747470599.856633061034193959556403985164,147
2024-11-21T00:00:00.000000000Z,977195,480041,732216100.2096523053711363044508,144
2024-11-22T00:00:00.000000000Z,902930,539627,727131269.434712387515624770652719686448,143
2024-11-23T00:00:00.000000000Z,877099,451335,701707093.593529791948497940528228985164,138
2024-11-24T00:00:00.000000000Z,790852,463815,681367763.171609118429928751624544686448,134
2024-11-25T00:00:00.000000000Z,956417,598037,859336950.126921274820678240227801328388,169
2024-11-26T00:00:00.000000000Z,790710,475347,706791931.690630711900532528037672343224,139
2024-11-27T00:00:00.000000000Z,800136,462955,676282925.074508198477894164115101328388,133
2024-11-28T00:00:00.000000000Z,754947,523444,722046431.337611467563590183143276328388,142
2024-11-29T00:00:00.000000000Z,767132,348672,615264919.164424173729140489981322343224,121
2024-11-30T00:00:00.000000000Z,828664,633055,833912781.607899681350074463814673671612,164
2024-12-01T00:00:00.000000000Z,739652,698852,803403774.991777167927436099892102656776,158
2024-12-02T00:00:00.000000000Z,925715,310261,649987948.1056839635693243772256623392321062992,127
2024-12-03T00:00:00.000000000Z,918415,437755,811042072.280459939671578372818122464456,157
2024-12-04T00:00:00.000000000Z,887569,503460,759383337.534552537745505972505378803316,147
2024-12-05T00:00:00.000000000Z,968792,509543,800710325.331278459286363892755573732228,155
2024-12-06T00:00:00.000000000Z,872253,433339,702558733.033482999777870938755005071088,136
2024-12-07T00:00:00.000000000Z,798958,443750,733553973.881027440933514378942651267772,142
2024-12-08T00:00:00.000000000Z,851865,419481,754217467.779390401703943339067748732228,146
2024-12-09T00:00:00.000000000Z,915304,401306,862700799.587510133295561559943577535544,167
2024-12-10T00:00:00.000000000Z,985635,441945,795544448.137259114942712046130655071088,154
2024-12-11T00:00:00.000000000Z,858578,482129,733553973.881027440933514378942651267772,142
2024-12-12T00:00:00.000000000Z,883811,471573,764549214.728571882089157819130297464456,148
2024-12-13T00:00:00.000000000Z,936834,527292,878198423.730710958024427886631044928912,170
2024-12-14T00:00:00.000000000Z,774578,523313,821373819.229641420056792852880671196684,159
2024-12-15T00:00:00.000000000Z,789756,370567,707724610.227502344121522785379923732228,137
2024-12-16T00:00:00.000000000Z,952348,412496,797498864.708218208763196725787306522201995996,148
2024-12-17T00:00:00.000000000Z,829977,417545,733677846.689421516104715366570702605328,136
2024-12-18T00:00:00.000000000Z,890898,415402,776835370.7386127617043469138012,144
2024-12-19T00:00:00.000000000Z,861604,437556,782230057.360584813711237048683277605328,145
2024-12-20T00:00:00.000000000Z,882836,391262,814598200.397478247910960709106150651332,151
2024-12-21T00:00:00.000000000Z,744752,334464,782230057.360584813711237048683277605328,145
2024-12-22T00:00:00.000000000Z,758970,332182,836176962.422073870710776482721399348668,155
2024-12-23T00:00:00.000000000Z,804969,298335,749861922.092045086897641005303873697336,139
2024-12-24T00:00:00.000000000Z,763920,323103,712099092.433179600691027209998923046004,132
2024-12-25T00:00:00.000000000Z,702219,407080,814598200.397478247910960709106150651332,151
2024-12-26T00:00:00.000000000Z,739743,298230,706704398.042853841298009458073376302664,131
2024-12-27T00:00:00.000000000Z,846364,348548,852361030.056343734117574504411101302664,158
2024-12-28T00:00:00.000000000Z,704798,291855,771440684.116640709697456778919122394672,143
2024-12-29T00:00:00.000000000Z,727603,432661,853362734.117487141666692934239986089173193624,158
2024-12-30T00:00:00.000000000Z,812462,362074,867710158.604494107171443036869833113544,159
2024-12-31T00:00:00.000000000Z,780332,315699,703991256.009830571133586831256566886456,129
2025-01-01T00:00:00.000000000Z,661798,290700,764021519.246739591271250987778077924304,140
2025-01-02T00:00:00.000000000Z,806065,412640,911368526.866832529862347537914927924304,167
2025-01-03T00:00:00.000000000Z,774077,400483,774936113.276950965211882960920638962152,142
2025-01-04T00:00:00.000000000Z,699568,439080,813137188.453437237468283171157027924304,149
2025-01-05T00:00:00.000000000Z,672568,433093,851338263.629923509724683381393416886456,156
2025-01-06T00:00:00.000000000Z,765227,364707,725820444.070253319014850777541688962152,133
2025-01-07T00:00:00.000000000Z,780759,344525,731277745.014612542520978459875544151392,134
2025-01-08T00:00:00.000000000Z,739012,408966,682162075.807914896323946276496594151392,125
2025-01-09T00:00:00.000000000Z,742304,528450,829509083.428007834915042826633444151392,152
2025-01-10T00:00:00.000000000Z,797315,405326,774936113.276950965211882960920638962152,142
2025-01-11T00:00:00.000000000Z,680515,368077,753106925.216528217330619014635516886456,138
2025-01-12T00:00:00.000000000Z,706797,380129,939920313.6991915387834865900759483327114659776,172
2025-01-13T00:00:00.000000000Z,730319,407646,702796045.25618509663061484795212787063,128
2025-01-14T00:00:00.000000000Z,790420,348098,845551487.37792810888037286968886351748,154
2025-01-15T00:00:00.000000000Z,804761,356513,763192581.19838789001478619050606824126,139
2025-01-16T00:00:00.000000000Z,787871,381403,702796045.25618509663061484795212787063,128
2025-01-17T00:00:00.000000000Z,844973,420369,823589117.14059068339895753306000861189,150
2025-01-18T00:00:00.000000000Z,730835,360806,713777234.32808155899582899778313074126,130
2025-01-19T00:00:00.000000000Z,777201,381533,823589117.14059068339895753306000861189,150
2025-01-20T00:00:00.000000000Z,852334,353367,834570306.21248714576417168289101148252,152
2025-01-21T00:00:00.000000000Z,864025,329282,730249013.98269850291914374101305962937,133
2025-01-22T00:00:00.000000000Z,830610,429325,823589117.14059068339895753306000861189,150
2025-01-23T00:00:00.000000000Z,797154,326782,746720793.63731544684245848424298851748,136
2025-01-24T00:00:00.000000000Z,778133,372822,768683171.78110837157288678390499425874,140
2025-01-25T00:00:00.000000000Z,674223,328968,702796045.25618509663061484795212787063,128
2025-01-26T00:00:00.000000000Z,652111,310325,752211392.12649142764957204067506537063,137
2025-01-27T00:00:00.000000000Z,800741,335928,841019046.8641225299344802957607754411131096866,156
2025-01-28T00:00:00.000000000Z,754559,311149,795344640.920476688247426398931724673856,148
2025-01-29T00:00:00.000000000Z,732357,349802,832962291.914737133871023507535662336928,155
2025-01-30T00:00:00.000000000Z,768553,346376,779222784.966873367684947768294350652288,145
2025-01-31T00:00:00.000000000Z,767144,317922,671743786.548122598139419925271649347712,125
2025-02-01T00:00:00.000000000Z,732561,352449,988806850.455809483690675424740524673856,184
2025-02-02T00:00:00.000000000Z,762118,383886,918945495.2928307783554328725918,171
2025-02-03T00:00:00.000000000Z,872269,363728,822214390.5251643806338083596874,153
2025-02-04T00:00:00.000000000Z,807567,313377,703987482.978352476437753551086475326144,131
2025-02-05T00:00:00.000000000Z,755489,378194,773848838.1413311817729961032352,144
2025-02-06T00:00:00.000000000Z,753978,426147,779222784.966873367684947768294350652288,145
2025-02-07T00:00:00.000000000Z,753607,501276,929693396.682403531592648020440062336928,173
2025-02-08T00:00:00.000000000Z,655694,467968,859832041.519424826257405468291337663072,160
2025-02-09T00:00:00.000000000Z,630935,382701,796800432.7027520323898840592036563716013464776,143
2025-02-10T00:00:00.000000000Z,784554,364185,788864729.432715569035747110974521531248,139
2025-02-11T00:00:00.000000000Z,778968,331657,703735439.555705274772463761064264234376,124
2025-02-12T00:00:00.000000000Z,713585,389778,754813011.847429137995270147880614234376,133
2025-02-13T00:00:00.000000000Z,752473,375861,896695156.194171917316863653965028468752,158
2025-02-14T00:00:00.000000000Z,734111,341719,862643446.781297052952204806520143062496,152
2025-02-15T00:00:00.000000000Z,651702,310167,908045728.722600727663689308329664234376,160
2025-02-16T00:00:00.000000000Z,607272,306797,856968156.430876864440882921513314234376,151
2025-02-17T00:00:00.000000000Z,722465,327916,777514156.904286758688921456609885765624,137
2025-02-18T00:00:00.000000000Z,752996,429401,794540011.610724190871250880332328468752,140
2025-02-19T00:00:00.000000000Z,680832,448514,715086012.0841340851192894154289,126
2025-02-20T00:00:00.000000000Z,692965,482796,737787157.140991705812940724158171531248,130
2025-02-21T00:00:00.000000000Z,718521,454467,732111866.790571517301618839151342703128,129
2025-02-22T00:00:00.000000000Z,629577,558602,788864729.432715569035747110974521531248,139
2025-02-23T00:00:00.000000000Z,515136,574133,727639381.1365430585271464767673201785156322136,129
2025-02-24T00:00:00.000000000Z,713984,511496,714530231.596258506438503144484126405996,130
2025-02-25T00:00:00.000000000Z,837361,493632,807968795.716349805007876473432035391006,147
2025-02-26T00:00:00.000000000Z,827083,398655,862932663.947106208912105606865038905996,157
2025-02-27T00:00:00.000000000Z,890859,326363,824457960.142974922201750612758002108994,150
2025-02-28T00:00:00.000000000Z,915297,388679,857436273.166632372499077294225672891006,156
2025-03-01T00:00:00.000000000Z,796043,283151,791479639.2045210798592131326982,144
2025-03-02T00:00:00.000000000Z,691454,271285,692544684.303955944876811491110925,126
2025-03-03T00:00:00.000000000Z,804674,372983,824457960.142974922201750612758002108994,150
2025-03-04T00:00:00.000000000Z,752956,302840,802472412.850672360640058959384800702998,146
2025-03-05T00:00:00.000000000Z,735786,306253,736515778.888561068000194797857327811992,134
2025-03-06T00:00:00.000000000Z,825264,372699,934385688.689691337964998081031877811992,170
2025-03-07T00:00:00.000000000Z,863520,313867,780486865.558369799078367306011599297002,142
2025-03-08T00:00:00.000000000Z,673352,291511,753004935.400389793148858138591163202998,137
2025-03-09T00:00:00.000000000Z,664954,302935,878405393.0064901361747044676886077902438249476,159
2025-03-10T00:00:00.000000000Z,800739,441520,858547238.620268801872971438682879638072,154
2025-03-11T00:00:00.000000000Z,782819,379790,769347526.038161277825741892517440978554,138
2025-03-12T00:00:00.000000000Z,745460,432621,852972260.0961257996628905318359125,153
2025-03-13T00:00:00.000000000Z,764889,529277,886422155.324906450931633845752271521446,159
2025-03-14T00:00:00.000000000Z,779781,441947,791647456.190681712004904101795013659518,142
2025-03-15T00:00:00.000000000Z,663845,472408,735897638.837354839226417869545934021446,132
2025-03-16T00:00:00.000000000Z,682615,468961,808372399.791084931304566113280767138072,145
2025-03-17T00:00:00.000000000Z,777796,382454,780497491.114421494915322997156227319036,140
2025-03-18T00:00:00.000000000Z,728748,367012,791647456.190681712004904101795013659518,142
2025-03-19T00:00:00.000000000Z,757656,438484,847397281.571982797452809624988945361928,152
2025-03-20T00:00:00.000000000Z,813034,341253,791647456.190681712004904101795013659518,142
2025-03-21T00:00:00.000000000Z,769088,318682,808372399.791084931304566113280767138072,145
2025-03-22T00:00:00.000000000Z,644074,412886,836247316.495722580363228520350159021446,150
2025-03-23T00:00:00.000000000Z,610837,542672,876971228.9099864826586082852977869674939074074,156
2025-03-24T00:00:00.000000000Z,809888,481825,870857127.42976157263386994538905203216,154
2025-03-25T00:00:00.000000000Z,725387,499703,842582547.06242223159008536907652601608,149
2025-03-26T00:00:00.000000000Z,759292,518025,859547301.79728956977701923923444796784,152
2025-03-27T00:00:00.000000000Z,778898,435123,836927634.24618623016166001599922398392,148
2025-03-28T00:00:00.000000000Z,830965,395973,870857127.42976157263386994538905203216,154
2025-03-29T00:00:00.000000000Z,665765,292760,797343220.10329521931019582806908597588,141
2025-03-30T00:00:00.000000000Z,611195,303321,774723552.55219187969483660483386199196,137
2025-03-31T00:00:00.000000000Z,770064,319360,836927634.24618623016166001599922398392,148
2025-04-01T00:00:00.000000000Z,807365,352343,763413718.77664020988715699321625,135
2025-04-02T00:00:00.000000000Z,769838,404621,972645623.26664693395215754448455203216,172
2025-04-03T00:00:00.000000000Z,792583,395213,859547301.79728956977701923923444796784,152
2025-04-04T00:00:00.000000000Z,820433,422793,1017884958.368853613182875990955,180
2025-04-05T00:00:00.000000000Z,736838,294122,950907688.4520770932444715326603091077661865402,164
2025-04-06T00:00:00.000000000Z,645459,272974,875826844.144028920531239571261587705624,145
2025-04-07T00:00:00.000000000Z,791618,315963,875826844.144028920531239571261587705624,145
2025-04-08T00:00:00.000000000Z,736263,360926,924148329.2792507281379318649055125,153
2025-04-09T00:00:00.000000000Z,743091,320082,791264253.855257385730123145741725102812,131
2025-04-10T00:00:00.000000000Z,745006,315731,869786662.8510595088357005787346,144
2025-04-11T00:00:00.000000000Z,762968,412324,893947405.418670412639046725556562397188,148
2025-04-12T00:00:00.000000000Z,651244,413756,869786662.8510595088357005787346,144
2025-04-13T00:00:00.000000000Z,599557,448011,1038911843.428602578437933429774325205624,172
2025-04-14T00:00:00.000000000Z,731158,448201,899987586.711639824334585718083550102812,149
2025-04-15T00:00:00.000000000Z,764894,435581,869786662.8510595088357005787346,144
2025-04-16T00:00:00.000000000Z,715957,512698,893947405.418670412639046725556562397188,148
2025-04-17T00:00:00.000000000Z,734302,555992,924148329.2792507281379318649055125,153
2025-04-18T00:00:00.000000000Z,669757,512005,821465177.715837701229008285090675205624,136
2025-04-19T00:00:00.000000000Z,618431,548341,847825370.557640861977557527854400003272132494,139
2025-04-20T00:00:00.000000000Z,563502,468036,753499805.380222303149983539366077550998,123
2025-04-21T00:00:00.000000000Z,680575,437926,771877846.401680031903183013386975,126
2025-04-22T00:00:00.000000000Z,792265,514191,949532272.347308415629064858567384183666,155
2025-04-23T00:00:00.000000000Z,716670,425004,698365673.494388015156899038409865050998,114
2025-04-24T00:00:00.000000000Z,771761,460328,863768069.151890879136152541278502550998,141
2025-04-25T00:00:00.000000000Z,818112,385154,882146110.1733486078893520152994,144
2025-04-26T00:00:00.000000000Z,636351,330013,814759947.999388800149639172031415816334,133
2025-04-27T00:00:00.000000000Z,614897,432684,827011978.2875143198962675143431875,135
2025-04-28T00:00:00.000000000Z,801464,421997,863768069.151890879136152541278502550998,141
2025-04-29T00:00:00.000000000Z,738376,466125,894398140.461474127635980357611171683666,146
2025-04-30T00:00:00.000000000Z,797218,344716,808633937.266056591143068040322290050998,132
2025-05-01T00:00:00.000000000Z,783416,330132,827011978.2875143198962675143431875,135
2025-05-02T00:00:00.000000000Z,931165,380180,974036332.923559455122321543190927550998,159
2025-05-03T00:00:00.000000000Z,686500,389316,998934428.3048719763684633152513540560994796748,164
2025-05-04T00:00:00.000000000Z,613491,345861,823060872.61067423343656019926924175078,139
2025-05-05T00:00:00.000000000Z,758965,401820,1036227716.82485324246662411498199175078,175
2025-05-06T00:00:00.000000000Z,787857,335143,817139566.64546161175952488983135612383,138
2025-05-07T00:00:00.000000000Z,846613,343041,894116484.50650931359086138410597287461,151
2025-05-08T00:00:00.000000000Z,852697,371373,941486898.12151521273850241479883137617,159
2025-05-09T00:00:00.000000000Z,863281,335574,828982170.04921308654643514750457074922,140
2025-05-10T00:00:00.000000000Z,664831,326973,888195187.06797046048098643587064387617,150
2025-05-11T00:00:00.000000000Z,615305,280245,882273881.10275783880395112643275824922,149
2025-05-12T00:00:00.000000000Z,758453,385997,858588674.29525488923013061108632899844,145
2025-05-13T00:00:00.000000000Z,808191,289432,769769161.55712948117904422034105425078,130
2025-05-14T00:00:00.000000000Z,790244,325951,852667376.856716036120255662851,144
2025-05-15T00:00:00.000000000Z,754318,373943,864509980.26046751090716592052421462539,146
2025-05-16T00:00:00.000000000Z,829195,365949,805296963.24171013697261463215814149844,136
2025-05-17T00:00:00.000000000Z,740377,293931,853949349.7167878777165570095651915036817053872,143
2025-05-18T00:00:00.000000000Z,601421,641273,979723251.29981097461216191888125,162
2025-05-19T00:00:00.000000000Z,718046,583361,852722091.9971636299026178912104566115,141
2025-05-20T00:00:00.000000000Z,739140,559405,895055811.764712744805799233767387741,148
2025-05-21T00:00:00.000000000Z,796779,424978,870865112.26649864409969948345,144
2025-05-22T00:00:00.000000000Z,868642,471085,907151161.5138197951588491089260816115,150
2025-05-23T00:00:00.000000000Z,809410,445109,937389531.5322618597089805763243188705,155
2025-05-24T00:00:00.000000000Z,644711,389251,852722091.9971636299026178912104566115,141
2025-05-25T00:00:00.000000000Z,625162,357724,913198832.0340477590028808260069311295,151
2025-05-26T00:00:00.000000000Z,745729,352991,925294181.783154809355930701165625,153
2025-05-27T00:00:00.000000000Z,706571,424640,852722091.9971636299026178912104566115,141
2025-05-28T00:00:00.000000000Z,782052,540056,991818601.0489180249652117940399438705,164
2025-05-29T00:00:00.000000000Z,765279,390670,961580231.0304759604150803266417066115,159
2025-05-30T00:00:00.000000000Z,834229,389971,938712777.7441466778036323134766336377509916368,155
2025-05-31T00:00:00.000000000Z,711975,300176,1016284108.927666671739791278912743916328,161
2025-06-01T00:00:00.000000000Z,689965,254662,839539042.158193931252928301957479645918,133
2025-06-02T00:00:00.000000000Z,771787,348163,839539042.158193931252928301957479645918,133
2025-06-03T00:00:00.000000000Z,864048,360069,908974603.1294425759483645686738,144
2025-06-04T00:00:00.000000000Z,720304,332769,795352777.738262253954818997589575,126
2025-06-05T00:00:00.000000000Z,781431,321208,845851370.840896188749472922286406416328,134
2025-06-06T00:00:00.000000000Z,781673,296656,845851370.840896188749472922286406416328,134
2025-06-07T00:00:00.000000000Z,653737,290519,902662283.536486349746245707828518916328,143
2025-06-08T00:00:00.000000000Z,611460,323313,965785515.8250327369451373542159125,153
2025-06-09T00:00:00.000000000Z,744523,354588,883725306.578125608551037606325384291836,140
2025-06-10T00:00:00.000000000Z,824315,421700,1066782692.940554575240019444125929645918,169
2025-06-11T00:00:00.000000000Z,755087,349470,890037635.260827866047582226654311062246,141
2025-06-12T00:00:00.000000000Z,780705,424933,934223899.680759543345691531022215708164,148
2025-06-13T00:00:00.000000000Z,811764,347897,915286922.722398802150483429519081083672,145
2025-06-14T00:00:00.000000000Z,631338,271851,949074580.5847822196264091573759965975553663846,151
2025-06-15T00:00:00.000000000Z,599893,281450,854616739.018765924349557596212050227888,136
2025-06-16T00:00:00.000000000Z,722329,366746,917456210.445959396201852724353487443028,146
2025-06-17T00:00:00.000000000Z,712578,359926,741505699.498700836620633383871400227888,118
2025-06-18T00:00:00.000000000Z,751671,434037,879752527.589643313090475647468625113944,140
2025-06-19T00:00:00.000000000Z,716269,307561,798061219.258733380485095490041725227888,127
2025-06-20T00:00:00.000000000Z,778947,353689,948875941.635114551325396779267237556972,151
2025-06-21T00:00:00.000000000Z,658427,310017,886036479.256804241078308669439737329084,141
2025-06-22T00:00:00.000000000Z,595271,264346,672382294.502112759990919270386724772112,107
2025-06-23T00:00:00.000000000Z,691705,291899,672382294.502112759990919270386724772112,107
2025-06-24T00:00:00.000000000Z,757208,279722,735221756.880423070238007380214225,117
2025-06-25T00:00:00.000000000Z,748961,387334,898604373.542242935448767695068024772112,143
2025-06-26T00:00:00.000000000Z,764181,506745,986579624.491430634436773856152099886056,157
2025-06-27T00:00:00.000000000Z,731987,337361,722653862.594984375867548354585937556972,115
2025-06-28T00:00:00.000000000Z,636115,389138,911172258.778798468214019702382375227888,145
2025-06-29T00:00:00.000000000Z,545712,368982,992910582.8334956143622026809504222793063664256,169
2025-06-30T00:00:00.000000000Z,759866,342103,843035675.636499381223130146608762188184,145
2025-07-01T00:00:00.000000000Z,796482,330384,779081252.230660351164701161198525311816,134
2025-07-02T00:00:00.000000000Z,794995,361066,889547992.7013456596965526526685125,153
2025-07-03T00:00:00.000000000Z,798168,364594,877919913.435134090078197026153574922046,151
2025-07-04T00:00:00.000000000Z,693948,365649,924432230.499980368551619532213325233862,159
2025-07-05T00:00:00.000000000Z,561792,436219,912804151.233768798933263905698387655908,157
2025-07-06T00:00:00.000000000Z,613042,496239,930246265.946977952413288358663487422046,160
2025-07-07T00:00:00.000000000Z,686261,374019,877919913.435134090078197026153574922046,151
2025-07-08T00:00:00.000000000Z,795709,342697,825593560.923290227743105693643662422046,142
2025-07-09T00:00:00.000000000Z,779022,452381,953502424.479401091649999611693362577954,164
2025-07-10T00:00:00.000000000Z,829216,434824,994200697.7250333843667353176883375,171
2025-07-11T00:00:00.000000000Z,845548,409674,872105877.988136506216528199703412733862,150
2025-07-12T00:00:00.000000000Z,673470,394126,920455694.5281461135905255847489655138515097564,149
2025-07-13T00:00:00.000000000Z,655163,410972,859946007.06195826065699319791244886718,137
2025-07-14T00:00:00.000000000Z,797345,450093,910161827.21162489723905652057357953128,145
2025-07-15T00:00:00.000000000Z,753728,421980,1029424417.01492415441804628799907386718,164
2025-07-16T00:00:00.000000000Z,735726,402255,822284135.17057188510180995547447726564,131
2025-07-17T00:00:00.000000000Z,811618,428846,853669023.89396959931870549054470453128,136
2025-07-18T00:00:00.000000000Z,757713,449609,903884853.082484766725616480462,144
2025-07-19T00:00:00.000000000Z,655287,432190,891330895.78535597487388873298267613282,142
2025-07-20T00:00:00.000000000Z,625098,405387,935269741.80588248094251201553222726564,149
2025-07-21T00:00:00.000000000Z,733805,388565,941546724.97387114228079972289997160154,150
2025-07-22T00:00:00.000000000Z,730808,423231,941546724.97387114228079972289997160154,150
2025-07-23T00:00:00.000000000Z,738717,365110,878776938.48822718302216098550335226564,140
2025-07-24T00:00:00.000000000Z,719805,408556,922715784.50875368909078426805290339846,147
2025-07-25T00:00:00.000000000Z,749904,433467,1004316502.42066657071459079304042613282,160
2025-07-26T00:00:00.000000000Z,652309,571396,970368223.04823972050843130055490462962875,153
2025-07-27T00:00:00.000000000Z,615345,473722,869131964.326308217145934071861752861932,137
2025-07-28T00:00:00.000000000Z,728095,502425,919884190.685319443851620952045963552272,145
2025-07-29T00:00:00.000000000Z,715626,346511,710531242.109370439177109308517355723864,112
2025-07-30T00:00:00.000000000Z,733090,426989,869131964.326308217145934071861752861932,137
2025-07-31T00:00:00.000000000Z,752871,477852,976980451.048833110246885331779638552272,154
2025-08-01T00:00:00.000000000Z,838177,399495,957948367.306129107502526079615847138068,151
2025-08-02T00:00:00.000000000Z,693800,307246,919884190.685319443851620952045963552272,145
2025-08-03T00:00:00.000000000Z,621756,289554,983324485.053335549936462831329102861932,155
2025-08-04T00:00:00.000000000Z,728238,451189,1084828946.906759661510023214939825,171
2025-08-05T00:00:00.000000000Z,798131,408980,875475989.195408998673324948168916414204,138
2025-08-06T00:00:00.000000000Z,838450,495331,913540165.8162186623242300757388,144
2025-08-07T00:00:00.000000000Z,810557,564678,1021388661.674145213587367958898986447728,161
2025-08-08T00:00:00.000000000Z,960615,474837,870936594.9483012888471732471234776639192900784,137
2025-08-09T00:00:00.000000000Z,767705,377106,746374217.509660810049965815219026428608,116
2025-08-10T00:00:00.000000000Z,651290,396369,868625162.1369319447336977622845,135
2025-08-11T00:00:00.000000000Z,760684,449439,945836284.571769763334268426545530178544,147
2025-08-12T00:00:00.000000000Z,721420,365290,881493684.086960758299449663632356607152,137
2025-08-13T00:00:00.000000000Z,753168,444797,1003744628.714231892983181610697830178544,156
2025-08-14T00:00:00.000000000Z,803997,479810,1042350194.5643183336804373147414,162
2025-08-15T00:00:00.000000000Z,734665,433563,862190905.794585069347792183523626428608,134
2025-08-16T00:00:00.000000000Z,642573,396105,978007594.079509328645618551828226428608,152
2025-08-17T00:00:00.000000000Z,569807,442159,978007594.079509328645618551828226428608,152
2025-08-18T00:00:00.000000000Z,701698,482626,990876106.764203079417429709349973571392,154
2025-08-19T00:00:00.000000000Z,670399,409590,862190905.794585069347792183523626428608,134
2025-08-20T00:00:00.000000000Z,726389,424546,907230727.987018385430953466328069821456,141
2025-08-21T00:00:00.000000000Z,702511,451619,958704806.521798576900020327893386785696,149
2025-08-22T00:00:00.000000000Z,767825,457298,939651300.6862691629049032185599086939522869102,146
2025-08-23T00:00:00.000000000Z,662164,471882,980001773.740490671844731705537023079464,152
2025-08-24T00:00:00.000000000Z,610390,521558,1057370331.404761459749784032653730769866,164
2025-08-25T00:00:00.000000000Z,705894,479193,909080592.013147744981106159067654809598,141
2025-08-26T00:00:00.000000000Z,710999,458661,967107012.582407658680291952372617309598,150
2025-08-27T00:00:00.000000000Z,703023,506732,967107012.582407658680291952372617309598,150
2025-08-28T00:00:00.000000000Z,696912,580430,1025133433.151667572379477745677579809598,159
2025-08-29T00:00:00.000000000Z,777455,587838,1063817707.341689320791210813301070190402,165
2025-08-30T00:00:00.000000000Z,633372,625477,1018686047.930512420256464773160513460268,158
2025-08-31T00:00:00.000000000Z,579281,482257,851054171.443887831281920365762692309598,132
2025-09-01T00:00:00.000000000Z,724476,597762,1038028194.309750585543917498841985579464,161
2025-09-02T00:00:00.000000000Z,741440,583102,1050922946.183606307626771060136664420536,163
2025-09-03T00:00:00.000000000Z,757257,405522,883291069.696981718652226652738843269866,137
2025-09-04T00:00:00.000000000Z,768977,400455,902633206.791992592858093186550588460268,140
2025-09-05T00:00:00.000000000Z,811569,414108,959168799.5148377019799010723588383557036410904,143
2025-09-06T00:00:00.000000000Z,613246,446745,946761024.189438731356708340769543849276,140
2025-09-07T00:00:00.000000000Z,594567,580185,1041437124.660759921708110509691512698552,154
2025-09-08T00:00:00.000000000Z,732824,566372,1082012600.464803323539287150275896924638,160
2025-09-09T00:00:00.000000000Z,725526,618149,1129350650.700463918714988234736881349276,167
2025-09-10T00:00:00.000000000Z,687721,648787,1149638393.471542326591248217916537301448,170
2025-09-11T00:00:00.000000000Z,722040,598534,1014386817.196177734408669408410184226086,150
2025-09-12T00:00:00.000000000Z,721666,397599,811509447.914074139174129531263190773914,120
2025-09-13T00:00:00.000000000Z,684987,524450,953523608.359169338622576110421071726086,141
2025-09-14T00:00:00.000000000Z,646063,539763,1034674550.2291427283635860658149125,153
2025-09-15T00:00:00.000000000Z,773239,534944,1102300333.497768317494203807680625198552,163
2025-09-16T00:00:00.000000000Z,747555,535330,1082012600.464803323539287150275896924638,160
2025-09-17T00:00:00.000000000Z,698218,362882,865610082.319465341615698385375703075362,128
2025-09-18T00:00:00.000000000Z,729042,446237,1089165928.9937841020216715838863563820074514768,158
2025-09-19T00:00:00.000000000Z,759748,483134,1188749384.186206583993514939803017936278,168
2025-09-20T00:00:00.000000000Z,711626,492759,1082611043.2192637297961975921886125,153
2025-09-21T00:00:00.000000000Z,660574,515795,1146294045.761573360960679803493825,162
2025-09-22T00:00:00.000000000Z,747221,456797,1061383379.101587321664550517192592936278,150
2025-09-23T00:00:00.000000000Z,674195,498707,1018928040.6769540986317153808834,144
2025-09-24T00:00:00.000000000Z,682109,526277,1082611043.2192637297961975921886125,153
2025-09-25T00:00:00.000000000Z,741811,426022,997700376.559277690500068305887380436278,141
2025-09-26T00:00:00.000000000Z,728767,418111,934017374.016968059335586094582167936278,132
2025-09-27T00:00:00.000000000Z,635310,523531,1096762822.694141470807142637625010145426,155
2025-09-28T00:00:00.000000000Z,652543,637714,1167521709.879249769092326878489844563722,165
2025-09-29T00:00:00.000000000Z,740289,449737,990624481.727198616609825290010604709148,140
2025-09-30T00:00:00.000000000Z,745290,556139,1139218161.118774693839977773934203081704,161
2025-10-01T00:00:00.000000000Z,885196,471120,1079018824.2422623709784937423687727713128294702,151
2025-10-02T00:00:00.000000000Z,804780,375898,1019764931.67643372897238933583714428412,136
2025-10-03T00:00:00.000000000Z,797887,391675,884796043.02528743589711995632801928412,118
2025-10-04T00:00:00.000000000Z,743257,426061,1004768398.09076066715665135679973071588,134
2025-10-05T00:00:00.000000000Z,677933,520032,1117242464.76837518332490687570963464206,149
2025-10-06T00:00:00.000000000Z,768110,426681,922287409.38200336671157524198620428691,123
2025-10-07T00:00:00.000000000Z,767705,430981,1034761476.05961788287983076089610821309,138
2025-10-08T00:00:00.000000000Z,759929,431067,1109744197.97553865241703788619092785794,148
2025-10-09T00:00:00.000000000Z,719972,366723,899792587.40847158980456138138698321309,120
2025-10-10T00:00:00.000000000Z,745662,415580,989771853.70757651324920993174076678691,132
2025-10-11T00:00:00.000000000Z,718136,450131,1102245920.38519102941746545065067071309,147
2025-10-12T00:00:00.000000000Z,695884,463010,1087249376.00200687551002402559170678412,145
2025-10-13T00:00:00.000000000Z,680803,489858,1139737286.74190696023192073630885571588,152
2025-10-14T00:00:00.000000000Z,706371,563809,1267207897.80270563030761768027772357103,169
2025-10-15T00:00:00.000000000Z,695775,484211,1079751109.209170344602155036073,144
2025-10-16T00:00:00.000000000Z,740169,490450,1123253238.7393430218622499983310875000025,153
2025-10-17T00:00:00.000000000Z,772447,485148,1159633835.71010633135000482321475078865,159
2025-10-18T00:00:00.000000000Z,608801,564015,1203393595.96172564446711602162399921135,165
2025-10-19T00:00:00.000000000Z,595209,437518,1013767943.6992389591776729311545213591,139
2025-10-20T00:00:00.000000000Z,679663,422448,1086700884.4535005748819900420354786409,149
2025-10-21T00:00:00.000000000Z,733522,437054,1093994184.83033322091064035530256328865,150
2025-10-22T00:00:00.000000000Z,695833,480827,1115874064.9561428774691959545071875,153
2025-10-23T00:00:00.000000000Z,679681,436183,1035647823.82504861573622853035914557045,142
2025-10-24T00:00:00.000000000Z,734616,565682,1305499727.7209737035223367152749802182,179
2025-10-25T00:00:00.000000000Z,595504,502467,1166927125.58459483661495746618352057045,160
2025-10-26T00:00:00.000000000Z,584836,521439,1072114294.20217942358838708579962421135,147
2025-10-27T00:00:00.000000000Z,726782,505599,1072114294.20217942358838708579962421135,147
2025-10-28T00:00:00.000000000Z,693980,526865,1181513715.835915987908560422419375,162
2025-10-29T00:00:00.000000000Z,667087,395521,932047920.0122601246714182173584930327308909214,123
2025-10-30T00:00:00.000000000Z,708971,551534,1240553836.426268028583862432955315700794,160
2025-10-31T00:00:00.000000000Z,723709,460460,1085484605.477361457635705029303881401588,140
2025-11-01T00:00:00.000000000Z,683092,387158,1069977681.265972346640749609313122102382,138
2025-11-02T00:00:00.000000000Z,575622,405694,1201786531.480287520597172281106496799206,155
2025-11-03T00:00:00.000000000Z,772175,452775,1100991529.688750568630660449294640700794,142
2025-11-04T00:00:00.000000000Z,779122,370080,1015703452.108602727659104037473543901588,131
2025-11-05T00:00:00.000000000Z,747953,399776,1069977681.265972346640749609313122102382,138
2025-11-06T00:00:00.000000000Z,737224,414343,1085484605.477361457635705029303881401588,140
2025-11-07T00:00:00.000000000Z,752529,477171,1100991529.688750568630660449294640700794,142
2025-11-08T00:00:00.000000000Z,622449,351704,930415374.528454886687547625652447102382,120
2025-11-09T00:00:00.000000000Z,607063,467846,1093238073.165548282633881137427340397618,141
2025-11-10T00:00:00.000000000Z,723219,451762,1085484605.477361457635705029303881401588,140
2025-11-11T00:00:00.000000000Z,717240,480595,1186279607.2688984096022168611157375,153
2025-11-12T00:00:00.000000000Z,666761,452672,1085693709.7267337629120576502890573432148713554,141
2025-11-13T00:00:00.000000000Z,715565,481822,1135417896.885745268591851849535517894228,150
2025-11-14T00:00:00.000000000Z,804891,484096,1090001177.5223116897767803682684,144
2025-11-15T00:00:00.000000000Z,735457,485232,1082431729.745078647585826903607782192304,143
2025-11-16T00:00:00.000000000Z,599175,582885,1203542970.480889749202900622552292894228,159
2025-11-17T00:00:00.000000000Z,722706,406170,938612123.877544868949658995145810701924,124
2025-11-18T00:00:00.000000000Z,783873,321895,1006737197.472689349560707768162585701924,133
2025-11-19T00:00:00.000000000Z,740835,359976,1037015010.381645068770755422340664298076,137
2025-11-20T00:00:00.000000000Z,712914,357950,991598291.018211489955683941073546403848,131
2025-11-21T00:00:00.000000000Z,798210,416326,1142987344.662978310782805314196135701924,151
2025-11-22T00:00:00.000000000Z,653472,472844,1082431729.745078647585826903607782192304,143
2025-11-23T00:00:00.000000000Z,587259,318830,1074862271.067833830171756541179360701924,142
2025-11-24T00:00:00.000000000Z,672046,399370,1082431729.745078647585826903607782192304,143
2025-11-25T00:00:00.000000000Z,673473,351642,870487050.282400388338610222129035701924,115
2025-11-26T00:00:00.000000000Z,719513,476755,1240799633.496913627518812383334501303576532972,164
2025-11-27T00:00:00.000000000Z,675201,404471,1061317862.962787344490670385968958915704,143
2025-11-28T00:00:00.000000000Z,703533,510984,1113270484.205297664366069776619447311778,150
2025-11-29T00:00:00.000000000Z,630159,403759,1016787040.174608521381247302882911603926,137
2025-11-30T00:00:00.000000000Z,601718,514580,1239441132.740709408585985893180214292148,167
2025-12-01T00:00:00.000000000Z,737081,399941,987099824.982489305974965247492213396074,133
2025-12-02T00:00:00.000000000Z,743961,415283,942569002.194310482865542164406166084296,127
2025-12-03T00:00:00.000000000Z,716757,430832,979678026.528157809208988939927772311778,132
2025-12-04T00:00:00.000000000Z,693069,414769,979678026.528157809208988939927772311778,132
2025-12-05T00:00:00.000000000Z,712886,350006,883194582.497468666224166466191236603926,119
2025-12-06T00:00:00.000000000Z,615281,529256,1209753917.548590193179703837789516084296,163
2025-12-07T00:00:00.000000000Z,545020,546753,1187488511.498199088710586502529725896074,160
2025-12-08T00:00:00.000000000Z,666566,575607,1098426876.609238056662928748924098207852,148
2025-12-09T00:00:00.000000000Z,668386,446113,957412609.790370090568683192101515188222,129
2025-12-10T00:00:00.000000000Z,689654,554922,1150379497.851748376538328139574586603926,155
2025-12-11T00:00:00.000000000Z,656012,475726,1179627150.3762482155060632678261613651119,160
2025-12-12T00:00:00.000000000Z,761375,411109,1068190149.670111157215638294548744582088,145
2025-12-13T00:00:00.000000000Z,601306,500012,1053456501.797791396008923518511655417912,143
2025-12-14T00:00:00.000000000Z,564048,418597,942954068.497760385581973335373823229478,128
2025-12-15T00:00:00.000000000Z,663223,419887,987155043.939419441220655961853517917912,134
2025-12-16T00:00:00.000000000Z,696716,442553,1082923808.150664175761865836708642811566,147
2025-12-17T00:00:00.000000000Z,675987,451215,1016622350.292292220973598280050505311566,138
2025-12-18T00:00:00.000000000Z,725880,461224,1060823325.7339512766122809065302,144
2025-12-19T00:00:00.000000000Z,735738,433546,1068190149.670111157215638294548744582088,145
2025-12-20T00:00:00.000000000Z,613352,441258,1082923808.150664175761865836708642811566,147
2025-12-21T00:00:00.000000000Z,565021,440054,1016622350.292292220973598280050505311566,138
2025-12-22T00:00:00.000000000Z,667969,426021,1023989184.836685358916468434191858958956,139
2025-12-23T00:00:00.000000000Z,672116,431814,1068190149.670111157215638294548744582088,145
2025-12-24T00:00:00.000000000Z,667297,503638,1171325759.033982287039231089668032188434,159
2025-12-25T00:00:00.000000000Z,562104,465274,1016989504.5854221554118807183643334586267705314,138
2025-12-26T00:00:00.000000000Z,613757,513354,1149714805.066739180326615801395776345514,156
2025-12-27T00:00:00.000000000Z,569638,475008,1002315469.451092811655328353688135127352,136
2025-12-28T00:00:00.000000000Z,572908,540696,1142344843.061695297634086288031828718162,155
2025-12-29T00:00:00.000000000Z,693511,548253,1134974870.443899335517034865731360127352,154
2025-12-30T00:00:00.000000000Z,749500,366458,877026041.076082249910673263945378718162,119
2025-12-31T00:00:00.000000000Z,697063,407824,980205572.823209084153217904659771281838,133
2026-01-01T00:00:00.000000000Z,570904,469075,1112864973.816015608014924416702996281838,151
2026-01-02T00:00:00.000000000Z,702623,458150,1061275207.9424521908936520963458,144
2026-01-03T00:00:00.000000000Z,618923,496980,1142344843.061695297634086288031828718162,155
2026-01-04T00:00:00.000000000Z,629824,478738,1068645169.947496073586181609709747627352,145
2026-01-05T00:00:00.000000000Z,687169,410199,972835610.818165201460688391295823654486,132
2026-01-06T00:00:00.000000000Z,698247,422822,958095676.195325356651107455631407436324,130
2026-01-07T00:00:00.000000000Z,644966,424312,1083385104.570335918395762545374163845514,147
2026-01-08T00:00:00.000000000Z,631893,335049,964845793.9226340913815175204791930270293939394,132
2026-01-09T00:00:00.000000000Z,664665,351155,1033929117.833374612289074845797180459208,142
2026-01-10T00:00:00.000000000Z,608784,492984,1179552938.5755996997389160350519,162
2026-01-11T00:00:00.000000000Z,536405,289219,888305297.091149524839233656542460918416,122
2026-01-12T00:00:00.000000000Z,638422,405384,1033929117.833374612289074845797180459208,142
2026-01-13T00:00:00.000000000Z,701272,340763,982960782.14633308311576336254325,135
2026-01-14T00:00:00.000000000Z,707589,326077,902867680.213863534540306397458080459208,124
2026-01-15T00:00:00.000000000Z,717904,375169,1012085548.391761102517908844374489081584,139
2026-01-16T00:00:00.000000000Z,692686,362621,946554829.582005563643524620204939081584,130
2026-01-17T00:00:00.000000000Z,572689,354936,1084897453.520416141462386329051110918416,149
2026-01-18T00:00:00.000000000Z,567075,332784,1019366734.710660602588002104881560918416,140
2026-01-19T00:00:00.000000000Z,623139,353668,1092178650.324230651093365809459658622376,150
2026-01-20T00:00:00.000000000Z,640908,386279,968398399.023619073414690621627630459208,133
2026-01-21T00:00:00.000000000Z,698736,427046,997523165.269047092816836103458869540792,137
2026-01-22T00:00:00.000000000Z,612517,464766,1162718505.7701015316655806659488299748001089832,161
2026-01-23T00:00:00.000000000Z,664123,437544,985930372.216905969363808049696039877864,140
2026-01-24T00:00:00.000000000Z,562317,284304,690151266.636433061000939919881070244272,98
2026-01-25T00:00:00.000000000Z,555249,317176,760574860.3057842856367302912209,108
2026-01-26T00:00:00.000000000Z,635513,399372,873252616.261345127500269170458469938932,124
2026-01-27T00:00:00.000000000Z,624246,365975,859167895.499275255091019667825889877864,122
2026-01-28T00:00:00.000000000Z,631786,342139,774659581.067854158045979793853480061068,110
2026-01-29T00:00:00.000000000Z,681624,421064,901422057.785484872318768175723630061068,128
2026-01-30T00:00:00.000000000Z,733411,383042,922549133.858090612227413858760964877864,131
2026-01-31T00:00:00.000000000Z,702918,403447,971845651.454836096954558547063459816796,138
2026-02-01T00:00:00.000000000Z,613261,356739,838040819.426669515182373984788555061068,119
2026-02-02T00:00:00.000000000Z,734473,354152,830998453.975135510272520662560729755728,118
2026-02-03T00:00:00.000000000Z,741467,435204,929591499.309624617137267180988790183204,132
2026-02-04T00:00:00.000000000Z,704812,412289,1000015092.978975841773057552328619938932,142
2026-02-05T00:00:00.000000000Z,865167,384528,894379692.333950867408914853495804755728,127
2026-02-06T00:00:00.000000000Z,856992,407706,1021142169.051581581681703235365954755728,145
2026-02-07T00:00:00.000000000Z,645574,493708,1112468740.242983474059269269373670907001194556,166
2026-02-08T00:00:00.000000000Z,555675,512816,1063649664.987017476160284444565239831128,170
2026-02-09T00:00:00.000000000Z,682068,394855,1019852317.996721055909021787881047668872,163
2026-02-10T00:00:00.000000000Z,624916,390874,900973830.4794545003542945870038,144
2026-02-11T00:00:00.000000000Z,659141,451472,982311747.733235988257289515784519915564,157
2026-02-12T00:00:00.000000000Z,653355,494350,1107447002.967575591617002097706486123346,177
2026-02-13T00:00:00.000000000Z,684978,520762,944771168.460012615811012240145046292218,151
2026-02-14T00:00:00.000000000Z,583422,550168,1038622612.138201894529432927472257415564,166
2026-02-15T00:00:00.000000000Z,532309,691973,1232582258.201915194976714679628452331128,197
2026-02-16T00:00:00.000000000Z,592609,529377,1094933476.543167800801576339159994915564,175
2026-02-17T00:00:00.000000000Z,595445,661420,1032365844.421128846724447546427538876654,165
2026-02-18T00:00:00.000000000Z,595919,505310,957284694.8844204066264379986915375,153
2026-02-19T00:00:00.000000000Z,616639,502602,1025228859.3917796091023903713654854040161750524,159
2026-02-20T00:00:00.000000000Z,662947,417965,983397437.025160580170296332998606560666,137
2026-02-21T00:00:00.000000000Z,579813,344028,854191934.501218901051795126173681560666,119
2026-02-22T00:00:00.000000000Z,525709,538994,1177205690.811073098848048143235994060666,164
2026-02-23T00:00:00.000000000Z,684644,448909,1062356356.382729406511084218222738121332,148
2026-02-24T00:00:00.000000000Z,661423,568326,1184383769.690651991281149619401780318002,165
2026-02-25T00:00:00.000000000Z,650235,481942,1119781018.428681151721899015989317818002,156
2026-02-26T00:00:00.000000000Z,693519,429268,1004931684.000337459384935090976061878668,140
2026-02-27T00:00:00.000000000Z,704075,411023,1012109773.216356553733370896621944681998,141
2026-02-28T00:00:00.000000000Z,640533,426230,1026465941.311954540514908178433613742664,143
2026-03-01T00:00:00.000000000Z,602506,464241,1069534435.262308298944185694388524378668,149
2026-03-02T00:00:00.000000000Z,690831,420983,976219347.809141485821860527352723757336,136
2026-03-03T00:00:00.000000000Z,652464,377782,961863190.049983700955657575021151242664,134
2026-03-04T00:00:00.000000000Z,697294,382886,933150853.858787727392583011397813121332,130
2026-03-05T00:00:00.000000000Z,686708,459142,1193001934.3916589843935926952464861127898389112,166
2026-03-06T00:00:00.000000000Z,672019,446899,1052672433.190094578059271316683992833442,146
2026-03-07T00:00:00.000000000Z,592224,435530,951731243.384234611599942968594153500326,132
2026-03-08T00:00:00.000000000Z,523172,457769,966151414.839717837857863235180346333768,134
2026-03-09T00:00:00.000000000Z,627803,408602,994991747.368161673027590250339221499674,138
2026-03-10T00:00:00.000000000Z,649875,378570,994991747.368161673027590250339221499674,138
2026-03-11T00:00:00.000000000Z,629140,405045,1002201838.287164594829607142639073166884,139
2026-03-12T00:00:00.000000000Z,640192,450856,930100981.009748463540005809708108999674,129
2026-03-13T00:00:00.000000000Z,676568,401832,872420305.570338175854438261376848166884,121
2026-03-14T00:00:00.000000000Z,557544,441416,922890900.473268159084102435421767833442,128
2026-03-15T00:00:00.000000000Z,534462,399359,901260648.481304628370278794549233833768,125
2026-03-16T00:00:00.000000000Z,701802,410501,901260648.481304628370278794549233833768,125
2026-03-17T00:00:00.000000000Z,679525,374546,915680809.554265237282085543121916166232,127
2026-03-18T00:00:00.000000000Z,625137,437912,1002201838.287164594829607142639073166884,139
2026-03-19T00:00:00.000000000Z,603884,442942,966151414.839717837857863235180346333768,134
2026-03-20T00:00:00.000000000Z,656663,422037,956085963.765402357645415863123341701440368712,134
2026-03-21T00:00:00.000000000Z,586709,490235,917823289.768720787686436739053156238984,138
2026-03-22T00:00:00.000000000Z,545348,639039,1077444735.2152626123806435193429,162
2026-03-23T00:00:00.000000000Z,640101,530619,1064142947.296610249052228056259018746328,160
2026-03-24T00:00:00.000000000Z,587472,384088,831361682.663410228921904394083175014688,125
2026-03-25T00:00:00.000000000Z,657017,514188,1017586694.36997024502616332382385,153
2026-03-26T00:00:00.000000000Z,623105,634223,1097397412.304597889749877325610306238984,165
2026-03-27T00:00:00.000000000Z,640242,656575,1010935805.199287330985344980640325014688,152
2026-03-28T00:00:00.000000000Z,555352,776246,1157255453.149890257104357521129356238984,174
2026-03-29T00:00:00.000000000Z,513446,621290,957728653.5246778776716831283048,144
2026-03-30T00:00:00.000000000Z,631420,539789,904521501.850068424358021275969274985312,136
2026-03-31T00:00:00.000000000Z,630351,519911,904521501.850068424358021275969274985312,136
2026-04-01T00:00:00.000000000Z,697142,686646,1077444735.2152626123806435193429,162
2026-04-02T00:00:00.000000000Z,653581,501473,964379542.695360791712501471488324985312,145
2026-04-03T00:00:00.000000000Z,647348,460217,900036039.4277527770523131896756414015431952862,132
2026-04-04T00:00:00.000000000Z,546885,439257,828969678.313671858838406507899564602696,120
2026-04-05T00:00:00.000000000Z,496633,725843,1098384831.475033252115709066783385397304,159
2026-04-06T00:00:00.000000000Z,608673,461763,884234328.176813533219783553089878465768,128
2026-04-07T00:00:00.000000000Z,640745,539413,953315130.558104446641897835298464602696,138
2026-04-08T00:00:00.000000000Z,632101,560671,1022395942.887031539618619141786356931536,148
2026-04-09T00:00:00.000000000Z,627910,579019,994763617.9554607024279306191912,144
2026-04-10T00:00:00.000000000Z,655019,453045,863510089.451953495104070673283163863072,125
2026-04-11T00:00:00.000000000Z,567547,472181,849693926.986168076508726411985585397304,123
2026-04-12T00:00:00.000000000Z,523902,709385,1070752506.543462414925020544188228465768,155
2026-04-13T00:00:00.000000000Z,631173,631372,1022395942.887031539618619141786356931536,148
2026-04-14T00:00:00.000000000Z,648935,609752,1132925232.665678708826766207887678465768,164
2026-04-15T00:00:00.000000000Z,648996,461922,863510089.451953495104070673283163863072,125
2026-04-16T00:00:00.000000000Z,642428,643440,1050028267.818602376809307664381513863072,152
2026-04-17T00:00:00.000000000Z,666008,548624,967334466.9164830292548869605194747997793284082,141
2026-04-18T00:00:00.000000000Z,571160,690658,1031290054.563483559730567787526575,153
2026-04-19T00:00:00.000000000Z,510705,733999,1064992341.771356764556307002061550052232,158
2026-04-20T00:00:00.000000000Z,630657,551469,876259525.642259347877702950929649947768,130
2026-04-21T00:00:00.000000000Z,627674,532601,909961812.850132552703442165464625,135
2026-04-22T00:00:00.000000000Z,658718,535489,882999979.201330254015618568968625052232,131
2026-04-23T00:00:00.000000000Z,624801,449644,815595404.785583844364140139898674947768,121
2026-04-24T00:00:00.000000000Z,669638,590597,1004328220.914681261042744191030575052232,149
2026-04-25T00:00:00.000000000Z,548575,589115,943664100.058005757529181379999600052232,140
2026-04-26T00:00:00.000000000Z,527244,704204,1004328220.914681261042744191030575052232,149
2026-04-27T00:00:00.000000000Z,639267,577862,930183183.233604608185269581751600078348,138
2026-04-28T00:00:00.000000000Z,624691,574615,936923646.498934851391265761960624947768,139
2026-04-29T00:00:00.000000000Z,631076,373961,856038145.552527955327794972472625104464,127
2026-04-30T00:00:00.000000000Z,685346,413668,943664100.058005757529181379999600052232,140
2026-05-01T00:00:00.000000000Z,751425,597457,1064992341.771356764556307002061550052232,158
2026-05-02T00:00:00.000000000Z,620486,529423,896831740.570416678640206352474043102352,136
2026-05-03T00:00:00.000000000Z,583469,596099,1000953351.36045954811477750659130421028,152
2026-05-04T00:00:00.000000000Z,722079,567474,981197686.87129526734293303938091039486,149
2026-05-05T00:00:00.000000000Z,721256,589261,987782911.52858866771013461677172815771,150
2026-05-06T00:00:00.000000000Z,727700,531510,928515937.02652766605412174506466565771,141
2026-05-07T00:00:00.000000000Z,759390,526484,935101152.20110514609156305749342394743,142
2026-05-08T00:00:00.000000000Z,677277,586249,968027247.03942438693829014956133434229,147
2026-05-09T00:00:00.000000000Z,818423,830362,1126072515.5391590314642445624341875,171
2026-05-10T00:00:00.000000000Z,525874,726220,987782911.52858866771013461677172815771,150
2026-05-11T00:00:00.000000000Z,615823,778049,1086561196.04354639025031589297545934229,165
2026-05-12T00:00:00.000000000Z,612683,593259,882419402.35633754480275176317717921028,134
2026-05-13T00:00:00.000000000Z,643577,616272,915345497.19465678564947885524508960514,139
2026-05-14T00:00:00.000000000Z,633568,675554,994368126.70316614774757592920048644743,151
2026-05-15T00:00:00.000000000Z,669184,622005,964723444.1105754065327569980880352963141421456,145
2026-05-16T00:00:00.000000000Z,572496,682779,1025406922.064699239390732494500182392426,151
2026-05-17T00:00:00.000000000Z,564015,605327,950708403.397622668858400130081689784852,140
2026-05-18T00:00:00.000000000Z,639384,603780,950708403.397622668858400130081689784852,140
2026-05-19T00:00:00.000000000Z,631608,619635,964289953.135156138839451113449144892426,142
2026-05-20T00:00:00.000000000Z,648310,666800,1032197701.822823488744706030286420430296,152
2026-05-21T00:00:00.000000000Z,630942,543303,862428334.993012628345016782295742069704,127
2026-05-22T00:00:00.000000000Z,671333,713572,1059360791.519175399979911908816309677278,156
2026-05-23T00:00:00.000000000Z,573855,729353,1113686990.469309279904115842286130107574,164
2026-05-24T00:00:00.000000000Z,488204,627984,889591434.468079568307118749030652284852,131
2026-05-25T00:00:00.000000000Z,608973,781457,1120477760.448718500531193289867347177278,165
2026-05-26T00:00:00.000000000Z,625482,626622,943917633.418213448231322682500472715148,139
2026-05-27T00:00:00.000000000Z,608435,646713,950708403.397622668858400130081689784852,140
2026-05-28T00:00:00.000000000Z,622022,783577,1100105440.731775809923064858918675,162
2026-05-29T00:00:00.000000000Z,669839,634214,960163852.3585032803755038702117328614550021164,140
2026-05-30T00:00:00.000000000Z,573532,657986,980866172.320355442324183057907500934998,142
