time,CapMVRVCur,CapRealUSD,CapMrktCurUSD,PriceUSD,ReferenceRateUSD
2010-07-18T00:00:00.000000000Z,146.0383322,,295959.152,0.08584,
2010-07-19T00:00:00.000000000Z,62.56512971,,279285.2,0.0808,
2010-07-20T00:00:00.000000000Z,45.10663005,,259000.404989830432115,0.0747357288135593,
2010-07-21T00:00:00.000000000Z,38.35756046,,275266.47129701944969,0.0791928626534191,
2010-07-22T00:00:00.000000000Z,25.1323482,,203749.57397545308041,0.0584697603740503,
2010-07-23T00:00:00.000000000Z,23.1909876,,211735.7237638808256,0.0605928696668615,
2010-07-24T00:00:00.000000000Z,17.07191365,,191099.979,0.05454,
2010-07-25T00:00:00.000000000Z,14.29480012,,177670.4897540618514,0.050540618351841,
2010-07-26T00:00:00.000000000Z,12.57111018,,197542.8,0.056,
2010-07-27T00:00:00.000000000Z,12.41061061,,207278.65656312095915,0.058622016364699,
2010-07-28T00:00:00.000000000Z,11.86773641,,208769.15183050856488,0.0589110987726476,
2010-07-29T00:00:00.000000000Z,13.54121185,,248340.72,0.0699,
2010-07-30T00:00:00.000000000Z,12.03290217,,230303.1276925775421,0.064657381648159,
2010-07-31T00:00:00.000000000Z,12.05286591,,241276.97113214481838,0.0675457989479836,
2010-08-01T00:00:00.000000000Z,10.44892297,,218982.4,0.0611,
2010-08-02T00:00:00.000000000Z,9.9762043,,215766,0.06,
2010-08-03T00:00:00.000000000Z,9.60461264,,216490.833363822421635,0.0600121507890123,
2010-08-04T00:00:00.000000000Z,8.82883787,,206374.3181765050218,0.0570157802454705,
2010-08-05T00:00:00.000000000Z,9.19506028,,221460.5,0.061,
2010-08-06T00:00:00.000000000Z,9.02581206,,224350.993347165495815,0.0616713150204559,
2010-08-07T00:00:00.000000000Z,8.42875731,,215104.78211572172256,0.0590039450613676,
2010-08-08T00:00:00.000000000Z,8.47702357,,222622.995,0.0609,
2010-08-09T00:00:00.000000000Z,9.28085443,,258019.52,0.0704,
2010-08-10T00:00:00.000000000Z,8.88387323,,254792.09289830500378,0.0693387288135593,
2010-08-11T00:00:00.000000000Z,8.33793184,,246978.75,0.067,
2010-08-12T00:00:00.000000000Z,8.49787609,,258797,0.07,
2010-08-13T00:00:00.000000000Z,7.56762836,,239156.325,0.0645,
2010-08-14T00:00:00.000000000Z,7.65189676,,249354.02645599075903,0.0669964336645237,
2010-08-15T00:00:00.000000000Z,7.26649664,,243036.40246610158105,0.0651179322033898,
2010-08-16T00:00:00.000000000Z,7.13837504,,244943.8,0.0655,
2010-08-17T00:00:00.000000000Z,7.50985867,,262223.5,0.07,
2010-08-18T00:00:00.000000000Z,7.14796434,,255183.6,0.068,
2010-08-19T00:00:00.000000000Z,6.93168437,,250755.315,0.0667,
2010-08-20T00:00:00.000000000Z,6.69412905,,246876.05,0.0655,
2010-08-21T00:00:00.000000000Z,6.61775626,,250842.6,0.0664,
2010-08-22T00:00:00.000000000Z,6.41568722,,249762.08508182343038,0.0659289888953828,
2010-08-23T00:00:00.000000000Z,6.22495622,,246593.09,0.06491,
2010-08-24T00:00:00.000000000Z,6.13247009,,247633.75,0.065,
2010-08-25T00:00:00.000000000Z,6.02386076,,247571.64,0.0648,
2010-08-26T00:00:00.000000000Z,5.87469011,,245474.965368790146475,0.0640751139684395,
2010-08-27T00:00:00.000000000Z,5.87209239,,249574,0.065,
2010-08-28T00:00:00.000000000Z,5.77497614,,248587.26,0.0646,
2010-08-29T00:00:00.000000000Z,5.66272908,,246796.8,0.064,
2010-08-30T00:00:00.000000000Z,5.69050244,,251021.3405,0.06497,
2010-08-31T00:00:00.000000000Z,5.19159819,,232371,0.06,
2010-09-01T00:00:00.000000000Z,5.31891315,,240699.74841379311683,0.0620248275862069,
2010-09-02T00:00:00.000000000Z,5.38522542,,246530.9,0.0634,
2010-09-03T00:00:00.000000000Z,5.12179597,,237114.195,0.06085,
2010-09-04T00:00:00.000000000Z,5.18235949,,242852.80094827599675,0.062178275862069,
2010-09-05T00:00:00.000000000Z,5.06897347,,241298.1,0.06165,
2010-09-06T00:00:00.000000000Z,5.03207272,,241589.04,0.0616,
2010-09-07T00:00:00.000000000Z,4.94816313,,240663.61006247784458,0.0612391180596142,
2010-09-08T00:00:00.000000000Z,4.88836125,,240227.15,0.061,
2010-09-09T00:00:00.000000000Z,4.79545778,,241092.44821946229168,0.0611149707773232,
2010-09-10T00:00:00.000000000Z,4.74669508,,241224.31402250169175,0.0610115242548218,
2010-09-11T00:00:00.000000000Z,4.91061134,,252049.9618790181301,0.0636208649912332,
2010-09-12T00:00:00.000000000Z,4.69699949,,244191.9,0.0615,
2010-09-13T00:00:00.000000000Z,4.70641545,,247423.547,0.06218,
2010-09-14T00:00:00.000000000Z,4.64512859,,247296.707,0.06199,
2010-09-15T00:00:00.000000000Z,4.45428881,,241464.1,0.0604,
2010-09-16T00:00:00.000000000Z,4.47633904,,248138.53,0.0619,
2010-09-17T00:00:00.000000000Z,4.19274776,,241148.11407948548193,0.0600005260081823,
2010-09-18T00:00:00.000000000Z,4.22048014,,245887.95,0.061,
2010-09-19T00:00:00.000000000Z,4.29534109,,253395.78,0.0627,
2010-09-20T00:00:00.000000000Z,4.22043399,,251608.28778988914279,0.0621017358270018,
2010-09-21T00:00:00.000000000Z,4.22602175,,254368.3975,0.06265,
2010-09-22T00:00:00.000000000Z,4.14162414,,251788.04777206303775,0.061881870251315,
2010-09-23T00:00:00.000000000Z,4.11497371,,253620.51570017524305,0.062153512565751,
2010-09-24T00:00:00.000000000Z,4.07954667,,254519.29,0.0622,
2010-09-25T00:00:00.000000000Z,4.03278411,,254424.646,0.06202,
2010-09-26T00:00:00.000000000Z,4.00070639,,254978.1,0.062,
2010-09-27T00:00:00.000000000Z,3.91751164,,256514.6221765050768,0.0622004418468732,
2010-09-28T00:00:00.000000000Z,3.70318762,,255947.85551572175952,0.0619038977206312,
2010-09-29T00:00:00.000000000Z,3.67369778,,256480.748,0.06191,
2010-09-30T00:00:00.000000000Z,3.58697479,,256891.19,0.0619,
2010-10-01T00:00:00.000000000Z,3.57218676,,257672.64433196960064,0.0619733138515488,
2010-10-02T00:00:00.000000000Z,3.26607208,,255595.92,0.0614,
2010-10-03T00:00:00.000000000Z,3.2380791,,254573.33028112209816,0.0610648684979544,
2010-10-04T00:00:00.000000000Z,3.23417646,,255999.447555522959715,0.0612944769140853,
2010-10-05T00:00:00.000000000Z,3.17003606,,256826.99,0.0614,
2010-10-06T00:00:00.000000000Z,3.22421336,,263261.834,0.06281,
2010-10-07T00:00:00.000000000Z,3.40312006,,281359.8,0.067,
2010-10-08T00:00:00.000000000Z,4.14833833,,355302.67118807693911,0.0844531081239041,
2010-10-09T00:00:00.000000000Z,4.40766563,,395367,0.0938,
2010-10-10T00:00:00.000000000Z,4.45879954,,410335.83862361207196,0.0971462010520164,
2010-10-11T00:00:00.000000000Z,4.28117529,,402025.75,0.095,
2010-10-12T00:00:00.000000000Z,4.2360293,,402338.04,0.0949,
2010-10-13T00:00:00.000000000Z,4.55044647,,445510.9688563403376,0.104865589129164,
2010-10-14T00:00:00.000000000Z,4.35844526,,434382.3,0.102,
2010-10-15T00:00:00.000000000Z,4.34353862,,448087.5,0.105,
2010-10-16T00:00:00.000000000Z,4.06985428,,432320.4,0.101,
2010-10-17T00:00:00.000000000Z,4.06277933,,437977.8,0.102,
2010-10-18T00:00:00.000000000Z,4.02994877,,440970.24,0.1024,
2010-10-19T00:00:00.000000000Z,3.80761656,,421311.019746639606485,0.0975448918760959,
2010-10-20T00:00:00.000000000Z,3.8186494,,428902.65,0.099,
2010-10-21T00:00:00.000000000Z,4.00919854,,464556.55,0.107,
2010-10-22T00:00:00.000000000Z,3.82096178,,445808.375,0.1025,
2010-10-23T00:00:00.000000000Z,3.85485171,,455667.3527996489127,0.104556424313267,
2010-10-24T00:00:00.000000000Z,4.14384219,,502403.9335,0.11501,
2010-10-25T00:00:00.000000000Z,4.88883386,,609130.5838421975325,0.139118552893045,
2010-10-26T00:00:00.000000000Z,5.14523738,,662973.05,0.151,
2010-10-27T00:00:00.000000000Z,6.05058402,,826105.24,0.1877,
2010-10-28T00:00:00.000000000Z,5.2615273,,763743.165,0.1731,
2010-10-29T00:00:00.000000000Z,5.63366942,,840427,0.19,
2010-10-30T00:00:00.000000000Z,5.72124637,,876580.6100970218251,0.197610543541789,
2010-10-31T00:00:00.000000000Z,5.43761091,,855633.625,0.1925,
2010-11-01T00:00:00.000000000Z,5.41406405,,866356.2658129736477,0.194525061367621,
2010-11-02T00:00:00.000000000Z,5.28311477,,864832.5,0.1938,
2010-11-03T00:00:00.000000000Z,5.18370173,,863543.2,0.1931,
2010-11-04T00:00:00.000000000Z,5.7153824,,1027622.7341262402401,0.229275160724722,
2010-11-05T00:00:00.000000000Z,6.25148898,,1164192.075172416272,0.259112413793104,
2010-11-06T00:00:00.000000000Z,8.19405221,,1805984.1933419070348,0.400982302746932,
2010-11-07T00:00:00.000000000Z,6.73312638,,1535423,0.34,
2010-11-08T00:00:00.000000000Z,4.59520726,,1101553.4134015210485,0.243184628872005,
2010-11-09T00:00:00.000000000Z,4.06257605,,986537.53224371848055,0.217272694330801,
2010-11-10T00:00:00.000000000Z,4.25825739,,1044611.9615505531111,0.229549731151373,
2010-11-11T00:00:00.000000000Z,4.10381259,,1017704.115,0.2231,
2010-11-12T00:00:00.000000000Z,4.88620474,,1225700.82,0.2682,
2010-11-13T00:00:00.000000000Z,4.93212505,,1264425,0.276,
2010-11-14T00:00:00.000000000Z,4.88743661,,1281895.808,0.27904,
2010-11-15T00:00:00.000000000Z,4.51276218,,1235997.39174591028635,0.268464555815313,
2010-11-16T00:00:00.000000000Z,3.76028119,,1038105,0.225,
2010-11-17T00:00:00.000000000Z,4.00641517,,1119247.64870251303935,0.241939333722969,
2010-11-18T00:00:00.000000000Z,4.39720823,,1248159.091361776126,0.269057790765634,
2010-11-19T00:00:00.000000000Z,4.48312449,,1293074.485,0.27829,
2010-11-20T00:00:00.000000000Z,4.49841005,,1316675.1736568096124,0.283015964932788,
2010-11-21T00:00:00.000000000Z,4.36944711,,1289461.275,0.27675,
2010-11-22T00:00:00.000000000Z,4.46021601,,1330223.25,0.285,
2010-11-23T00:00:00.000000000Z,4.38599831,,1322635.6275,0.28295,
2010-11-24T00:00:00.000000000Z,4.33600482,,1324932.4353357672015,0.282905736411455,
2010-11-25T00:00:00.000000000Z,4.23185505,,1313858,0.28,
2010-11-26T00:00:00.000000000Z,4.23141948,,1337263.02,0.2844,
2010-11-27T00:00:00.000000000Z,4.17587813,,1333227.15,0.283,
2010-11-28T00:00:00.000000000Z,3.97931625,,1280717.98997954522685,0.271358679135009,
2010-11-29T00:00:00.000000000Z,3.37289742,,1090569.2849929885812,0.230559456458212,
2010-11-30T00:00:00.000000000Z,3.0371558,,986909.64,0.2082,
2010-12-01T00:00:00.000000000Z,3.31113157,,1080534,0.2275,
2010-12-02T00:00:00.000000000Z,3.6445754,,1213545,0.255,
2010-12-03T00:00:00.000000000Z,3.57134671,,1197167.4555320589932,0.251060083576856,
2010-12-04T00:00:00.000000000Z,2.90733946,,979882.0142665091418,0.205000526008182,
2010-12-05T00:00:00.000000000Z,2.86401711,,972026.8565184099111,0.202850017533606,
2010-12-06T00:00:00.000000000Z,2.83306957,,979995.6,0.204,
2010-12-07T00:00:00.000000000Z,3.1967626,,1124117.5646627716439,0.233420385739334,
2010-12-08T00:00:00.000000000Z,3.24906898,,1152866.7,0.2388,
2010-12-09T00:00:00.000000000Z,2.71091675,,967739.8096973129589,0.199991694330801,
2010-12-10T00:00:00.000000000Z,2.7619015,,988635,0.204,
2010-12-11T00:00:00.000000000Z,3.07070131,,1106940,0.228,
2010-12-12T00:00:00.000000000Z,2.94969685,,1069269.0342673868446,0.219853611922852,
2010-12-13T00:00:00.000000000Z,3.03156879,,1108574.0658889535492,0.227605236703682,
2010-12-14T00:00:00.000000000Z,3.26966627,,1203637.5135,0.24669,
2010-12-15T00:00:00.000000000Z,3.15229808,,1173348,0.24,
2010-12-16T00:00:00.000000000Z,3.26455554,,1224204.096,0.24996,
2010-12-17T00:00:00.000000000Z,3.15712017,,1190445.1643424915297,0.242655815312683,
2010-12-18T00:00:00.000000000Z,3.11960091,,1184261.95,0.241,
2010-12-19T00:00:00.000000000Z,3.09706546,,1182048.315,0.2401,
2010-12-20T00:00:00.000000000Z,3.39996207,,1316603.7,0.267,
2010-12-21T00:00:00.000000000Z,3.01272532,,1192911.1439509051926,0.241436002337814,
2010-12-22T00:00:00.000000000Z,3.10757151,,1237187.5,0.25,
2010-12-23T00:00:00.000000000Z,3.09503865,,1238851.954344825744,0.249970127995324,
2010-12-24T00:00:00.000000000Z,3.05891168,,1230923.2,0.248,
2010-12-25T00:00:00.000000000Z,3.06790542,,1242452.82,0.2499,
2010-12-26T00:00:00.000000000Z,3.23677185,,1319259.68048509725255,0.264962127410871,
2010-12-27T00:00:00.000000000Z,3.21872427,,1320577.40814143574735,0.264785388661601,
2010-12-28T00:00:00.000000000Z,3.39360976,,1403819.8,0.281,
2010-12-29T00:00:00.000000000Z,3.55514947,,1501215,0.3,
2010-12-30T00:00:00.000000000Z,3.53000117,,1503750,0.3,
2010-12-31T00:00:00.000000000Z,3.51255257,,1506180,0.3,
2011-01-01T00:00:00.000000000Z,3.49431915,,1508895,0.3,
2011-01-02T00:00:00.000000000Z,3.46374621,,1511368.848,0.29997,
2011-01-03T00:00:00.000000000Z,3.38619201,,1488629,0.295,
2011-01-04T00:00:00.000000000Z,3.41744847,,1510669.0875,0.29895,
2011-01-05T00:00:00.000000000Z,3.39994438,,1512800.4594291930341,0.298916302162478,
2011-01-06T00:00:00.000000000Z,3.37409013,,1510264,0.298,
2011-01-07T00:00:00.000000000Z,3.59662517,,1624384,0.32,
2011-01-08T00:00:00.000000000Z,3.60311438,,1641849.63,0.3229,
2011-01-09T00:00:00.000000000Z,3.58303029,,1644990.55,0.323,
2011-01-10T00:00:00.000000000Z,3.56790627,,1665919.2605,0.32659,
2011-01-11T00:00:00.000000000Z,3.47434474,,1668727.9345,0.32659,
2011-01-12T00:00:00.000000000Z,3.37613389,,1631584.5817187624511,0.318799621274109,
2011-01-13T00:00:00.000000000Z,3.31520101,,1628430.48,0.3176,
2011-01-14T00:00:00.000000000Z,4.10741466,,2054488.66651957734725,0.399990005844535,
2011-01-15T00:00:00.000000000Z,3.93479597,,1985661.2,0.386,
2011-01-16T00:00:00.000000000Z,3.89072744,,1993090.191,0.38679,
2011-01-17T00:00:00.000000000Z,3.48443916,,1804101.525,0.3495,
2011-01-18T00:00:00.000000000Z,3.11008305,,1617845.31,0.31299,
2011-01-19T00:00:00.000000000Z,3.07260733,,1620490.0755,0.31299,
2011-01-20T00:00:00.000000000Z,3.78751517,,2022832.5,0.39,
2011-01-21T00:00:00.000000000Z,4.03324208,,2181621.4095,0.41991,
2011-01-22T00:00:00.000000000Z,4.1752733,,2289812.881895382665,0.44003552893045,
2011-01-23T00:00:00.000000000Z,4.11467439,,2305877.28,0.4424,
2011-01-24T00:00:00.000000000Z,3.8538566,,2192549.84,0.4199,
2011-01-25T00:00:00.000000000Z,3.73958941,,2144054,0.41,
2011-01-26T00:00:00.000000000Z,3.28267628,,2174381.943675511504,0.415085129748685,
2011-01-27T00:00:00.000000000Z,3.29852211,,2209783.68,0.4212,
2011-01-28T00:00:00.000000000Z,3.44964227,,2335452.5145879616667,0.444484044418469,
2011-01-29T00:00:00.000000000Z,3.35970677,,2310171.65,0.439,
2011-01-30T00:00:00.000000000Z,3.62408311,,2514610.08994915209575,0.477142033898305,
2011-01-31T00:00:00.000000000Z,3.88967746,,2772013.74015210392475,0.525136870251315,
2011-02-01T00:00:00.000000000Z,5.02344554,,3740499.86148363430295,0.707510116890707,
2011-02-02T00:00:00.000000000Z,4.95514811,,3840996.02241671252725,0.725434821741671,
2011-02-03T00:00:00.000000000Z,4.68663449,,3679569.5689037107035,0.693898367621274,
2011-02-04T00:00:00.000000000Z,5.36029838,,4308178.98741087222365,0.810958971361777,
2011-02-05T00:00:00.000000000Z,5.79068626,,4851368.6003607254346,0.911671477498539,
2011-02-06T00:00:00.000000000Z,5.59155797,,4786564.5,0.898,
2011-02-07T00:00:00.000000000Z,5.25293615,,4749865.8841295135552,0.889421369959088,
2011-02-08T00:00:00.000000000Z,5.35492291,,4910198.4,0.918,
2011-02-09T00:00:00.000000000Z,5.69602563,,5444403.635329073616,1.01605024547049,
2011-02-10T00:00:00.000000000Z,5.38116292,,5258483.2104582103079,0.979652963179427,
2011-02-11T00:00:00.000000000Z,5.62034798,,5667731.45166274938,1.05406945353594,
2011-02-12T00:00:00.000000000Z,5.66318761,,5810758.850490481656,1.07870328404442,
2011-02-13T00:00:00.000000000Z,5.42738984,,5666535,1.05,
2011-02-14T00:00:00.000000000Z,5.31812686,,5785023.25271772847,1.07001262419638,
2011-02-15T00:00:00.000000000Z,5.15817185,,5688637.5,1.05,
2011-02-16T00:00:00.000000000Z,5.01369832,,5601393.2278161932,1.031687628872,
2011-02-17T00:00:00.000000000Z,5.00090272,,5658118.12552422277,1.0399231975453,
2011-02-18T00:00:00.000000000Z,4.27713788,,4900658.168822327476,0.898955914669784,
2011-02-19T00:00:00.000000000Z,4.46173899,,5153968.70557065940185,0.944028116890707,
2011-02-20T00:00:00.000000000Z,4.04564986,,4731074.25,0.865,
2011-02-21T00:00:00.000000000Z,3.8865163,,4579185.5223421983843,0.835747428404442,
2011-02-22T00:00:00.000000000Z,4.03903963,,4814696.2578050850249,0.877041779661017,
2011-02-23T00:00:00.000000000Z,4.11116115,,4951665,0.9,
2011-02-24T00:00:00.000000000Z,4.46075117,,5452090.9248392760798,0.989095265926359,
2011-02-25T00:00:00.000000000Z,4.09708361,,5052034.59908460181545,0.914652001753361,
2011-02-26T00:00:00.000000000Z,4.20136279,,5304685.5,0.958,
2011-02-27T00:00:00.000000000Z,3.85737612,,4966941.51755555205885,0.895033114552893,
2011-02-28T00:00:00.000000000Z,3.66264324,,4780204.66049094212965,0.860220923436587,
2011-03-01T00:00:00.000000000Z,3.45556491,,5124476.5031080662912,0.921096891876096,
2011-03-02T00:00:00.000000000Z,3.49629585,,5236981.815,0.9399,
2011-03-03T00:00:00.000000000Z,3.4729141,,5241109.41377138776685,0.939073383401519,
2011-03-04T00:00:00.000000000Z,3.31231304,,5039131.42,0.9011,
2011-03-05T00:00:00.000000000Z,3.30711769,,5089399.8329818217585,0.90784060666277,
2011-03-06T00:00:00.000000000Z,3.2074455,,4972191.6761637967755,0.884770973115138,
2011-03-07T00:00:00.000000000Z,3.17308684,,4941060.4317694878037,0.877583864406779,
2011-03-08T00:00:00.000000000Z,3.11400943,,4884340.65081674811735,0.866071591466979,
2011-03-09T00:00:00.000000000Z,3.08389438,,4856979,0.86,
2011-03-10T00:00:00.000000000Z,3.286687,,5204687.3616218582781,0.920670309760374,
2011-03-11T00:00:00.000000000Z,3.13277134,,4980492,0.88,
2011-03-12T00:00:00.000000000Z,3.23180751,,5200939.27759260916325,0.917815513150205,
2011-03-13T00:00:00.000000000Z,3.12541924,,5062649.525,0.89249,
2011-03-14T00:00:00.000000000Z,3.09976092,,5075795.1044466963873,0.893924922852133,
2011-03-15T00:00:00.000000000Z,3.0094772,,4957550.488,0.87224,
2011-03-16T00:00:00.000000000Z,2.90524469,,4843819.983623615109,0.851211665692578,
2011-03-17T00:00:00.000000000Z,2.80330055,,4702871.721,0.82542,
2011-03-18T00:00:00.000000000Z,2.72116816,,4574014.44116174867945,0.801959208065459,
2011-03-19T00:00:00.000000000Z,2.5915635,,4367614.5,0.765,
2011-03-20T00:00:00.000000000Z,2.50871253,,4238525.225,0.7415,
2011-03-21T00:00:00.000000000Z,2.56031946,,4344002.7435,0.75897,
2011-03-22T00:00:00.000000000Z,2.71742347,,4635912.012661896449,0.809130292811222,
2011-03-23T00:00:00.000000000Z,2.8434557,,4875083.6685,0.84971,
2011-03-24T00:00:00.000000000Z,2.88481841,,5011747.1131928725343,0.872374365867914,
2011-03-25T00:00:00.000000000Z,2.91145917,,5084859.072,0.88377,
2011-03-26T00:00:00.000000000Z,2.79254753,,4926379.6,0.8552,
2011-03-27T00:00:00.000000000Z,2.67675364,,4741008.3,0.822,
2011-03-28T00:00:00.000000000Z,2.58237,,4590460.86671291776335,0.794740500292227,
2011-03-29T00:00:00.000000000Z,2.56999182,,4584036.0039403833932,0.792509941554646,
2011-03-30T00:00:00.000000000Z,2.55673793,,4573978.959672710688,0.789706312098189,
2011-03-31T00:00:00.000000000Z,2.53409399,,4552346.4505,0.78461,
2011-04-01T00:00:00.000000000Z,2.49434063,,4498237.0935,0.77411,
2011-04-02T00:00:00.000000000Z,2.51639313,,4551064.5015,0.78199,
2011-04-03T00:00:00.000000000Z,2.50130518,,4540479.4,0.779,
2011-04-04T00:00:00.000000000Z,2.1702087,,3969500,0.68,
2011-04-05T00:00:00.000000000Z,2.2785139,,4184793.2952710676328,0.715691834599649,
2011-04-06T00:00:00.000000000Z,2.35209347,,4332404,0.74,
2011-04-07T00:00:00.000000000Z,2.39124558,,4418737.91,0.7538,
2011-04-08T00:00:00.000000000Z,2.37382641,,4402628.7975,0.74999,
2011-04-09T00:00:00.000000000Z,2.31988599,,4314844.42337068783095,0.734060517241379,
2011-04-10T00:00:00.000000000Z,2.31383197,,4315874.2556656957255,0.733156820572765,
2011-04-11T00:00:00.000000000Z,2.42399078,,4539706.12013968497045,0.770113933372297,
2011-04-12T00:00:00.000000000Z,2.6961135,,5084735.631030389331,0.861381607831677,
2011-04-13T00:00:00.000000000Z,2.89135449,,5500703.4095698386831,0.930320058445353,
2011-04-14T00:00:00.000000000Z,3.07319764,,5912587.2568503821302,0.998629766218586,
2011-04-15T00:00:00.000000000Z,2.99333242,,5830722.5181575077925,0.983673136762127,
2011-04-16T00:00:00.000000000Z,3.15615233,,6212969.6398848581085,1.04663285797779,
2011-04-17T00:00:00.000000000Z,3.27386129,,6528500.5903062260455,1.09812209789597,
2011-04-18T00:00:00.000000000Z,3.37473832,,6842059.2584510535115,1.14943331151373,
2011-04-19T00:00:00.000000000Z,3.42498343,,7063863.12725893326,1.18516222092344,
2011-04-20T00:00:00.000000000Z,3.28485981,,6815579.7080198829645,1.14212598480421,
2011-04-21T00:00:00.000000000Z,3.43905824,,7213608.292453562064,1.20733887200468,
2011-04-22T00:00:00.000000000Z,3.90431563,,8403996.607599034764,1.40450508182349,
2011-04-23T00:00:00.000000000Z,4.86099744,,10958848.758013670154,1.82885230099357,
2011-04-24T00:00:00.000000000Z,4.27543628,,9792394.913793106359,1.63198421975453,
2011-04-25T00:00:00.000000000Z,4.06113168,,9402390.199795419801,1.56448363530099,
2011-04-26T00:00:00.000000000Z,4.51459705,,10659842.364227351841,1.77084089012274,
2011-04-27T00:00:00.000000000Z,4.76744161,,11473867.21862770944,1.9031759585038,
2011-04-28T00:00:00.000000000Z,5.53562475,,13799039.34009177039,2.28574446580947,
2011-04-29T00:00:00.000000000Z,5.27956549,,17237608.97926537495,2.85060509000585,
2011-04-30T00:00:00.000000000Z,5.74340681,,21197575,3.5,
2011-05-01T00:00:00.000000000Z,4.96719361,,18767727.8028624285,3.0942275534775,
2011-05-02T00:00:00.000000000Z,5.05486151,,19440800,3.2,
2011-05-03T00:00:00.000000000Z,5.13349205,,20449332.036190519203,3.36058570368206,
2011-05-04T00:00:00.000000000Z,4.84337805,,20775521.356237076226,3.40867304734074,
2011-05-05T00:00:00.000000000Z,4.67664599,,20416354.6344137602765,3.34373668439509,
2011-05-06T00:00:00.000000000Z,4.63603126,,21133833.581206190795,3.45507558445354,
2011-05-07T00:00:00.000000000Z,4.80792811,,22311656.8332640536365,3.64126297779077,
2011-05-08T00:00:00.000000000Z,4.92348609,,23624665.965208178152,3.84866837697253,
2011-05-09T00:00:00.000000000Z,4.77598264,,23396482.361365418502,3.80408958211572,
2011-05-10T00:00:00.000000000Z,6.2849561,,34811442.900899740695,5.65166700233781,
2011-05-11T00:00:00.000000000Z,5.77375573,,33558096.176964261081,5.43975104383402,
2011-05-12T00:00:00.000000000Z,6.23619574,,39133713.134228517,6.3348786943308,
2011-05-13T00:00:00.000000000Z,6.81610339,,50363126.9038020620425,8.13903486732905,
2011-05-14T00:00:00.000000000Z,5.71115111,,43444561.3797138670215,7.00724382933957,
2011-05-15T00:00:00.000000000Z,5.38878812,,43010361.963166894192,6.92492484453536,
2011-05-16T00:00:00.000000000Z,5.64948105,,49071596.399467865458,7.88514074517826,
2011-05-17T00:00:00.000000000Z,5.05909092,,45256984.8426623516698093938048,7.25719954061952,
2011-05-18T00:00:00.000000000Z,4.61026723,,42273490.6869750348992544763881,6.76316336236119,
2011-05-19T00:00:00.000000000Z,4.62646251,,43126097.9405202037177763762127,6.89014363237873,
2011-05-20T00:00:00.000000000Z,3.71328197,,35226025.0439726775951816141438,5.61809621858562,
2011-05-21T00:00:00.000000000Z,4.07285788,,38219241.4114466262115339255406,6.08480066744594,
2011-05-22T00:00:00.000000000Z,4.35034379,,42243037.6602098845910112025716,6.71195603974284,
2011-05-23T00:00:00.000000000Z,4.487161,,44567639.7212561760299102624781,7.06525678375219,
2011-05-24T00:00:00.000000000Z,4.5999394,,46806652.6536619751557368788427,7.40266058211573,
2011-05-25T00:00:00.000000000Z,5.19133406,,54314728.4208486679245600294564,8.56928963705436,
2011-05-26T00:00:00.000000000Z,5.17913836,,55793911.6015055526739558575102,8.78215543424898,
2011-05-27T00:00:00.000000000Z,4.74938352,,54254634.3269088443879425185272,8.52865846814728,
2011-05-28T00:00:00.000000000Z,4.61095078,,53178164.7944200575251790018702,8.34926911981298,
2011-05-29T00:00:00.000000000Z,4.59177413,,53582961.3526217268400806776154,8.40095347223846,
2011-05-30T00:00:00.000000000Z,4.71031321,,56064002.9571546396641697535944,8.77934246464056,
2011-05-31T00:00:00.000000000Z,4.60202531,,55760526.6090419905944812802455,8.72157642197545,
2011-06-01T00:00:00.000000000Z,4.97744055,,61619120.7649913299819471797195,9.62377723202805,
2011-06-02T00:00:00.000000000Z,5.3275221,,68629309.302572074563028720631,10.7027602279369,
2011-06-03T00:00:00.000000000Z,6.42904939,,91613267.297512479215367261835,14.2646467738165,
2011-06-04T00:00:00.000000000Z,7.74313927,,117816835.683766697293699741087,18.3127387258913,
2011-06-05T00:00:00.000000000Z,6.57534893,,106605298.236062628603981037405,16.5433423962595,
2011-06-06T00:00:00.000000000Z,6.0241396,,118797507.927555122608335559322,18.4020986440678,
2011-06-07T00:00:00.000000000Z,7.22127316,,150213131.833493276872343371128,23.2378784628872,
2011-06-08T00:00:00.000000000Z,7.38787829,,187922292.426021773733691732905,29.0299213267095,
2011-06-09T00:00:00.000000000Z,6.61438788,,186692282.397581091363378818819,28.7905440181181,
2011-06-10T00:00:00.000000000Z,5.13598194,,156216479.858250149565794714787,24.0493992285213,
2011-06-11T00:00:00.000000000Z,3.17745001,,95995038.342251086800502722969,14.7497466277031,
2011-06-12T00:00:00.000000000Z,3.60717104,,122901058.444132377047038688486,18.8501447311514,
2011-06-13T00:00:00.000000000Z,3.61267024,,127635836.834000141556179854471,19.5423291145529,
2011-06-14T00:00:00.000000000Z,3.30858495,,126014917.861554482647121944477,19.2577355055523,
2011-06-15T00:00:00.000000000Z,3.13518917,,127637088.270657481936609758036,19.4641426241964,
2011-06-16T00:00:00.000000000Z,2.83819584,,117734055.423324961777645576271,17.9293625423729,
2011-06-17T00:00:00.000000000Z,2.42625836,,101507246.361637465447146870836,15.4363689129164,
2011-06-18T00:00:00.000000000Z,2.62955708,,111136351.479762186472360646406,16.8754045353594,
2011-06-19T00:00:00.000000000Z,2.69066084,,115515571.889910564164331086499,17.5107167913501,
2011-06-20T00:00:00.000000000Z,2.67081932,,115720447.276369360334331086499,17.5107167913501,
2011-06-21T00:00:00.000000000Z,2.63871848,,115941957.843779939099331086499,17.5107167913501,
2011-06-22T00:00:00.000000000Z,2.62779902,,116169597.162067490399331086499,17.5107167913501,
2011-06-23T00:00:00.000000000Z,2.61500773,,116379725.763563691599331086499,17.5107167913501,
2011-06-24T00:00:00.000000000Z,2.59755925,,116568841.504910272679331086499,17.5107167913501,
2011-06-25T00:00:00.000000000Z,2.58920413,,116694043.129968425894331086499,17.5107167913501,
2011-06-26T00:00:00.000000000Z,2.40438777,,109156329.228865598548777842198,16.3613420157802,
2011-06-27T00:00:00.000000000Z,2.41862667,,111906106.679391865699470867329,16.7522858132671,
2011-06-28T00:00:00.000000000Z,2.4228443,,113441602.456234280225343928697,16.9618353071303,
2011-06-29T00:00:00.000000000Z,2.39153255,,112869144.757805130229889820573,16.8545683179427,
2011-06-30T00:00:00.000000000Z,2.27916897,,108541609.098948685719073191701,16.1852627808299,
2011-07-01T00:00:00.000000000Z,2.17517451,,103545386.727692181534608008182,15.4203573991818,
2011-07-02T00:00:00.000000000Z,2.17108212,,103423475.3789769204760593045,15.38284406955,
2011-07-03T00:00:00.000000000Z,2.17640481,,104053274.320896857714585395091,15.4575505604909,
2011-07-04T00:00:00.000000000Z,1.95761946,,93368543.016823808868127876096,13.8527968123904,
2011-07-05T00:00:00.000000000Z,1.82728432,,87473624.992017558103955852133,12.9648177147867,
2011-07-06T00:00:00.000000000Z,2.06878863,,99396155.740401997329318167154,14.7147835832846,
2011-07-07T00:00:00.000000000Z,2.07598143,,100050390.787302985294016386908,14.7972891613092,
2011-07-08T00:00:00.000000000Z,2.0056172,,96799480.402240159760015030392,14.2990376969608,
2011-07-09T00:00:00.000000000Z,2.01609779,,97464868.045376640467155302162,14.3815006697838,
2011-07-10T00:00:00.000000000Z,2.03850499,,99201277.053824646074227488603,14.6229375511397,
2011-07-11T00:00:00.000000000Z,1.99133352,,97191713.527291725747644669199,14.3101554330801,
2011-07-12T00:00:00.000000000Z,1.94872351,,95328529.222923172326610784337,14.0212726215663,
2011-07-13T00:00:00.000000000Z,1.93841196,,95123250.831284527660439774985,13.9714545225015,
2011-07-14T00:00:00.000000000Z,1.93955814,,95404595.18686758934392452367,13.997974547633,
2011-07-15T00:00:00.000000000Z,1.91086852,,94210666.072702373839987943892,13.8063904056108,
2011-07-16T00:00:00.000000000Z,1.89668424,,93681586.749593458186805007598,13.7130792992402,
2011-07-17T00:00:00.000000000Z,1.8320481,,90686308.300940472774353890707,13.2581353109293,
2011-07-18T00:00:00.000000000Z,1.94207395,,93349306.173383870655404495617,13.6305212504383,
2011-07-19T00:00:00.000000000Z,1.96438973,,94777954.597622496385143613092,13.8247948386908,
2011-07-20T00:00:00.000000000Z,1.96296845,,93875750.549524520636180079486,13.6783305920514,
2011-07-21T00:00:00.000000000Z,1.95201716,,93522652.125279275293446581531,13.6118084418469,
2011-07-22T00:00:00.000000000Z,1.96311336,,94222033.043104129128597689071,13.6985473310929,
2011-07-23T00:00:00.000000000Z,1.95853437,,94206155.596313322147918575102,13.6817183424898,
2011-07-24T00:00:00.000000000Z,1.99913286,,96462300.60962370255979823495,13.992515176505,
2011-07-25T00:00:00.000000000Z,2.00132141,,96860105.166169640268487212741,14.0334253787259,
2011-07-26T00:00:00.000000000Z,1.97632833,,95909693.443641768507648767972,13.8780323232028,
2011-07-27T00:00:00.000000000Z,1.97282473,,96031763.87670444806661244886,13.878224755114,
2011-07-28T00:00:00.000000000Z,1.91925019,,93460973.303242215572222243133,13.4915910756867,
2011-07-29T00:00:00.000000000Z,1.91940166,,93715345.804392192960609098773,13.5123163901227,
2011-07-30T00:00:00.000000000Z,1.91948827,,94012199.625411569793444261251,13.5402806738749,
2011-07-31T00:00:00.000000000Z,1.8957305,,92967105.798706966108144977206,13.3729061022794,
2011-08-01T00:00:00.000000000Z,1.84650394,,90614985.111123234320129531268,13.0191138468732,
2011-08-02T00:00:00.000000000Z,1.73338364,,85106409.820819087579189610754,12.2141564389246,
2011-08-03T00:00:00.000000000Z,1.33360498,,64778839.8286444266174220649912,9.28635691350088,
2011-08-04T00:00:00.000000000Z,1.54422773,,75187308.337114760908957518995,10.7685037481005,
2011-08-05T00:00:00.000000000Z,1.40034516,,68005505.4499448841982333032729,9.73015395967271,
2011-08-06T00:00:00.000000000Z,1.01786264,,48716108.27490205475003264173,6.964169735827,
2011-08-07T00:00:00.000000000Z,1.24329896,,59525730.7401723235532993777323,8.50179329222677,
2011-08-08T00:00:00.000000000Z,1.15587536,,54492287.4570405500513132206896,7.77533763793104,
2011-08-09T00:00:00.000000000Z,1.45369998,,68770905.3858894594839525899474,9.80249948100526,
2011-08-10T00:00:00.000000000Z,1.48953532,,70592463.426575971638359725891,10.0512531274109,
2011-08-11T00:00:00.000000000Z,1.40111707,,66352987.0999368872604708526008,9.43841299473992,
2011-08-12T00:00:00.000000000Z,1.40327416,,66517405.1058663511624338478667,9.45299328521333,
2011-08-13T00:00:00.000000000Z,1.48374896,,70459846.779845474983814554062,10.0040247445938,
2011-08-14T00:00:00.000000000Z,1.60021658,,76185384.590641196566684334892,10.8068207665108,
2011-08-15T00:00:00.000000000Z,1.64552851,,78540420.884596882153326500292,11.1306965499708,
2011-08-16T00:00:00.000000000Z,1.62211392,,77642298.270297294056145330801,10.9919655669199,
2011-08-17T00:00:00.000000000Z,1.61521112,,77519063.154459912424284438925,10.9639640561075,
2011-08-18T00:00:00.000000000Z,1.59806892,,76851374.543934790046547441262,10.8584714558738,
2011-08-19T00:00:00.000000000Z,1.71440506,,82674797.968979644222773567504,11.6704730432496,
2011-08-20T00:00:00.000000000Z,1.68142171,,81268979.461235368299345606663,11.4597317393337,
2011-08-21T00:00:00.000000000Z,1.66508331,,80613411.061281292127822592636,11.3544813407364,
2011-08-22T00:00:00.000000000Z,1.60062575,,77627365.546875633329402753361,10.9208958246639,
2011-08-23T00:00:00.000000000Z,1.60020118,,77686023.973106492064007456458,10.9172450543542,
2011-08-24T00:00:00.000000000Z,1.5924043,,77425826.39045883979666710111,10.870444289889,
2011-08-25T00:00:00.000000000Z,1.38808124,,68057442.836295790048236264173,9.5460936735827,
2011-08-26T00:00:00.000000000Z,1.18126116,,57999391.0464591463181729693746,8.12692016306254,
2011-08-27T00:00:00.000000000Z,1.32290185,,61403063.0189057715243962333723,8.59649760666277,
2011-08-28T00:00:00.000000000Z,1.38880945,,64558051.4550600459856738023378,9.03086639976622,
2011-08-29T00:00:00.000000000Z,1.37651145,,64121560.7601808771274073939801,8.96115727060199,
2011-08-30T00:00:00.000000000Z,1.35371166,,63103900.7336273255868645183519,8.80994873816481,
2011-08-31T00:00:00.000000000Z,1.26084033,,58792427.6026945553403300553477,8.19915176446523,
2011-09-01T00:00:00.000000000Z,1.26774835,,59097439.4281381500161020489187,8.23428166510813,
2011-09-02T00:00:00.000000000Z,1.32640199,,61943210.214172822768198622443,8.6214244377557,
2011-09-03T00:00:00.000000000Z,1.29992885,,60770329.9435313033146859932204,8.44965344067796,
2011-09-04T00:00:00.000000000Z,1.26279873,,59054733.9161238267300002772063,8.20347060227937,
2011-09-05T00:00:00.000000000Z,1.17142574,,54750556.633013010100359748685,7.5973325251315,
2011-09-06T00:00:00.000000000Z,1.05875513,,49391552.2132417905903952106955,6.84653002893045,
2011-09-07T00:00:00.000000000Z,1.10898952,,51723091.9764615546690546647574,7.16297027352426,
2011-09-08T00:00:00.000000000Z,1.03732633,,48265544.1583301817057776970777,6.67818000029223,
2011-09-09T00:00:00.000000000Z,0.7778049,,36079581.1863235601858452821157,4.98677704178843,
2011-09-10T00:00:00.000000000Z,0.74125214,,34346272.5753335999338092482758,4.74284665517242,
2011-09-11T00:00:00.000000000Z,0.95191723,,42421555.2891746438516534746932,5.85290397253068,
2011-09-12T00:00:00.000000000Z,0.99274325,,44185080.5083947762873206776154,6.09062947223846,
2011-09-13T00:00:00.000000000Z,0.94859348,,42136183.2227905766704574296902,5.80252327703098,
2011-09-14T00:00:00.000000000Z,0.9162271,,40687737.5873476407339789983051,5.59743261016949,
2011-09-15T00:00:00.000000000Z,0.79879632,,35421680.8792550896515749531268,4.86775518468732,
2011-09-16T00:00:00.000000000Z,0.7945909,,35184189.4357940700105588947399,4.83116810052601,
2011-09-17T00:00:00.000000000Z,0.78623754,,34809205.82649197034413364699,4.775285635301,
2011-09-18T00:00:00.000000000Z,0.86238311,,38214268.2379545191686784180012,5.23673227819988,
2011-09-19T00:00:00.000000000Z,0.91006394,,40319175.1901053789393031800701,5.52037669199299,
2011-09-20T00:00:00.000000000Z,1.01350919,,44936427.7875229533141030827586,6.14666555172414,
2011-09-21T00:00:00.000000000Z,0.92389277,,40959339.8940596414297809204559,5.59706749795441,
2011-09-22T00:00:00.000000000Z,0.90549337,,40106922.2543714967321247326125,5.47504877673875,
2011-09-23T00:00:00.000000000Z,0.92077591,,40791283.9642198885314094036236,5.56342141963764,
2011-09-24T00:00:00.000000000Z,0.90381871,,40052723.4157994949079295268264,5.45788968731736,
2011-09-25T00:00:00.000000000Z,0.88996971,,39232651.9543561782003918864407,5.34115488135593,
2011-09-26T00:00:00.000000000Z,0.81318218,,35832612.9918351744813487876096,4.87382608123904,
2011-09-27T00:00:00.000000000Z,0.82013287,,36139736.7986978646762321748101,4.91115779251899,
2011-09-28T00:00:00.000000000Z,0.79634397,,35087555.3809285203238522855055,4.76341532144945,
2011-09-29T00:00:00.000000000Z,0.79926256,,35222349.9830989768456380162478,4.77766097837522,
2011-09-30T00:00:00.000000000Z,0.86045873,,37952172.0668639996071993000584,5.14368590999416,
2011-10-01T00:00:00.000000000Z,0.84362417,,37179379.6611472807416876528931,5.03407054471069,
2011-10-02T00:00:00.000000000Z,0.84035131,,37010203.8398970606581034327294,5.00706259672706,
2011-10-03T00:00:00.000000000Z,0.84387152,,37163275.6445176522168952968439,5.02284486031561,
2011-10-04T00:00:00.000000000Z,0.83346608,,36702419.3285474472120471931034,4.95680562068966,
2011-10-05T00:00:00.000000000Z,0.82223206,,36206652.0053711816431527908241,4.88506713091759,
2011-10-06T00:00:00.000000000Z,0.79686105,,35088846.5510788919100021426651,4.73016629573349,
2011-10-07T00:00:00.000000000Z,0.72247318,,31749565.4519795249209691313267,4.27603575686733,
2011-10-08T00:00:00.000000000Z,0.67368961,,29584491.8971069457329154584454,3.98125299415546,
2011-10-09T00:00:00.000000000Z,0.6969726,,30579460.2928622570308201651666,4.11163464348334,
2011-10-10T00:00:00.000000000Z,0.69210157,,30331779.4602407075895998607247,4.07496248392753,
2011-10-11T00:00:00.000000000Z,0.68231478,,29858870.4978892716746667409117,4.00892449590883,
2011-10-12T00:00:00.000000000Z,0.71047083,,31055534.8247905994697488751023,4.16623534248977,
2011-10-13T00:00:00.000000000Z,0.68913751,,30111640.0609292089981306999416,4.03698109000584,
2011-10-14T00:00:00.000000000Z,0.68173462,,29761174.4227967298317200455289,3.98628088544711,
2011-10-15T00:00:00.000000000Z,0.65700741,,28674896.0887511742657049950906,3.83733856049094,
2011-10-16T00:00:00.000000000Z,0.61884987,,26995633.8781329880936825345997,3.60974171654003,
2011-10-17T00:00:00.000000000Z,0.44588055,,19319212.0011644151035315819988,2.58124672180012,
2011-10-18T00:00:00.000000000Z,0.41992353,,18143927.7882639043646044183518,2.42227473816482,
2011-10-19T00:00:00.000000000Z,0.38682853,,16622980.2869094590981197696669,2.21725471303331,
2011-10-20T00:00:00.000000000Z,0.41178781,,17677641.2419972439070191152542,2.35612350847458,
2011-10-21T00:00:00.000000000Z,0.4496029,,19298566.0839499305232294491525,2.57009230508475,
2011-10-22T00:00:00.000000000Z,0.55278915,,23709691.7160227958219837148451,3.15548613851549,
2011-10-23T00:00:00.000000000Z,0.55184552,,23668568.7603677283598349013442,3.14775092986558,
2011-10-24T00:00:00.000000000Z,0.44332969,,18986480.9719773087485181233781,2.52293599766219,
2011-10-25T00:00:00.000000000Z,0.49277864,,21104090.2677726824298323890707,2.80192383109293,
2011-10-26T00:00:00.000000000Z,0.49043071,,20936417.838333890609532609585,2.7775052390415,
2011-10-27T00:00:00.000000000Z,0.53782812,,22971054.4018545353685596241379,3.04540782758621,
2011-10-28T00:00:00.000000000Z,0.56150563,,24000236.3995043234367377341321,3.17963943658679,
2011-10-29T00:00:00.000000000Z,0.63046202,,26960761.1368654556457929126826,3.56918896873174,
2011-10-30T00:00:00.000000000Z,0.57571366,,24623691.9304656430822725703098,3.25740372296902,
2011-10-31T00:00:00.000000000Z,0.57758861,,24703243.2802161609981069725891,3.26509821274109,
2011-11-01T00:00:00.000000000Z,0.56157774,,24015151.4575305371355181715956,3.17100774284044,
2011-11-02T00:00:00.000000000Z,0.57806992,,24682386.853074886860717333723,3.2558005666277,
2011-11-03T00:00:00.000000000Z,0.56292746,,24038966.8774024254892873484512,3.16831638515488,
2011-11-04T00:00:00.000000000Z,0.55505983,,23696205.4424824841115248817066,3.12011817182934,
2011-11-05T00:00:00.000000000Z,0.53030549,,22637220.4585470633843643210403,2.97781759789597,
2011-11-06T00:00:00.000000000Z,0.52799021,,22543785.2477538577102378314436,2.96272057685564,
2011-11-07T00:00:00.000000000Z,0.5382165,,22982488.0770095773692495268264,3.01775768731736,
2011-11-08T00:00:00.000000000Z,0.54611468,,23300822.3703614614678671895383,3.05656711104617,
2011-11-09T00:00:00.000000000Z,0.53811177,,22279947.347776796690870761543,2.9195672238457,
2011-11-10T00:00:00.000000000Z,0.52701216,,21820347.5098107700056769466978,2.85670208533022,
2011-11-11T00:00:00.000000000Z,0.56660138,,23451502.0255460926439907651081,3.06786173348919,
2011-11-12T00:00:00.000000000Z,0.55904007,,23149486.6206415616476817409117,3.02552299590883,
2011-11-13T00:00:00.000000000Z,0.55219421,,22871438.5510300205569530666861,2.98637330333139,
2011-11-14T00:00:00.000000000Z,0.4125825,,17050348.6653359438117720565167,2.22422446434833,
2011-11-15T00:00:00.000000000Z,0.43137161,,17821975.680825228818940842782,2.3223841157218,
2011-11-16T00:00:00.000000000Z,0.50419206,,19561187.6083307787197680925774,2.54678093074226,
2011-11-17T00:00:00.000000000Z,0.45379982,,17521005.0338469775633560423144,2.27909583576856,
2011-11-18T00:00:00.000000000Z,0.42341662,,16197114.5807827300486950678551,2.10506600321449,
2011-11-19T00:00:00.000000000Z,0.44318529,,16967718.4641872348074315819988,2.20345672180012,
2011-11-20T00:00:00.000000000Z,0.44369635,,16972164.4219836515056701035652,2.20198950964348,
2011-11-21T00:00:00.000000000Z,0.45948528,,17585961.9134750552897048459965,2.27987916540035,
2011-11-22T00:00:00.000000000Z,0.46857456,,17930657.6912242184494879385739,2.32245859614261,
2011-11-23T00:00:00.000000000Z,0.4707238,,18006992.7636949613767205249562,2.33032356750438,
2011-11-24T00:00:00.000000000Z,0.49214464,,18859607.3969709709752876970777,2.43887900029223,
2011-11-25T00:00:00.000000000Z,0.50383539,,19319412.4813057120146672707773,2.49616100292227,
2011-11-26T00:00:00.000000000Z,0.50116148,,19145697.4053524113657607097604,2.47179996902396,
2011-11-27T00:00:00.000000000Z,0.50265443,,19204473.0596939506878691880187,2.47756495119813,
2011-11-28T00:00:00.000000000Z,0.52129794,,19714179.479015123155680478083,2.5412402521917,
2011-11-29T00:00:00.000000000Z,0.56397222,,21412425.6116505684474289724138,2.75769848275862,
2011-11-30T00:00:00.000000000Z,0.60468486,,23054151.093997921800788541204,2.9660415458796,
2011-12-01T00:00:00.000000000Z,0.62781131,,23988094.5514114588698132997078,3.08258945002922,
2011-12-02T00:00:00.000000000Z,0.63153668,,24149343.7820451917965914686148,3.10040233313852,
2011-12-03T00:00:00.000000000Z,0.57397228,,21860825.4916698192677204472823,2.80385618527177,
2011-12-04T00:00:00.000000000Z,0.57735261,,22003481.9138109609776861396259,2.81969397603741,
2011-12-05T00:00:00.000000000Z,0.58900798,,22456183.2215927025665135264758,2.87479622735242,
2011-12-06T00:00:00.000000000Z,0.6191175,,23658167.4323784059134918850964,3.02536045149036,
2011-12-07T00:00:00.000000000Z,0.61474353,,23367079.5947218539084880890123,2.98550242109877,
2011-12-08T00:00:00.000000000Z,0.61605341,,23441533.1488087275431866694915,2.99188048305085,
2011-12-09T00:00:00.000000000Z,0.60914874,,23180502.7753935408653323792519,2.95579195207481,
2011-12-10T00:00:00.000000000Z,0.63235376,,24090228.2259012480312946290473,3.06897526709527,
2011-12-11T00:00:00.000000000Z,0.66826403,,25530155.153455259915657528346,3.2492688471654,
2011-12-12T00:00:00.000000000Z,0.65547484,,25063770.9108631963044798348334,3.18733535651666,
2011-12-13T00:00:00.000000000Z,0.66660548,,25507851.9060052308567857146698,3.24108840853302,
2011-12-14T00:00:00.000000000Z,0.65014649,,24855140.432680651925300956166,3.1550865043834,
2011-12-15T00:00:00.000000000Z,0.6600436,,25251622.3390885065304193938048,3.20313854061952,
2011-12-16T00:00:00.000000000Z,0.66134284,,25317850.634544511895390226768,3.2091377773232,
2011-12-17T00:00:00.000000000Z,0.65825176,,25210863.2983263271999178573349,3.19254170426651,
2011-12-18T00:00:00.000000000Z,0.65885831,,25245461.4014765457310550111631,3.19401080888369,
2011-12-19T00:00:00.000000000Z,0.72601344,,27895746.9259071421983067065459,3.52577391934541,
2011-12-20T00:00:00.000000000Z,0.81110758,,31298866.5690259269285519270602,3.95255082729398,
2011-12-21T00:00:00.000000000Z,0.79739555,,30824549.3657255994797617926943,3.88899325073057,
2011-12-22T00:00:00.000000000Z,0.79956455,,30964929.8071197144842525948568,3.90306042051432,
2011-12-23T00:00:00.000000000Z,0.80606997,,31269805.4429388396365596402104,3.93796507597896,
2011-12-24T00:00:00.000000000Z,0.80659692,,31309912.2027210411688681135593,3.93941911864407,
2011-12-25T00:00:00.000000000Z,0.86693708,,33686973.4646124207083391215079,4.23386687784921,
2011-12-26T00:00:00.000000000Z,0.81869415,,31854606.0525012789622192594389,3.99912196405611,
2011-12-27T00:00:00.000000000Z,0.83793425,,32652135.893851766526018541204,4.0955185458796,
2011-12-28T00:00:00.000000000Z,0.86007177,,33575903.9675223205060827390415,4.20729587609585,
2011-12-29T00:00:00.000000000Z,0.85308817,,33333816.1991302427797980323203,4.17335222676797,
2011-12-30T00:00:00.000000000Z,0.88040913,,34460941.1204362932895906999416,4.31063509000584,
2011-12-31T00:00:00.000000000Z,0.96110917,,37723643.5012842905855851861485,4.71430633138515,
2012-01-01T00:00:00.000000000Z,1.07623657,,42409572.656299421998340226768,5.2948427773232,
2012-01-02T00:00:00.000000000Z,1.05930034,,41728286.738805644147460081239,5.2048778918761,
2012-01-03T00:00:00.000000000Z,0.99064729,,39086320.3529374962683606124489,4.87050882875511,
2012-01-04T00:00:00.000000000Z,1.13112076,,44867464.8198989925104846290473,5.58570626709527,
2012-01-05T00:00:00.000000000Z,1.37524885,,55266279.5843808664113436273524,6.87400087726476,
2012-01-06T00:00:00.000000000Z,1.3299183,,53790339.7441865940060674002338,6.68331663997662,
2012-01-07T00:00:00.000000000Z,1.34825017,,54761626.3208299984100898928697,6.79622798071303,
2012-01-08T00:00:00.000000000Z,1.40190243,,57240164.0669821379541395366452,7.09665056633548,
2012-01-09T00:00:00.000000000Z,1.23859081,,50773658.5143769566697188751023,6.28853834248977,
2012-01-10T00:00:00.000000000Z,1.28528776,,52756929.2392635303659458476914,6.52847455523086,
2012-01-11T00:00:00.000000000Z,1.35196805,,55724087.3297057629385661878434,6.88912772121566,
2012-01-12T00:00:00.000000000Z,1.3223058,,54841823.7652839429194386420806,6.77356419579194,
2012-01-13T00:00:00.000000000Z,1.2583872,,52302655.5181212829735837987727,6.45436889012273,
2012-01-14T00:00:00.000000000Z,1.3151655,,54844030.6997081498836619739334,6.76172714260666,
2012-01-15T00:00:00.000000000Z,1.36849062,,57206212.5643619167972432184688,7.04692255815312,
2012-01-16T00:00:00.000000000Z,1.30213368,,54575392.9763689329572307343074,6.71560766656926,
2012-01-17T00:00:00.000000000Z,1.08841281,,45550124.6988935595255659967855,5.59962195032145,
2012-01-18T00:00:00.000000000Z,1.14730395,,48033192.734276802258025918644,5.9002312881356,
2012-01-19T00:00:00.000000000Z,1.22398742,,51462900.7778292243633031559994,6.31570634161309,
2012-01-20T00:00:00.000000000Z,1.25883339,,53023889.7015815087630265169733,6.50149198831093,
2012-01-21T00:00:00.000000000Z,1.19649675,,50457226.8371271632662794090614,6.18056832554062,
2012-01-22T00:00:00.000000000Z,1.2195885,,51499331.8728144653175218328482,6.30296722676797,
2012-01-23T00:00:00.000000000Z,1.23243877,,52141059.2109997164344049282023,6.37487607714787,
2012-01-24T00:00:00.000000000Z,1.21229511,,51363476.588777418612117614547,6.27447647574518,
2012-01-25T00:00:00.000000000Z,1.12369377,,47608030.1395603786333361534472,5.81046507247224,
2012-01-26T00:00:00.000000000Z,1.04093223,,44013389.2315658976961663158186,5.36722695441262,
2012-01-27T00:00:00.000000000Z,1.03027298,,43525207.674566448444458785536,5.30313719696084,
2012-01-28T00:00:00.000000000Z,1.09958449,,46493492.3879175658244308375359,5.65979677498539,
2012-01-29T00:00:00.000000000Z,1.04861043,,44333949.5254596023242934945394,5.39142945733489,
2012-01-30T00:00:00.000000000Z,1.07087848,,45302689.8331199776625547731876,5.50348193863238,
2012-01-31T00:00:00.000000000Z,1.07878577,,45630179.8131558644168690758398,5.53822029573349,
2012-02-01T00:00:00.000000000Z,1.18086101,,50097529.465823053263761763321,6.07523265225015,
2012-02-02T00:00:00.000000000Z,1.18457113,,50346734.5162590309124674844122,6.09957291291642,
2012-02-03T00:00:00.000000000Z,1.15560669,,49172452.217667245913074183808,5.95161092752776,
2012-02-04T00:00:00.000000000Z,1.14466214,,48754423.463084138137637153855,5.8954132390415,
2012-02-05T00:00:00.000000000Z,1.10288002,,46997711.3163294267111238765713,5.67811571712449,
2012-02-06T00:00:00.000000000Z,1.066879,,45419983.1913354628039411544295,5.48266405844535,
2012-02-07T00:00:00.000000000Z,1.10174851,,46944668.6265211427427059295358,5.66202770017534,
2012-02-08T00:00:00.000000000Z,1.09353017,,46624742.393781376613474733138,5.6185281899474,
2012-02-09T00:00:00.000000000Z,1.1353915,,48469226.5486473539258949073308,5.83569985417884,
2012-02-10T00:00:00.000000000Z,1.15551803,,49358488.2260604115622279985632,5.93783415546464,
2012-02-11T00:00:00.000000000Z,1.09013106,,46693173.2952981165486068603208,5.61213285330216,
2012-02-12T00:00:00.000000000Z,1.07230709,,45962713.3373782322514627327776,5.51909716949152,
2012-02-13T00:00:00.000000000Z,1.04822456,,44577415.1775776582959938566839,5.34835455932203,
2012-02-14T00:00:00.000000000Z,0.88628318,,37401255.0827969568595104124373,4.48365409175921,
2012-02-15T00:00:00.000000000Z,0.85881942,,36111133.058548435295564183203,4.3255203220339,
2012-02-16T00:00:00.000000000Z,0.84731155,,35553758.0945588610056316009792,4.25523904500292,
2012-02-17T00:00:00.000000000Z,0.87548728,,36725954.1755716949994294939136,4.39153837288136,
2012-02-18T00:00:00.000000000Z,0.85418126,,35746730.9923883839098420015168,4.27008127761543,
2012-02-19T00:00:00.000000000Z,0.87896592,,36781545.9474073876160604580032,4.38955145821157,
2012-02-20T00:00:00.000000000Z,0.8748865,,36607515.9514103972548238790336,4.36513593892461,
2012-02-21T00:00:00.000000000Z,0.86595781,,36215860.8736998584843976366464,4.31511560198714,
2012-02-22T00:00:00.000000000Z,0.88771358,,37125478.5490161979309943572864,4.41931028755114,
2012-02-23T00:00:00.000000000Z,1.01031089,,42377486.3111246144616161766336,5.03951511805961,
2012-02-24T00:00:00.000000000Z,1.0069634,,42297987.9602571529961493825792,5.02560875891292,
2012-02-25T00:00:00.000000000Z,0.9562508,,40207641.3093143647875857970496,4.77256738106371,
2012-02-26T00:00:00.000000000Z,0.987122,,41540764.984809741428071423488,4.9264208515488,
2012-02-27T00:00:00.000000000Z,0.99206546,,41798937.8663465141802324760912,4.95251575628287,
2012-02-28T00:00:00.000000000Z,0.97277124,,41033824.2476843687341479225984,4.85725777556984,
2012-02-29T00:00:00.000000000Z,0.98303424,,41208302.2260782840522474410592,4.87274875569842,
2012-03-01T00:00:00.000000000Z,0.99267825,,41662586.1877453118895809208192,4.92207212361192,
2012-03-02T00:00:00.000000000Z,0.95273137,,39939932.6181187140124679192608,4.71482358708358,
2012-03-03T00:00:00.000000000Z,0.93570447,,39232224.0822648785206990920768,4.62819325248393,
2012-03-04T00:00:00.000000000Z,0.97707036,,41011143.3275119284039790338096,4.83414448158971,
2012-03-05T00:00:00.000000000Z,1.00656035,,42304951.9775090703758053122864,4.98239290385739,
2012-03-06T00:00:00.000000000Z,1.00730295,,42385380.6109389924971063818048,4.98784135242548,
2012-03-07T00:00:00.000000000Z,0.99924077,,42094384.3170107198754325893168,4.94911288457043,
2012-03-08T00:00:00.000000000Z,0.99664788,,42012666.4557194923512980618464,4.93497949503214,
2012-03-09T00:00:00.000000000Z,0.98421823,,41519969.8276716965963277251888,4.87229784745763,
2012-03-10T00:00:00.000000000Z,0.97883044,,41296814.0869930937189714578752,4.84142380479252,
2012-03-11T00:00:00.000000000Z,0.98947911,,41761245.3260204777796218492224,4.89202875160724,
2012-03-12T00:00:00.000000000Z,0.99347632,,41962583.915385623688257559416,4.91083937931035,
2012-03-13T00:00:00.000000000Z,1.06881595,,45252318.7638340509355294001184,5.29088027878434,
2012-03-14T00:00:00.000000000Z,1.08718901,,46141650.8091322220267933481552,5.39054329222677,
2012-03-15T00:00:00.000000000Z,1.07616655,,45748352.0001094922937823756704,5.34082089888954,
2012-03-16T00:00:00.000000000Z,1.07471861,,45778525.8513540601923475098384,5.33957479135009,
2012-03-17T00:00:00.000000000Z,1.05459511,,44935070.058960664821792165432,5.23600355406195,
2012-03-18T00:00:00.000000000Z,1.06154819,,45270265.3049686713958738403616,5.27014898538866,
2012-03-19T00:00:00.000000000Z,0.94459498,,40222970.553075301265153235368,4.67867255289305,
2012-03-20T00:00:00.000000000Z,0.97583693,,41569730.3707869667362319432656,4.83083021624781,
2012-03-21T00:00:00.000000000Z,0.97521983,,41490751.3059374516062231276928,4.81722952483928,
2012-03-22T00:00:00.000000000Z,0.958695,,40773436.216431102619678656616,4.72960850496785,
2012-03-23T00:00:00.000000000Z,0.95107358,,40475698.6354922610827495641872,4.69164317650497,
2012-03-24T00:00:00.000000000Z,0.94428539,,40176369.1937505408724949171136,4.65198626592636,
2012-03-25T00:00:00.000000000Z,0.92514492,,39350918.1870629520227915638464,4.55227026241964,
2012-03-26T00:00:00.000000000Z,0.94207727,,40081342.504943627640349461624,4.63272235973115,
2012-03-27T00:00:00.000000000Z,0.97836225,,41664239.696358586465507294488,4.81134073524255,
2012-03-28T00:00:00.000000000Z,0.97414873,,41520470.9819525653026592958512,4.79058939158387,
2012-03-29T00:00:00.000000000Z,0.97547676,,41584406.1896004832925816783376,4.79406657218001,
2012-03-30T00:00:00.000000000Z,1.00380823,,42205979.8030703586945224816416,4.86140935651666,
2012-03-31T00:00:00.000000000Z,1.00947443,,42493825.1566139557101534096608,4.88977687317358,
2012-04-01T00:00:00.000000000Z,0.98982662,,41689664.052434101913335402504,4.79332567738165,
2012-04-02T00:00:00.000000000Z,1.02854689,,43368642.366962807613723507112,4.98304547866745,
2012-04-03T00:00:00.000000000Z,1.02616999,,43168247.5506501677132874004592,4.95623319286967,
2012-04-04T00:00:00.000000000Z,1.01818959,,42867553.2376253312740684942512,4.91784217767387,
2012-04-05T00:00:00.000000000Z,1.01855009,,42922552.0297456185202115159728,4.92084924488603,
2012-04-06T00:00:00.000000000Z,1.02383214,,43202690.5516701631535875132464,4.94910743220339,
2012-04-07T00:00:00.000000000Z,0.9749089,,41143291.2398658417364582737888,4.70971191028638,
2012-04-08T00:00:00.000000000Z,0.98932901,,41782839.5652477910340594018224,4.77881884921099,
2012-04-09T00:00:00.000000000Z,1.00365621,,42462896.8070130119486092360496,4.85254738106371,
2012-04-10T00:00:00.000000000Z,1.00159858,,42401088.4610957999092945445104,4.84141759380479,
2012-04-11T00:00:00.000000000Z,1.01641869,,43082370.7585828439966977815824,4.91525071712449,
2012-04-12T00:00:00.000000000Z,1.01283392,,42989971.1698238800684172449104,4.90115814728229,
2012-04-13T00:00:00.000000000Z,1.01932475,,43311954.0987148277563956178544,4.93440673348919,
2012-04-14T00:00:00.000000000Z,1.0235231,,43539137.427506486549337566232,4.95636466101695,
2012-04-15T00:00:00.000000000Z,1.0239991,,43611674.746637356886772968736,4.9616003383986,
2012-04-16T00:00:00.000000000Z,1.02128074,,43553560.8003258946883077901024,4.95076456925774,
2012-04-17T00:00:00.000000000Z,1.02477367,,43745275.462409788058599453104,4.9687445075979,
2012-04-18T00:00:00.000000000Z,1.05577307,,45148790.3372441266950139463328,5.12437744301578,
2012-04-19T00:00:00.000000000Z,1.05634217,,45246592.9000886136529558981184,5.13090651139684,
2012-04-20T00:00:00.000000000Z,1.10253174,,47365623.0081458269467701657728,5.36651596814728,
2012-04-21T00:00:00.000000000Z,1.08513311,,46665206.220010782538562433768,5.28255033898305,
2012-04-22T00:00:00.000000000Z,1.06645583,,45933549.5300151014465249700992,5.19560899473992,
2012-04-23T00:00:00.000000000Z,1.05038086,,45219044.9331669042146051888576,5.11088819170076,
2012-04-24T00:00:00.000000000Z,1.04562838,,45050471.4660248507275115638464,5.08786726241964,
2012-04-25T00:00:00.000000000Z,1.05274593,,45622838.6301180585034209810048,5.14881624547048,
2012-04-26T00:00:00.000000000Z,1.04365008,,45206923.3765706386612561066528,5.09741928579778,
2012-04-27T00:00:00.000000000Z,1.04332334,,45227734.4151852471695682720848,5.09588733985973,
2012-04-28T00:00:00.000000000Z,1.01826429,,44154757.074096504321488648096,4.9707366528346,
2012-04-29T00:00:00.000000000Z,1.00664344,,43593436.4540051589172084942512,4.90260617767387,
2012-04-30T00:00:00.000000000Z,1.0154865,,43988992.609362797761966487776,4.9421168100526,
2012-05-01T00:00:00.000000000Z,1.02469896,,44432102.8216879314878747496368,4.98713722735243,
2012-05-02T00:00:00.000000000Z,1.03816859,,45060693.9929348372831449666912,5.05343735388662,
2012-05-03T00:00:00.000000000Z,1.05122986,,45684356.1663689922603165988592,5.11887297895967,
2012-05-04T00:00:00.000000000Z,1.04434248,,45427514.2563447307119031413248,5.08550708825248,
2012-05-05T00:00:00.000000000Z,1.0384012,,45211871.1038448333931855067712,5.05663956458212,
2012-05-06T00:00:00.000000000Z,1.03909745,,45174234.635717226113101623648,5.0478007729398,
2012-05-07T00:00:00.000000000Z,1.04315667,,45394102.9331212676059925414432,5.06755586703682,
2012-05-08T00:00:00.000000000Z,1.034375,,45043365.4409510752293763835088,5.02346642285213,
2012-05-09T00:00:00.000000000Z,1.03787929,,45245170.5745623381763836677728,5.04130623553478,
2012-05-10T00:00:00.000000000Z,1.01481717,,44255453.1552541012152352965328,4.92748871975453,
2012-05-11T00:00:00.000000000Z,1.02276513,,44616259.1245059444702612955104,4.96370997749854,
2012-05-12T00:00:00.000000000Z,1.01650991,,44493514.9580554357249509212032,4.94653223495032,
2012-05-13T00:00:00.000000000Z,1.01723564,,44512502.7692322841136390736848,4.94479505376973,
2012-05-14T00:00:00.000000000Z,1.03132782,,45147226.035850853773310545192,5.01143592197545,
2012-05-15T00:00:00.000000000Z,1.03590742,,45379981.2987054331407776790192,5.03364040035067,
2012-05-16T00:00:00.000000000Z,1.04782389,,45898889.9592117671146452414528,5.08778450905903,
2012-05-17T00:00:00.000000000Z,1.04954557,,45945344.7341430765633281189568,5.08966168644068,
2012-05-18T00:00:00.000000000Z,1.05722248,,46240989.2507091410122370254112,5.11830148275862,
2012-05-19T00:00:00.000000000Z,1.05598806,,46227078.4383697842933337843776,5.11254581122151,
2012-05-20T00:00:00.000000000Z,1.05630265,,46096356.3636110837100641263076,5.09420096843951,
2012-05-21T00:00:00.000000000Z,1.05927394,,46128634.017214514476135772776,5.0942213100526,
2012-05-22T00:00:00.000000000Z,1.05870456,,46111877.4979064106317112833724,5.08913918877849,
2012-05-23T00:00:00.000000000Z,1.0665583,,46505109.0365551702547296584872,5.12885889976622,
2012-05-24T00:00:00.000000000Z,1.06748348,,46449140.2297058988408583738264,5.11915775920514,
2012-05-25T00:00:00.000000000Z,1.07106937,,46644625.5590230508511230675088,5.13727680654588,
2012-05-26T00:00:00.000000000Z,1.0671858,,46378529.9219800671693757596752,5.10397880479252,
2012-05-27T00:00:00.000000000Z,1.07321035,,46697743.5527629218111158715252,5.13461613500877,
2012-05-28T00:00:00.000000000Z,1.07353739,,46749756.8619826826577612156568,5.13632541905318,
2012-05-29T00:00:00.000000000Z,1.07601639,,46892736.0002514611278623438752,5.14847069783752,
2012-05-30T00:00:00.000000000Z,1.07393,,46833433.2899376355448783492024,5.13826456925774,
2012-05-31T00:00:00.000000000Z,1.08799952,,47264535.5087475967755818757816,5.18163972121566,
2012-06-01T00:00:00.000000000Z,1.10502904,,48082668.4851857608821371998624,5.26694375803624,
2012-06-02T00:00:00.000000000Z,1.09982963,,47911865.7285013782759939377996,5.24363906019871,
2012-06-03T00:00:00.000000000Z,1.09327409,,47669093.9167381650426253019796,5.21270498480421,
2012-06-04T00:00:00.000000000Z,1.10255401,,48131066.3619031468168832690584,5.25876585739334,
2012-06-05T00:00:00.000000000Z,1.13624416,,49701695.6204057971184055537556,5.42601429485681,
2012-06-06T00:00:00.000000000Z,1.13951888,,49927977.564104933450408609442,5.44616942197545,
2012-06-07T00:00:00.000000000Z,1.16734111,,51259435.1236351186193554445412,5.58716980976037,
2012-06-08T00:00:00.000000000Z,1.17328064,,51623477.4284121319990203166992,5.62252910169492,
2012-06-09T00:00:00.000000000Z,1.15906527,,51069353.1465240676991477709508,5.55700233547633,
2012-06-10T00:00:00.000000000Z,1.13827143,,50203835.1377346650217243852024,5.45789356925774,
2012-06-11T00:00:00.000000000Z,1.16358167,,51430487.6859133798208756119596,5.58699698158971,
2012-06-12T00:00:00.000000000Z,1.19076668,,52768467.13245697507972845687,5.72749129865575,
2012-06-13T00:00:00.000000000Z,1.22631584,,54487837.2241725375162029829976,5.90930132378726,
2012-06-14T00:00:00.000000000Z,1.23632319,,55020472.8650254604787824665728,5.96202318205728,
2012-06-15T00:00:00.000000000Z,1.34544986,,60252816.2857501790922851827008,6.52338071917008,
2012-06-16T00:00:00.000000000Z,1.32650659,,59571347.4022231470597669742856,6.44415828229106,
2012-06-17T00:00:00.000000000Z,1.27481556,,57364819.488091643843207060812,6.1999664880187,
2012-06-18T00:00:00.000000000Z,1.29624188,,58445933.088484258129874829586,6.31084466861485,
2012-06-19T00:00:00.000000000Z,1.33207309,,60197562.7843707703500239186808,6.49482671595558,
2012-06-20T00:00:00.000000000Z,1.37148675,,62087975.5612593188121755391684,6.69355105552309,
2012-06-21T00:00:00.000000000Z,1.36507314,,61935878.795940041586439373302,6.67226250379895,
2012-06-22T00:00:00.000000000Z,1.340806,,60974000.2095229460519599198752,6.56376169783752,
2012-06-23T00:00:00.000000000Z,1.31590739,,59947245.3952568995925283747072,6.44754168907072,
2012-06-24T00:00:00.000000000Z,1.29595593,,59086522.1230845582573710489268,6.35049403857393,
2012-06-25T00:00:00.000000000Z,1.28915512,,58827936.8369208970090393204716,6.31747363004091,
2012-06-26T00:00:00.000000000Z,1.31046257,,59950340.3347691705993288388636,6.43286082875511,
2012-06-27T00:00:00.000000000Z,1.34542168,,61708332.8354678596706161913208,6.61571340151958,
2012-06-28T00:00:00.000000000Z,1.33892459,,61514234.8414298521156134032568,6.59006463296318,
2012-06-29T00:00:00.000000000Z,1.35144702,,62204229.6617025026319186813456,6.65877675715956,
2012-06-30T00:00:00.000000000Z,1.35478588,,62450576.1424102938481574663372,6.68042762302747,
2012-07-01T00:00:00.000000000Z,1.3431952,,61996862.0231236605040885750616,6.62686009234366,
2012-07-02T00:00:00.000000000Z,1.36464463,,63139118.9331233329417699763496,6.74347805084746,
2012-07-03T00:00:00.000000000Z,1.30578732,,60442815.6128761568485646923544,6.44999240327294,
2012-07-04T00:00:00.000000000Z,1.31743258,,61099319.2731539136416178146352,6.51483533313852,
2012-07-05T00:00:00.000000000Z,1.34189548,,62343495.4174786003210945442496,6.64239860432496,
2012-07-06T00:00:00.000000000Z,1.34647254,,62674734.907889853556067083942,6.67218118936295,
2012-07-07T00:00:00.000000000Z,1.37465592,,64009620.5290601189611165193316,6.80827371186441,
2012-07-08T00:00:00.000000000Z,1.37033073,,63949204.9182681488883722859556,6.79631768790181,
2012-07-09T00:00:00.000000000Z,1.41488587,,66227870.7713837923584913000656,7.03239588603156,
2012-07-10T00:00:00.000000000Z,1.45714854,,67658405.1946866860140965563292,7.17858003565167,
2012-07-11T00:00:00.000000000Z,1.45509139,,67768447.0097486059240746411852,7.18514778901227,
2012-07-12T00:00:00.000000000Z,1.52548031,,71322291.2797527710911138855456,7.55593565020456,
2012-07-13T00:00:00.000000000Z,1.53494235,,72092290.425404854475917764594,7.63092125599065,
2012-07-14T00:00:00.000000000Z,1.53495281,,71673457.7976277190628041160708,7.58012917825833,
2012-07-15T00:00:00.000000000Z,1.54252702,,72172253.374613990413090500374,7.62723485973115,
2012-07-16T00:00:00.000000000Z,1.70367355,,80432043.408813817239514963754,8.49340567738165,
2012-07-17T00:00:00.000000000Z,1.73352208,,82956039.7925138679380012607552,8.75198485505552,
2012-07-18T00:00:00.000000000Z,1.79066623,,86279636.686174184889406531922,9.09519268614845,
2012-07-19T00:00:00.000000000Z,1.73994899,,84293767.0609294083574633865212,8.87953341350087,
2012-07-20T00:00:00.000000000Z,1.67043972,,81062036.8474379128516831071376,8.53245067913501,
2012-07-21T00:00:00.000000000Z,1.73068675,,84385115.1861667047784908356864,8.87564584102864,
2012-07-22T00:00:00.000000000Z,1.65722469,,80941985.2197790508289608826624,8.50656254412624,
2012-07-23T00:00:00.000000000Z,1.65967218,,81236668.7736295812066379343808,8.53121126943308,
2012-07-24T00:00:00.000000000Z,1.66485314,,81718713.0381818985951789717168,8.57458517066043,
2012-07-25T00:00:00.000000000Z,1.69811126,,83645016.875442053702176263648,8.7693472729398,
2012-07-26T00:00:00.000000000Z,1.71150143,,84735065.9655043871519522295808,8.87576504617183,
2012-07-27T00:00:00.000000000Z,1.71018114,,84964035.3519617151703868738016,8.89145989421391,
2012-07-28T00:00:00.000000000Z,1.69715731,,84564417.2124465461476842788016,8.84256089421391,
2012-07-29T00:00:00.000000000Z,1.67503455,,83729650.9797973217602746515984,8.74768065926359,
2012-07-30T00:00:00.000000000Z,1.73507837,,87070078.9902547018268608385596,9.08831724897721,
2012-07-31T00:00:00.000000000Z,1.77024687,,89359853.3198795272450730039028,9.32099840210403,
2012-08-01T00:00:00.000000000Z,1.80931121,,91792148.9819307919607186395364,9.56802090385739,
2012-08-02T00:00:00.000000000Z,1.9719365,,101309923.543755514350007861592,10.5510396960842,
2012-08-03T00:00:00.000000000Z,2.02602743,,104901352.049123213345634809144,10.9158647466394,
2012-08-04T00:00:00.000000000Z,2.01583662,,105023525.55421202888555733834,10.9197148807715,
2012-08-05T00:00:00.000000000Z,1.9855767,,103996446.38395109153181733932,10.805117377557,
2012-08-06T00:00:00.000000000Z,1.98923564,,104691683.561057459694500687784,10.8694465017534,
2012-08-07T00:00:00.000000000Z,1.99677645,,105473278.22214039173035473906,10.9412794400935,
2012-08-08T00:00:00.000000000Z,2.00790333,,106809795.889657439269071931396,11.0703915967271,
2012-08-09T00:00:00.000000000Z,2.00671418,,107225783.724115229879308256344,11.1037247440094,
2012-08-10T00:00:00.000000000Z,2.06026781,,110635487.427981082995863305598,11.4475688045003,
2012-08-11T00:00:00.000000000Z,2.07039383,,111650254.365429439733343434686,11.5425355271771,
2012-08-12T00:00:00.000000000Z,2.0737898,,112226225.21950373338615303713,11.5925523898305,
2012-08-13T00:00:00.000000000Z,2.13114399,,116120988.80014006740518220229,11.9849629903565,
2012-08-14T00:00:00.000000000Z,2.1544732,,118175116.366728851309916738898,12.1870974810053,
2012-08-15T00:00:00.000000000Z,2.30814027,,127816786.765518395990461783956,13.1700773538866,
2012-08-16T00:00:00.000000000Z,2.33572798,,130644707.355276847476769118374,13.4507908246639,
2012-08-17T00:00:00.000000000Z,2.0858717,,117384750.653737809166794568314,12.0770055423729,
2012-08-18T00:00:00.000000000Z,1.97544904,,112617191.420442989016235654694,11.5775071648159,
2012-08-19T00:00:00.000000000Z,1.36686681,,76241597.0605920279327791452712,7.83062184190532,
2012-08-20T00:00:00.000000000Z,1.71866113,,97254297.6272688430387679654038,9.97987664874343,
2012-08-21T00:00:00.000000000Z,1.70425191,,96590617.1518646743482777389996,9.90298201811806,
2012-08-22T00:00:00.000000000Z,1.67933753,,95394694.25352701620199029394,9.772554578609,
2012-08-23T00:00:00.000000000Z,1.72984273,,98563560.451377847362837432756,10.0886574260666,
2012-08-24T00:00:00.000000000Z,1.80794118,,103579438.083468705302850162472,10.5940425943892,
2012-08-25T00:00:00.000000000Z,1.80118006,,103551116.367794296671900137286,10.5836766715371,
2012-08-26T00:00:00.000000000Z,1.7917826,,103272277.54724193275551529696,10.545530742256,
2012-08-27T00:00:00.000000000Z,1.83189532,,106826341.312402851382161714836,10.9003800806546,
2012-08-28T00:00:00.000000000Z,1.83040885,,107228161.791973004802268889826,10.9329585336061,
2012-08-29T00:00:00.000000000Z,1.81697118,,106680232.039701202453020808188,10.8677839018118,
2012-08-30T00:00:00.000000000Z,1.79273795,,105388224.841996644241684617876,10.7277488383986,
2012-08-31T00:00:00.000000000Z,1.67505198,,99315679.958975714825003888448,10.1024098205728,
2012-09-01T00:00:00.000000000Z,1.66090374,,98453677.43007717403120056891,10.0065329374635,
2012-09-02T00:00:00.000000000Z,1.69521665,,100697998.07804375556777953709,10.2261162016365,
2012-09-03T00:00:00.000000000Z,1.73716742,,103449153.796940013319342182294,10.4971343091759,
2012-09-04T00:00:00.000000000Z,1.71209367,,102216419.781020796353812291374,10.3640018942139,
2012-09-05T00:00:00.000000000Z,1.81269181,,108839992.777019663021405202842,11.0255228784337,
2012-09-06T00:00:00.000000000Z,1.82965166,,110270518.503703248003029918532,11.1607690157802,
2012-09-07T00:00:00.000000000Z,1.81354854,,109527232.635836487095021359432,11.0761223366452,
2012-09-08T00:00:00.000000000Z,1.80523977,,109282433.328883745601484417374,11.0432700333139,
2012-09-09T00:00:00.000000000Z,1.8034734,,109556670.676912845183477862408,11.0620954932788,
2012-09-10T00:00:00.000000000Z,1.78632149,,110265963.612544265543284945275,11.1252888047925,
2012-09-11T00:00:00.000000000Z,1.80560418,,111763030.611870500814875602419,11.2680929552893,
2012-09-12T00:00:00.000000000Z,1.80894872,,112318809.251881742926830968664,11.3152859082408,
2012-09-13T00:00:00.000000000Z,1.81613397,,113038122.8594747947822575576,11.38029928872,
2012-09-14T00:00:00.000000000Z,1.86613678,,116607709.44687809598098780069,11.730107622443,
2012-09-15T00:00:00.000000000Z,1.85833105,,116575632.237390514965195565095,11.7183934155465,
2012-09-16T00:00:00.000000000Z,1.87885659,,118347752.158978594970168564631,11.8869112238457,
2012-09-17T00:00:00.000000000Z,1.87699904,,118660902.48040031662663968894,11.908317157218,
2012-09-18T00:00:00.000000000Z,1.92401948,,122264149.064017501165583392164,12.2596508386908,
2012-09-19T00:00:00.000000000Z,1.9513395,,124797693.409993096970789186406,12.5048540981882,
2012-09-20T00:00:00.000000000Z,1.91810213,,123517671.275736569341447939057,12.3671766493279,
2012-09-21T00:00:00.000000000Z,1.90624657,,123287120.193805315497476402538,12.3336578357686,
2012-09-22T00:00:00.000000000Z,1.88391087,,122184176.752436908425532674773,12.2137276250731,
2012-09-23T00:00:00.000000000Z,1.87373566,,121797452.587397627465974173732,12.1654630263004,
2012-09-24T00:00:00.000000000Z,1.86187643,,121370769.4399805706867206682,12.11358871654,
2012-09-25T00:00:00.000000000Z,1.86751446,,122144938.291322554665410867163,12.1824053945061,
2012-09-26T00:00:00.000000000Z,1.88332202,,123608911.077196368282127740096,12.3198168597312,
2012-09-27T00:00:00.000000000Z,1.87790927,,123697386.924438446839558113594,12.3187514018118,
2012-09-28T00:00:00.000000000Z,1.87920326,,124424855.711886054337032641363,12.3814573892461,
2012-09-29T00:00:00.000000000Z,1.87778161,,124763144.954182384200700663709,12.4047515055523,
2012-09-30T00:00:00.000000000Z,1.87229802,,124729610.611877457022735034907,12.3916224728229,
2012-10-01T00:00:00.000000000Z,1.8688831,,124788341.822584619015303239749,12.3893951601403,
2012-10-02T00:00:00.000000000Z,1.9232089,,129090428.092048715054876950232,12.8072380958504,
2012-10-03T00:00:00.000000000Z,1.93693159,,130670285.501997497017359336291,12.9554304944477,
2012-10-04T00:00:00.000000000Z,1.91743612,,129816072.093177914201158668091,12.8623857779077,
2012-10-05T00:00:00.000000000Z,1.8990167,,128790912.278795843732201719356,12.7522194190532,
2012-10-06T00:00:00.000000000Z,1.86118784,,126392347.029225051539562378574,12.5051297136178,
2012-10-07T00:00:00.000000000Z,1.76871725,,120087550.576049044498773976266,11.8739970853302,
2012-10-08T00:00:00.000000000Z,1.74493179,,118769339.493120558120870828915,11.7333297481005,
2012-10-09T00:00:00.000000000Z,1.7595105,,119818327.747180794594624783757,11.8286634354179,
2012-10-10T00:00:00.000000000Z,1.79846745,,122750116.81018908700584402189,12.109188478083,
2012-10-11T00:00:00.000000000Z,1.79078273,,122411314.489062459176588499536,12.0675518082992,
2012-10-12T00:00:00.000000000Z,1.7833828,,122100407.829569664912737462097,12.0280681648159,
2012-10-13T00:00:00.000000000Z,1.76778643,,121160702.537981393265433647468,11.9268038293396,
2012-10-14T00:00:00.000000000Z,1.72624831,,118428590.740063466658845716128,11.6505779608416,
2012-10-15T00:00:00.000000000Z,1.76179327,,121149067.610154693673596388367,11.9083095268849,
2012-10-16T00:00:00.000000000Z,1.7507955,,120627515.201446837425480411865,11.8480180689655,
2012-10-17T00:00:00.000000000Z,1.7561613,,121438778.882745825238258693201,11.9193881607247,
2012-10-18T00:00:00.000000000Z,1.75473806,,121599076.919271722504887093782,11.9259328445354,
2012-10-19T00:00:00.000000000Z,1.72901826,,119960921.852885109729432572118,11.7574857971946,
2012-10-20T00:00:00.000000000Z,1.71932352,,119409417.795042041468368856103,11.6943775517241,
2012-10-21T00:00:00.000000000Z,1.70878321,,119125804.49907811951338363249,11.657411405903,
2012-10-22T00:00:00.000000000Z,1.71974123,,120072950.748996098152760241012,11.7410779129164,
2012-10-23T00:00:00.000000000Z,1.71372613,,119808539.913770820711458942975,11.7077817299825,
2012-10-24T00:00:00.000000000Z,1.70097555,,119151358.079871513460549144006,11.6343523869082,
2012-10-25T00:00:00.000000000Z,1.57445232,,110208467.300596673175956418315,10.7536298202805,
2012-10-26T00:00:00.000000000Z,1.4868804,,103907129.81990696200005294493,10.130619493571,
2012-10-27T00:00:00.000000000Z,1.53614064,,107358406.444931021168872277305,10.4581862957335,
2012-10-28T00:00:00.000000000Z,1.57242952,,110031900.950781660553426371453,10.7099620838691,
2012-10-29T00:00:00.000000000Z,1.56040388,,109301962.213376286270646622442,10.6307389760374,
2012-10-30T00:00:00.000000000Z,1.59285398,,111729837.033270235848410809082,10.8593230584454,
2012-10-31T00:00:00.000000000Z,1.63149593,,114760401.036732967242535598712,11.1460718381064,
2012-11-01T00:00:00.000000000Z,1.5558671,,109350090.908212352476976999724,10.6135357510228,
2012-11-02T00:00:00.000000000Z,1.5453108,,108569913.278300606877912145091,10.5305036388077,
2012-11-03T00:00:00.000000000Z,1.56238365,,109887377.78346366606861016521,10.650747019287,
2012-11-04T00:00:00.000000000Z,1.58109304,,111479866.792070668405125557715,10.7968828924605,
2012-11-05T00:00:00.000000000Z,1.57225848,,110986940.924620169030764168775,10.7408207352425,
2012-11-06T00:00:00.000000000Z,1.58971981,,112376509.543842361669181178639,10.8681974991233,
2012-11-07T00:00:00.000000000Z,1.60010198,,113350715.007432607123337311727,10.9540989444769,
2012-11-08T00:00:00.000000000Z,1.5902082,,112799238.90434063259610844424,10.892699371128,
2012-11-09T00:00:00.000000000Z,1.57844306,,112085804.899978248171132554196,10.8158672180012,
2012-11-10T00:00:00.000000000Z,1.5845781,,112655160.618294331688282476914,10.8632604430158,
2012-11-11T00:00:00.000000000Z,1.58025646,,112512718.561215327820583645091,10.8418406388077,
2012-11-12T00:00:00.000000000Z,1.60489338,,114552107.043023752331715022419,11.0313424552893,
2012-11-13T00:00:00.000000000Z,1.59806012,,114282885.842782895013508176178,10.9980027790766,
2012-11-14T00:00:00.000000000Z,1.59128731,,113955460.674424340248972434721,10.9589524184687,
2012-11-15T00:00:00.000000000Z,1.62005507,,116279140.768239306722392390826,11.1751098585622,
2012-11-16T00:00:00.000000000Z,1.68971657,,121878076.38036999408429000092,11.705044829924,
2012-11-17T00:00:00.000000000Z,1.69344447,,122428861.153117570036946920694,11.7500423991818,
2012-11-18T00:00:00.000000000Z,1.67867627,,121634501.089966074337430574167,11.6656310321449,
2012-11-19T00:00:00.000000000Z,1.6880353,,122605492.631697142109925050943,11.7505293506721,
2012-11-20T00:00:00.000000000Z,1.67898029,,122155599.304693236185901534054,11.6991703167738,
2012-11-21T00:00:00.000000000Z,1.68083489,,122557615.511013298700543389515,11.7291351759205,
2012-11-22T00:00:00.000000000Z,1.75627213,,128527465.320242628605447361175,12.2919979465225,
2012-11-23T00:00:00.000000000Z,1.74998238,,128505104.260904410947379729881,12.2802876195207,
2012-11-24T00:00:00.000000000Z,1.76602085,,129989710.320668471739258934146,12.4132043997662,
2012-11-25T00:00:00.000000000Z,1.77806828,,131300996.096545662653540353943,12.5296894897721,
2012-11-26T00:00:00.000000000Z,1.72578205,,127780662.074784521701039932306,12.1846262399182,
2012-11-27T00:00:00.000000000Z,1.72025602,,127604785.279995773575571867832,12.1592753845704,
2012-11-28T00:00:00.000000000Z,1.74127299,,129500185.077076885902151731294,12.3316598270018,
2012-11-29T00:00:00.000000000Z,1.76192076,,131295308.577324295861471247953,12.4976616534191,
2012-11-30T00:00:00.000000000Z,1.77041545,,132264146.216241210467664153874,12.5861389275278,
2012-12-01T00:00:00.000000000Z,1.76938314,,132382377.274186718719099672879,12.5923868702513,
2012-12-02T00:00:00.000000000Z,1.75501044,,131434197.879722613826614483433,12.4979447565751,
2012-12-03T00:00:00.000000000Z,1.77399667,,133152967.672068890681898470625,12.6569578369375,
2012-12-04T00:00:00.000000000Z,1.85774266,,140687388.189061765374871515279,13.3695895815313,
2012-12-05T00:00:00.000000000Z,1.84294645,,140129874.885008304942404751909,13.3127502220923,
2012-12-06T00:00:00.000000000Z,1.8612199,,141914659.981579537606355821959,13.4779245403273,
2012-12-07T00:00:00.000000000Z,1.8543992,,141951363.362672278983632131984,13.4772824494448,
2012-12-08T00:00:00.000000000Z,1.85513901,,142237049.862469511002481110025,13.4999844091175,
2012-12-09T00:00:00.000000000Z,1.83087828,,140662080.579084887301222666176,13.3465108907072,
2012-12-10T00:00:00.000000000Z,1.84712224,,142246364.181871444585337200644,13.4922565809468,
2012-12-11T00:00:00.000000000Z,1.85959868,,143593823.10198696768177305691,13.615415666277,
2012-12-12T00:00:00.000000000Z,1.86112478,,144195074.162321792668243137261,13.6682136426067,
2012-12-13T00:00:00.000000000Z,1.86515926,,145158343.061924327149367750023,13.7552515207481,
2012-12-14T00:00:00.000000000Z,1.84173767,,143565757.997480114679468742446,13.6009222527762,
2012-12-15T00:00:00.000000000Z,1.83124675,,142866381.263492927845568658783,13.5309482887201,
2012-12-16T00:00:00.000000000Z,1.80326306,,140811878.104628809088097745022,13.3328610765634,
2012-12-17T00:00:00.000000000Z,1.80108367,,140721431.000887256067112931432,13.3200719514904,
2012-12-18T00:00:00.000000000Z,1.79259699,,140255402.264135462166362044792,13.2720338690824,
2012-12-19T00:00:00.000000000Z,1.82412757,,143119865.179118750867994688411,13.5385431800117,
2012-12-20T00:00:00.000000000Z,1.82505515,,143488650.604382452615242533732,13.5700270263004,
2012-12-21T00:00:00.000000000Z,1.80384887,,142039402.187691321522808256174,13.4289680023378,
2012-12-22T00:00:00.000000000Z,1.80284753,,142072208.105930844890776201012,13.4272139129164,
2012-12-23T00:00:00.000000000Z,1.78784107,,140958364.204940687148989890159,13.3181057568673,
2012-12-24T00:00:00.000000000Z,1.80152292,,142151634.762330372085621783893,13.4266626715371,
2012-12-25T00:00:00.000000000Z,1.79274659,,141546232.009211899900995312348,13.3655670046756,
2012-12-26T00:00:00.000000000Z,1.80324201,,142541973.136369121389590622488,13.4546990175336,
2012-12-27T00:00:00.000000000Z,1.79484765,,142007355.022528958146498066498,13.3993031811806,
2012-12-28T00:00:00.000000000Z,1.80018039,,142659861.398967191080322138457,13.4555072215079,
2012-12-29T00:00:00.000000000Z,1.78895887,,141843881.445887544164735133548,13.3740038603156,
2012-12-30T00:00:00.000000000Z,1.79682629,,142652805.32885808072160955484,13.445013798948,
2012-12-31T00:00:00.000000000Z,1.80428719,,143773034.300485776765590690366,13.5455524436002,
2013-01-01T00:00:00.000000000Z,1.77533304,,141553700.388963804652114720165,13.3313714219755,
2013-01-02T00:00:00.000000000Z,1.7682754,,141065475.514102477937869043067,13.2806068129749,
2013-01-03T00:00:00.000000000Z,1.78037669,,142218776.596041042282024577696,13.3840811484512,
2013-01-04T00:00:00.000000000Z,1.78670376,,142988969.661088285701860355783,13.4517211496201,
2013-01-05T00:00:00.000000000Z,1.78641402,,143118110.53222579681355427949,13.459406766803,
2013-01-06T00:00:00.000000000Z,1.79112313,,143646517.734346627698678339883,13.5044965078901,
2013-01-07T00:00:00.000000000Z,1.79609055,,144251948.580306635621359303575,13.5560616578025,
2013-01-08T00:00:00.000000000Z,1.82064961,,146684458.576207880921567611934,13.7803506312098,
2013-01-09T00:00:00.000000000Z,1.82378518,,147161591.176368651369949983433,13.8209552565751,
2013-01-10T00:00:00.000000000Z,1.85730887,,150431420.6330076804648622212,14.12317285564,
2013-01-11T00:00:00.000000000Z,1.86676138,,151585555.620087335013215557416,14.2276211227352,
2013-01-12T00:00:00.000000000Z,1.86299654,,151486828.930019306423557360853,14.2142856560491,
2013-01-13T00:00:00.000000000Z,1.85333941,,150963772.341942583035907337399,14.1607882670953,
2013-01-14T00:00:00.000000000Z,1.87068729,,152695639.472410870865533918315,14.3179703202805,
2013-01-15T00:00:00.000000000Z,1.86625363,,152692733.035910570914202313176,14.3136377516072,
2013-01-16T00:00:00.000000000Z,1.91141576,,156945831.872052834558676755116,14.7078140479252,
2013-01-17T00:00:00.000000000Z,2.0121271,,166494616.26119420131792977558,15.598599739626,
2013-01-18T00:00:00.000000000Z,2.01889919,,167793020.998751082577156486686,15.7157911239042,
2013-01-19T00:00:00.000000000Z,1.99859889,,166489995.409498439465780734146,15.5881263997662,
2013-01-20T00:00:00.000000000Z,2.01174993,,167945212.400420163709739410278,15.7195921373466,
2013-01-21T00:00:00.000000000Z,2.13015937,,179340683.405174988181910350023,16.7810195207481,
2013-01-22T00:00:00.000000000Z,2.1703499,,184951279.277106890459347912164,17.3001788386908,
2013-01-23T00:00:00.000000000Z,2.18559134,,187531843.029219904644987740343,17.5363954228521,
2013-01-24T00:00:00.000000000Z,2.09953529,,180803844.8818156003091938894,16.90108607218,
2013-01-25T00:00:00.000000000Z,2.15223509,,186277774.020367328414054704541,17.4072020292227,
2013-01-26T00:00:00.000000000Z,2.16087068,,187913177.821931688489066399264,17.5536291760608,
2013-01-27T00:00:00.000000000Z,2.18079976,,191309887.265497826911574990711,17.8646280148217,
2013-01-28T00:00:00.000000000Z,2.27526587,,201334311.652999920881369721775,18.7942648743425,
2013-01-29T00:00:00.000000000Z,2.32416991,,209129236.716403054310194535572,19.5147141861484,
2013-01-30T00:00:00.000000000Z,2.32557517,,211591642.942260427310560143481,19.7374466864407,
2013-01-31T00:00:00.000000000Z,2.38254625,,219990240.129394999473876289354,20.5116430306838,
2013-02-01T00:00:00.000000000Z,2.33077644,,219330148.61057890153335644378,20.443091956166,
2013-02-02T00:00:00.000000000Z,2.2350697,,210745061.134671228357865300782,19.6359017054354,
2013-02-03T00:00:00.000000000Z,2.32891208,,220962040.164131401687296365946,20.5789396832262,
2013-02-04T00:00:00.000000000Z,2.30317042,,219559249.877270337114816470763,20.4404879614261,
2013-02-05T00:00:00.000000000Z,2.31494333,,221996328.467677002917504235618,20.6593447276446,
2013-02-06T00:00:00.000000000Z,2.36137756,,227975427.467001543289499667441,21.2085655318527,
2013-02-07T00:00:00.000000000Z,2.44320117,,237833763.173603139148829078018,22.1177651789246,
2013-02-08T00:00:00.000000000Z,2.48951622,,245120036.309128572255476270717,22.7873650499299,
2013-02-09T00:00:00.000000000Z,2.57029343,,255386181.091829035699299954679,23.7338601537113,
2013-02-10T00:00:00.000000000Z,2.57573299,,257273226.991190386885120706013,23.9002893571011,
2013-02-11T00:00:00.000000000Z,2.61956557,,263796794.864488420841405797999,24.4972726949153,
2013-02-12T00:00:00.000000000Z,2.64695645,,269078968.800169092048761067303,24.9797364073641,
2013-02-13T00:00:00.000000000Z,2.58643345,,265542492.304726476431039726661,24.6416509347867,
2013-02-14T00:00:00.000000000Z,2.81731895,,294102520.845497643907734595137,27.2823898203039,
2013-02-15T00:00:00.000000000Z,2.76388477,,293026238.919712135575864621614,27.1712692291058,
2013-02-16T00:00:00.000000000Z,2.75541364,,295041582.579987152243913243343,27.3461635619521,
2013-02-17T00:00:00.000000000Z,2.69341809,,290648438.392271493325417571223,26.9272513763881,
2013-02-18T00:00:00.000000000Z,2.67527962,,290774272.729800177605316753552,26.9288676370544,
2013-02-19T00:00:00.000000000Z,2.87905367,,317721259.248863328291797776845,29.4136243807715,
2013-02-20T00:00:00.000000000Z,2.88625353,,322252661.825801708179535836801,29.8198072276447,
2013-02-21T00:00:00.000000000Z,2.8644687,,322365075.931257230409405121821,29.8180689158387,
2013-02-22T00:00:00.000000000Z,2.89510636,,329571373.876579992737175732076,30.4726565324372,
2013-02-23T00:00:00.000000000Z,2.81513609,,322488396.105311633624708955668,29.8064545458796,
2013-02-24T00:00:00.000000000Z,2.78872419,,323431477.011749517411591316843,29.8828484924021,
2013-02-25T00:00:00.000000000Z,2.77552491,,328664404.998278761689234388871,30.3520330949737,
2013-02-26T00:00:00.000000000Z,2.82058485,,337494377.837877395147044400943,31.1555373506721,
2013-02-27T00:00:00.000000000Z,2.81550442,,338562887.388473191561491200092,31.2402610829924,
2013-02-28T00:00:00.000000000Z,2.93242114,,361841246.916051418280472221844,33.3752939365868,
2013-03-01T00:00:00.000000000Z,2.99916694,,375318347.573530885664439644332,34.6062570341204,
2013-03-02T00:00:00.000000000Z,2.94238341,,370423510.07922440320248566843,34.143515924021,
2013-03-03T00:00:00.000000000Z,2.95351788,,373906111.15763782069295577696,34.451740484512,
2013-03-04T00:00:00.000000000Z,3.07990408,,394955838.765478714539563342998,36.3762652507306,
2013-03-05T00:00:00.000000000Z,3.34059331,,441748538.912799424827061349701,40.6729539902747,
2013-03-06T00:00:00.000000000Z,3.41073072,,470285631.940790279389270673339,43.2849961852133,
2013-03-07T00:00:00.000000000Z,3.24461202,,455921062.308384135005654071821,41.9474407158387,
2013-03-08T00:00:00.000000000Z,3.35334641,,477350610.89984411285124600046,43.902928914962,
2013-03-09T00:00:00.000000000Z,3.50857536,,510011367.693487572227298210738,46.8885866123086,
2013-03-10T00:00:00.000000000Z,3.41442475,,501275189.682214885617049284123,46.0660384590181,
2013-03-11T00:00:00.000000000Z,3.52669627,,525511108.08165150080804648894,48.275074577218,
2013-03-12T00:00:00.000000000Z,3.21775227,,483625303.774954075204200643228,44.4135452582116,
2013-03-13T00:00:00.000000000Z,3.35448171,,512150414.042647940770112752047,47.0161908515809,
2013-03-14T00:00:00.000000000Z,3.31080577,,511373186.010997511516628790899,46.9255625535453,
2013-03-15T00:00:00.000000000Z,3.27320999,,511323729.651721866853071287809,46.9025172478223,
2013-03-16T00:00:00.000000000Z,3.26643484,,514304542.948103128467568810347,47.1570156995909,
2013-03-17T00:00:00.000000000Z,3.25507816,,516476633.816619851881895488526,47.3334997837522,
2013-03-18T00:00:00.000000000Z,3.46957223,,560714853.244011067968639879774,51.3654363912578,
2013-03-19T00:00:00.000000000Z,3.86035942,,649750892.127970690569279806567,59.4986011114249,
2013-03-20T00:00:00.000000000Z,4.00566845,,695831303.424455813328577736517,63.6874854981899,
2013-03-21T00:00:00.000000000Z,4.23461019,,775211153.644928110349245703345,70.9175250053215,
2013-03-22T00:00:00.000000000Z,4.05568242,,763898930.119695138961862356772,69.8460845417884,
2013-03-23T00:00:00.000000000Z,3.70672564,,704500327.615155449139539779605,64.3831163705435,
2013-03-24T00:00:00.000000000Z,4.02556381,,784797927.605700279603771108714,71.6904242064758,
2013-03-25T00:00:00.000000000Z,4.02378239,,813786823.995237289623195064911,74.3140892495617,
2013-03-26T00:00:00.000000000Z,4.15075356,,861172528.429855679145926664104,78.6141974320088,
2013-03-27T00:00:00.000000000Z,4.49610198,,973613530.447917215181587767809,88.8520799138223,
2013-03-28T00:00:00.000000000Z,4.28052357,,961096549.473796428409948756128,87.6731739608416,
2013-03-29T00:00:00.000000000Z,4.30087359,,990238153.5467445283481633341,90.29569935827,
2013-03-30T00:00:00.000000000Z,4.24924608,,1011410501.796492934734502567947,92.1899599883109,
2013-03-31T00:00:00.000000000Z,4.26532297,,1030559616.899957801938104398252,93.8992384231444,
2013-04-01T00:00:00.000000000Z,4.45266486,,1137324100.78289275193891855829,103.580346911163,
2013-04-02T00:00:00.000000000Z,4.75336825,,1281687160.01648975155222457659,116.679944241173,
2013-04-03T00:00:00.000000000Z,4.85046378,,1443789615.41019143186491356182,131.384809378154,
2013-04-04T00:00:00.000000000Z,4.73920513,,1462129293.49378554088995306335,133.007120475745,
2013-04-05T00:00:00.000000000Z,4.71276367,,1568432428.53923415567601826477,142.626065488019,
2013-04-06T00:00:00.000000000Z,4.6145611,,1574027367.53743897017374015739,143.081822964933,
2013-04-07T00:00:00.000000000Z,5.04960835,,1792186961.14189921065152420648,162.852214576856,
2013-04-08T00:00:00.000000000Z,5.33290242,,2051514747.04197286620647233686,186.351161848042,
2013-04-09T00:00:00.000000000Z,5.64074143,,2540572928.61798354514053929881,230.682996695207,
2013-04-10T00:00:00.000000000Z,3.7993504,,1776029674.56996517466637483111,161.192889661017,
2013-04-11T00:00:00.000000000Z,2.09881888,,913744570.187293431923046915785,82.9015850379895,
2013-04-12T00:00:00.000000000Z,2.84072926,,1229179118.96038521297863048137,111.476373194039,
2013-04-13T00:00:00.000000000Z,2.50198944,,1076680752.595067475323221572879,97.6090718702513,
2013-04-14T00:00:00.000000000Z,2.29456796,,980530113.222442677388330735329,88.8614913997663,
2013-04-15T00:00:00.000000000Z,2.11528578,,892732454.128853985585117600184,80.8746931659848,
2013-04-16T00:00:00.000000000Z,1.81094891,,754043176.503261549732402122166,68.2831387270602,
2013-04-17T00:00:00.000000000Z,2.42321708,,1025884320.242146553372511215647,92.8640369135009,
2013-04-18T00:00:00.000000000Z,2.78425484,,1200434439.89903654927536242952,108.628345092344,
2013-04-19T00:00:00.000000000Z,3.00006559,,1315593293.97344129782752786686,119.012283239042,
2013-04-20T00:00:00.000000000Z,3.18525555,,1417741977.53341468008882972235,128.208288893045,
2013-04-21T00:00:00.000000000Z,2.91485166,,1310722638.19970615604345182789,118.483243756283,
2013-04-22T00:00:00.000000000Z,3.07341776,,1397836653.5164457732758683157,126.31427175979,
2013-04-23T00:00:00.000000000Z,3.38292483,,1573425024.83338051451849417855,142.127218053185,
2013-04-24T00:00:00.000000000Z,3.50996743,,1706962826.986771879798927235,154.1332778045,
2013-04-25T00:00:00.000000000Z,3.16156158,,1562219397.69887180701332456036,141.008659278492,
2013-04-26T00:00:00.000000000Z,3.0583438,,1520716614.28066830201355431754,137.209600419638,
2013-04-27T00:00:00.000000000Z,2.83739563,,1421628544.64305409016703953966,128.226669605202,
2013-04-28T00:00:00.000000000Z,2.9627086,,1493145659.0043014322042144378,134.62356956166,
2013-04-29T00:00:00.000000000Z,3.11966325,,1595664561.21533532524541078591,143.810378192577,
2013-04-30T00:00:00.000000000Z,3.00006777,,1544247234.88980366064358183985,139.129647545295,
2013-05-01T00:00:00.000000000Z,2.52047369,,1289224863.25771618075914966841,116.113801040327,
2013-05-02T00:00:00.000000000Z,2.32100761,,1181072403.74273285689292990299,106.340984697253,
2013-05-03T00:00:00.000000000Z,2.10886798,,1070069481.696692871483315765921,96.3168402741087,
2013-05-04T00:00:00.000000000Z,2.45598818,,1250283521.35436211335435784006,112.497636369082,
2013-05-05T00:00:00.000000000Z,2.53233335,,1295120354.82374198223044103366,116.488715827002,
2013-05-06T00:00:00.000000000Z,2.43394807,,1246998701.49021737247337589881,112.118596195207,
2013-05-07T00:00:00.000000000Z,2.41884231,,1241802027.66615246565426390278,111.609212873466,
2013-05-08T00:00:00.000000000Z,2.44959787,,1259256954.51631771850224124629,113.136061854763,
2013-05-09T00:00:00.000000000Z,2.42161822,,1246787690.84379214812341233368,111.974532710696,
2013-05-10T00:00:00.000000000Z,2.54554421,,1310944548.46789901569557130002,117.691036883694,
2013-05-11T00:00:00.000000000Z,2.486801,,1287061932.2442861444842765691,115.49977766277,
2013-05-12T00:00:00.000000000Z,2.46930854,,1280701257.61427597335560343362,114.885675559614,
2013-05-13T00:00:00.000000000Z,2.5169175,,1309290368.32810406279975291679,117.404456646113,
2013-05-14T00:00:00.000000000Z,2.31657619,,1203328284.35487882403409472214,107.865566569258,
2013-05-15T00:00:00.000000000Z,2.33507149,,1216221320.30935374425188405206,108.986852425482,
2013-05-16T00:00:00.000000000Z,2.41471463,,1260506722.52843787228328251129,112.917874050263,
2013-05-17T00:00:00.000000000Z,2.50090692,,1309724907.46018392780333503941,117.284616014027,
2013-05-18T00:00:00.000000000Z,2.50453812,,1320050853.47895632678533119632,118.169876680304,
2013-05-19T00:00:00.000000000Z,2.47744864,,1307817307.56796667526479500575,117.033880187025,
2013-05-20T00:00:00.000000000Z,2.48938747,,1316966680.70292143725491222883,117.818636469901,
2013-05-21T00:00:00.000000000Z,2.4741524,,1311075950.28039413842315437884,117.252040911748,
2013-05-22T00:00:00.000000000Z,2.50485148,,1330841045.243314061076393341,118.9781735827,
2013-05-23T00:00:00.000000000Z,2.59511089,,1384488238.28452769992927098202,123.726156049094,
2013-05-24T00:00:00.000000000Z,2.69072496,,1443723531.70868024214668417604,128.971080654588,
2013-05-25T00:00:00.000000000Z,2.65472177,,1442842700.70009905956903972371,128.844915254237,
2013-05-26T00:00:00.000000000Z,2.67740913,,1458084131.92814358045326136546,130.158601110462,
2013-05-27T00:00:00.000000000Z,2.59424673,,1416455569.26183150342546956523,126.392905902981,
2013-05-28T00:00:00.000000000Z,2.57846403,,1411480509.95270115964435170458,125.904595265926,
2013-05-29T00:00:00.000000000Z,2.63946924,,1453058332.46558519426094810945,129.564812390415,
2013-05-30T00:00:00.000000000Z,2.56977125,,1419399429.38020173000365918712,126.513068381064,
2013-05-31T00:00:00.000000000Z,2.58656508,,1434582209.34689708033679628089,127.816488895383,
2013-06-01T00:00:00.000000000Z,2.59949225,,1446207401.36313422414757975737,128.791151081239,
2013-06-02T00:00:00.000000000Z,2.47023042,,1377596394.87284779008304420437,122.626708942139,
2013-06-03T00:00:00.000000000Z,2.47098358,,1381873848.82909600328645803596,122.949187901812,
2013-06-04T00:00:00.000000000Z,2.41037014,,1351501920.60733777303762523688,120.189968731736,
2013-06-05T00:00:00.000000000Z,2.41605705,,1359703823.59265156350911787832,120.869923845704,
2013-06-06T00:00:00.000000000Z,2.36554851,,1339814370.13513336484566074472,119.053975669784,
2013-06-07T00:00:00.000000000Z,2.19162685,,1240591162.223713778206857788,110.1977314436,
2013-06-08T00:00:00.000000000Z,2.17144932,,1229611335.79251193074354712743,109.178545341321,
2013-06-09T00:00:00.000000000Z,1.98865953,,1125550441.613677971456423573897,99.9036034482759,
2013-06-10T00:00:00.000000000Z,2.07770045,,1176184371.02845281198902562649,104.357566627703,
2013-06-11T00:00:00.000000000Z,2.13557988,,1212170386.11141990320657718942,107.507520455874,
2013-06-12T00:00:00.000000000Z,2.11326913,,1199975980.66495690933574118482,106.378116306254,
2013-06-13T00:00:00.000000000Z,2.01619261,,1143434086.41424557720191736473,101.323897720631,
2013-06-14T00:00:00.000000000Z,1.97525553,,1120061949.233936403823675398923,99.2132443015781,
2013-06-15T00:00:00.000000000Z,1.98785838,,1127965182.174338515143328251129,99.8750374050263,
2013-06-16T00:00:00.000000000Z,1.97078129,,1118973897.974103475616043113433,99.0383512565751,
2013-06-17T00:00:00.000000000Z,1.99247389,,1131628982.26871584720961434518,100.126305084746,
2013-06-18T00:00:00.000000000Z,2.07413684,,1179042827.41453366156637071639,104.289176382233,
2013-06-19T00:00:00.000000000Z,2.07549068,,1180844662.27750133667517361196,104.417150789012,
2013-06-20T00:00:00.000000000Z,2.07320647,,1180187215.65240637682759385459,104.323499707773,
2013-06-21T00:00:00.000000000Z,2.01650897,,1147731005.58288997435857527671,101.416857393337,
2013-06-22T00:00:00.000000000Z,1.9886398,,1132583770.18468026667615503408,100.039508474576,
2013-06-23T00:00:00.000000000Z,1.99397986,,1136113617.01896905127710121315,100.314744593805,
2013-06-24T00:00:00.000000000Z,1.96797679,,1122112296.752292975382271300805,99.0456832261835,
2013-06-25T00:00:00.000000000Z,1.94416036,,1108755117.731877012779352593644,97.8327887200468,
2013-06-26T00:00:00.000000000Z,1.95910003,,1118465117.736003497013373990968,98.6517007597896,
2013-06-27T00:00:00.000000000Z,1.92349796,,1097920368.088026690268691107767,96.8039495990649,
2013-06-28T00:00:00.000000000Z,1.78128607,,1014602834.587099448716883791731,89.4245067212157,
2013-06-29T00:00:00.000000000Z,1.76821188,,1007861667.662092636397975464447,88.7972910578609,
2013-06-30T00:00:00.000000000Z,1.78301213,,1015963076.098495171389740807579,89.4809076563413,
2013-07-01T00:00:00.000000000Z,1.65189371,,941200729.855005690640430429469,82.8675701344243,
2013-07-02T00:00:00.000000000Z,1.74762367,,997745649.522552440141506855572,87.8164666861484,
2013-07-03T00:00:00.000000000Z,1.55181119,,883064123.369008653286406917562,77.6913308007014,
2013-07-04T00:00:00.000000000Z,1.58276019,,899798285.180963792310303522538,79.1348708357686,
2013-07-05T00:00:00.000000000Z,1.36137275,,767222778.344660875653606060391,67.4476238527177,
2013-07-06T00:00:00.000000000Z,1.34844416,,754952725.166011196533648430002,66.3416808883694,
2013-07-07T00:00:00.000000000Z,1.46501861,,820924713.961576608284899806962,72.1095223728814,
2013-07-08T00:00:00.000000000Z,1.50296907,,842671531.869788690725629340299,73.9885537697253,
2013-07-09T00:00:00.000000000Z,1.52222014,,853306435.026210874484200127514,74.8919108708358,
2013-07-10T00:00:00.000000000Z,1.71733658,,969046682.840226859659936194104,85.0136791350088,
2013-07-11T00:00:00.000000000Z,1.76516035,,997740225.783227534166348750554,87.4975493863238,
2013-07-12T00:00:00.000000000Z,1.81083744,,1027155020.552393403575216272026,90.0466987142022,
2013-07-13T00:00:00.000000000Z,1.83583015,,1045148461.760039039828341383159,91.5925978959673,
2013-07-14T00:00:00.000000000Z,1.80117415,,1026132821.02091740966347804746,89.892269275862,
2013-07-15T00:00:00.000000000Z,1.87663807,,1071080758.509372717995826841407,93.7961525423729,
2013-07-16T00:00:00.000000000Z,1.83749352,,1048445957.748854914407116015231,91.7810356516657,
2013-07-17T00:00:00.000000000Z,1.8238974,,1040300802.374274957011043113433,91.0313512565751,
2013-07-18T00:00:00.000000000Z,1.7072557,,971279496.899490354616087891616,84.9617291174752,
2013-07-19T00:00:00.000000000Z,1.7344736,,986247535.390142617821096541219,86.2387945996493,
2013-07-20T00:00:00.000000000Z,1.70903901,,971455782.516991035203550374974,84.9108591466978,
2013-07-21T00:00:00.000000000Z,1.72424963,,980502571.474851713946778470416,85.6643502618352,
2013-07-22T00:00:00.000000000Z,1.72449453,,980680504.485570668999043771639,85.6490286382233,
2013-07-23T00:00:00.000000000Z,1.75049177,,996193006.28325703596865017719,86.977056691993,
2013-07-24T00:00:00.000000000Z,1.77287254,,1009997554.0266259326925226636,88.15173056692,
2013-07-25T00:00:00.000000000Z,1.81143598,,1033406188.43913002715900906544,90.166092226768,
2013-07-26T00:00:00.000000000Z,1.80661592,,1031687977.549628652793206681633,89.9839859731151,
2013-07-27T00:00:00.000000000Z,1.76941732,,1011234977.86887180106740697627,88.165275862069,
2013-07-28T00:00:00.000000000Z,1.85884089,,1064162528.935402038972991150899,92.7458421975453,
2013-07-29T00:00:00.000000000Z,1.869772,,1070921147.586030395242881119172,93.2986972530684,
2013-07-30T00:00:00.000000000Z,1.93317595,,1109974490.91370969296268322235,96.659552893045,
2013-07-31T00:00:00.000000000Z,1.95512089,,1126113338.875797089527475590048,98.0244199298656,
2013-08-01T00:00:00.000000000Z,1.92448734,,1109809374.196729248401382373207,96.5680178258329,
2013-08-02T00:00:00.000000000Z,1.90836477,,1104599123.660063183363823259398,96.0745306838106,
2013-08-03T00:00:00.000000000Z,1.88398021,,1098476608.580170678858749970458,95.5067095265926,
2013-08-04T00:00:00.000000000Z,1.89918712,,1108785073.368573465535097757976,96.3654821741672,
2013-08-05T00:00:00.000000000Z,1.91794773,,1122611899.279158908920323481434,97.5271338398598,
2013-08-06T00:00:00.000000000Z,1.91969225,,1124734225.118746735709621733567,97.6712066043249,
2013-08-07T00:00:00.000000000Z,1.90613164,,1118080457.817728135263608316611,97.0542068965517,
2013-08-08T00:00:00.000000000Z,1.85073304,,1086342372.663535289882795338386,94.2572717708942,
2013-08-09T00:00:00.000000000Z,1.81530455,,1066226355.062803430638836294219,92.4727767387493,
2013-08-10T00:00:00.000000000Z,1.83035886,,1076179830.53622517998550322235,93.293552893045,
2013-08-11T00:00:00.000000000Z,1.84834368,,1087967756.95017184011825060945,94.271312390415,
2013-08-12T00:00:00.000000000Z,1.87013093,,1102045453.097150590707898293456,95.4464707773232,
2013-08-13T00:00:00.000000000Z,1.90506811,,1129194526.936884296735160182814,97.7590750847458,
2013-08-14T00:00:00.000000000Z,1.92870802,,1145345466.201149408992003242651,99.1212875511397,
2013-08-15T00:00:00.000000000Z,1.90518517,,1134034630.235901279256163538365,98.1063331385155,
2013-08-16T00:00:00.000000000Z,1.90684121,,1136581601.406198302571851878068,98.2909602571596,
2013-08-17T00:00:00.000000000Z,1.92994937,,1152544584.159651032061269339745,99.6305043834015,
2013-08-18T00:00:00.000000000Z,1.91982911,,1147791400.814500380842127703115,99.1780397428405,
2013-08-19T00:00:00.000000000Z,1.98520771,,1189978283.66901516527159498892,102.784012273524,
2013-08-20T00:00:00.000000000Z,2.01417621,,1210343889.86749804689233559858,104.500210987726,
2013-08-21T00:00:00.000000000Z,2.12829753,,1283870902.10126171800653755049,110.801603740503,
2013-08-22T00:00:00.000000000Z,2.10024403,,1269649511.61290450143722525946,109.523216832262,
2013-08-23T00:00:00.000000000Z,2.06093411,,1249013410.29532822502903185114,107.697571595558,
2013-08-24T00:00:00.000000000Z,2.08130944,,1263255684.79925746775486575622,108.882675043834,
2013-08-25T00:00:00.000000000Z,2.15729459,,1312409633.48117986763290046247,113.082563413209,
2013-08-26T00:00:00.000000000Z,2.13483001,,1301681760.4188886707251137696,112.11811484512,
2013-08-27T00:00:00.000000000Z,2.23422335,,1367678672.27762428874229465022,117.759790765634,
2013-08-28T00:00:00.000000000Z,2.23736392,,1374681503.35392366374494709931,118.317414377557,
2013-08-29T00:00:00.000000000Z,2.23910779,,1381264032.03017143062528497763,118.835638223261,
2013-08-30T00:00:00.000000000Z,2.34219842,,1452222118.08561522687549602676,124.885379602572,
2013-08-31T00:00:00.000000000Z,2.39605237,,1493551306.67325548502086633159,128.377978959673,
2013-09-01T00:00:00.000000000Z,2.42498554,,1519383296.74932357096597611708,130.536372004676,
2013-09-02T00:00:00.000000000Z,2.39758629,,1508777714.07915690150027247167,129.565371712449,
2013-09-03T00:00:00.000000000Z,2.37429811,,1504949277.87862798380529692996,129.182803623612,
2013-09-04T00:00:00.000000000Z,2.2514393,,1427936118.68676001125367405227,122.529238749269,
2013-09-05T00:00:00.000000000Z,2.24501895,,1426628972.96313900188364560987,122.370085037989,
2013-09-06T00:00:00.000000000Z,2.16099099,,1374607454.79400495767621217813,117.861146405611,
2013-09-07T00:00:00.000000000Z,2.19342788,,1397829338.27601944288303525988,119.814989479836,
2013-09-08T00:00:00.000000000Z,2.15970205,,1377787522.41197127719290500021,118.057386323787,
2013-09-09T00:00:00.000000000Z,2.21003514,,1415770494.88977502743560581225,121.259272647575,
2013-09-10T00:00:00.000000000Z,2.22281192,,1427518920.93705876847421556429,122.215530189363,
2013-09-11T00:00:00.000000000Z,2.30280245,,1485069117.24571327069348635417,127.088227060199,
2013-09-12T00:00:00.000000000Z,2.28428174,,1482150941.63419694920943004474,126.780723553478,
2013-09-13T00:00:00.000000000Z,2.29152617,,1490131020.75689357107734939214,127.407745178258,
2013-09-14T00:00:00.000000000Z,2.22795516,,1455028244.73014411442229001637,124.348477498539,
2013-09-15T00:00:00.000000000Z,2.23809743,,1464112002.33307583598557560874,125.076417884278,
2013-09-16T00:00:00.000000000Z,2.25259491,,1477804868.98688081086314303132,126.204665984804,
2013-09-17T00:00:00.000000000Z,2.26165636,,1486482610.60922016896334261679,126.897250146113,
2013-09-18T00:00:00.000000000Z,2.25652894,,1487083041.57513402680556252831,126.903819403857,
2013-09-19T00:00:00.000000000Z,2.19436054,,1455765886.61079829968683617236,124.180957334892,
2013-09-20T00:00:00.000000000Z,2.17030968,,1441617545.25493324073570273801,122.921635885447,
2013-09-21T00:00:00.000000000Z,2.17848848,,1449080977.32704482646842580207,123.508256867329,
2013-09-22T00:00:00.000000000Z,2.16687478,,1445208450.86887325473060713414,123.124935125658,
2013-09-23T00:00:00.000000000Z,2.16034239,,1442810649.67549687691580135507,122.865699006429,
2013-09-24T00:00:00.000000000Z,2.17210146,,1454407234.03339903314069502212,123.797357685564,
2013-09-25T00:00:00.000000000Z,2.16519894,,1452890630.83328280817104018183,123.614078609001,
2013-09-26T00:00:00.000000000Z,2.18059655,,1465990545.1276074956775204654,124.68567445938,
2013-09-27T00:00:00.000000000Z,2.21042861,,1489124478.04894295272870857282,126.605347749854,
2013-09-28T00:00:00.000000000Z,2.21128719,,1491934482.42455150433550315254,126.796551724138,
2013-09-29T00:00:00.000000000Z,2.21364079,,1496146693.90471192059280624934,127.108627703098,
2013-09-30T00:00:00.000000000Z,2.19174983,,1484673719.36937384782941902672,126.090261835184,
2013-10-01T00:00:00.000000000Z,2.21273466,,1502757461.95369636552417784861,127.575424313267,
2013-10-02T00:00:00.000000000Z,1.81680607,,1226788968.51044282171605796496,104.105092928112,
2013-10-03T00:00:00.000000000Z,2.04455417,,1386111008.09660338471400677535,117.575495032145,
2013-10-04T00:00:00.000000000Z,2.11654681,,1437999553.26896677292870857282,121.930347749854,
2013-10-05T00:00:00.000000000Z,2.10462698,,1432331658.92845219243611498938,121.393402688486,
2013-10-06T00:00:00.000000000Z,2.12014896,,1445663053.32167774835617974773,122.475261250731,
2013-10-07T00:00:00.000000000Z,2.126249,,1463044622.06138947841976179607,123.906872589129,
2013-10-08T00:00:00.000000000Z,2.13762894,,1473700417.4384811739032672235,124.76652893045,
2013-10-09T00:00:00.000000000Z,2.15267013,,1488044932.63017652817789383989,125.933520312683,
2013-10-10T00:00:00.000000000Z,2.16263506,,1497764877.73027161274752296655,126.704650496785,
2013-10-11T00:00:00.000000000Z,2.16817047,,1504862605.3675952288910876843,127.25529924021,
2013-10-12T00:00:00.000000000Z,2.174057,,1512594202.83118449339513799653,127.851263004091,
2013-10-13T00:00:00.000000000Z,2.2466238,,1567326661.56039954425198016705,132.415658679135,
2013-10-14T00:00:00.000000000Z,2.28766824,,1602776719.08932613390792985482,135.339194915254,
2013-10-15T00:00:00.000000000Z,2.37863355,,1676584639.78300459541824885026,141.493908533022,
2013-10-16T00:00:00.000000000Z,2.31116231,,1639796564.21921756979984300464,138.327921917008,
2013-10-17T00:00:00.000000000Z,2.38998533,,1704638294.5018117691259415438,143.74713383986,
2013-10-18T00:00:00.000000000Z,2.52745724,,1812436164.01911294210443674196,152.775572180012,
2013-10-19T00:00:00.000000000Z,2.71725799,,1967550543.62347829488303110487,165.772717124489,
2013-10-20T00:00:00.000000000Z,2.71537286,,1977012769.89890582744203945737,166.500151081239,
2013-10-21T00:00:00.000000000Z,2.87138391,,2137197000.91272337529947557374,179.910628579778,
2013-10-22T00:00:00.000000000Z,2.97641992,,2263001755.13948545829745474796,190.402781414378,
2013-10-23T00:00:00.000000000Z,3.12646993,,2432875110.45178647405215774988,204.600350964348,
2013-10-24T00:00:00.000000000Z,2.94581752,,2312748499.3044214490406452405,194.41004376505,
2013-10-25T00:00:00.000000000Z,2.72008931,,2209553671.4162361466376824695,185.64378762595,
2013-10-26T00:00:00.000000000Z,2.63011758,,2140916179.23621266700065020589,179.808218001169,
2013-10-27T00:00:00.000000000Z,2.83044183,,2317266189.90086457526875994486,194.546133255406,
2013-10-28T00:00:00.000000000Z,2.84330802,,2338713940.73406092575924279798,196.274687317358,
2013-10-29T00:00:00.000000000Z,2.92026025,,2436684646.42087193311348248874,204.428174167154,
2013-10-30T00:00:00.000000000Z,2.81514522,,2359843888.08311763598945899742,197.900599420982,
2013-10-31T00:00:00.000000000Z,2.87412323,,2425105801.67933921669247184092,203.283649912332,
2013-11-01T00:00:00.000000000Z,2.85280581,,2423220454.34116774809343684866,203.037109849386,
2013-11-02T00:00:00.000000000Z,2.86731813,,2445209553.93287359920038075692,204.792881355932,
2013-11-03T00:00:00.000000000Z,2.92760426,,2511679473.62520527563560554388,210.275382611748,
2013-11-04T00:00:00.000000000Z,3.1028572,,2733959063.1336995134597453496,228.79103886616,
2013-11-05T00:00:00.000000000Z,3.23550814,,2912477841.57388287827720372032,243.641668907072,
2013-11-06T00:00:00.000000000Z,3.44238515,,3147464099.40186379735792134702,263.209583987142,
2013-11-07T00:00:00.000000000Z,3.65033333,,3470354236.19207197058663014758,290.124226183518,
2013-11-08T00:00:00.000000000Z,4.05004446,,3993314855.34443149335750909561,333.750656511981,
2013-11-09T00:00:00.000000000Z,3.9318261,,3962240225.68365491183417042442,331.051148451198,
2013-11-10T00:00:00.000000000Z,3.83414476,,3921840037.55610838920473835732,327.558653499708,
2013-11-11T00:00:00.000000000Z,3.93601752,,4104700956.19505079457433157393,342.697692869667,
2013-11-12T00:00:00.000000000Z,3.97746675,,4249589141.21406824380236925291,354.645488310929,
2013-11-13T00:00:00.000000000Z,4.2842717,,4728862182.5094343901007740297,394.50449522443,
2013-11-14T00:00:00.000000000Z,4.37591685,,4996898130.43254818593670558713,416.706303302747,
2013-11-15T00:00:00.000000000Z,4.19286144,,4898974235.47222580321376157668,408.398797334892,
2013-11-16T00:00:00.000000000Z,4.38705732,,5229762080.05453038482393769273,435.798442767387,
2013-11-17T00:00:00.000000000Z,4.73725385,,5826497052.3470430486926719956,485.33657685564,
2013-11-18T00:00:00.000000000Z,5.88406778,,7899238895.68641323320567958933,657.778503874927,
2013-11-19T00:00:00.000000000Z,4.73213355,,6569644605.79686945537932715006,546.878397311514,
2013-11-20T00:00:00.000000000Z,4.91891962,,7154243418.72931099553289437712,595.339099649328,
2013-11-21T00:00:00.000000000Z,5.68827806,,8664193685.70688897303297356678,720.764425260082,
2013-11-22T00:00:00.000000000Z,5.68433725,,9655188371.42353411607095108626,802.916933718294,
2013-11-23T00:00:00.000000000Z,5.59412815,,10036063848.55740200960137523091,834.295339989129,
2013-11-24T00:00:00.000000000Z,5.296892,,9713112909.51580843141991835732,807.166695499708,
2013-11-25T00:00:00.000000000Z,5.13246251,,9825868339.74894606940892720506,816.243386616014,
2013-11-26T00:00:00.000000000Z,5.08521124,,11031541043.56594796111680117151,916.097160140269,
2013-11-27T00:00:00.000000000Z,5.07240404,,11599427444.74303593806011030892,962.910560911748,
2013-11-28T00:00:00.000000000Z,5.00804872,,12139760581.5418819541676520121,1007.38716364699,
2013-11-29T00:00:00.000000000Z,5.25316203,,13606858893.395242149962760473,1128.7254880187,
2013-11-30T00:00:00.000000000Z,5.06423911,,13498119326.6944806226353168393,1119.29671478667,
2013-12-01T00:00:00.000000000Z,4.31245878,,11635884342.12669287869250956458,964.485793687902,
2013-12-02T00:00:00.000000000Z,4.55216972,,12560801212.1303294475705124026,1040.80821770894,
2013-12-03T00:00:00.000000000Z,4.5167953,,12720698338.6053938022369032212,1053.62102744828,
2013-12-04T00:00:00.000000000Z,4.71817918,,13707245929.3533692548309758823,1134.93223088837,
2013-12-05T00:00:00.000000000Z,4.1962207,,12413024442.39389672613583033,1027.411772827,
2013-12-06T00:00:00.000000000Z,3.37225697,,9966751946.76220984553788722706,824.581710337814,
2013-12-07T00:00:00.000000000Z,2.86818513,,8509665399.28891388137765081284,703.748376025716,
2013-12-08T00:00:00.000000000Z,3.17322401,,9478722082.94754211462506660943,783.573348334307,
2013-12-09T00:00:00.000000000Z,3.60228356,,10843625557.38088520752229656546,896.079289888954,
2013-12-10T00:00:00.000000000Z,3.88194448,,11829553963.89416472198116021203,977.165367329047,
2013-12-11T00:00:00.000000000Z,3.43846013,,10601969953.01935333462295218895,875.464034272355,
2013-12-12T00:00:00.000000000Z,3.41655496,,10579622451.50642747515569972523,873.324805987727,
2013-12-13T00:00:00.000000000Z,3.40755236,,10654088610.74697102944359074506,879.156135300994,
2013-12-14T00:00:00.000000000Z,3.3146272,,10339592472.91123698587879139992,852.856120526008,
2013-12-15T00:00:00.000000000Z,3.34036895,,10479266163.262644243078933141,864.0616578609,
2013-12-16T00:00:00.000000000Z,2.62754698,,8224848384.49859168129496133214,677.894106801286,
2013-12-17T00:00:00.000000000Z,2.64569174,,8285733865.8571277087521470898,682.62677270602,
2013-12-18T00:00:00.000000000Z,2.04906035,,6388681645.9221897368940915579,526.12097632671,
2013-12-19T00:00:00.000000000Z,2.65997338,,8328197861.43732355579528630077,685.525128959673,
2013-12-20T00:00:00.000000000Z,2.33082877,,7294490540.98554955751718308834,600.216954260666,
2013-12-21T00:00:00.000000000Z,2.28074868,,7258204826.31718569482897329533,597.033502548217,
2013-12-22T00:00:00.000000000Z,2.38571042,,7479382499.65317006302577101479,615.013035271771,
2013-12-23T00:00:00.000000000Z,2.54494127,,8004081993.82038223873126118285,657.926634155465,
2013-12-24T00:00:00.000000000Z,2.46859013,,7918485708.39557407368132425242,650.664745178258,
2013-12-25T00:00:00.000000000Z,2.56119713,,8257429632.97064939696510911069,678.290158094681,
2013-12-26T00:00:00.000000000Z,2.81662728,,9133750877.51704153651821738334,749.996594956166,
2013-12-27T00:00:00.000000000Z,2.69881739,,8803069849.17756269674092157806,722.570567492694,
2013-12-28T00:00:00.000000000Z,2.67127051,,8723906479.73214829453190991849,715.852363078901,
2013-12-29T00:00:00.000000000Z,2.70995202,,8866119604.03023427767102077895,727.271215663355,
2013-12-30T00:00:00.000000000Z,2.73973508,,8972568474.39803954867143361268,735.741997077732,
2013-12-31T00:00:00.000000000Z,2.71424112,,8900503870.91549529940619728671,729.557582910579,
2014-01-01T00:00:00.000000000Z,2.79859382,,9183089853.00094831805549130906,752.404549944594,
2014-01-02T00:00:00.000000000Z,2.90688604,,9582996402.34579937176110732564,784.954921314436,
2014-01-03T00:00:00.000000000Z,2.97276592,,9858101001.48250847627660090443,807.222939029807,
2014-01-04T00:00:00.000000000Z,3.00082617,,10122111479.99165124021758185648,828.602062618352,
2014-01-05T00:00:00.000000000Z,3.23751863,,11029040879.34003185514619569996,902.487380263004,
2014-01-06T00:00:00.000000000Z,3.25855458,,11179606610.75680048743734503137,914.459960841613,
2014-01-07T00:00:00.000000000Z,2.85648041,,9824823598.10844998826850866786,803.351796198714,
2014-01-08T00:00:00.000000000Z,2.89105715,,10040826131.52113506264393437286,820.690009503214,
2014-01-09T00:00:00.000000000Z,2.91922133,,10175362594.37829115820537518066,831.334750487434,
2014-01-10T00:00:00.000000000Z,2.98942387,,10448187786.86898404008733792647,853.298854844603,
2014-01-11T00:00:00.000000000Z,3.08800818,,10896805298.01207977145398664405,889.555837119345,
2014-01-12T00:00:00.000000000Z,2.92251348,,10357726631.17553579731694452076,845.191332220924,
2014-01-13T00:00:00.000000000Z,2.83904175,,10087743753.83846185819221236205,822.877012197545,
2014-01-14T00:00:00.000000000Z,2.80186801,,9998079805.51489539986473466136,815.293602711864,
2014-01-15T00:00:00.000000000Z,2.87183201,,10318292540.72621690613076147135,841.089857364115,
2014-01-16T00:00:00.000000000Z,2.77584537,,10012488124.52927271072670300179,815.854800298071,
2014-01-17T00:00:00.000000000Z,2.69438096,,9732925495.74589449522624608005,792.829506475745,
2014-01-18T00:00:00.000000000Z,2.74847429,,9944578844.47190178923405403114,809.783528356386,
2014-01-19T00:00:00.000000000Z,2.83776277,,10299896608.66461690816501655677,838.428474734073,
2014-01-20T00:00:00.000000000Z,2.79830469,,10186700742.45993256239963104364,828.885216592636,
2014-01-21T00:00:00.000000000Z,2.77609902,,10127844874.99924156199091141869,823.817963763881,
2014-01-22T00:00:00.000000000Z,2.75067841,,10072254626.33391329144725381463,818.976386323787,
2014-01-23T00:00:00.000000000Z,2.72035724,,9976790593.93571501025177488208,810.922425195792,
2014-01-24T00:00:00.000000000Z,2.61463948,,9612868029.72616382128531098594,781.042513950906,
2014-01-25T00:00:00.000000000Z,2.68630023,,9903703940.55945983065415620049,804.403240800701,
2014-01-26T00:00:00.000000000Z,2.7159709,,10031101355.88135021325381796034,814.499381373466,
2014-01-27T00:00:00.000000000Z,2.47713004,,9150091927.13254172222493026973,742.701374970777,
2014-01-28T00:00:00.000000000Z,2.62930512,,9738027140.09682464572047115904,790.176401876096,
2014-01-29T00:00:00.000000000Z,2.63373693,,9780577243.0299435244086409809,793.38442490941,
2014-01-30T00:00:00.000000000Z,2.64884556,,9859171086.45736605251843863397,799.474479836353,
2014-01-31T00:00:00.000000000Z,2.65797129,,9909273006.11287841607093915908,803.237598784921,
2014-02-01T00:00:00.000000000Z,2.67963991,,10036259444.95132538396970226084,813.219549216833,
2014-02-02T00:00:00.000000000Z,2.68024654,,10055736698.10249885233935279948,814.490870426651,
2014-02-03T00:00:00.000000000Z,2.65176796,,9966874027.67200455461921398188,806.997428372531,
2014-02-04T00:00:00.000000000Z,2.627458,,9884858379.63434555857730889492,800.078231893629,
2014-02-05T00:00:00.000000000Z,2.49283475,,9695361198.19581299177314232668,784.473692777791,
2014-02-06T00:00:00.000000000Z,2.4248508,,9440477710.38409550232939733776,763.569382232612,
2014-02-07T00:00:00.000000000Z,2.26379227,,8800350461.68346545209930386644,711.571273419053,
2014-02-08T00:00:00.000000000Z,2.15811443,,8384312394.90740959779989856492,677.682300941379,
2014-02-09T00:00:00.000000000Z,2.18797536,,8506986612.71322024963759095708,687.406054576271,
2014-02-10T00:00:00.000000000Z,2.1809637,,8485545565.29361149456022539624,685.457498836938,
2014-02-11T00:00:00.000000000Z,2.13932234,,8320462974.6092644745198909952,671.89969169024,
2014-02-12T00:00:00.000000000Z,2.08400611,,8098811133.28431814235575051756,653.765780911747,
2014-02-13T00:00:00.000000000Z,1.95543342,,7595523910.10382072311154929228,612.918414962011,
2014-02-14T00:00:00.000000000Z,2.12998114,,8291082519.48744554736654409472,668.788602659264,
2014-02-15T00:00:00.000000000Z,2.08368328,,8115479465.42532072022526668072,654.377060198714,
2014-02-16T00:00:00.000000000Z,1.98508729,,7732488989.65806090902573888864,623.250321948568,
2014-02-17T00:00:00.000000000Z,2.01155832,,7835234697.49066164373673407992,631.334596306254,
2014-02-18T00:00:00.000000000Z,1.99849686,,7787368652.68850522597490962032,627.271761415484,
2014-02-19T00:00:00.000000000Z,1.9894402,,7744159486.4505184754036663004,623.54013694623,
2014-02-20T00:00:00.000000000Z,1.80129677,,7004311226.10135961600484217204,563.768561098773,
2014-02-21T00:00:00.000000000Z,1.85383269,,7212206643.6676316969731331502,580.324315973115,
2014-02-22T00:00:00.000000000Z,1.93944631,,7548010095.1619554728211209804,607.12463333723,
2014-02-23T00:00:00.000000000Z,1.94857991,,7587343600.97768224457682332556,610.082323746347,
2014-02-24T00:00:00.000000000Z,1.7420652,,6746537217.6273677016222722586,542.266650753945,
2014-02-25T00:00:00.000000000Z,1.72827883,,6642199671.02090692792216919496,533.707644436002,
2014-02-26T00:00:00.000000000Z,1.89989181,,7315347427.4734819763820763152,587.57858829924,
2014-02-27T00:00:00.000000000Z,1.89448535,,7290899751.23848123838941153384,585.393925650058,
2014-02-28T00:00:00.000000000Z,1.78120748,,6868699958.0747527009558690048,551.29477030976,
2014-03-01T00:00:00.000000000Z,1.83532329,,7073074065.53470761593906553976,567.534235441262,
2014-03-02T00:00:00.000000000Z,1.80787101,,6962782218.56188504502030196484,558.527707156633,
2014-03-03T00:00:00.000000000Z,2.18083347,,8436036495.98857328313531540252,676.505732781999,
2014-03-04T00:00:00.000000000Z,2.17294282,,8413679684.5863588112816254384,674.51139943308,
2014-03-05T00:00:00.000000000Z,2.15549405,,8364246723.91503373251136466472,670.338851099514,
2014-03-06T00:00:00.000000000Z,2.14266138,,8334368086.50534929683072888236,667.712834003507,
2014-03-07T00:00:00.000000000Z,1.96402906,,7888356429.44599428159237337848,631.770295213326,
2014-03-08T00:00:00.000000000Z,1.93041869,,7763031842.09322200174921553348,621.524114496201,
2014-03-09T00:00:00.000000000Z,1.95221351,,8003898568.52556858814702311432,640.578889322034,
2014-03-10T00:00:00.000000000Z,1.9107893,,7850957580.5558163413077123178,628.151241165985,
2014-03-11T00:00:00.000000000Z,1.92512349,,7923393434.731565850048549926,633.73383823495,
2014-03-12T00:00:00.000000000Z,1.92370225,,7937695874.874136544452797845,634.646823717125,
2014-03-13T00:00:00.000000000Z,1.94782915,,8050181562.35105584568527764336,643.432100859147,
2014-03-14T00:00:00.000000000Z,1.90343662,,7863055683.3381571993345623336,628.308590005845,
2014-03-15T00:00:00.000000000Z,1.92641386,,7964671637.61267010258423193984,636.218650061368,
2014-03-16T00:00:00.000000000Z,1.91927821,,7941722382.91416031409354277472,634.168900970894,
2014-03-17T00:00:00.000000000Z,1.88442201,,7801357484.82192441493404854656,622.760208649912,
2014-03-18T00:00:00.000000000Z,1.85742156,,7697737311.57046242867504282,614.309513717125,
2014-03-19T00:00:00.000000000Z,1.84533875,,7652583814.03621914199589317888,610.511203474576,
2014-03-20T00:00:00.000000000Z,1.77477734,,7355554646.77434519856176801968,586.607595710111,
2014-03-21T00:00:00.000000000Z,1.71786219,,7146128280.47216579933555013312,569.694517995324,
2014-03-22T00:00:00.000000000Z,1.7024792,,7085878406.69582071572804640416,564.700026703682,
2014-03-23T00:00:00.000000000Z,1.68536505,,7016828469.40079384235782622688,558.958861691408,
2014-03-24T00:00:00.000000000Z,1.76264446,,7346774511.3629601789259163257,585.023250518995,
2014-03-25T00:00:00.000000000Z,1.75724218,,7333342313.47917908203418831742,583.771189094097,
2014-03-26T00:00:00.000000000Z,1.74314104,,7278772312.14611250870698524284,579.243850400994,
2014-03-27T00:00:00.000000000Z,1.4579435,,6073523735.47951557555962697002,483.164012612507,
2014-03-28T00:00:00.000000000Z,1.50668923,,6270499057.06812888504061537758,498.661328949153,
2014-03-29T00:00:00.000000000Z,1.47991892,,6157654118.85170377077589503038,489.517023547633,
2014-03-30T00:00:00.000000000Z,1.38999605,,5774962089.45482713704095216532,458.966328275862,
2014-03-31T00:00:00.000000000Z,1.38223661,,5731575961.73435087945190926888,455.355354056108,
2014-04-01T00:00:00.000000000Z,1.45469684,,6031346382.54366358467013903118,479.008465867913,
2014-04-02T00:00:00.000000000Z,1.33564877,,5529894031.99036152110185143954,439.011492524839,
2014-04-03T00:00:00.000000000Z,1.36778873,,5663560667.07692670680417659173,449.441151519579,
2014-04-04T00:00:00.000000000Z,1.36964635,,5669265274.40595474271317477852,449.719869736996,
2014-04-05T00:00:00.000000000Z,1.41084013,,5821952055.15250166405846623938,461.675331482174,
2014-04-06T00:00:00.000000000Z,1.40141439,,5785324166.34184120492760381545,458.633480544535,
2014-04-07T00:00:00.000000000Z,1.37167544,,5661150113.94894573962932495078,448.655275066394,
2014-04-08T00:00:00.000000000Z,1.38533994,,5715004409.20311145073775219462,452.803098796026,
2014-04-09T00:00:00.000000000Z,1.35469234,,5591013245.68948260932285322261,442.837984932203,
2014-04-10T00:00:00.000000000Z,1.1286601,,4633836284.85953318227374579531,366.911866063413,
2014-04-11T00:00:00.000000000Z,1.30082437,,5330629803.53185077598232243961,421.943528071303,
2014-04-12T00:00:00.000000000Z,1.30827456,,5361782245.30898092938324354025,424.274212647575,
2014-04-13T00:00:00.000000000Z,1.28401659,,5263741901.89672362768271739148,416.362321654004,
2014-04-14T00:00:00.000000000Z,1.42132931,,5831654343.27868640755670108263,461.108246586649,
2014-04-15T00:00:00.000000000Z,1.60547388,,6599262800.16174426162929224386,521.615299606078,
2014-04-16T00:00:00.000000000Z,1.62848084,,6726202947.40904126511852823713,531.481846731999,
2014-04-17T00:00:00.000000000Z,1.53010414,,6327838333.00546981198779794927,499.837551544721,
2014-04-18T00:00:00.000000000Z,1.48000554,,6116863917.00977978730895704922,483.020013533606,
2014-04-19T00:00:00.000000000Z,1.54481447,,6389184729.20224212855975106056,504.365595178488,
2014-04-20T00:00:00.000000000Z,1.53703688,,6355840372.1128915037635850892,501.55718444916,
2014-04-21T00:00:00.000000000Z,1.52622244,,6313963464.21394534923580825278,498.084530300994,
2014-04-22T00:00:00.000000000Z,1.50076937,,6207070836.84233447083293367001,489.503510029223,
2014-04-23T00:00:00.000000000Z,1.5016104,,6223416602.8935091719322813284,490.63296754332,
2014-04-24T00:00:00.000000000Z,1.53947611,,6385887057.10233073124943099106,503.291801028638,
2014-04-25T00:00:00.000000000Z,1.42807837,,5920249346.64104481428575977741,466.426171344243,
2014-04-26T00:00:00.000000000Z,1.4063299,,5830739443.7214303635339120134,459.22670981882,
2014-04-27T00:00:00.000000000Z,1.34395279,,5572174763.27772372987958094349,438.709363717287,
2014-04-28T00:00:00.000000000Z,1.35421878,,5609904516.17470675095147715603,441.547805468089,
2014-04-29T00:00:00.000000000Z,1.37364362,,5690108831.42847744331361420869,447.709930772047,
2014-04-30T00:00:00.000000000Z,1.37742743,,5706462614.30929473674099371443,448.875715514009,
2014-05-01T00:00:00.000000000Z,1.41200262,,5852383319.24591989525668418557,460.194698255991,
2014-05-02T00:00:00.000000000Z,1.38757157,,5753039376.08332250033113980727,452.239779761701,
2014-05-03T00:00:00.000000000Z,1.34737725,,5585899281.33931601189041208988,438.978588005844,
2014-05-04T00:00:00.000000000Z,1.34079342,,5558240188.07600648341629241035,436.675398644705,
2014-05-05T00:00:00.000000000Z,1.32836701,,5504384772.49935636506778346838,432.338179035394,
2014-05-06T00:00:00.000000000Z,1.32260352,,5478334250.69936625570439780462,430.128205394506,
2014-05-07T00:00:00.000000000Z,1.36002582,,5633626419.3388133440402716795,442.18287609585,
2014-05-08T00:00:00.000000000Z,1.35471389,,5612785584.47488318420432167528,440.402762711864,
2014-05-09T00:00:00.000000000Z,1.39224562,,5771408225.23261748480440840331,452.697999723553,
2014-05-10T00:00:00.000000000Z,1.4045981,,5825185347.6996326759620845144,456.75584628872,
2014-05-11T00:00:00.000000000Z,1.3505933,,5601866711.42065352234304753935,439.114476037405,
2014-05-12T00:00:00.000000000Z,1.3576711,,5631314154.06440998799008490137,441.280955581531,
2014-05-13T00:00:00.000000000Z,1.35114784,,5604057888.53557753905178832703,439.005774985389,
2014-05-14T00:00:00.000000000Z,1.36967388,,5680306682.94579980688137142415,444.848205727645,
2014-05-15T00:00:00.000000000Z,1.37634402,,5709203037.7123627861479363066,446.96155873758,
2014-05-16T00:00:00.000000000Z,1.38233452,,5733977785.1036040565715566056,448.74215371128,
2014-05-17T00:00:00.000000000Z,1.38379554,,5742055791.200180797830271215,449.2222893045,
2014-05-18T00:00:00.000000000Z,1.37668474,,5715094426.17157758233904010612,446.962641437756,
2014-05-19T00:00:00.000000000Z,1.37835145,,5722627919.56345673624795470428,447.404856808884,
2014-05-20T00:00:00.000000000Z,1.50867507,,6273913162.71868365874777869857,490.335648158971,
2014-05-21T00:00:00.000000000Z,1.51856262,,6322109034.30446252258635305417,493.933491817651,
2014-05-22T00:00:00.000000000Z,1.61686251,,6745232578.2973656175348455994,526.81428842782,
2014-05-23T00:00:00.000000000Z,1.60608676,,6707509362.75570231168836455452,523.699320280538,
2014-05-24T00:00:00.000000000Z,1.61622687,,6760669281.58231348444076743034,527.691243132671,
2014-05-25T00:00:00.000000000Z,1.7510962,,7347466289.31905040039460458204,573.312458796026,
2014-05-26T00:00:00.000000000Z,1.78420425,,7497613476.32351507665666493292,584.847974868498,
2014-05-27T00:00:00.000000000Z,1.7360648,,7359576774.76447177621582674234,573.928269245471,
2014-05-28T00:00:00.000000000Z,1.74983943,,7429487155.29679710546366979016,579.189318819404,
2014-05-29T00:00:00.000000000Z,1.72220405,,7318103409.65544730722919267974,570.349310929281,
2014-05-30T00:00:00.000000000Z,1.86223265,,7968618784.83480801297485952528,620.846360607832,
2014-05-31T00:00:00.000000000Z,1.87963895,,8061363103.3040226016235877537,627.892420689655,
2014-06-01T00:00:00.000000000Z,1.88300736,,8092140707.08794087432161984176,630.074953535944,
2014-06-02T00:00:00.000000000Z,1.97543263,,8524698178.61551056196642039216,663.505723845704,
2014-06-03T00:00:00.000000000Z,1.99693718,,8641808154.46159061899306452012,672.387897136178,
2014-06-04T00:00:00.000000000Z,1.90998921,,8278421132.73914617449744276574,643.887368790181,
2014-06-05T00:00:00.000000000Z,1.95863649,,8507425132.24688219152614724458,661.503558153127,
2014-06-06T00:00:00.000000000Z,1.92408683,,8363454618.50436717057428026144,650.133315897136,
2014-06-07T00:00:00.000000000Z,1.94195206,,8451764871.91981165209949531476,656.800271770894,
2014-06-08T00:00:00.000000000Z,1.94276934,,8467123090.85452275658666493292,657.819974868498,
2014-06-09T00:00:00.000000000Z,1.91093556,,8347582865.6307787162290626075,648.336322326125,
2014-06-10T00:00:00.000000000Z,1.91468487,,8383780238.00294627603461498452,650.936609585038,
2014-06-11T00:00:00.000000000Z,1.8557786,,8135608711.2981665454887365669,631.489022209235,
2014-06-12T00:00:00.000000000Z,1.71579412,,7629087562.66339702530259712418,591.975077147867,
2014-06-13T00:00:00.000000000Z,1.72900225,,7696859223.01736405443710284142,597.044999707773,
2014-06-14T00:00:00.000000000Z,1.6672379,,7422437719.84651476591591008222,575.559461718293,
2014-06-15T00:00:00.000000000Z,1.70763012,,7607913697.27769732892010613794,589.724646405611,
2014-06-16T00:00:00.000000000Z,1.70895309,,7621562611.52157401619618072618,590.567482174167,
2014-06-17T00:00:00.000000000Z,1.76144005,,7863277527.03732541372712152872,609.080002922268,
2014-06-18T00:00:00.000000000Z,1.75639628,,7846955363.48302204161821393464,607.629796025716,
2014-06-19T00:00:00.000000000Z,1.72175665,,7696045540.2528791534682779859,595.751476914085,
2014-06-20T00:00:00.000000000Z,1.70893923,,7644281888.10251539910605185552,591.531522793688,
2014-06-21T00:00:00.000000000Z,1.71186032,,7662969895.2044585595846717561,592.764349503215,
2014-06-22T00:00:00.000000000Z,1.73072722,,7754483949.45489339198331487502,599.634633547633,
2014-06-23T00:00:00.000000000Z,1.70033791,,7626693090.72179671002456932976,589.552299824664,
2014-06-24T00:00:00.000000000Z,1.67166269,,7505506467.19457724023438892348,579.973718585622,
2014-06-25T00:00:00.000000000Z,1.62093285,,7278599165.19024780842415435976,562.236779953244,
2014-06-26T00:00:00.000000000Z,1.67219737,,7520740158.49938935066152736022,580.749230274693,
2014-06-27T00:00:00.000000000Z,1.72780213,,7781263113.33078101860530155142,600.638305376973,
2014-06-28T00:00:00.000000000Z,1.70918053,,7703024797.8670495995908446851,594.390304208065,
2014-06-29T00:00:00.000000000Z,1.72411286,,7788974904.50617840017335340644,600.840518410286,
2014-06-30T00:00:00.000000000Z,1.82938369,,8285063972.9826659070934910376,638.94611396844,
2014-07-01T00:00:00.000000000Z,1.83761917,,8339204790.2900840021750155324,642.95659672706,
2014-07-02T00:00:00.000000000Z,1.85565119,,8449628746.89827324631402054916,651.298347749854,
2014-07-03T00:00:00.000000000Z,1.83854971,,8388499950.52913524796068788582,646.413389130333,
2014-07-04T00:00:00.000000000Z,1.79270708,,8186367619.64458576450156320072,630.635502922268,
2014-07-05T00:00:00.000000000Z,1.79121232,,8186593458.81544596260089414772,630.468341905318,
2014-07-06T00:00:00.000000000Z,1.80217443,,8243439551.8792331776044492252,634.67267445938,
2014-07-07T00:00:00.000000000Z,1.76756914,,8092281240.71717381857619760942,622.854978959673,
2014-07-08T00:00:00.000000000Z,1.77273738,,8121120346.38921400863777347712,624.894331092928,
2014-07-09T00:00:00.000000000Z,1.76136723,,8085295133.4134734168452317807,621.939091759205,
2014-07-10T00:00:00.000000000Z,1.74495565,,8017179778.29904371336957894294,616.522849795441,
2014-07-11T00:00:00.000000000Z,1.79446067,,8253353630.98008117154776266292,634.494378141438,
2014-07-12T00:00:00.000000000Z,1.80030291,,8287456960.00042945476367643694,636.923957934541,
2014-07-13T00:00:00.000000000Z,1.77957268,,8198267373.4567932337611424916,629.87575043834,
2014-07-14T00:00:00.000000000Z,1.74898486,,8061371837.18957290895979224248,619.197459088252,
2014-07-15T00:00:00.000000000Z,1.75571279,,8099479060.35911603330344519186,621.934601402689,
2014-07-16T00:00:00.000000000Z,1.73946637,,8028993953.25120644331842954888,616.351882232612,
2014-07-17T00:00:00.000000000Z,1.76036866,,8134685025.07665244010351715196,624.259274985389,
2014-07-18T00:00:00.000000000Z,1.77738508,,8221979325.36726557590989198636,630.750140268849,
2014-07-19T00:00:00.000000000Z,1.77274463,,8204209766.0491453906616233992,629.17336440678,
2014-07-20T00:00:00.000000000Z,1.76080313,,8155455986.21774693566216916124,625.248676212741,
2014-07-21T00:00:00.000000000Z,1.74762284,,8106428368.5040013884505619612,621.305331385155,
2014-07-22T00:00:00.000000000Z,1.74270129,,8089291599.245128949956516834,619.823264465225,
2014-07-23T00:00:00.000000000Z,1.74066345,,8090895378.98215768512238272968,619.772816773817,
2014-07-24T00:00:00.000000000Z,1.69279908,,7872516830.5178391789658991202,602.87964552893,
2014-07-25T00:00:00.000000000Z,1.68863136,,7857977844.63778813231938389088,601.578514319112,
2014-07-26T00:00:00.000000000Z,1.66914747,,7770155179.10497246532135813136,594.702607247224,
2014-07-27T00:00:00.000000000Z,1.65995112,,7731559647.22779736562016111618,591.575444184687,
2014-07-28T00:00:00.000000000Z,1.64850401,,7680407552.4680346382182233997,587.493004967855,
2014-07-29T00:00:00.000000000Z,1.63937643,,7638387993.6899827924883326122,584.11239333723,
2014-07-30T00:00:00.000000000Z,1.58077127,,7363607117.26695199144642471968,562.914625073057,
2014-07-31T00:00:00.000000000Z,1.63310806,,7615187932.4549720666923236105,581.975561952075,
2014-08-01T00:00:00.000000000Z,1.67172212,,7807670878.87271766686296889684,596.506759205143,
2014-08-02T00:00:00.000000000Z,1.65218507,,7721730033.74846870182565884245,589.757261542957,
2014-08-03T00:00:00.000000000Z,1.64362281,,7684663690.3259944079303482837,586.753736703682,
2014-08-04T00:00:00.000000000Z,1.64417187,,7697736644.3016206293799038905,587.60833547633,
2014-08-05T00:00:00.000000000Z,1.61859835,,7624684694.6667012002510128146,581.881988603156,
2014-08-06T00:00:00.000000000Z,1.61916711,,7631872806.4909333899060717227,582.248371420222,
2014-08-07T00:00:00.000000000Z,1.62893008,,7684003054.89318604621031943639,586.046633547633,
2014-08-08T00:00:00.000000000Z,1.63661291,,7725373119.05005976886117909468,589.024412624196,
2014-08-09T00:00:00.000000000Z,1.63562717,,7727451082.26073387410168475782,588.978521332554,
2014-08-10T00:00:00.000000000Z,1.63601768,,7735241242.42625298827729527621,589.373502045587,
2014-08-11T00:00:00.000000000Z,1.59181557,,7528750393.80731336316540206424,573.441483927528,
2014-08-12T00:00:00.000000000Z,1.57747585,,7463818388.65198593426397508601,568.307520163647,
2014-08-13T00:00:00.000000000Z,1.52247712,,7203960811.17346141944410334763,548.370175336061,
2014-08-14T00:00:00.000000000Z,1.40529956,,6637890303.91865066950687593259,505.107499707773,
2014-08-15T00:00:00.000000000Z,1.39272818,,6577079233.50892178786252070393,500.323060132671,
2014-08-16T00:00:00.000000000Z,1.4519714,,6860784727.658820954792054776,521.7479628872,
2014-08-17T00:00:00.000000000Z,1.38521881,,6547529019.65627624033138134446,497.764658971362,
2014-08-18T00:00:00.000000000Z,1.30849176,,6170930387.993115195288844689,468.957918176505,
2014-08-19T00:00:00.000000000Z,1.35854035,,6407900293.38720930584067308916,486.794350672122,
2014-08-20T00:00:00.000000000Z,1.43685004,,6782945022.74142755045051731248,515.120353886616,
2014-08-21T00:00:00.000000000Z,1.44883851,,6840226845.52513650607812584135,519.307852133255,
2014-08-22T00:00:00.000000000Z,1.43998218,,6800781531.59397391212928459456,516.159368790181,
2014-08-23T00:00:00.000000000Z,1.38794257,,6552013007.6780815713447779438,497.12575949737,
2014-08-24T00:00:00.000000000Z,1.41936719,,6702866072.33448531100108501808,508.430741963764,
2014-08-25T00:00:00.000000000Z,1.40049218,,6614667025.94261093325183163348,501.610286674459,
2014-08-26T00:00:00.000000000Z,1.4286897,,6751941118.80507378671362418784,511.852321741672,
2014-08-27T00:00:00.000000000Z,1.42412594,,6731803470.86744604956245657689,510.162323787259,
2014-08-28T00:00:00.000000000Z,1.41962708,,6682832259.80530376136379936303,506.285151665693,
2014-08-29T00:00:00.000000000Z,1.4275503,,6719069017.94729233951562021665,508.866571887785,
2014-08-30T00:00:00.000000000Z,1.40634187,,6621120334.48254182721915042311,501.275723261251,
2014-08-31T00:00:00.000000000Z,1.34266216,,6322686205.26561916761621927918,478.511425482174,
2014-09-01T00:00:00.000000000Z,1.33136652,,6271843933.85789814971911413528,474.541489772063,
2014-09-02T00:00:00.000000000Z,1.33208957,,6272122810.29273606355741400949,474.430670660433,
2014-09-03T00:00:00.000000000Z,1.33099316,,6267892342.1983521741734986133,473.95920338983,
2014-09-04T00:00:00.000000000Z,1.37428858,,6476075980.69510518953131125907,489.555201344243,
2014-09-05T00:00:00.000000000Z,1.34365527,,6334872080.81028869977612815017,478.749782875511,
2014-09-06T00:00:00.000000000Z,1.34865874,,6362067497.940154209578195119,480.64249181765,
2014-09-07T00:00:00.000000000Z,1.34317011,,6333781569.223850863118475306,478.36550087668,
2014-09-08T00:00:00.000000000Z,1.31734021,,6211141850.89130581786413847125,468.975495908825,
2014-09-09T00:00:00.000000000Z,1.33112394,,6272952283.8113928354955950905,473.51202717709,
2014-09-10T00:00:00.000000000Z,1.34373558,,6331347487.48382705428452548295,477.778417592051,
2014-09-11T00:00:00.000000000Z,1.34256122,,6326647559.4691494081132983342,477.270682057276,
2014-09-12T00:00:00.000000000Z,1.33422001,,6285080622.4792681303480824561,473.997282291058,
2014-09-13T00:00:00.000000000Z,1.34529696,,6339800916.4308260903987533981,477.960973991818,
2014-09-14T00:00:00.000000000Z,1.33870825,,6311000675.6948061432989906679,475.648063997662,
2014-09-15T00:00:00.000000000Z,1.33078173,,6273163405.08372311962471800825,472.655629748685,
2014-09-16T00:00:00.000000000Z,1.30741226,,6162628008.03985420254509918175,464.177754529515,
2014-09-17T00:00:00.000000000Z,1.28560635,,6060691069.13060962220470788288,456.339891291642,
2014-09-18T00:00:00.000000000Z,1.20503333,,5671343316.69117654056154500148,426.880106954997,
2014-09-19T00:00:00.000000000Z,1.11512348,,5234786700.07750335658022138676,393.893890707189,
2014-09-20T00:00:00.000000000Z,1.16620763,,5464482172.79350122527457514716,411.041342781999,
2014-09-21T00:00:00.000000000Z,1.1367134,,5324715500.71462327086095081144,400.404530683811,
2014-09-22T00:00:00.000000000Z,1.13884767,,5332743727.96432561990904997256,400.881622150789,
2014-09-23T00:00:00.000000000Z,1.2456203,,5834698972.61652602240961664184,438.491800993571,
2014-09-24T00:00:00.000000000Z,1.20431489,,5639528633.4780353709355830132,423.700091759205,
2014-09-25T00:00:00.000000000Z,1.16485544,,5452786187.23450706522115085848,409.537749853887,
2014-09-26T00:00:00.000000000Z,1.15453429,,5397697184.16838946906892869548,405.298251899474,
2014-09-27T00:00:00.000000000Z,1.14181027,,5336459764.17459035675935727398,400.599334599649,
2014-09-28T00:00:00.000000000Z,1.07103907,,5003993225.18891477390655428826,375.549989772063,
2014-09-29T00:00:00.000000000Z,1.0668785,,4972153983.458165233120509318,373.0645578609,
2014-09-30T00:00:00.000000000Z,1.1140296,,5189547431.442713059481292895,389.264040411455,
2014-10-01T00:00:00.000000000Z,1.09708972,,5106312655.532710328987333066,382.909365867914,
2014-10-02T00:00:00.000000000Z,1.06843242,,4969125807.05117963853043303671,372.525699006429,
2014-10-03T00:00:00.000000000Z,1.02941189,,4772213722.09318291562646824533,357.665713617767,
2014-10-04T00:00:00.000000000Z,0.9484552,,4388682580.26033574872263311823,328.826113091759,
2014-10-05T00:00:00.000000000Z,0.93172895,,4309969413.80804996447434124429,322.826261542957,
2014-10-06T00:00:00.000000000Z,0.95087199,,4364384310.69409094656049369812,326.803532729398,
2014-10-07T00:00:00.000000000Z,0.97154668,,4455868952.72256770612547461076,333.570194915254,
2014-10-08T00:00:00.000000000Z,1.03194969,,4735489718.92956814312992024162,354.407334307423,
2014-10-09T00:00:00.000000000Z,1.05462843,,4834490053.51113007465779643132,361.716424897721,
2014-10-10T00:00:00.000000000Z,1.04743744,,4798109635.99566860263653605117,358.890390810053,
2014-10-11T00:00:00.000000000Z,1.05694518,,4839760837.72777147298796843528,361.908376972531,
2014-10-12T00:00:00.000000000Z,1.10393506,,5054628618.96668972110413750112,377.871243717124,
2014-10-13T00:00:00.000000000Z,1.14335604,,5245064708.89722065765811903432,391.994208942139,
2014-10-14T00:00:00.000000000Z,1.16884486,,5365291551.15506281352585035998,400.880592054354,
2014-10-15T00:00:00.000000000Z,1.15308824,,5283069667.50673066383418373826,394.625879894798,
2014-10-16T00:00:00.000000000Z,1.11729203,,5119758564.70279503104875775584,382.321476329632,
2014-10-17T00:00:00.000000000Z,1.11813531,,5119499232.52659565221158508849,382.200789596727,
2014-10-18T00:00:00.000000000Z,1.14449554,,5242894153.66623401811534392427,391.293177089421,
2014-10-19T00:00:00.000000000Z,1.13688775,,5209233125.40604711494753192331,388.684497954413,
2014-10-20T00:00:00.000000000Z,1.11540138,,5110107339.43717410898784374428,381.190858562244,
2014-10-21T00:00:00.000000000Z,1.1273598,,5165387968.70873624438372471948,385.204633541204,
2014-10-22T00:00:00.000000000Z,1.11497797,,5107553013.09854322028800642066,380.778763296318,
2014-10-23T00:00:00.000000000Z,1.04769288,,4794571841.57363127253143846376,357.344793103448,
2014-10-24T00:00:00.000000000Z,1.04955841,,4797920118.2793446772237263725,357.48843395675,
2014-10-25T00:00:00.000000000Z,1.01613431,,4642538389.71217277688647092704,345.811246639392,
2014-10-26T00:00:00.000000000Z,1.03785791,,4741251517.25675527386736888695,353.081956165985,
2014-10-27T00:00:00.000000000Z,1.02988218,,4701468719.30090783831580021009,350.015711864407,
2014-10-28T00:00:00.000000000Z,1.04388822,,4764991907.39033527963859320956,354.653805084746,
2014-10-29T00:00:00.000000000Z,0.98355448,,4483405058.00898420177101761848,333.599350087668,
2014-10-30T00:00:00.000000000Z,1.01672909,,4632838862.43534694400831053118,344.609382232613,
2014-10-31T00:00:00.000000000Z,0.99675714,,4534584097.18294440297567973656,337.182912624196,
2014-11-01T00:00:00.000000000Z,0.95963351,,4363577474.22803386960654220016,324.371315020456,
2014-11-02T00:00:00.000000000Z,0.95980572,,4363182675.13012867318846042858,324.248566627703,
2014-11-03T00:00:00.000000000Z,0.96404683,,4379538202.27433893744124900682,325.361865575687,
2014-11-04T00:00:00.000000000Z,0.97805226,,4438697512.25659374386917959624,329.657703974284,
2014-11-05T00:00:00.000000000Z,1.00559416,,4563041057.0946307442720115783,338.805765341905,
2014-11-06T00:00:00.000000000Z,1.03634538,,4710975207.9750087090963860766,349.689911747516,
2014-11-07T00:00:00.000000000Z,1.01476248,,4610456396.26949796531199637805,342.133288135593,
2014-11-08T00:00:00.000000000Z,1.02534954,,4660062487.5847463551854543687,345.716332554062,
2014-11-09T00:00:00.000000000Z,1.07917955,,4902623335.33705506135308865992,363.610051724138,
2014-11-10T00:00:00.000000000Z,1.0847227,,4929479477.77768282771099349924,365.502253945061,
2014-11-11T00:00:00.000000000Z,1.09194006,,4961998574.957065242035353835,367.825466978375,
2014-11-12T00:00:00.000000000Z,1.25193043,,5702349216.98991750188928956876,422.591419637639,
2014-11-13T00:00:00.000000000Z,1.24597359,,5694744080.08642747200480363536,421.914471654004,
2014-11-14T00:00:00.000000000Z,1.1770509,,5378743834.81809388827246982344,398.388882817066,
2014-11-15T00:00:00.000000000Z,1.11736503,,5104708459.69298134617613503324,377.993840736411,
2014-11-16T00:00:00.000000000Z,1.15327838,,5271091380.88820173699654776128,390.205823495032,
2014-11-17T00:00:00.000000000Z,1.14624262,,5235948730.38242646850769627464,387.501031560491,
2014-11-18T00:00:00.000000000Z,1.10670813,,5053130942.78855364712340026464,373.864564582116,
2014-11-19T00:00:00.000000000Z,1.1187722,,5105131036.93197123893665800432,377.613398012858,
2014-11-20T00:00:00.000000000Z,1.05691479,,4816608899.3407047377453197012,356.181265341905,
2014-11-21T00:00:00.000000000Z,1.04171403,,4744260556.95885942658370283384,350.748858854471,
2014-11-22T00:00:00.000000000Z,1.04704666,,4768701889.69010384845937254352,352.455514611338,
2014-11-23T00:00:00.000000000Z,1.09252099,,4977255417.37997010336970249464,367.773242255991,
2014-11-24T00:00:00.000000000Z,1.11975677,,5103432931.30746978037553354816,376.994223845704,
2014-11-25T00:00:00.000000000Z,1.11940193,,5101446341.23438258267159979648,376.755630040912,
2014-11-26T00:00:00.000000000Z,1.09262566,,4977788630.80880617610460261336,367.530208065459,
2014-11-27T00:00:00.000000000Z,1.09877029,,5006179265.651375351155208722,369.530227352425,
2014-11-28T00:00:00.000000000Z,1.13429879,,5120924701.34277291595513616152,377.896931911163,
2014-11-29T00:00:00.000000000Z,1.12906205,,5097729689.6933708796360401766,376.07633547633,
2014-11-30T00:00:00.000000000Z,1.13677757,,5134678161.08239570977620701356,378.690397136178,
2014-12-01T00:00:00.000000000Z,1.13825789,,5141626519.73154479066258445846,379.111978959673,
2014-12-02T00:00:00.000000000Z,1.1510639,,5195071474.50431267917515397386,382.946796317943,
2014-12-03T00:00:00.000000000Z,1.13011906,,5100781830.03641576248500567434,375.916019286967,
2014-12-04T00:00:00.000000000Z,1.11229742,,5006189589.77743734589085156154,368.845568088837,
2014-12-05T00:00:00.000000000Z,1.1410958,,5137728351.69543007453068385348,378.428329631794,
2014-12-06T00:00:00.000000000Z,1.13129289,,5094341409.9840360970910857146,375.13795119813,
2014-12-07T00:00:00.000000000Z,1.13597735,,5115922710.42743722867385234472,376.639793103448,
2014-12-08T00:00:00.000000000Z,1.10418082,,4935062172.83781513421632465605,363.215676797195,
2014-12-09T00:00:00.000000000Z,1.06761307,,4771784114.21225223043932351616,351.106837814144,
2014-12-10T00:00:00.000000000Z,1.06041309,,4729191782.83335427705720520637,347.881393921683,
2014-12-11T00:00:00.000000000Z,1.06328138,,4740155421.83226277273275383718,348.593006136762,
2014-12-12T00:00:00.000000000Z,1.07767689,,4803918508.26444413052266420322,353.190612507306,
2014-12-13T00:00:00.000000000Z,1.06591465,,4751499086.57242699948089470616,349.242945061368,
2014-12-14T00:00:00.000000000Z,1.08689147,,4845769566.8261814225275804193,356.07972150789,
2014-12-15T00:00:00.000000000Z,1.06028962,,4724725483.75398471629840569451,347.095181472823,
2014-12-16T00:00:00.000000000Z,1.00469489,,4474321674.23994725211976549368,328.613320280538,
2014-12-17T00:00:00.000000000Z,0.98028857,,4362121917.4762365244436908951,320.297613383986,
2014-12-18T00:00:00.000000000Z,0.96077271,,4270715212.25336132342596454945,313.511651179427,
2014-12-19T00:00:00.000000000Z,0.97619248,,4336255009.04829155454721681035,318.242888661601,
2014-12-20T00:00:00.000000000Z,1.01306177,,4498454597.07557465277298571205,330.065758328463,
2014-12-21T00:00:00.000000000Z,0.98778637,,4375857072.60024910112633558286,320.992670075979,
2014-12-22T00:00:00.000000000Z,1.0214974,,4525126532.88865693329601366688,331.842584453536,
2014-12-23T00:00:00.000000000Z,1.03954357,,4584226091.32900288972510582674,336.084128579778,
2014-12-24T00:00:00.000000000Z,0.99961153,,4407433219.58878049598148134541,323.032297779077,
2014-12-25T00:00:00.000000000Z,0.98749454,,4353624220.14539756888269955759,318.996144360023,
2014-12-26T00:00:00.000000000Z,1.01929944,,4494277461.78761205435557350527,329.210341905319,
2014-12-27T00:00:00.000000000Z,0.97876537,,4314703858.03494320457048476213,315.968443892461,
2014-12-28T00:00:00.000000000Z,0.98276009,,4330272746.48340763309523561631,317.010480420807,
2014-12-29T00:00:00.000000000Z,0.97130504,,4277669438.88849074217497271203,313.065531560491,
2014-12-30T00:00:00.000000000Z,0.9677018,,4243025008.22959370303151883775,310.442004091175,
2014-12-31T00:00:00.000000000Z,1.00093553,,4383931184.77523612007322869129,320.662287258913,
2015-01-01T00:00:00.000000000Z,0.98274685,,4304761773.7842076483550005559,314.77647194623,
2015-01-02T00:00:00.000000000Z,0.98668726,,4322014357.17462695654319149291,315.942731735827,
2015-01-03T00:00:00.000000000Z,0.89443575,,3908737739.40163033716026796788,285.647309760374,
2015-01-04T00:00:00.000000000Z,0.826303,,3604547303.48548800735182532486,263.334574810053,
2015-01-05T00:00:00.000000000Z,0.86470946,,3765349926.23212377671977338524,275.003851548802,
2015-01-06T00:00:00.000000000Z,0.90423431,,3938260925.36373564665528823074,287.549521040327,
2015-01-07T00:00:00.000000000Z,0.93577843,,4076070558.88482870225207178878,297.535565166569,
2015-01-08T00:00:00.000000000Z,0.89651769,,3896376434.10953495185478372352,284.342391876096,
2015-01-09T00:00:00.000000000Z,0.9241025,,4009200101.34931316889012364566,292.501114552893,
2015-01-10T00:00:00.000000000Z,0.87375367,,3787200643.16216682636975188128,276.230532144944,
2015-01-11T00:00:00.000000000Z,0.85069708,,3685757426.27080368907294888778,268.755515488019,
2015-01-12T00:00:00.000000000Z,0.85146752,,3684814575.28750821290923744948,268.617232028054,
2015-01-13T00:00:00.000000000Z,0.71350593,,3074962783.80220207012496981256,224.108117767388,
2015-01-14T00:00:00.000000000Z,0.56357972,,2410541394.6767754732708241665,175.637640561075,
2015-01-15T00:00:00.000000000Z,0.68179854,,2915078937.61878652612171356488,212.341011396844,
2015-01-16T00:00:00.000000000Z,0.66753485,,2850648523.43197572104593708728,207.595204850964,
2015-01-17T00:00:00.000000000Z,0.64325099,,2744637050.62733662302355687374,199.824836645237,
2015-01-18T00:00:00.000000000Z,0.68000493,,2900758070.26952742569594438772,211.132518410286,
2015-01-19T00:00:00.000000000Z,0.69895138,,2980705663.41907838742005110308,216.894694915254,
2015-01-20T00:00:00.000000000Z,0.68366065,,2912963378.74563876925379612432,211.919853886616,
2015-01-21T00:00:00.000000000Z,0.73912676,,3133526729.57874532195702093373,227.904210403273,
2015-01-22T00:00:00.000000000Z,0.75789177,,3213279974.87543643838204321266,233.647382817066,
2015-01-23T00:00:00.000000000Z,0.75661441,,3206926509.85773287519944428882,233.132852425482,
2015-01-24T00:00:00.000000000Z,0.8081469,,3427105944.2266946414517825915,249.08212390415,
2015-01-25T00:00:00.000000000Z,0.8258294,,3502692396.5058612583808541642,254.51794126242,
2015-01-26T00:00:00.000000000Z,0.89147229,,3771018340.39582855181193924432,273.952244886032,
2015-01-27T00:00:00.000000000Z,0.86202293,,3645385810.76319208672165900692,264.753804500292,
2015-01-28T00:00:00.000000000Z,0.76846781,,3246805002.49861342880239028685,235.735840444185,
2015-01-29T00:00:00.000000000Z,0.76357085,,3223269286.81931296934171099109,233.957373465809,
2015-01-30T00:00:00.000000000Z,0.74804548,,3154330219.33620800370520863699,228.896189947399,
2015-01-31T00:00:00.000000000Z,0.71163625,,2995872651.27478630303052936894,217.332156049094,
2015-02-01T00:00:00.000000000Z,0.74387279,,3131555924.45003682701969818398,227.111301285798,
2015-02-02T00:00:00.000000000Z,0.78676033,,3311502260.80394730715846794066,240.092419929866,
2015-02-03T00:00:00.000000000Z,0.74694335,,3142345617.19496405856846051435,227.775695791935,
2015-02-04T00:00:00.000000000Z,0.7443882,,3129526308.61601643727768873987,226.781134132087,
2015-02-05T00:00:00.000000000Z,0.71333929,,2995565459.88997167366263605539,217.011151081239,
2015-02-06T00:00:00.000000000Z,0.73237364,,3075423077.97115508909289523111,222.724969316189,
2015-02-07T00:00:00.000000000Z,0.75214553,,3158106085.15465418688131471829,228.647127410871,
2015-02-08T00:00:00.000000000Z,0.73731062,,3095155714.17576519668374201717,224.035988895383,
2015-02-09T00:00:00.000000000Z,0.72729218,,3050902424.29268003748415597362,220.768493863238,
2015-02-10T00:00:00.000000000Z,0.72810409,,3053351264.77994097927895560066,220.888154295734,
2015-02-11T00:00:00.000000000Z,0.72439005,,3034972495.47427321271501987549,219.495859731151,
2015-02-12T00:00:00.000000000Z,0.73482642,,3078323766.37273097783885855421,222.583227936879,
2015-02-13T00:00:00.000000000Z,0.78098836,,3272421689.87625302399550743874,236.555363822326,
2015-02-14T00:00:00.000000000Z,0.85038033,,3564959250.33855845036519467565,257.627695791935,
2015-02-15T00:00:00.000000000Z,0.7743708,,3244997129.44199950534820525442,234.445803039158,
2015-02-16T00:00:00.000000000Z,0.77684571,,3254782653.53026993126191736483,235.086126826417,
2015-02-17T00:00:00.000000000Z,0.80607357,,3377800069.69370324679131741145,243.905794272355,
2015-02-18T00:00:00.000000000Z,0.78023417,,3269233640.31512558181718979419,235.995232320281,
2015-02-19T00:00:00.000000000Z,0.80139075,,3351651583.63761742407927642279,241.872253945061,
2015-02-20T00:00:00.000000000Z,0.81236962,,3403317980.16920617280667796785,245.530775277615,
2015-02-21T00:00:00.000000000Z,0.81269734,,3405093966.41487975115623952179,245.596002630041,
2015-02-22T00:00:00.000000000Z,0.78366869,,3282518444.04600127262444264102,236.690668322618,
2015-02-23T00:00:00.000000000Z,0.79211394,,3316309401.16813536403751924487,239.066017825833,
2015-02-24T00:00:00.000000000Z,0.79522354,,3328225536.11338563234736408029,239.869262127411,
2015-02-25T00:00:00.000000000Z,0.79086428,,3306512284.30259905109488828708,238.236111046172,
2015-02-26T00:00:00.000000000Z,0.78721981,,3290861309.89016496905030845101,237.044402396259,
2015-02-27T00:00:00.000000000Z,0.8470053,,3542727502.11931898113622951465,255.116774400935,
2015-02-28T00:00:00.000000000Z,0.84675657,,3541295080.49013889609710216471,254.948448568089,
2015-03-01T00:00:00.000000000Z,0.86514949,,3621421761.28925865825552570159,260.651330800701,
2015-03-02T00:00:00.000000000Z,0.91679724,,3840245961.77416310466852650967,276.322613676213,
2015-03-03T00:00:00.000000000Z,0.9391453,,3930075596.13080214882106441234,282.705900935126,
2015-03-04T00:00:00.000000000Z,0.90841341,,3802326215.65057247262681977214,273.447536528346,
2015-03-05T00:00:00.000000000Z,0.91835146,,3842468093.21942531126453844139,276.268809175921,
2015-03-06T00:00:00.000000000Z,0.90850025,,3802439815.8597435779687211808,273.31811484512,
2015-03-07T00:00:00.000000000Z,0.91980286,,3846329553.17097583547330492483,276.403357393337,
2015-03-08T00:00:00.000000000Z,0.91749265,,3832578713.50599763375018883995,275.338033898305,
2015-03-09T00:00:00.000000000Z,0.96777239,,4039521363.79274086983244941553,290.130059029807,
2015-03-10T00:00:00.000000000Z,0.9731036,,4071128369.55217613524382887347,292.320383109293,
2015-03-11T00:00:00.000000000Z,0.98702529,,4133172397.64328977226303989072,296.693329339568,
2015-03-12T00:00:00.000000000Z,0.98143882,,4121701164.26695121453487485694,295.800344827586,
2015-03-13T00:00:00.000000000Z,0.95005909,,3984946334.60902325013353063911,285.911026300409,
2015-03-14T00:00:00.000000000Z,0.94250473,,3953780496.60164660742231755787,283.608306253653,
2015-03-15T00:00:00.000000000Z,0.95476771,,4005857102.30676396956773622691,287.270142022209,
2015-03-16T00:00:00.000000000Z,0.96883474,,4064348851.75661306160673405786,291.392118059614,
2015-03-17T00:00:00.000000000Z,0.94842564,,3979568774.68936009360244532952,285.248396551724,
2015-03-18T00:00:00.000000000Z,0.85686576,,3590445029.53220749845083330362,257.286160140269,
2015-03-19T00:00:00.000000000Z,0.87346947,,3658421733.5754145352607175623,262.092947983635,
2015-03-20T00:00:00.000000000Z,0.87674824,,3671509176.39956953868999039946,262.966492109877,
2015-03-21T00:00:00.000000000Z,0.87101347,,3647612342.244767188468153113,261.18429748685,
2015-03-22T00:00:00.000000000Z,0.89689624,,3756313691.74418098163421167718,268.899415838691,
2015-03-23T00:00:00.000000000Z,0.89015559,,3727646150.52643821070650570684,266.777992986558,
2015-03-24T00:00:00.000000000Z,0.8245462,,3450054626.33736502332853927396,246.835082992402,
2015-03-25T00:00:00.000000000Z,0.82488492,,3449433239.27607979976630960446,246.719136762127,
2015-03-26T00:00:00.000000000Z,0.834809,,3489697647.73315619132274455078,249.532993571011,
2015-03-27T00:00:00.000000000Z,0.82811622,,3460630353.8200431539957045833,247.378898305085,
2015-03-28T00:00:00.000000000Z,0.84785463,,3543442060.8842163408375674712,253.23161396844,
2015-03-29T00:00:00.000000000Z,0.81383575,,3400748395.48460049589330121268,242.967614260666,
2015-03-30T00:00:00.000000000Z,0.83226724,,3476782836.08499607575496781992,248.336934541204,
2015-03-31T00:00:00.000000000Z,0.82051756,,3426957264.21161785747773495024,244.712485680888,
2015-04-01T00:00:00.000000000Z,0.83080879,,3462409579.40661370756015129986,247.185819403857,
2015-04-02T00:00:00.000000000Z,0.85233643,,3553728796.74082480883453347798,253.630070426651,
2015-04-03T00:00:00.000000000Z,0.85676268,,3571516036.0615794541025804502,254.83316364699,
2015-04-04T00:00:00.000000000Z,0.85381712,,3560051556.97854176590835457032,253.945848626534,
2015-04-05T00:00:00.000000000Z,0.87790912,,3661481425.44315019382531325752,261.112136177674,
2015-04-06T00:00:00.000000000Z,0.86213123,,3595755072.90316698779002314668,256.367386908241,
2015-04-07T00:00:00.000000000Z,0.85722526,,3575186989.67334337958393412984,254.831898012858,
2015-04-08T00:00:00.000000000Z,0.82735719,,3449595061.09826445463671619404,245.825210403273,
2015-04-09T00:00:00.000000000Z,0.82153081,,3422837587.95936156820531325752,243.860636177674,
2015-04-10T00:00:00.000000000Z,0.7967323,,3311603691.49608934431693554052,235.871900642899,
2015-04-11T00:00:00.000000000Z,0.80216867,,3334016203.7726494640068184828,237.40906779661,
2015-04-12T00:00:00.000000000Z,0.80176151,,3331011083.01556309497431881388,237.141042372881,
2015-04-13T00:00:00.000000000Z,0.76357046,,3168453355.01858779545947511156,225.505635885447,
2015-04-14T00:00:00.000000000Z,0.74489185,,3088504414.23154524742677524936,219.757236703682,
2015-04-15T00:00:00.000000000Z,0.75926768,,3139171565.36234351168683508064,223.313907948568,
2015-04-16T00:00:00.000000000Z,0.77719921,,3212774939.33591099690598747084,228.493815312683,
2015-04-17T00:00:00.000000000Z,0.75827898,,3133207820.35884936427371669672,222.785060198714,
2015-04-18T00:00:00.000000000Z,0.76055574,,3142644115.63420363631326463816,223.398044126242,
2015-04-19T00:00:00.000000000Z,0.76035314,,3141851112.23839872652252007112,223.284135300994,
2015-04-20T00:00:00.000000000Z,0.76631946,,3165382222.46242205265751674716,224.894903565167,
2015-04-21T00:00:00.000000000Z,0.80085177,,3307655935.82497362088652595236,234.939356516657,
2015-04-22T00:00:00.000000000Z,0.79730639,,3292819357.09004041631428841784,233.822418760958,
2015-04-23T00:00:00.000000000Z,0.80445024,,3323312673.17648690750630989496,235.933293687902,
2015-04-24T00:00:00.000000000Z,0.78956794,,3261000380.52264149276939171532,231.458592343659,
2015-04-25T00:00:00.000000000Z,0.77276772,,3191301062.82119017526918230584,226.445992986558,
2015-04-26T00:00:00.000000000Z,0.75294572,,3108346068.45789335921068184922,220.503406779661,
2015-04-27T00:00:00.000000000Z,0.77665961,,3205299821.83545589963533636234,227.325990356517,
2015-04-28T00:00:00.000000000Z,0.77087913,,3181112157.84344831872174797962,225.549368790181,
2015-04-29T00:00:00.000000000Z,0.77154151,,3183519985.1888510147184952764,225.66928842782,
2015-04-30T00:00:00.000000000Z,0.80792304,,3334673947.4553583073108856281,236.327976037405,
2015-05-01T00:00:00.000000000Z,0.7959527,,3285000343.4349770333657608035,232.746582700175,
2015-05-02T00:00:00.000000000Z,0.80559481,,3325293514.79035873649662178934,235.540077147867,
2015-05-03T00:00:00.000000000Z,0.8223728,,3395659327.74178839720117612012,240.464248977206,
2015-05-04T00:00:00.000000000Z,0.81741779,,3375417433.72780635779576787952,238.976661309176,
2015-05-05T00:00:00.000000000Z,0.80768013,,3334612653.9885495284458299504,236.02338340152,
2015-05-06T00:00:00.000000000Z,0.78562752,,3243106562.19316409687890039258,229.481219300429,
2015-05-07T00:00:00.000000000Z,0.81202047,,3352047328.94780060012775911516,237.130687317358,
2015-05-08T00:00:00.000000000Z,0.83681725,,3455488162.08969844931425471422,244.383472822911,
2015-05-09T00:00:00.000000000Z,0.83113721,,3432551362.70639709194389439246,242.705950029223,
2015-05-10T00:00:00.000000000Z,0.82457424,,3405403163.98457900143179803856,240.731483927528,
2015-05-11T00:00:00.000000000Z,0.83050336,,3427838774.9988201142299088338,242.24983722969,
2015-05-12T00:00:00.000000000Z,0.83069449,,3428170514.21982764190027770064,242.209092051432,
2015-05-13T00:00:00.000000000Z,0.81161902,,3349034848.94427689861249439118,236.550265926359,
2015-05-14T00:00:00.000000000Z,0.81336253,,3355591126.30265479319190252342,236.948916715371,
2015-05-15T00:00:00.000000000Z,0.81536167,,3364048665.88978859237994530028,237.484502337814,
2015-05-16T00:00:00.000000000Z,0.80981981,,3341137186.21703718853002033426,235.812134424313,
2015-05-17T00:00:00.000000000Z,0.81389832,,3358466081.97320756244058275114,236.963682933957,
2015-05-18T00:00:00.000000000Z,0.80026593,,3301481333.9296940319104315886,232.88384961543,
2015-05-19T00:00:00.000000000Z,0.79745588,,3289343088.64517766600454698256,231.974446814728,
2015-05-20T00:00:00.000000000Z,0.80520035,,3321612394.09081109166311226106,234.190306253653,
2015-05-21T00:00:00.000000000Z,0.81004487,,3341864436.75132261315574414544,235.553821741672,
2015-05-22T00:00:00.000000000Z,0.82662537,,3410358036.18388976937226391314,240.323203682057,
2015-05-23T00:00:00.000000000Z,0.8221977,,3391728868.50888524753318971608,238.963281706604,
2015-05-24T00:00:00.000000000Z,0.82826864,,3417424495.16093566238174791726,240.711758328463,
2015-05-25T00:00:00.000000000Z,0.81597835,,3365613792.17166579357843154324,237.003543249562,
2015-05-26T00:00:00.000000000Z,0.8155281,,3363522711.35178180370238449062,236.796261250731,
2015-05-27T00:00:00.000000000Z,0.81731823,,3370126970.74814439566853256466,237.203596434833,
2015-05-28T00:00:00.000000000Z,0.81693429,,3367403673.12385987953725166372,236.956881940386,
2015-05-29T00:00:00.000000000Z,0.81601049,,3363904289.70644140130598170872,236.646526592636,
2015-05-30T00:00:00.000000000Z,0.80519424,,3309858187.05419224650322281468,232.788770017534,
2015-05-31T00:00:00.000000000Z,0.79414393,,3263243345.0596380894078487438,229.45054792519,
2015-06-01T00:00:00.000000000Z,0.77376466,,3176261135.31775306625444708594,223.282701928697,
2015-06-02T00:00:00.000000000Z,0.78141163,,3206098638.09702761543778748742,225.320800993571,
2015-06-03T00:00:00.000000000Z,0.781559,,3205365142.15656897852501552818,225.213063413209,
2015-06-04T00:00:00.000000000Z,0.77606861,,3182342189.5647279877557105528,223.54007685564,
2015-06-05T00:00:00.000000000Z,0.78040202,,3200072653.7183055169973838657,224.731071887785,
2015-06-06T00:00:00.000000000Z,0.78204257,,3207189674.6724685195627764341,225.160513150205,
2015-06-07T00:00:00.000000000Z,0.77660755,,3183111561.3986708173238834745,223.411685856225,
2015-06-08T00:00:00.000000000Z,0.79532581,,3260414508.05176392926758544976,228.774291350088,
2015-06-09T00:00:00.000000000Z,0.79751177,,3269777768.24802999197717593304,229.370529514904,
2015-06-10T00:00:00.000000000Z,0.79522298,,3259595200.829957042208606654,228.588487434249,
2015-06-11T00:00:00.000000000Z,0.79912895,,3274571594.94911541977783969844,229.584411747516,
2015-06-12T00:00:00.000000000Z,0.79991673,,3278622378.64973858269539927624,229.811218510228,
2015-06-13T00:00:00.000000000Z,0.81144066,,3325260566.21089763427640208663,233.015344535359,
2015-06-14T00:00:00.000000000Z,0.80992401,,3318868030.22630558941341634806,232.507108708358,
2015-06-15T00:00:00.000000000Z,0.8248878,,3380869346.470486664103191304,236.7909628872,
2015-06-16T00:00:00.000000000Z,0.87513216,,3590663484.05079518512695826115,251.432676797195,
2015-06-17T00:00:00.000000000Z,0.86325931,,3542183372.32401999988082692209,247.969317650497,
2015-06-18T00:00:00.000000000Z,0.86709753,,3558055843.2596906889992174397,249.012479544126,
2015-06-19T00:00:00.000000000Z,0.85251691,,3498814572.86274705154803521475,244.803484219755,
2015-06-20T00:00:00.000000000Z,0.85520736,,3510771420.4449028596054791652,245.582513150205,
2015-06-21T00:00:00.000000000Z,0.85070324,,3493198059.14250552848343625216,244.300260081824,
2015-06-22T00:00:00.000000000Z,0.86017515,,3533001756.57559128107784838996,247.017892460549,
2015-06-23T00:00:00.000000000Z,0.85051054,,3493335248.15091655239938468646,244.184763296318,
2015-06-24T00:00:00.000000000Z,0.8379559,,3440865164.00136704941055475906,240.451545295149,
2015-06-25T00:00:00.000000000Z,0.8448489,,3468922344.17087325641084983596,242.347857685564,
2015-06-26T00:00:00.000000000Z,0.84717268,,3478734335.5327358584650614454,242.967997369959,
2015-06-27T00:00:00.000000000Z,0.87686139,,3602123761.05801556053384443566,251.529326709527,
2015-06-28T00:00:00.000000000Z,0.86825845,,3567614187.00773560919009087066,249.058285797779,
2015-06-29T00:00:00.000000000Z,0.89447788,,3677262511.3425399209455142307,256.65022238457,
2015-06-30T00:00:00.000000000Z,0.91895089,,3781439208.19402919299740787559,263.854356864991,
2015-07-01T00:00:00.000000000Z,0.89877462,,3699019359.31699726271887823756,258.042647574518,
2015-07-02T00:00:00.000000000Z,0.88759905,,3652758933.86281192560326667326,254.747113383986,
2015-07-03T00:00:00.000000000Z,0.89360593,,3673002617.3644548595436086289,256.087042833431,
2015-07-04T00:00:00.000000000Z,0.90895603,,3737419191.3775538929244798745,260.50923962595,
2015-07-05T00:00:00.000000000Z,0.94652746,,3893228194.41293035327120504096,271.302458211572,
2015-07-06T00:00:00.000000000Z,0.93879668,,3863384906.06990808766251708567,269.137940093513,
2015-07-07T00:00:00.000000000Z,0.92913382,,3825979032.6740199506540756501,266.469919053185,
2015-07-08T00:00:00.000000000Z,0.94328042,,3886025324.26159829070771757794,270.576142898889,
2015-07-09T00:00:00.000000000Z,0.94097662,,3874055948.76672057285237457698,269.680304792519,
2015-07-10T00:00:00.000000000Z,0.99548676,,4103255450.27687625454900549208,285.558780829924,
2015-07-11T00:00:00.000000000Z,1.02415822,,4224450512.31523320685347717572,293.917453828171,
2015-07-12T00:00:00.000000000Z,1.08367916,,4477953762.44135929724613975336,311.481879894798,
2015-07-13T00:00:00.000000000Z,1.0183322,,4208292844.13137216501756071816,292.649223845704,
2015-07-14T00:00:00.000000000Z,1.00130096,,4138747805.31468506114708185483,287.740951490357,
2015-07-15T00:00:00.000000000Z,0.9949258,,4113691144.21664650682987553198,285.922885447107,
2015-07-16T00:00:00.000000000Z,0.96964467,,4008299274.55617378152775392362,278.532749269433,
2015-07-17T00:00:00.000000000Z,0.97483547,,4031374810.7913058882065391689,280.064724722385,
2015-07-18T00:00:00.000000000Z,0.96571539,,3993397737.86924249821933299316,277.354635300994,
2015-07-19T00:00:00.000000000Z,0.95860718,,3964601513.39317581880988949076,275.281989479836,
2015-07-20T00:00:00.000000000Z,0.97272012,,4020884200.64329918392371652243,279.114393045003,
2015-07-21T00:00:00.000000000Z,0.96438518,,3986295615.05287310388150219252,276.652412624196,
2015-07-22T00:00:00.000000000Z,0.96830559,,4003387232.69896748729660693672,277.764369082408,
2015-07-23T00:00:00.000000000Z,0.96492102,,3990624329.55832130616970960668,276.811628579778,
2015-07-24T00:00:00.000000000Z,1.00796633,,4171970034.34781658443428572256,289.305976329632,
2015-07-25T00:00:00.000000000Z,1.00828547,,4175992752.52741018650935916804,289.507639976622,
2015-07-26T00:00:00.000000000Z,1.02127006,,4231965548.68713182439873616038,293.314842781999,
2015-07-27T00:00:00.000000000Z,1.02492676,,4249105128.48956431618538636144,294.426761835184,
2015-07-28T00:00:00.000000000Z,1.02815783,,4264301217.25437167660824269909,295.410125268849,
2015-07-29T00:00:00.000000000Z,1.00910193,,4185225454.9076159903451983241,289.85583635301,
2015-07-30T00:00:00.000000000Z,1.00375693,,4162806009.56368438281333277397,288.236260666277,
2015-07-31T00:00:00.000000000Z,0.99098704,,4111325610.10848370258753906432,284.597324371712,
2015-08-01T00:00:00.000000000Z,0.98089158,,4070111946.4098122896857853192,281.66884628872,
2015-08-02T00:00:00.000000000Z,0.98353023,,4082075699.5219964126704226602,282.423006428989,
2015-08-03T00:00:00.000000000Z,0.98277599,,4079743942.9708979244126105838,282.185052308591,
2015-08-04T00:00:00.000000000Z,0.99397021,,4125555384.43705506487441843074,285.286617475161,
2015-08-05T00:00:00.000000000Z,0.98382413,,4083866764.85309161097307008628,282.338886908241,
2015-08-06T00:00:00.000000000Z,0.97232925,,4036507636.7728332926312668584,278.99574868498,
2015-08-07T00:00:00.000000000Z,0.97419688,,4044597118.36428198666597075908,279.488715078901,
2015-08-08T00:00:00.000000000Z,0.91166096,,3784607715.85380330366778436136,261.450275569842,
2015-08-09T00:00:00.000000000Z,0.93317694,,3856363388.43189574490243899302,266.342020455874,
2015-08-10T00:00:00.000000000Z,0.92856137,,3837007827.33085383932162244939,264.928825248393,
2015-08-11T00:00:00.000000000Z,0.95127646,,3932144983.27083928244436481947,271.421736119229,
2015-08-12T00:00:00.000000000Z,0.93998135,,3885502464.25327124635408844622,268.143868497954,
2015-08-13T00:00:00.000000000Z,0.92822959,,3836450981.84370955078706834532,264.691627995324,
2015-08-14T00:00:00.000000000Z,0.93435614,,3861519172.34783408698631357178,266.355941554646,
2015-08-15T00:00:00.000000000Z,0.91933993,,3798349935.90461108660814510254,261.936836645237,
2015-08-16T00:00:00.000000000Z,0.90950511,,3755652917.48838749552492736462,258.930817389831,
2015-08-17T00:00:00.000000000Z,0.90668516,,3743236411.3783595330370589817,258.009398305085,
2015-08-18T00:00:00.000000000Z,0.76798027,,3161886892.89043396500482267474,217.885883116937,
2015-08-19T00:00:00.000000000Z,0.80186184,,3298201251.31143124742167546148,227.218251899474,
2015-08-20T00:00:00.000000000Z,0.83203851,,3419645393.42325444748214432286,235.523883109293,
2015-08-21T00:00:00.000000000Z,0.82326318,,3381065750.1088942314728711292,232.80061783986,
2015-08-22T00:00:00.000000000Z,0.81611734,,3350585165.12816051222161298787,230.639173290473,
2015-08-23T00:00:00.000000000Z,0.8092317,,3322788928.25141281784383701268,228.673073933372,
2015-08-24T00:00:00.000000000Z,0.75213176,,3080697609.05016496032667431569,211.955917592051,
2015-08-25T00:00:00.000000000Z,0.79407506,,3236956684.25760454034897943426,222.655039450614,
2015-08-26T00:00:00.000000000Z,0.80814493,,3288192392.14252204555213596336,226.116700175336,
2015-08-27T00:00:00.000000000Z,0.80418084,,3271849435.04579382424755302125,224.939877264757,
2015-08-28T00:00:00.000000000Z,0.82998858,,3377926168.67382723532316505,232.17080829924,
2015-08-29T00:00:00.000000000Z,0.82198826,,3344733031.88448698499613657,229.826200175336,
2015-08-30T00:00:00.000000000Z,0.81927215,,3333852748.4216974562089307475,229.019572472238,
2015-08-31T00:00:00.000000000Z,0.82540167,,3359066951.92273100930650445145,230.689466101695,
2015-09-01T00:00:00.000000000Z,0.81598508,,3320136353.91448863167281380861,227.955570426651,
2015-09-02T00:00:00.000000000Z,0.82188383,,3343580491.34054582816678547697,229.502180709527,
2015-09-03T00:00:00.000000000Z,0.81397546,,3309516199.15364419050526651815,227.107121566335,
2015-09-04T00:00:00.000000000Z,0.82872426,,3369734261.02456162595617648383,231.177563413209,
2015-09-05T00:00:00.000000000Z,0.8456626,,3439481099.35500008907757683894,235.903006136762,
2015-09-06T00:00:00.000000000Z,0.86322379,,3511826272.07571056418956444793,240.805472238457,
2015-09-07T00:00:00.000000000Z,0.86259401,,3510234381.846682520709450198,240.6336157218,
2015-09-08T00:00:00.000000000Z,0.87516289,,3562723704.10873808030427130304,244.174952659264,
2015-09-09T00:00:00.000000000Z,0.85581756,,3484056329.61946119774643983471,238.722463179427,
2015-09-10T00:00:00.000000000Z,0.85661875,,3485485743.38477780058030117576,238.750477206312,
2015-09-11T00:00:00.000000000Z,0.86421443,,3517014443.87377290164726837943,240.845008116891,
2015-09-12T00:00:00.000000000Z,0.84831164,,3452198889.67502002139689954365,236.351832176505,
2015-09-13T00:00:00.000000000Z,0.82782905,,3368309570.36468754189184025976,230.548837317358,
2015-09-14T00:00:00.000000000Z,0.82963832,,3375030516.07147859174295212259,230.948793980129,
2015-09-15T00:00:00.000000000Z,0.82794791,,3367911560.96047039400569810495,230.398590005845,
2015-09-16T00:00:00.000000000Z,0.82333716,,3348913151.40730152868599513075,229.043285797779,
2015-09-17T00:00:00.000000000Z,0.83834106,,3410568738.80576482416132385838,233.202697837522,
2015-09-18T00:00:00.000000000Z,0.83835706,,3411022493.65687791031509507368,233.175130917592,
2015-09-19T00:00:00.000000000Z,0.83518355,,3398091544.27829882971494121723,232.241568088837,
2015-09-20T00:00:00.000000000Z,0.83222368,,3385967055.00589085443591071402,231.362323787259,
2015-09-21T00:00:00.000000000Z,0.81585049,,3319557617.5923658680879552332,226.773447983635,
2015-09-22T00:00:00.000000000Z,0.82986426,,3376861757.3471385615635449792,230.626304792519,
2015-09-23T00:00:00.000000000Z,0.82892525,,3370539512.0771395806911694464,230.132437755698,
2015-09-24T00:00:00.000000000Z,0.84398148,,3432689103.06218983964703070068,234.319868497954,
2015-09-25T00:00:00.000000000Z,0.8484784,,3451503181.42398166780611472914,235.538221800117,
2015-09-26T00:00:00.000000000Z,0.84518839,,3438496949.83532100873244206256,234.591814436002,
2015-09-27T00:00:00.000000000Z,0.84044962,,3419600261.10486490568347753872,233.243309760374,
2015-09-28T00:00:00.000000000Z,0.86502832,,3519771869.2667899540398285884,240.017265341905,
2015-09-29T00:00:00.000000000Z,0.85547192,,3481487862.48452911545981844164,237.336233781414,
2015-09-30T00:00:00.000000000Z,0.85345406,,3473615410.71311271931098561206,236.739848042081,
2015-10-01T00:00:00.000000000Z,0.85908051,,3496364654.73238222643094606174,238.229813851549,
2015-10-02T00:00:00.000000000Z,0.85804128,,3492888180.82934148342512505294,237.937007305669,
2015-10-03T00:00:00.000000000Z,0.86449878,,3520164729.94174667859523851456,239.735897720631,
2015-10-04T00:00:00.000000000Z,0.86381713,,3517865592.29026322624785375296,239.516924897721,
2015-10-05T00:00:00.000000000Z,0.86904243,,3540000026.04597209742629390825,240.961213833431,
2015-10-06T00:00:00.000000000Z,0.89045639,,3628719295.75830337271718923284,246.940498246639,
2015-10-07T00:00:00.000000000Z,0.87953074,,3582418301.4706667055018224602,243.734486849795,
2015-10-08T00:00:00.000000000Z,0.87738611,,3572908937.26815236661684752322,243.029632963179,
2015-10-09T00:00:00.000000000Z,0.88249178,,3594544173.05146420194301737092,244.448887492694,
2015-10-10T00:00:00.000000000Z,0.88802862,,3617688500.22872016730463221106,245.955924313267,
2015-10-11T00:00:00.000000000Z,0.89733993,,3656429914.91346441511001547165,248.528165400351,
2015-10-12T00:00:00.000000000Z,0.88965466,,3621485952.20494020105737327615,246.093637346581,
2015-10-13T00:00:00.000000000Z,0.9052258,,3686765011.98678398343964168256,250.471300701344,
2015-10-14T00:00:00.000000000Z,0.91550869,,3727042598.5500206001573672313,253.142325540619,
2015-10-15T00:00:00.000000000Z,0.92101163,,3750930547.8923374668536511694,254.693015002922,
2015-10-16T00:00:00.000000000Z,0.94954679,,3870347619.25516380205931624091,262.737363237873,
2015-10-17T00:00:00.000000000Z,0.98206419,,4006701466.03615866505131039535,271.930938924605,
2015-10-18T00:00:00.000000000Z,0.9516082,,3883162961.00102445492137355536,263.481677381648,
2015-10-19T00:00:00.000000000Z,0.95474467,,3897238283.40231517960979289606,264.362728229106,
2015-10-20T00:00:00.000000000Z,0.97727168,,3993478146.27372394443999598901,270.832211864407,
2015-10-21T00:00:00.000000000Z,0.96713256,,3953274547.74563823171015471486,268.040217708942,
2015-10-22T00:00:00.000000000Z,0.99332361,,4063062212.07220345627503582124,275.414956458212,
2015-10-23T00:00:00.000000000Z,1.00428416,,4111275942.9719907090494616224,278.612778026885,
2015-10-24T00:00:00.000000000Z,1.02166516,,4186061085.7083843132755301913,283.61114289889,
2015-10-25T00:00:00.000000000Z,1.02981363,,4223162195.8379140328176141224,286.04969345412,
2015-10-26T00:00:00.000000000Z,1.03170839,,4233988576.97657719616596491088,286.703382817066,
2015-10-27T00:00:00.000000000Z,1.06222316,,4365910872.37749329829873000912,295.562913793104,
2015-10-28T00:00:00.000000000Z,1.09230955,,4498127762.50458879484386307431,304.442097019287,
2015-10-29T00:00:00.000000000Z,1.12707436,,4653528359.82837476865099523471,314.879462302747,
2015-10-30T00:00:00.000000000Z,1.17145113,,4856113853.8819781252385316944,328.492321157218,
2015-10-31T00:00:00.000000000Z,1.11900853,,4644794429.49912116557273079222,314.119508182349,
2015-11-01T00:00:00.000000000Z,1.17301764,,4878720873.40612789487667681552,329.854227644652,
2015-11-02T00:00:00.000000000Z,1.29040009,,5394270070.54945724912399933356,364.616627995324,
2015-11-03T00:00:00.000000000Z,1.40849617,,5932954782.92794589932220037679,400.923105201637,
2015-11-04T00:00:00.000000000Z,1.41400867,,6001984912.54199288540948785557,405.481681472823,
2015-11-05T00:00:00.000000000Z,1.33554498,,5690464341.77832701888986713472,384.341222969024,
2015-11-06T00:00:00.000000000Z,1.29585462,,5523536982.4715438335212984705,372.975417884278,
2015-11-07T00:00:00.000000000Z,1.33922357,,5725363853.89403675595745727886,386.504550847458,
2015-11-08T00:00:00.000000000Z,1.29084893,,5517726529.27019271047611907625,372.400129748685,
2015-11-09T00:00:00.000000000Z,1.31634235,,5639092372.25823300460359169371,380.495644360023,
2015-11-10T00:00:00.000000000Z,1.1732578,,5008011574.29463962098898637794,337.830502337814,
2015-11-11T00:00:00.000000000Z,1.07637834,,4580771119.30263530343496896375,308.922185856225,
2015-11-12T00:00:00.000000000Z,1.17484219,,5006229106.1208287742953913716,337.522988603156,
2015-11-13T00:00:00.000000000Z,1.17320189,,5003958699.46065968031855367332,337.278958211572,
2015-11-14T00:00:00.000000000Z,1.15846495,,4942356322.47935839259211263287,333.047117475161,
2015-11-15T00:00:00.000000000Z,1.113692,,4748951129.8803292272767623407,319.928021624781,
2015-11-16T00:00:00.000000000Z,1.15257372,,4916703779.86136985906674615783,331.132725014611,
2015-11-17T00:00:00.000000000Z,1.16708912,,4987994385.31849678731994271274,335.849786090006,
2015-11-18T00:00:00.000000000Z,1.16637111,,4987714987.4399503626810386619,335.744504967855,
2015-11-19T00:00:00.000000000Z,1.13381269,,4847511550.50421628005228712871,326.232145528931,
2015-11-20T00:00:00.000000000Z,1.11922908,,4785085356.66609696488392023328,321.940475452951,
2015-11-21T00:00:00.000000000Z,1.13292142,,4845432243.69936376973804804975,325.905231151373,
2015-11-22T00:00:00.000000000Z,1.12503742,,4814289952.8340887662392487492,323.716966101695,
2015-11-23T00:00:00.000000000Z,1.12274649,,4805130309.64199482999421054383,323.012556341321,
2015-11-24T00:00:00.000000000Z,1.11232756,,4760988552.80135871430663546947,319.961356527177,
2015-11-25T00:00:00.000000000Z,1.14323112,,4896111301.83178181584620728864,328.960457334892,
2015-11-26T00:00:00.000000000Z,1.23571942,,5303923855.6286110534920807608,356.255292518995,
2015-11-27T00:00:00.000000000Z,1.24471977,,5349983844.88141193907517720576,359.268824371712,
2015-11-28T00:00:00.000000000Z,1.23492724,,5311127725.81787677610596649664,356.567322618352,
2015-11-29T00:00:00.000000000Z,1.28597204,,5538029394.1985771210473713138,371.707612507306,
2015-11-30T00:00:00.000000000Z,1.30285581,,5624216681.36600561145212219589,377.389839859731,
2015-12-01T00:00:00.000000000Z,1.25175777,,5404310416.07719615151481211256,362.532375803624,
2015-12-02T00:00:00.000000000Z,1.2400996,,5356414170.9545003602130395858,359.22240414962,
2015-12-03T00:00:00.000000000Z,1.24663471,,5387334794.28411815192481380852,361.210068088837,
2015-12-04T00:00:00.000000000Z,1.25296246,,5419024328.55515106620911164576,363.241631794272,
2015-12-05T00:00:00.000000000Z,1.34032565,,5810419099.21920234328790853852,389.362958796026,
2015-12-06T00:00:00.000000000Z,1.35140208,,5871020031.3332925131529045648,393.319129748685,
2015-12-07T00:00:00.000000000Z,1.35604281,,5902736521.56324064081639724172,395.346588252484,
2015-12-08T00:00:00.000000000Z,1.41573376,,6180046220.94439481934364928736,413.798660432496,
2015-12-09T00:00:00.000000000Z,1.4230962,,6239060888.9335939696132663716,417.632671244886,
2015-12-10T00:00:00.000000000Z,1.4147374,,6212880482.65344967654643784418,415.729924313267,
2015-12-11T00:00:00.000000000Z,1.53766856,,6784553388.9687749690828643468,453.86148012858,
2015-12-12T00:00:00.000000000Z,1.47529212,,6517159334.5286927006960854651,435.85572238457,
2015-12-13T00:00:00.000000000Z,1.46917519,,6496986520.3520537325198916366,434.403466393922,
2015-12-14T00:00:00.000000000Z,1.49347951,,6627592526.3773093752642854073,442.991689655173,
2015-12-15T00:00:00.000000000Z,1.5607304,,6953267162.99350250600668672762,464.617871712449,
2015-12-16T00:00:00.000000000Z,1.52430436,,6798347864.16586516718930245824,454.142492402104,
2015-12-17T00:00:00.000000000Z,1.52913908,,6831516735.29859670226378792196,456.240134611338,
2015-12-18T00:00:00.000000000Z,1.54887254,,6937324462.52480290814277560973,463.175769725307,
2015-12-19T00:00:00.000000000Z,1.5407991,,6912537068.06133915509499278744,461.399907948568,
2015-12-20T00:00:00.000000000Z,1.47646827,,6626025133.2922309606763503299,442.15399006429,
2015-12-21T00:00:00.000000000Z,1.46115451,,6560011593.06786746737006988824,437.640129456458,
2015-12-22T00:00:00.000000000Z,1.45244997,,6526092469.88712186515073603534,435.268379018118,
2015-12-23T00:00:00.000000000Z,1.47498552,,6638740303.75792999841261800617,442.665727060199,
2015-12-24T00:00:00.000000000Z,1.51648924,,6838470695.33943099093608297778,455.878713033314,
2015-12-25T00:00:00.000000000Z,1.51327284,,6837917946.8673789300510227485,455.718825832846,
2015-12-26T00:00:00.000000000Z,1.39046843,,6277070712.49288188378407043234,418.221531560491,
2015-12-27T00:00:00.000000000Z,1.40524438,,6346542709.36294259020934625369,422.705894506137,
2015-12-28T00:00:00.000000000Z,1.39984175,,6323313675.84092524028908507392,421.052879602572,
2015-12-29T00:00:00.000000000Z,1.43330598,,6479519118.38976775636658376478,431.340021332554,
2015-12-30T00:00:00.000000000Z,1.41549314,,6401715280.95762418750209097344,426.043646990064,
2015-12-31T00:00:00.000000000Z,1.42597532,,6457837561.22855967259705178379,429.677153419053,
2016-01-01T00:00:00.000000000Z,1.44202141,,6534464975.48893858739946109866,434.678006428989,
2016-01-02T00:00:00.000000000Z,1.44085731,,6532460051.4329831639824042183,434.439877264757,
2016-01-03T00:00:00.000000000Z,1.42578556,,6469306703.42350982184750895221,430.136180011689,
2016-01-04T00:00:00.000000000Z,1.4358758,,6521092888.510424102560120799,433.44897106955,
2016-01-05T00:00:00.000000000Z,1.43257229,,6511064277.77098089614989257444,432.669502630041,
2016-01-06T00:00:00.000000000Z,1.42542709,,6482611157.06596102860459962274,430.677869666862,
2016-01-07T00:00:00.000000000Z,1.51365061,,6913751592.74705013544515918474,459.208940093513,
2016-01-08T00:00:00.000000000Z,1.49531085,,6839314891.0103674150727030016,454.134423728814,
2016-01-09T00:00:00.000000000Z,1.48063286,,6776417115.36205356823290445824,449.845216247808,
2016-01-10T00:00:00.000000000Z,1.47362064,,6759323837.848950406626417024,448.580216247808,
2016-01-11T00:00:00.000000000Z,1.4731839,,6768055781.64148327761983470326,449.033059029807,
2016-01-12T00:00:00.000000000Z,1.44857001,,6660432982.86568847128729535409,441.768157218001,
2016-01-13T00:00:00.000000000Z,1.41794151,,6519443883.19155200888420616672,432.310645236704,
2016-01-14T00:00:00.000000000Z,1.4098903,,6483361597.0242751129174800084,429.823224722385,
2016-01-15T00:00:00.000000000Z,1.21085056,,5549288342.81603556647764290333,367.823199883109,
2016-01-16T00:00:00.000000000Z,1.2771992,,5856144324.16815753563422794216,388.071204558738,
2016-01-17T00:00:00.000000000Z,1.25902054,,5773246244.37815317619044994544,382.482086499123,
2016-01-18T00:00:00.000000000Z,1.26741248,,5810881380.7736104845686303576,384.865166569258,
2016-01-19T00:00:00.000000000Z,1.24584593,,5710926949.14656985718728440426,378.161725014611,
2016-01-20T00:00:00.000000000Z,1.3822596,,6353766326.38611677835727995003,420.622924168323,
2016-01-21T00:00:00.000000000Z,1.34524409,,6184105216.64278351048589214252,409.298459672706,
2016-01-22T00:00:00.000000000Z,1.25973209,,5758921327.79665883464118433723,381.046459380479,
2016-01-23T00:00:00.000000000Z,1.27705234,,5841116434.32844655851088663476,386.370602571596,
2016-01-24T00:00:00.000000000Z,1.33208711,,6100999519.86275212244812761025,403.446926651081,
2016-01-25T00:00:00.000000000Z,1.29373682,,5929274269.0379287267098653843,391.986097311514,
2016-01-26T00:00:00.000000000Z,1.29079002,,5918084970.45612804094037132232,391.142935125657,
2016-01-27T00:00:00.000000000Z,1.3020216,,5972336901.073851842867574204,394.62753037405,
2016-01-28T00:00:00.000000000Z,1.25165178,,5735712764.94153161962194202443,378.900995616599,
2016-01-29T00:00:00.000000000Z,1.2534027,,5738812666.1351646690734510214,378.99999482291,
2016-01-30T00:00:00.000000000Z,1.24726247,,5714271472.87784254455901684872,377.262779076564,
2016-01-31T00:00:00.000000000Z,1.21190019,,5550511097.35820732381149990405,366.341687609585,
2016-02-01T00:00:00.000000000Z,1.23041296,,5625969536.4248082656253159671,371.22343509059,
2016-02-02T00:00:00.000000000Z,1.236387,,5653475162.74413125016599074869,372.927631209819,
2016-02-03T00:00:00.000000000Z,1.22129665,,5581909720.2582054822653360565,368.098206604325,
2016-02-04T00:00:00.000000000Z,1.29128531,,5911470181.26804625263581931554,389.723081239042,
2016-02-05T00:00:00.000000000Z,1.27387646,,5832510244.83542429480264743932,384.398413983051,
2016-02-06T00:00:00.000000000Z,1.24218056,,5686190017.94905761086618085864,374.631555523086,
2016-02-07T00:00:00.000000000Z,1.24380766,,5695769151.66170053294802896311,375.153917592051,
2016-02-08T00:00:00.000000000Z,1.23006764,,5631255744.93652083036712251854,370.814350327294,
2016-02-09T00:00:00.000000000Z,1.23955252,,5673860326.918466340755239672,373.5116128609,
2016-02-10T00:00:00.000000000Z,1.25743769,,5760041302.2852837999816521,379.082611630625,
2016-02-11T00:00:00.000000000Z,1.25239109,,5739921253.41323457710325297744,377.639165108124,
2016-02-12T00:00:00.000000000Z,1.26735993,,5812313598.536132025810578317,382.294456458212,
2016-02-13T00:00:00.000000000Z,1.29090383,,5924880939.0625103454010612741,389.598432472238,
2016-02-14T00:00:00.000000000Z,1.34395157,,6178287275.92655857247740118775,406.150669491525,
2016-02-15T00:00:00.000000000Z,1.32080872,,6075100823.4099755646228711855,399.26761864699,
2016-02-16T00:00:00.000000000Z,1.34439265,,6194695258.16514288518272803405,407.035309468147,
2016-02-17T00:00:00.000000000Z,1.36891644,,6322452452.61372869001361901008,415.324113383986,
2016-02-18T00:00:00.000000000Z,1.387065,,6415045581.96783966512899088502,421.289662981882,
2016-02-19T00:00:00.000000000Z,1.37990407,,6391241912.019306844300872215,419.626528541204,
2016-02-20T00:00:00.000000000Z,1.44479793,,6706178212.63840963011784640444,440.195760081823,
2016-02-21T00:00:00.000000000Z,1.43896168,,6685078456.75430158291600111806,438.718612681473,
2016-02-22T00:00:00.000000000Z,1.43388713,,6668436550.15794890776160120697,437.535295094097,
2016-02-23T00:00:00.000000000Z,1.37701655,,6403107527.81565971961281928315,420.032592609585,
2016-02-24T00:00:00.000000000Z,1.38888584,,6464764199.58945680954861272818,423.995112507306,
2016-02-25T00:00:00.000000000Z,1.38869889,,6467867594.8787643770032468452,424.090870251315,
2016-02-26T00:00:00.000000000Z,1.4125491,,6586375896.89922796482656401232,431.762241963764,
2016-02-27T00:00:00.000000000Z,1.41577688,,6606052938.34962942937292800066,432.947845996493,
2016-02-28T00:00:00.000000000Z,1.41489813,,6609859969.2167828846501325524,433.102262711864,
2016-02-29T00:00:00.000000000Z,1.42718873,,6682642624.20512223654052412307,437.775872589129,
2016-03-01T00:00:00.000000000Z,1.40836687,,6608331737.85899820388997401794,432.807867153711,
2016-03-02T00:00:00.000000000Z,1.37665947,,6461459062.39008218347001369352,423.079789392168,
2016-03-03T00:00:00.000000000Z,1.36370699,,6404671328.3688605181945704082,419.268821332554,
2016-03-04T00:00:00.000000000Z,1.32762119,,6233961495.20663444444876888478,407.990154295734,
2016-03-05T00:00:00.000000000Z,1.29300875,,6072330074.00409315691894117352,397.314453945061,
2016-03-06T00:00:00.000000000Z,1.31351951,,6171496150.64717540576470744416,403.705187463472,
2016-03-07T00:00:00.000000000Z,1.34309201,,6318467554.3985661379956590298,413.22936616014,
2016-03-08T00:00:00.000000000Z,1.33712484,,6292476529.24521202123346156504,411.425953243717,
2016-03-09T00:00:00.000000000Z,1.3411659,,6311258537.53638568723338572092,412.540703506721,
2016-03-10T00:00:00.000000000Z,1.35270133,,6371009645.92601648280798307661,416.340928696669,
2016-03-11T00:00:00.000000000Z,1.36229072,,6421211644.99340036020162583408,419.511934248977,
2016-03-12T00:00:00.000000000Z,1.33231582,,6281138643.08711658993335076548,410.264163296318,
2016-03-13T00:00:00.000000000Z,1.33700014,,6306111596.72338181309819827968,411.805882466394,
2016-03-14T00:00:00.000000000Z,1.34667706,,6357014019.84828437581541216484,415.026957276446,
2016-03-15T00:00:00.000000000Z,1.34702813,,6362353042.38724085283910765628,415.266400292227,
2016-03-16T00:00:00.000000000Z,1.3520056,,6390867973.4690160515251569032,417.024118468732,
2016-03-17T00:00:00.000000000Z,1.35638731,,6416576041.29153039126982565244,418.605363822326,
2016-03-18T00:00:00.000000000Z,1.32505057,,6269222347.22020162018318563116,408.901587405026,
2016-03-19T00:00:00.000000000Z,1.32598423,,6274029959.93298787845187719384,409.124429865576,
2016-03-20T00:00:00.000000000Z,1.33522284,,6320504988.49433998091857216714,412.056953828171,
2016-03-21T00:00:00.000000000Z,1.33302131,,6314953342.505004206891816017,411.601774050263,
2016-03-22T00:00:00.000000000Z,1.34807127,,6392897932.95472924378287840339,416.581653828171,
2016-03-23T00:00:00.000000000Z,1.35020487,,6406678060.69983443710412550691,417.378299532437,
2016-03-24T00:00:00.000000000Z,1.33729801,,6349591400.68236627422171428431,413.560239918177,
2016-03-25T00:00:00.000000000Z,1.34555077,,6394300579.5812493470748836793,416.373243834015,
2016-03-26T00:00:00.000000000Z,1.34628144,,6402803379.1379724339550152421,416.823096668615,
2016-03-27T00:00:00.000000000Z,1.37287033,,6536896822.50770258185418079258,425.454959848042,
2016-03-28T00:00:00.000000000Z,1.36375683,,6499706636.84779864591110431016,422.917446814728,
2016-03-29T00:00:00.000000000Z,1.3408893,,6392933707.78090621594498538558,415.863828755114,
2016-03-30T00:00:00.000000000Z,1.3308193,,6347008620.18096098691194096088,412.777697779076,
2016-03-31T00:00:00.000000000Z,1.34039332,,6397181203.12141588156081173012,415.956811221508,
2016-04-01T00:00:00.000000000Z,1.3439179,,6417906692.4222988389109224832,417.20066025716,
2016-04-02T00:00:00.000000000Z,1.35165651,,6458783382.46754546739002370138,419.763056691993,
2016-04-03T00:00:00.000000000Z,1.35223224,,6465052566.96272133247070722701,420.073578901227,
2016-04-04T00:00:00.000000000Z,1.35014818,,6458592931.2880586165862640067,419.540727878434,
2016-04-05T00:00:00.000000000Z,1.35890201,,6505807453.9586028510344444076,422.50136440678,
2016-04-06T00:00:00.000000000Z,1.35566372,,6498314176.29921748392568640355,421.907191233197,
2016-04-07T00:00:00.000000000Z,1.35117853,,6493002234.76761919199990199256,421.467220046756,
2016-04-08T00:00:00.000000000Z,1.34214463,,6451007327.94039316689718576144,418.643460549386,
2016-04-09T00:00:00.000000000Z,1.34233375,,6454478064.87699050827757231827,418.758635359439,
2016-04-10T00:00:00.000000000Z,1.35084023,,6505561857.24020295631068351724,421.954488544711,
2016-04-11T00:00:00.000000000Z,1.35449753,,6527509950.90642537374642346676,423.273044009351,
2016-04-12T00:00:00.000000000Z,1.36654458,,6593161960.58739432095111311016,427.427664582116,
2016-04-13T00:00:00.000000000Z,1.35807492,,6555490264.2856517946957322254,424.87251811806,
2016-04-14T00:00:00.000000000Z,1.36084658,,6572419903.533022150826707196,425.8565949737,
2016-04-15T00:00:00.000000000Z,1.37555561,,6649043796.60101156140308661125,430.724418760959,
2016-04-16T00:00:00.000000000Z,1.37971516,,6673565144.84932464944271161982,432.216313033314,
2016-04-17T00:00:00.000000000Z,1.37038391,,6630849314.94540560231961317488,429.339968731736,
2016-04-18T00:00:00.000000000Z,1.37101446,,6637183962.7813429437206985644,429.656933664524,
2016-04-19T00:00:00.000000000Z,1.39507656,,6761043337.30343611882482277792,437.568726183518,
2016-04-20T00:00:00.000000000Z,1.41003606,,6841562099.94025080120602450863,442.661653302163,
2016-04-21T00:00:00.000000000Z,1.43844551,,6990143508.85101544614296440757,452.164702805377,
2016-04-22T00:00:00.000000000Z,1.42445756,,6929440315.01979781962536031274,448.134421332554,
2016-04-23T00:00:00.000000000Z,1.44126699,,7020454409.39254739018039213696,453.914722969024,
2016-04-24T00:00:00.000000000Z,1.46984701,,7168422322.65676370976024246162,463.382871420222,
2016-04-25T00:00:00.000000000Z,1.47288881,,7199804841.3692855452693620568,465.31600666277,
2016-04-26T00:00:00.000000000Z,1.48393742,,7267999182.1692058796357183864,469.60876452367,
2016-04-27T00:00:00.000000000Z,1.40953828,,6900043951.22367044344272718096,445.741113091759,
2016-04-28T00:00:00.000000000Z,1.4252343,,6983903264.73550215112261378829,451.060061776739,
2016-04-29T00:00:00.000000000Z,1.44285983,,7077832660.23630452660575194915,457.009965225015,
2016-04-30T00:00:00.000000000Z,1.42025882,,6969368412.86222010374387855517,449.900484511981,
2016-05-01T00:00:00.000000000Z,1.43481218,,7050293955.87121953216156772796,455.010731151374,
2016-05-02T00:00:00.000000000Z,1.40306525,,6895888977.65666817165830550075,444.933061192285,
2016-05-03T00:00:00.000000000Z,1.42352585,,7001369978.82310957718286214805,451.628850379895,
2016-05-04T00:00:00.000000000Z,1.41279571,,6952690123.64180075822874242095,448.367967562829,
2016-05-05T00:00:00.000000000Z,1.41534562,,6969443375.6674291860109674776,449.336072472238,
2016-05-06T00:00:00.000000000Z,1.45231269,,7162989182.06879366179376120744,461.693862361192,
2016-05-07T00:00:00.000000000Z,1.45028008,,7159568138.09416794285758362716,461.361842489772,
2016-05-08T00:00:00.000000000Z,1.44965118,,7161770203.62864095757904754292,461.378872296902,
2016-05-09T00:00:00.000000000Z,1.45525025,,7196090525.87271960720143870298,463.462231677382,
2016-05-10T00:00:00.000000000Z,1.41626148,,7005610568.34899239466609548758,451.079668322618,
2016-05-11T00:00:00.000000000Z,1.42414735,,7050864288.95793083682000696312,453.896305260082,
2016-05-12T00:00:00.000000000Z,1.42876187,,7079025579.23445573868478931404,455.607255932203,
2016-05-13T00:00:00.000000000Z,1.43336991,,7106161522.32654472097114437444,457.241902688486,
2016-05-14T00:00:00.000000000Z,1.43505829,,7121450195.37567372587704547375,458.119524839275,
2016-05-15T00:00:00.000000000Z,1.44303466,,7165616823.040189685189475604,460.85772063121,
2016-05-16T00:00:00.000000000Z,1.42545539,,7079627144.89579420964658923946,455.224077323203,
2016-05-17T00:00:00.000000000Z,1.41546718,,7055125032.88230121544409365184,453.545777030976,
2016-05-18T00:00:00.000000000Z,1.41776705,,7071491931.6754551392770170176,454.486184102864,
2016-05-19T00:00:00.000000000Z,1.36583656,,6811999978.67402402166792534036,437.724187142022,
2016-05-20T00:00:00.000000000Z,1.37946798,,6886364549.89818571711020376407,442.396799240211,
2016-05-21T00:00:00.000000000Z,1.38433791,,6914102782.41387096647876927586,444.078207188778,
2016-05-22T00:00:00.000000000Z,1.37324466,,6861331685.04070275568982409399,440.558668848627,
2016-05-23T00:00:00.000000000Z,1.38378129,,6920120048.6218046768381198861,444.205057276447,
2016-05-24T00:00:00.000000000Z,1.38792754,,6944649150.45196187826566434264,445.674454938632,
2016-05-25T00:00:00.000000000Z,1.40185071,,7022168560.4785369205360983998,450.54952717709,
2016-05-26T00:00:00.000000000Z,1.41287581,,7084240509.9870281783946364969,454.43372238457,
2016-05-27T00:00:00.000000000Z,1.46115986,,7356919396.27089660138656318775,471.820117299825,
2016-05-28T00:00:00.000000000Z,1.63473944,,8280061035.23869214083010998969,530.910597895967,
2016-05-29T00:00:00.000000000Z,1.61944736,,8229583541.7191020309488971802,527.54971244886,
2016-05-30T00:00:00.000000000Z,1.63256643,,8324219565.02516970354578158852,533.493149035652,
2016-05-31T00:00:00.000000000Z,1.62098355,,8286125543.83959942147096048716,530.943692811221,
2016-06-01T00:00:00.000000000Z,1.63749336,,8392142056.81520794999624033362,537.613678842782,
2016-06-02T00:00:00.000000000Z,1.63594156,,8412070380.87551399708435352608,538.771243191116,
2016-06-03T00:00:00.000000000Z,1.72607424,,8904430485.98866134168817593792,570.175988252484,
2016-06-04T00:00:00.000000000Z,1.73508921,,8970015733.4656087619967550242,574.26620163647,
2016-06-05T00:00:00.000000000Z,1.73449123,,8986071871.2797018975387918655,575.137638047925,
2016-06-06T00:00:00.000000000Z,1.76124697,,9156045666.77738506589801989936,585.857149035652,
2016-06-07T00:00:00.000000000Z,1.73648602,,9042608670.66974359224402322862,578.469240677966,
2016-06-08T00:00:00.000000000Z,1.74643017,,9117057925.56104474154768060464,583.097585330216,
2016-06-09T00:00:00.000000000Z,1.7262705,,9025689433.95792359206082431731,577.101699707773,
2016-06-10T00:00:00.000000000Z,1.73124783,,9070211832.2599774046553987424,579.814993571011,
2016-06-11T00:00:00.000000000Z,1.80308386,,9473581895.175616275295712448,605.44955698422,
2016-06-12T00:00:00.000000000Z,1.97978904,,10492201176.7141446260365609911,670.39237434249,
2016-06-13T00:00:00.000000000Z,2.05438766,,11026059609.86065166371667433606,704.321778141438,
2016-06-14T00:00:00.000000000Z,1.99146107,,10725031133.65904530506526680167,684.948319403857,
2016-06-15T00:00:00.000000000Z,2.00817303,,10885085966.44941669821408732871,695.001468439509,
2016-06-16T00:00:00.000000000Z,2.18424554,,12022161320.34919261238254119976,767.420031268264,
2016-06-17T00:00:00.000000000Z,2.12593041,,11752287633.59202090859860738728,750.014633927528,
2016-06-18T00:00:00.000000000Z,2.14155867,,11884933872.6386512138570706058,758.28878012858,
2016-06-19T00:00:00.000000000Z,2.15941186,,12021211098.17071042041357909848,766.767132670952,
2016-06-20T00:00:00.000000000Z,2.03279428,,11330122758.99478806708954655726,722.497452367037,
2016-06-21T00:00:00.000000000Z,1.88290437,,10503151148.64995397300440821804,669.604204675628,
2016-06-22T00:00:00.000000000Z,1.68209991,,9332237048.74728722383383004524,594.832974634716,
2016-06-23T00:00:00.000000000Z,1.77191858,,9849731876.21367350074669186191,627.677855639977,
2016-06-24T00:00:00.000000000Z,1.86988311,,10423845685.0703452663477101282,664.126985680889,
2016-06-25T00:00:00.000000000Z,1.87909186,,10501041019.00779078442491282592,668.872684102864,
2016-06-26T00:00:00.000000000Z,1.7731205,,9899873513.681551168184619798,630.4342421391,
2016-06-27T00:00:00.000000000Z,1.83085813,,10244767519.42703926315579797912,652.244807714787,
2016-06-28T00:00:00.000000000Z,1.81560781,,10168218550.19531372294270472872,647.218768381064,
2016-06-29T00:00:00.000000000Z,1.79144978,,10034928538.06116973950126816128,638.586345645821,
2016-06-30T00:00:00.000000000Z,1.88463722,,10598433062.77725678864523965037,674.284814728229,
2016-07-01T00:00:00.000000000Z,1.89054098,,10651789500.95514867331430955434,677.512385739334,
2016-07-02T00:00:00.000000000Z,1.95662702,,11051022772.07966845611774687648,702.739316773817,
2016-07-03T00:00:00.000000000Z,1.84470645,,10421572370.0900490304462529248,662.55008591467,
2016-07-04T00:00:00.000000000Z,1.89000024,,10696138828.81042992553732037728,679.842453360608,
2016-07-05T00:00:00.000000000Z,1.85502138,,10514851946.74126518401628808797,668.165981297487,
2016-07-06T00:00:00.000000000Z,1.87853142,,10666493627.99290592296447255465,677.651333138515,
2016-07-07T00:00:00.000000000Z,1.77579285,,10076877246.43948445885983330396,640.053236119229,
2016-07-08T00:00:00.000000000Z,1.8419359,,10472859283.7116369421281232757,665.051708357685,
2016-07-09T00:00:00.000000000Z,1.80354226,,10268410207.25264872751988259155,651.941914026885,
2016-07-10T00:00:00.000000000Z,1.79645545,,10238451113.80431609889971411879,649.959340970193,
2016-07-11T00:00:00.000000000Z,1.79504742,,10244547989.05447881188611030773,650.272594681473,
2016-07-12T00:00:00.000000000Z,1.84676287,,10556900220.41667838185327141132,670.023127995324,
2016-07-13T00:00:00.000000000Z,1.81377039,,10373781515.22203344900205190996,658.333613383986,
2016-07-14T00:00:00.000000000Z,1.81967435,,10415480467.0185424369278771249,660.905960198714,
2016-07-15T00:00:00.000000000Z,1.83455167,,10508840826.72890255019984855085,666.758671127995,
2016-07-16T00:00:00.000000000Z,1.82935184,,10486771967.51008633624007264787,665.275622150789,
2016-07-17T00:00:00.000000000Z,1.86895135,,10737317029.68856372205894098186,681.089601987142,
2016-07-18T00:00:00.000000000Z,1.8515086,,10644433355.51181946444059171504,675.118579193454,
2016-07-19T00:00:00.000000000Z,1.8472273,,10638288184.5075721665193169106,674.660360315605,
2016-07-20T00:00:00.000000000Z,1.82663887,,10523563158.02516059354948242795,667.305364874343,
2016-07-21T00:00:00.000000000Z,1.82456417,,10517518017.16304714475918530157,666.851739333723,
2016-07-22T00:00:00.000000000Z,1.7803472,,10261661310.9347492279807899125,650.562911630625,
2016-07-23T00:00:00.000000000Z,1.79860084,,10370234739.6273226289731781859,657.377942957335,
2016-07-24T00:00:00.000000000Z,1.80565737,,10434613478.86466963754024472209,661.393979836353,
2016-07-25T00:00:00.000000000Z,1.78771375,,10336696888.09729814111359567472,655.119577849211,
2016-07-26T00:00:00.000000000Z,1.78522608,,10329969987.2254316853588257998,654.626339158387,
2016-07-27T00:00:00.000000000Z,1.78796338,,10357038128.4588588477596281596,656.275146873174,
2016-07-28T00:00:00.000000000Z,1.78683669,,10356911756.93610794853448869888,656.196453360608,
2016-07-29T00:00:00.000000000Z,1.78935642,,10379602821.87698670735547986373,657.557567504383,
2016-07-30T00:00:00.000000000Z,1.78228347,,10345916190.86283762823434612393,655.361730157803,
2016-07-31T00:00:00.000000000Z,1.7008979,,9864724773.47417528417768819682,624.804487142022,
2016-08-01T00:00:00.000000000Z,1.6531908,,9577030363.562575387309152207,606.50924792519,
2016-08-02T00:00:00.000000000Z,1.44664432,,8322263415.3542181551418096301,526.981148334307,
2016-08-03T00:00:00.000000000Z,1.56457026,,9008295636.52713827932773507744,570.347040911748,
2016-08-04T00:00:00.000000000Z,1.59778327,,9217820765.33720092428330370372,583.542158036236,
2016-08-05T00:00:00.000000000Z,1.59141223,,9183311868.82896276322114289189,581.279805669199,
2016-08-06T00:00:00.000000000Z,1.61723105,,9334869325.41434813197759323843,590.795402980713,
2016-08-07T00:00:00.000000000Z,1.62732927,,9398174944.8298800674789511144,594.73232402104,
2016-08-08T00:00:00.000000000Z,1.6187062,,9350234098.00130271528337176,591.629283869083,
2016-08-09T00:00:00.000000000Z,1.6089797,,9292714922.5427292774429784197,587.932138223261,
2016-08-10T00:00:00.000000000Z,1.61532499,,9326018819.41781460107840777935,589.968758328463,
2016-08-11T00:00:00.000000000Z,1.61439329,,9321071960.97226433015783361093,589.585884687317,
2016-08-12T00:00:00.000000000Z,1.60770275,,9284313888.6852376977372362516,587.19164956166,
2016-08-13T00:00:00.000000000Z,1.60245343,,9256602279.37681907541054507957,585.363581648159,
2016-08-14T00:00:00.000000000Z,1.56450982,,9036749863.28509010606998597744,571.387062536528,
2016-08-15T00:00:00.000000000Z,1.55189891,,8961511865.131381387075284378,566.564441320865,
2016-08-16T00:00:00.000000000Z,1.58343489,,9149930417.5124321277650481132,578.414924137931,
2016-08-17T00:00:00.000000000Z,1.5706748,,9075653638.94602700140181359742,573.663744418469,
2016-08-18T00:00:00.000000000Z,1.56943471,,9070420226.49524838700425848679,573.263191992987,
2016-08-19T00:00:00.000000000Z,1.57097556,,9082525897.2223123556691590733,573.958457919345,
2016-08-20T00:00:00.000000000Z,1.58942926,,9207694159.29635534343805837064,581.797070134424,
2016-08-21T00:00:00.000000000Z,1.5862522,,9192974031.1107254649203905584,580.79219257744,
2016-08-22T00:00:00.000000000Z,1.5971444,,9260287128.25507006926662391384,584.971897720631,
2016-08-23T00:00:00.000000000Z,1.5907111,,9224249077.87686836395645410466,582.627747399182,
2016-08-24T00:00:00.000000000Z,1.58033884,,9163192930.24111998159809459684,578.701831677382,
2016-08-25T00:00:00.000000000Z,1.5702844,,9121877486.94625517077125133251,576.033436586791,
2016-08-26T00:00:00.000000000Z,1.57746065,,9167825212.51911414325712299233,578.874653419053,
2016-08-27T00:00:00.000000000Z,1.55410904,,9031484019.23772726726721390167,570.200993746347,
2016-08-28T00:00:00.000000000Z,1.56720759,,9110255563.83992517760733287658,575.105232554062,
2016-08-29T00:00:00.000000000Z,1.56317394,,9084774574.86462844754789345279,573.429267562829,
2016-08-30T00:00:00.000000000Z,1.56851349,,9121861557.01109143589911958848,575.695698421976,
2016-08-31T00:00:00.000000000Z,1.55808288,,9068583846.81071254134415437057,572.272758328463,
2016-09-01T00:00:00.000000000Z,1.55789624,,9068776165.73011998348804555306,572.221702045587,
2016-09-02T00:00:00.000000000Z,1.57001279,,9143179090.84213234340131796832,576.846767387493,
2016-09-03T00:00:00.000000000Z,1.63244029,,9517044202.16175002626697280864,600.374406779661,
2016-09-04T00:00:00.000000000Z,1.65865731,,9679536501.88292281058586901984,610.538913325541,
2016-09-05T00:00:00.000000000Z,1.64951295,,9632847972.86405874113172120954,607.526964172998,
2016-09-06T00:00:00.000000000Z,1.66267259,,9720597611.28267446045623073238,612.995458270017,
2016-09-07T00:00:00.000000000Z,1.6686166,,9764017563.17909098483260540579,615.659819111631,
2016-09-08T00:00:00.000000000Z,1.70667998,,10001305153.76621233323337541076,630.550172004676,
2016-09-09T00:00:00.000000000Z,1.68507108,,9882305092.3230054739179043602,622.977884044418,
2016-09-10T00:00:00.000000000Z,1.68900378,,9911668531.0407777934920650465,624.752640444185,
2016-09-11T00:00:00.000000000Z,1.64409449,,9651049157.89415243516913328946,608.246675920514,
2016-09-12T00:00:00.000000000Z,1.64235516,,9643730238.3137380483057807968,607.70737270602,
2016-09-13T00:00:00.000000000Z,1.64324029,,9660647196.72838362179553467396,608.694296317943,
2016-09-14T00:00:00.000000000Z,1.64445893,,9673243560.6423345493284658847,609.41308766803,
2016-09-15T00:00:00.000000000Z,1.63757095,,9637224394.64155760579798574078,607.070262594974,
2016-09-16T00:00:00.000000000Z,1.63843679,,9649967224.21134906392343431175,607.806438047925,
2016-09-17T00:00:00.000000000Z,1.63684292,,9644457346.26068725466745981684,607.381449678551,
2016-09-18T00:00:00.000000000Z,1.64735892,,9711494483.7649712683476698661,611.533460315605,
2016-09-19T00:00:00.000000000Z,1.63980889,,9670230232.92884209809697282358,608.871306312098,
2016-09-20T00:00:00.000000000Z,1.63608322,,9663444447.73910933520979139978,608.371748626534,
2016-09-21T00:00:00.000000000Z,1.60558003,,9483191383.8936635879520475354,596.945756633548,
2016-09-22T00:00:00.000000000Z,1.60186568,,9462301606.76385025071806577215,595.564716540035,
2016-09-23T00:00:00.000000000Z,1.61963842,,9571587218.91758743874649150606,602.378784921099,
2016-09-24T00:00:00.000000000Z,1.62065676,,9577740940.48880449874549504743,602.687359731151,
2016-09-25T00:00:00.000000000Z,1.61373559,,9546117896.70788861110425162291,600.610054880187,
2016-09-26T00:00:00.000000000Z,1.62933517,,9645324787.8998039067379938345,606.778810637055,
2016-09-27T00:00:00.000000000Z,1.62414841,,9620722203.56429652950266753214,605.151613734658,
2016-09-28T00:00:00.000000000Z,1.62251024,,9614446389.37238203067773654634,604.686494389246,
2016-09-29T00:00:00.000000000Z,1.62353046,,9623733604.422765907452882102,605.202561952075,
2016-09-30T00:00:00.000000000Z,1.63296882,,9683066604.83877501905882750476,608.865840736412,
2016-10-01T00:00:00.000000000Z,1.64973693,,9788324852.83725832228536014486,615.408478842782,
2016-10-02T00:00:00.000000000Z,1.63963562,,9731190837.24090305347854274302,611.748578316774,
2016-10-03T00:00:00.000000000Z,1.64023485,,9745737268.44984688007912319048,612.590347399182,
2016-10-04T00:00:00.000000000Z,1.63178451,,9705857423.93459965572231784524,610.007881355932,
2016-10-05T00:00:00.000000000Z,1.63673816,,9741183302.0766025310026159125,612.147780946815,
2016-10-06T00:00:00.000000000Z,1.63502177,,9736257394.0455546544609986033,611.76086277031,
2016-10-07T00:00:00.000000000Z,1.65057413,,9835157903.19501164113055687812,617.905705143191,
2016-10-08T00:00:00.000000000Z,1.65345115,,9858675006.1100978795180746553,619.301001753361,
2016-10-09T00:00:00.000000000Z,1.6471487,,9824887958.6406119257851066972,617.101041320865,
2016-10-10T00:00:00.000000000Z,1.64905635,,9841514816.56290967614,618.0852,
2016-10-11T00:00:00.000000000Z,1.71172286,,10239043682.01273262699058992492,642.981387258913,
2016-10-12T00:00:00.000000000Z,1.69165254,,10138537354.2689853320236616808,636.59793220339,
2016-10-13T00:00:00.000000000Z,1.68770306,,10121177916.06732823227138347568,635.444095324372,
2016-10-14T00:00:00.000000000Z,1.69764855,,10188237763.53069179005806228369,639.586090298071,
2016-10-15T00:00:00.000000000Z,1.6909697,,10152694136.80977675212362073726,637.283759322034,
2016-10-16T00:00:00.000000000Z,1.70485941,,10243420099.57793416622661157663,642.913042548217,
2016-10-17T00:00:00.000000000Z,1.69213973,,10184264279.61669989031962097738,639.137536469901,
2016-10-18T00:00:00.000000000Z,1.6808924,,10128752915.95371822100579272033,635.576508591467,
2016-10-19T00:00:00.000000000Z,1.66452177,,10035141891.05727793085701595876,629.640708036236,
2016-10-20T00:00:00.000000000Z,1.66126571,,10019590594.07234392547068034058,628.598901110462,
2016-10-21T00:00:00.000000000Z,1.66533193,,10057661337.4500058251411336333,630.90620338983,
2016-10-22T00:00:00.000000000Z,1.72581278,,10435141081.46139820530664437687,654.508630976037,
2016-10-23T00:00:00.000000000Z,1.71807394,,10395711779.67705547261592201538,651.961956750438,
2016-10-24T00:00:00.000000000Z,1.71141678,,10366022953.71365045034876755817,650.027167153711,
2016-10-25T00:00:00.000000000Z,1.72432365,,10459102589.22524093136705843732,655.792505084746,
2016-10-26T00:00:00.000000000Z,1.77111563,,10768355905.42589714655098204538,675.109869316189,
2016-10-27T00:00:00.000000000Z,1.79615707,,10951796742.25678684299830452068,686.523327060199,
2016-10-28T00:00:00.000000000Z,1.80415758,,11014802220.44680610856018879816,690.390654938632,
2016-10-29T00:00:00.000000000Z,1.8651885,,11415870485.8864216988688514459,715.445469316189,
2016-10-30T00:00:00.000000000Z,1.8226058,,11160250070.84531610176344703608,699.333410987726,
2016-10-31T00:00:00.000000000Z,1.81838639,,11154581487.06092315572086645675,698.897727995325,
2016-11-01T00:00:00.000000000Z,1.89570499,,11661529206.40790362088215430231,730.578480011689,
2016-11-02T00:00:00.000000000Z,1.91748494,,11819005784.70670008335751085274,740.367055523086,
2016-11-03T00:00:00.000000000Z,1.78730294,,11015326935.81564013058309104271,689.939206954997,
2016-11-04T00:00:00.000000000Z,1.82526343,,11263702567.80987400711617231572,705.432016656926,
2016-11-05T00:00:00.000000000Z,1.82779984,,11287152646.52619749979373823556,706.819325569842,
2016-11-06T00:00:00.000000000Z,1.84962453,,11433480682.43062767648064680128,715.896879777908,
2016-11-07T00:00:00.000000000Z,1.82330887,,11279602080.23291952222242078904,706.181216773816,
2016-11-08T00:00:00.000000000Z,1.83441017,,11371425389.70757244737233764375,711.835846580947,
2016-11-09T00:00:00.000000000Z,1.85565551,,11527158053.3696023868765928671,721.50150993571,
2016-11-10T00:00:00.000000000Z,1.83311387,,11399343106.15487350150765702541,713.407615604909,
2016-11-11T00:00:00.000000000Z,1.83712016,,11437483628.03898063783596376585,715.703310637055,
2016-11-12T00:00:00.000000000Z,1.80622068,,11249497647.67224552126431430825,703.847551139685,
2016-11-13T00:00:00.000000000Z,1.80498214,,11247212520.8573954900834364273,703.626435300994,
2016-11-14T00:00:00.000000000Z,1.80858594,,11280973045.06135318535823082742,705.643584161309,
2016-11-15T00:00:00.000000000Z,1.82341234,,11389530640.510002809220129688,712.3471528346,
2016-11-16T00:00:00.000000000Z,1.89261677,,11866029637.54295838992229067561,742.050117592051,
2016-11-17T00:00:00.000000000Z,1.87204522,,11759839928.48304862809822819909,735.318080537697,
2016-11-18T00:00:00.000000000Z,1.90458043,,11989295191.8415672491893801244,749.57872729398,
2016-11-19T00:00:00.000000000Z,1.90689799,,12016781422.2122536013391727355,751.213819403858,
2016-11-20T00:00:00.000000000Z,1.85356329,,11684215201.37541819620570892058,730.350813617767,
2016-11-21T00:00:00.000000000Z,1.86694042,,11783981824.93786633943670944992,736.506983927528,
2016-11-22T00:00:00.000000000Z,1.89259128,,11969083798.73731663756431944328,747.997677966102,
2016-11-23T00:00:00.000000000Z,1.86965336,,11862317940.85001103361280093592,741.240317942724,
2016-11-24T00:00:00.000000000Z,1.85483303,,11801632651.3492012387233363304,737.35497597896,
2016-11-25T00:00:00.000000000Z,1.85929274,,11840334132.94248889986311825168,739.685200175336,
2016-11-26T00:00:00.000000000Z,1.84525241,,11761186228.25124109267747094728,734.652925891292,
2016-11-27T00:00:00.000000000Z,1.82681448,,11651843795.12485642913155484703,727.741115838691,
2016-11-28T00:00:00.000000000Z,1.83082068,,11690828044.04396151478751224064,730.082483752192,
2016-11-29T00:00:00.000000000Z,1.83343351,,11717234335.10892862219659726012,731.646435710111,
2016-11-30T00:00:00.000000000Z,1.85741761,,11887637165.3672808981694822724,742.20445131502,
2016-12-01T00:00:00.000000000Z,1.88258493,,12072731073.24806971135356512612,753.674910111046,
2016-12-02T00:00:00.000000000Z,1.92399804,,12372495475.01480085290911031556,772.302382729398,
2016-12-03T00:00:00.000000000Z,1.89395129,,12274946446.74005381897425451536,766.110468147283,
2016-12-04T00:00:00.000000000Z,1.89327742,,12280685032.17432397772474858064,766.380139099942,
2016-12-05T00:00:00.000000000Z,1.85781173,,12062431723.94821588362437009668,752.670726241964,
2016-12-06T00:00:00.000000000Z,1.87197007,,12167169392.18382707895164864379,759.117325774401,
2016-12-07T00:00:00.000000000Z,1.88398255,,12262923083.65682431764918451032,764.987650087668,
2016-12-08T00:00:00.000000000Z,1.88724567,,12307255552.18990490811587153788,767.659224634717,
2016-12-09T00:00:00.000000000Z,1.89591358,,12376584249.49367863323427816026,771.902321098773,
2016-12-10T00:00:00.000000000Z,1.90150182,,12435140630.46692396121736168584,775.474561309176,
2016-12-11T00:00:00.000000000Z,1.8880226,,12357110240.99078406604022323788,770.496150496786,
2016-12-12T00:00:00.000000000Z,1.90486371,,12487098790.32006626823870513422,778.506599064874,
2016-12-13T00:00:00.000000000Z,1.90337593,,12495634322.7651849286310998858,778.930694564582,
2016-12-14T00:00:00.000000000Z,1.89626794,,12465433894.53886941081181428768,776.963961484512,
2016-12-15T00:00:00.000000000Z,1.89136263,,12454036745.72829410795411155485,776.176781998831,
2016-12-16T00:00:00.000000000Z,1.90373524,,12552466736.26420384292767455344,782.230215897136,
2016-12-17T00:00:00.000000000Z,1.91920336,,12672198174.1153731549267121092,789.60293220339,
2016-12-18T00:00:00.000000000Z,1.91892195,,12690122503.85809834451772275424,790.632966526008,
2016-12-19T00:00:00.000000000Z,1.91635095,,12685933293.70491042844176038294,790.279031677382,
2016-12-20T00:00:00.000000000Z,1.93543766,,12839787154.9726172172886415441,799.777520748101,
2016-12-21T00:00:00.000000000Z,1.99546268,,13302288135.986470400569582233,828.4836792519,
2016-12-22T00:00:00.000000000Z,2.05790608,,13785965063.4373272473400345,858.50143395675,
2016-12-23T00:00:00.000000000Z,2.17751843,,14704000146.30472034600817024648,915.562438340152,
2016-12-24T00:00:00.000000000Z,2.11635351,,14313545362.84699096604456700037,891.155272063121,
2016-12-25T00:00:00.000000000Z,2.12388831,,14393261024.89821510285482776965,896.003279310345,
2016-12-26T00:00:00.000000000Z,2.13574409,,14510491264.44795070349449615232,903.201246639392,
2016-12-27T00:00:00.000000000Z,2.18144466,,14877782797.91958349873178346286,925.950810461719,
2016-12-28T00:00:00.000000000Z,2.2923126,,15747603995.5452945861766588502,979.960973991818,
2016-12-29T00:00:00.000000000Z,2.26582772,,15645002161.9283847207500289435,973.462559438925,
2016-12-30T00:00:00.000000000Z,2.23030531,,15449532066.49537464449445231387,961.182658153127,
2016-12-31T00:00:00.000000000Z,2.2443903,,15576503794.39377624346133707347,968.970597019287,
2017-01-01T00:00:00.000000000Z,2.30193946,,16033166928.50776653908721289416,997.257357977791,
2017-01-02T00:00:00.000000000Z,2.33524167,,16353848176.3940157221575977371,1017.07788609001,
2017-01-03T00:00:00.000000000Z,2.35770988,,16605694521.7007798571904388828,1032.60905318527,
2017-01-04T00:00:00.000000000Z,2.55770131,,18246345823.2225146760682152804,1134.49644535359,
2017-01-05T00:00:00.000000000Z,2.23704042,,16092973484.8223587498016311995,1000.49812893045,
2017-01-06T00:00:00.000000000Z,2.00164999,,14357044093.61092780861715160859,892.463955639977,
2017-01-07T00:00:00.000000000Z,2.0252978,,14535387579.87079146615939544327,903.453283635301,
2017-01-08T00:00:00.000000000Z,2.04304794,,14682600907.60292820549352256008,912.484997077732,
2017-01-09T00:00:00.000000000Z,2.02053011,,14539700661.88565346016391926449,903.508666803039,
2017-01-10T00:00:00.000000000Z,2.02492109,,14589634708.70030586656373013034,906.498947399182,
2017-01-11T00:00:00.000000000Z,1.76845775,,12689026925.13550563837771446469,788.314655990649,
2017-01-12T00:00:00.000000000Z,1.81077416,,12993296880.85747418875798585408,807.109833547633,
2017-01-13T00:00:00.000000000Z,1.85366729,,13310975741.10820135034875483941,826.746927410871,
2017-01-14T00:00:00.000000000Z,1.83889611,,13204837500.05732388009837457096,820.045157276447,
2017-01-15T00:00:00.000000000Z,1.84823542,,13279051045.17868450759158391333,824.547065166569,
2017-01-16T00:00:00.000000000Z,1.86155157,,13382120128.68228001510254549012,830.838035067212,
2017-01-17T00:00:00.000000000Z,2.0228738,,14594958398.36268852731726363665,906.026828112215,
2017-01-18T00:00:00.000000000Z,1.96641888,,14197645178.66812366247216294256,881.259815371128,
2017-01-19T00:00:00.000000000Z,2.01003826,,14537996019.98250541319036829168,902.263869959088,
2017-01-20T00:00:00.000000000Z,1.99263298,,14425881540.14362430154052496224,895.174516189363,
2017-01-21T00:00:00.000000000Z,2.05421871,,14900046542.1090787896857346154,924.46825949737,
2017-01-22T00:00:00.000000000Z,2.04635127,,14869799008.14433215974332383632,922.467077381648,
2017-01-23T00:00:00.000000000Z,2.03609568,,14817362335.954389697043403352,919.115744126242,
2017-01-24T00:00:00.000000000Z,1.96451725,,14313248721.79608255454798838528,887.743193804792,
2017-01-25T00:00:00.000000000Z,1.97868447,,14443045315.82567444823487840766,895.690033255406,
2017-01-26T00:00:00.000000000Z,2.02100235,,14783083522.672856440170094996,916.6674685564,
2017-01-27T00:00:00.000000000Z,2.02710253,,14846112302.75286961681492309,920.454463471654,
2017-01-28T00:00:00.000000000Z,2.03067894,,14885292937.06948451697193838233,922.774948568089,
2017-01-29T00:00:00.000000000Z,2.00928142,,14771981709.629528505100219782,915.63202314436,
2017-01-30T00:00:00.000000000Z,2.01726706,,14849161141.89028454462067578816,920.313260783168,
2017-01-31T00:00:00.000000000Z,2.11732767,,15628390267.65396911750694710729,968.499105669199,
2017-02-01T00:00:00.000000000Z,2.1532295,,15937898190.37759995923604688596,987.532590414962,
2017-02-02T00:00:00.000000000Z,2.19051199,,16265430337.1771286244254756,1007.7043659848,
2017-02-03T00:00:00.000000000Z,2.19895326,,16389955943.8166548708240494718,1015.30203945061,
2017-02-04T00:00:00.000000000Z,2.23392412,,16690201716.68176043160940737,1033.78597299825,
2017-02-05T00:00:00.000000000Z,2.18915215,,16381947061.8631857627408570294,1014.56787574518,
2017-02-06T00:00:00.000000000Z,2.20253705,,16524823455.991667974138368192,1023.3174811806,
2017-02-07T00:00:00.000000000Z,2.25911131,,17016217921.2565751389505084925,1053.62445902981,
2017-02-08T00:00:00.000000000Z,2.25075614,,16997840733.154908866462398098,1052.36764535359,
2017-02-09T00:00:00.000000000Z,2.10032332,,15875484012.4179876608245404554,982.751939450614,
2017-02-10T00:00:00.000000000Z,2.12395089,,16101828644.84332723414627290692,996.650153126827,
2017-02-11T00:00:00.000000000Z,2.15345527,,16341484984.2687032742000376462,1011.37532220923,
2017-02-12T00:00:00.000000000Z,2.14002159,,16261183420.5227349283914467426,1006.29646487434,
2017-02-13T00:00:00.000000000Z,2.12270941,,16160716998.96872458040743134735,999.953184979545,
2017-02-14T00:00:00.000000000Z,2.14502476,,16360999468.017710113569471978,1012.2134635301,
2017-02-15T00:00:00.000000000Z,2.14664641,,16390083679.6751862273417732858,1013.90384050263,
2017-02-16T00:00:00.000000000Z,2.19057597,,16762275451.099982560108627124,1036.80686475745,
2017-02-17T00:00:00.000000000Z,2.22822443,,17117738325.4234279129471904512,1058.66992033898,
2017-02-18T00:00:00.000000000Z,2.22851853,,17152060499.0268200511515510279,1060.66880488019,
2017-02-19T00:00:00.000000000Z,2.22135058,,17123393628.7684370539000127247,1058.78640035067,
2017-02-20T00:00:00.000000000Z,2.27876692,,17609003081.4725469013861115112,1088.68842922268,
2017-02-21T00:00:00.000000000Z,2.35331243,,18260629743.4372517998856102658,1128.85529316189,
2017-02-22T00:00:00.000000000Z,2.3431243,,18276271622.230271084579504211,1129.70179064874,
2017-02-23T00:00:00.000000000Z,2.45151251,,19235588833.469920278593752305,1188.86178550555,
2017-02-24T00:00:00.000000000Z,2.42731203,,19183431396.2554058110659584661,1185.48889158387,
2017-02-25T00:00:00.000000000Z,2.35507801,,18637526262.6884257944832458804,1151.60473687902,
2017-02-26T00:00:00.000000000Z,2.41199874,,19127391989.7525334550086814709,1181.71086586791,
2017-02-27T00:00:00.000000000Z,2.42985611,,19330923262.6518706544054300001,1194.15245014611,
2017-02-28T00:00:00.000000000Z,2.41245373,,19240074535.1816762071577085475,1188.39994073641,
2017-03-01T00:00:00.000000000Z,2.48115883,,19890848403.3575388640149978648,1228.45965061368,
2017-03-02T00:00:00.000000000Z,2.53571034,,20451484173.7121462408310503544,1262.93146738749,
2017-03-03T00:00:00.000000000Z,2.57132568,,20881944223.0531746987153228747,1289.36319111631,
2017-03-04T00:00:00.000000000Z,2.52422599,,20553283951.3176554904665080218,1268.94066440678,
2017-03-05T00:00:00.000000000Z,2.53213829,,20674403461.6224021467137922696,1276.27368293396,
2017-03-06T00:00:00.000000000Z,2.53275359,,20773565472.5026312344342049035,1282.25465663355,
2017-03-07T00:00:00.000000000Z,2.43376828,,20001880903.9601938724263388388,1234.47646206897,
2017-03-08T00:00:00.000000000Z,2.27006537,,18669841118.5032148019687693916,1152.13938924606,
2017-03-09T00:00:00.000000000Z,2.34691879,,19341556300.8903169333042397248,1193.45552659264,
2017-03-10T00:00:00.000000000Z,2.16260738,,17805304675.1381649654542629925,1098.53014903565,
2017-03-11T00:00:00.000000000Z,2.31121876,,19076489140.27723050277297113,1176.822921391,
2017-03-12T00:00:00.000000000Z,2.41252703,,19969225806.4108292306391504055,1231.74835663355,
2017-03-13T00:00:00.000000000Z,2.41079093,,20095461364.3696750140655527544,1239.39629631794,
2017-03-14T00:00:00.000000000Z,2.41809563,,20213663790.2642630853779778976,1246.53656487434,
2017-03-15T00:00:00.000000000Z,2.43048179,,20412350079.6615946666494606828,1258.65138147282,
2017-03-16T00:00:00.000000000Z,2.27079494,,19106964810.720156491349367076,1178.02075037989,
2017-03-17T00:00:00.000000000Z,2.07020764,,17390758588.1551970235804376542,1072.08253816482,
2017-03-18T00:00:00.000000000Z,1.86260387,,15616177573.01267100060878431695,962.569056165985,
2017-03-19T00:00:00.000000000Z,1.97134108,,16553582293.8136858249657525484,1020.22025353594,
2017-03-20T00:00:00.000000000Z,2.00477708,,16839878321.345238610994997668,1037.7563458796,
2017-03-21T00:00:00.000000000Z,2.1395375,,18043669246.0048858286294663012,1111.81826358854,
2017-03-22T00:00:00.000000000Z,1.99485875,,16836417663.1290274869897245814,1037.30257013442,
2017-03-23T00:00:00.000000000Z,1.97800188,,16690135752.5489223767384767744,1028.17285628288,
2017-03-24T00:00:00.000000000Z,1.8009221,,15180766238.53874181222631750124,935.063496201052,
2017-03-25T00:00:00.000000000Z,1.86294639,,15725921903.45139116450363273592,968.543329281122,
2017-03-26T00:00:00.000000000Z,1.85054884,,15637233759.2643312935813516664,962.95805458796,
2017-03-27T00:00:00.000000000Z,1.99869446,,16937423477.86234146982759125,1042.91919777908,
2017-03-28T00:00:00.000000000Z,1.9993941,,16975887612.950307667173152481,1045.16293161894,
2017-03-29T00:00:00.000000000Z,1.98727297,,16888765398.0515727103797549075,1039.68861578025,
2017-03-30T00:00:00.000000000Z,1.98163667,,16863262866.3024407655444732916,1037.98766142607,
2017-03-31T00:00:00.000000000Z,2.0572416,,17575951028.3262057168884072768,1081.74353109293,
2017-04-01T00:00:00.000000000Z,2.06862352,,17704176776.5305916439396381182,1089.52477182934,
2017-04-02T00:00:00.000000000Z,2.09581972,,17966971908.7103650153983797277,1105.56295575687,
2017-04-03T00:00:00.000000000Z,2.16252803,,18604950334.220819570714719826,1144.6647710111,
2017-04-04T00:00:00.000000000Z,2.15325451,,18562153298.2092290112812047309,1141.92191870251,
2017-04-05T00:00:00.000000000Z,2.13735782,,18465129660.7388034818346560692,1135.81164377557,
2017-04-06T00:00:00.000000000Z,2.23959041,,19423001888.39506861712636224,1194.59645938048,
2017-04-07T00:00:00.000000000Z,2.22647362,,19378832835.4116189106728259332,1191.73145108124,
2017-04-08T00:00:00.000000000Z,2.21001181,,19261932036.8798281200358018716,1184.41772033898,
2017-04-09T00:00:00.000000000Z,2.2586269,,19739484515.0057095367840932789,1213.63413980129,
2017-04-10T00:00:00.000000000Z,2.24975256,,19709437323.6260983699049358316,1211.64987621274,
2017-04-11T00:00:00.000000000Z,2.27711178,,20007000413.8118495710058070186,1229.78493290473,
2017-04-12T00:00:00.000000000Z,2.24625621,,19786756714.3447451711315048196,1216.11436785506,
2017-04-13T00:00:00.000000000Z,2.16504122,,19079940944.324067113609088996,1172.5583396844,
2017-04-14T00:00:00.000000000Z,2.16522828,,19110862529.7021860060432239024,1174.33323354763,
2017-04-15T00:00:00.000000000Z,2.1659084,,19133066482.2418753565597787588,1175.56218901227,
2017-04-16T00:00:00.000000000Z,2.16125164,,19104759790.450477200820563268,1173.6913798948,
2017-04-17T00:00:00.000000000Z,2.18766073,,19403226165.0344637434152546242,1191.90120146113,
2017-04-18T00:00:00.000000000Z,2.20166725,,19571960689.1939790345332999304,1202.13145803624,
2017-04-19T00:00:00.000000000Z,2.21134437,,19695082029.6205029538442257783,1209.56090888369,
2017-04-20T00:00:00.000000000Z,2.25276621,,20124510671.7950319898124968353,1235.80307451783,
2017-04-21T00:00:00.000000000Z,2.26940479,,20314924259.5039088435798135488,1247.33607025132,
2017-04-22T00:00:00.000000000Z,2.26016436,,20255522192.6114821202647868832,1243.55039257744,
2017-04-23T00:00:00.000000000Z,2.26874872,,20362991159.5182396898570306478,1250.00148322618,
2017-04-24T00:00:00.000000000Z,2.27570599,,20482848937.3346525430215309631,1257.23944225599,
2017-04-25T00:00:00.000000000Z,2.3093693,,20853825941.358650559723301764,1279.86471741672,
2017-04-26T00:00:00.000000000Z,2.33216845,,21127120044.9545015448237088652,1296.48545745178,
2017-04-27T00:00:00.000000000Z,2.4099622,,21934673309.824898165462080316,1345.8899556692,
2017-04-28T00:00:00.000000000Z,2.40107994,,21971111453.6457729476649780317,1347.98515552309,
2017-04-29T00:00:00.000000000Z,2.41223986,,22132640553.9739711447421861835,1357.71525341905,
2017-04-30T00:00:00.000000000Z,2.44637619,,22530412834.845679012655393176,1381.9563722969,
2017-05-01T00:00:00.000000000Z,2.52560356,,23429544485.437234122392588306,1436.9414880187,
2017-05-02T00:00:00.000000000Z,2.55708418,,23870678471.2273868914524908482,1463.81906846873,
2017-05-03T00:00:00.000000000Z,2.6373993,,24779696474.7041874926280808257,1519.40894447691,
2017-05-04T00:00:00.000000000Z,2.64748386,,25115973329.482091646239449536,1539.8300515488,
2017-05-05T00:00:00.000000000Z,2.61101197,,24955664079.9141640187505551626,1529.85044301578,
2017-05-06T00:00:00.000000000Z,2.6710611,,25667501899.4297519283715234434,1573.28550961426,
2017-05-07T00:00:00.000000000Z,2.58516798,,24903613050.3876818567053940715,1526.26777171245,
2017-05-08T00:00:00.000000000Z,2.82026827,,27498797785.2145819934278509576,1685.08649631794,
2017-05-09T00:00:00.000000000Z,2.8500152,,28059281600.75279079710963632,1719.22801355932,
2017-05-10T00:00:00.000000000Z,2.92992045,,29095216204.95681780913,1782.499,
2017-05-11T00:00:00.000000000Z,2.98180004,,29963230354.1155260317374672812,1835.48754821742,
2017-05-12T00:00:00.000000000Z,2.75847679,,27830857573.1652595332904422852,1704.66164108708,
2017-05-13T00:00:00.000000000Z,2.86505128,,29061763163.4968109010493051848,1779.84025669199,
2017-05-14T00:00:00.000000000Z,2.87984317,,29306338267.7410091063142984604,1794.59355055523,
2017-05-15T00:00:00.000000000Z,2.77569902,,28367593222.5636419780961115872,1736.88284611338,
2017-05-16T00:00:00.000000000Z,2.7951762,,28699495338.4745755344081677242,1757.02694856809,
2017-05-17T00:00:00.000000000Z,2.85141326,,29547786219.0694294683115950738,1808.74606469901,
2017-05-18T00:00:00.000000000Z,2.96696988,,30947901332.4916724579885498436,1894.24726455289,
2017-05-19T00:00:00.000000000Z,3.05210147,,32149470136.8582267304773439756,1967.54554769141,
2017-05-20T00:00:00.000000000Z,3.14988555,,33470233811.201008468735564668,2048.11767799532,
2017-05-21T00:00:00.000000000Z,3.12275546,,33426678945.8098749148460662476,2045.22249316189,
2017-05-22T00:00:00.000000000Z,3.12461059,,33981601940.8597590477486060248,2078.94350002922,
2017-05-23T00:00:00.000000000Z,3.32739524,,36901498030.8538988557376404044,2257.28836382233,
2017-05-24T00:00:00.000000000Z,3.49513899,,39484489321.1749226028563458788,2415.00722665108,
2017-05-25T00:00:00.000000000Z,3.29706174,,37929364613.1705662434428137465,2319.60137866745,
2017-05-26T00:00:00.000000000Z,3.20703848,,37276668052.733871010479410556,2279.4185836353,
2017-05-27T00:00:00.000000000Z,2.87538901,,33435937257.8276486814418582768,2044.30049982466,
2017-05-28T00:00:00.000000000Z,3.1100624,,36407455222.710841451977536819,2225.7008666277,
2017-05-29T00:00:00.000000000Z,3.1715195,,37377119026.090483375740036851,2284.71579748685,
2017-05-30T00:00:00.000000000Z,2.99605054,,35460507433.2330849041122438104,2167.26447790766,
2017-05-31T00:00:00.000000000Z,3.14282004,,37627739544.7990434516548528756,2299.43261025716,
2017-06-01T00:00:00.000000000Z,3.24185226,,39276677605.518520438626565416,2399.88763194039,
2017-06-02T00:00:00.000000000Z,3.32189022,,40582896889.352352261045745596,2479.4238943308,
2017-06-03T00:00:00.000000000Z,3.38499502,,41736862989.5230344840479469772,2549.55195151958,
2017-06-04T00:00:00.000000000Z,3.33016911,,41339921429.4484935924988622853,2524.99383354763,
2017-06-05T00:00:00.000000000Z,3.49837338,,43970314462.9590836472144697836,2685.31891671537,
2017-06-06T00:00:00.000000000Z,3.68734337,,47021733324.2551682057199133518,2871.34167735243,
2017-06-07T00:00:00.000000000Z,3.45563714,,44332089813.9106094015193338634,2706.76000885447,
2017-06-08T00:00:00.000000000Z,3.54000799,,45906967852.945419978714412066,2802.56354681473,
2017-06-09T00:00:00.000000000Z,3.50908106,,45950079689.4656480311595386091,2804.87226691993,
2017-06-10T00:00:00.000000000Z,3.60375711,,47781111553.676336271297394472,2916.3278597896,
2017-06-11T00:00:00.000000000Z,3.64019441,,48734955097.0673182004193653898,2974.21455920514,
2017-06-12T00:00:00.000000000Z,3.22800548,,43680217096.0659401551889399646,2665.43326995909,
2017-06-13T00:00:00.000000000Z,3.24114582,,44368428524.5129048863793024584,2707.13782402104,
2017-06-14T00:00:00.000000000Z,2.919798,,40057150815.0854694698286137379,2443.82445137347,
2017-06-15T00:00:00.000000000Z,2.87371971,,39505481201.24846864068085109,2409.886764173,
2017-06-16T00:00:00.000000000Z,2.93413098,,40599749113.9486240271519500676,2476.35909538282,
2017-06-17T00:00:00.000000000Z,3.1272984,,43496562773.618496161312996094,2652.75536335476,
2017-06-18T00:00:00.000000000Z,2.93677553,,41131103916.5871175298103670352,2508.21420742256,
2017-06-19T00:00:00.000000000Z,3.00723619,,42471293996.7641141390175825937,2589.64221338399,
2017-06-20T00:00:00.000000000Z,3.14552423,,44830856447.1517170168551150592,2733.22655628288,
2017-06-21T00:00:00.000000000Z,3.02520974,,43294240942.067109580563876039,2639.26131420222,
2017-06-22T00:00:00.000000000Z,3.0574306,,44076228598.2376690210734006352,2686.64751431911,
2017-06-23T00:00:00.000000000Z,3.04158628,,44068852430.0131414179128546309,2685.87047101111,
2017-06-24T00:00:00.000000000Z,2.89910643,,42044207205.8166169442935298214,2562.18914874342,
2017-06-25T00:00:00.000000000Z,2.82389576,,40990257366.1117653296955194027,2497.72894137931,
2017-06-26T00:00:00.000000000Z,2.74177101,,39823410570.6221701146367050291,2426.36505119813,
2017-06-27T00:00:00.000000000Z,2.84709982,,41534163466.451127014284532763,2530.34553600234,
2017-06-28T00:00:00.000000000Z,2.86973355,,42071787287.1728087825149286404,2562.79226420222,
2017-06-29T00:00:00.000000000Z,2.83338619,,41708704320.7087412284601766192,2540.44303161894,
2017-06-30T00:00:00.000000000Z,2.7235698,,40273068762.9317948526174972306,2452.71206428989,
2017-07-01T00:00:00.000000000Z,2.67604439,,39615542859.298131081006528786,2412.3662131502,
2017-07-02T00:00:00.000000000Z,2.78455696,,41370488523.312041285706595878,2518.8721873758,
2017-07-03T00:00:00.000000000Z,2.8067694,,41918817680.2245449643753438207,2551.92743173583,
2017-07-04T00:00:00.000000000Z,2.84851858,,42709253031.5209956676797407931,2599.74474991233,
2017-07-05T00:00:00.000000000Z,2.84213614,,42851453105.791213378716051765,2608.10489117475,
2017-07-06T00:00:00.000000000Z,2.82784137,,42775411503.2348980080923165679,2603.19547369959,
2017-07-07T00:00:00.000000000Z,2.70091753,,41015005023.0547968001223446687,2495.78092220923,
2017-07-08T00:00:00.000000000Z,2.7563821,,41968715692.885602067798409623,2553.4941581239,
2017-07-09T00:00:00.000000000Z,2.70314378,,41195281327.555843443254046894,2506.17321355932,
2017-07-10T00:00:00.000000000Z,2.50667922,,38130359538.7425118111278246828,2319.36689736996,
2017-07-11T00:00:00.000000000Z,2.5040635,,38132095672.129271622089515008,2319.16744061952,
2017-07-12T00:00:00.000000000Z,2.5607933,,39053487321.7989436960949430769,2374.88626645237,
2017-07-13T00:00:00.000000000Z,2.52324473,,38545879294.0180194410628917912,2343.73834824664,
2017-07-14T00:00:00.000000000Z,2.38547763,,36429580814.5852783549063447234,2214.82523728814,
2017-07-15T00:00:00.000000000Z,2.15162881,,32728766809.625704098343836189,1989.63319023963,
2017-07-16T00:00:00.000000000Z,2.0725336,,31435051662.1283088775084226961,1910.74954161309,
2017-07-17T00:00:00.000000000Z,2.38704005,,36456861657.8656816449067191786,2215.74629614261,
2017-07-18T00:00:00.000000000Z,2.47286929,,37909768672.150237671452908308,2303.7611458796,
2017-07-19T00:00:00.000000000Z,2.41800668,,37145563305.3249445573865104445,2257.06523588545,
2017-07-20T00:00:00.000000000Z,2.98008325,,46479908648.678115739178693093,2823.89792635885,
2017-07-21T00:00:00.000000000Z,2.80324324,,43888421935.829641599200100944,2666.1397182934,
2017-07-22T00:00:00.000000000Z,2.956705,,46587404300.7461442215690701004,2829.75405496786,
2017-07-23T00:00:00.000000000Z,2.86830102,,45333705063.6581032308122638348,2753.24386493279,
2017-07-24T00:00:00.000000000Z,2.8571688,,45371377698.71975510031083856,2755.1595242256,
2017-07-25T00:00:00.000000000Z,2.63175728,,42140742567.9408395798704183202,2558.69299894798,
2017-07-26T00:00:00.000000000Z,2.58755545,,41546403805.8562592982676905384,2522.32464628872,
2017-07-27T00:00:00.000000000Z,2.70895213,,43904037844.165407581938616136,2665.14754649328,
2017-07-28T00:00:00.000000000Z,2.77596935,,46029171038.017038568212695241,2793.83348486265,
2017-07-29T00:00:00.000000000Z,2.65045335,,44594828238.114444282789066828,2706.4507654588,
2017-07-30T00:00:00.000000000Z,2.63429117,,45307309969.06875036494778707,2749.3845277031,
2017-07-31T00:00:00.000000000Z,2.66440296,,47178370615.229957330118956844,2862.61129088252,
2017-08-01T00:00:00.000000000Z,2.51234417,,44954870203.7356490711672717744,2727.38918199883,
2017-08-02T00:00:00.000000000Z,2.45667542,,44346106068.0545381147158591015,2690.14567197545,
2017-08-03T00:00:00.000000000Z,2.51633659,,45992799938.315191653840473099,2789.74631244886,
2017-08-04T00:00:00.000000000Z,2.52690325,,47161926533.8406424030693268628,2860.27284324956,
2017-08-05T00:00:00.000000000Z,2.8058202,,53387777581.8204652022786097984,3237.42336329632,
2017-08-06T00:00:00.000000000Z,2.74360243,,53272937538.0471119074895523654,3230.11670894214,
2017-08-07T00:00:00.000000000Z,2.8173808,,55958573635.891460085578172272,3392.56241864407,
2017-08-08T00:00:00.000000000Z,2.79701154,,56511797950.6141793529869682232,3425.67661659848,
2017-08-09T00:00:00.000000000Z,2.70304955,,55223234127.2743998251343034664,3347.21543161894,
2017-08-10T00:00:00.000000000Z,2.74911842,,56710810916.7100936447532964192,3437.03215546464,
2017-08-11T00:00:00.000000000Z,2.89608699,,60404943871.3999305601227139639,3660.52053728813,
2017-08-12T00:00:00.000000000Z,3.02040239,,63886112715.0326446871558142963,3871.08240619521,
2017-08-13T00:00:00.000000000Z,3.12865374,,67074148204.9192848161858727942,4063.80105271771,
2017-08-14T00:00:00.000000000Z,3.25544228,,71055660577.9375292550642226764,4304.60393120982,
2017-08-15T00:00:00.000000000Z,3.11536106,,68677106425.000502855889811992,4160.0305458796,
2017-08-16T00:00:00.000000000Z,3.22936466,,72062692116.9724584546144347744,4364.67857463472,
2017-08-17T00:00:00.000000000Z,3.14349195,,71145078748.6345697540643564372,4308.51686142607,
2017-08-18T00:00:00.000000000Z,2.97541172,,67850038464.244855035109695747,4108.50716218586,
2017-08-19T00:00:00.000000000Z,2.97749577,,68713761143.5176495236928834069,4160.33245686733,
2017-08-20T00:00:00.000000000Z,2.88932289,,67489563565.014746321031481428,4085.8103943308,
2017-08-21T00:00:00.000000000Z,2.8086644,,65956080358.1649939699950715195,3992.62603524255,
2017-08-22T00:00:00.000000000Z,2.84203031,,67310327158.7224781412833391251,4074.33046125073,
2017-08-23T00:00:00.000000000Z,2.86484514,,68517713977.949298439598623935,4146.9153452367,
2017-08-24T00:00:00.000000000Z,2.96780825,,71479081623.500267679338551294,4325.81642799532,
2017-08-25T00:00:00.000000000Z,2.96751747,,71935931728.7652750565015049095,4353.13177255991,
2017-08-26T00:00:00.000000000Z,2.94348577,,71757325229.355513337630484119,4341.97871677382,
2017-08-27T00:00:00.000000000Z,2.93116239,,71814078736.9646124627473492646,4344.90344476914,
2017-08-28T00:00:00.000000000Z,2.93365297,,72397327204.4099982402731718742,4379.76392068966,
2017-08-29T00:00:00.000000000Z,3.03875355,,76053940775.7361129485670518932,4600.45683097604,
2017-08-30T00:00:00.000000000Z,3.00669499,,75835035216.6429623102111797408,4586.63273670368,
2017-08-31T00:00:00.000000000Z,3.06677185,,78386345981.6459952159653306032,4740.35621770894,
2017-09-01T00:00:00.000000000Z,3.14249768,,81337302684.4742999138006326575,4918.16624488603,
2017-09-02T00:00:00.000000000Z,2.91990917,,76002486194.5448854613274918326,4595.02001782583,
2017-09-03T00:00:00.000000000Z,2.92473488,,76512165470.08018803208912284,4625.296314436,
2017-09-04T00:00:00.000000000Z,2.75162247,,72377228115.3782990946540606576,4374.75349649328,
2017-09-05T00:00:00.000000000Z,2.78742564,,73700143235.5444136716002708375,4454.05253769725,
2017-09-06T00:00:00.000000000Z,2.86204183,,76248805470.2890381113374209056,4607.51652980713,
2017-09-07T00:00:00.000000000Z,2.84583752,,76715672194.465261089366100062,4635.11187580362,
2017-09-08T00:00:00.000000000Z,2.66619471,,71931114925.0802487844746246792,4345.45765634132,
2017-09-09T00:00:00.000000000Z,2.65540041,,71776989941.96731209461183448,4335.593449737,
2017-09-10T00:00:00.000000000Z,2.59879339,,70563390453.1525698565586172599,4261.84352104033,
2017-09-11T00:00:00.000000000Z,2.56454296,,69756359191.3733810149646502,4212.54757334892,
2017-09-12T00:00:00.000000000Z,2.53102364,,68967526611.7839370670636838306,4164.31943424898,
2017-09-13T00:00:00.000000000Z,2.36797159,,64385886678.335049959491067269,3887.11858679135,
2017-09-14T00:00:00.000000000Z,1.99521056,,53797846714.264394374874913765,3247.4687390415,
2017-09-15T00:00:00.000000000Z,2.26320938,,61289969016.1444675650404634048,3699.22294389246,
2017-09-16T00:00:00.000000000Z,2.26588756,,61496818023.181391609206120182,3711.23435067212,
2017-09-17T00:00:00.000000000Z,2.26478555,,61515288495.0057252869037631152,3711.85620397428,
2017-09-18T00:00:00.000000000Z,2.47915064,,67629984373.8091425320165289752,4080.42844301578,
2017-09-19T00:00:00.000000000Z,2.38109715,,65073733640.1209326004115588351,3925.73619023963,
2017-09-20T00:00:00.000000000Z,2.3596557,,64582823404.49912221074724275,3895.777078609,
2017-09-21T00:00:00.000000000Z,2.19309389,,59973348985.8182780923848267984,3617.24346580947,
2017-09-22T00:00:00.000000000Z,2.19168978,,60012303857.526598554530803914,3619.2137182934,
2017-09-23T00:00:00.000000000Z,2.28253357,,62613280673.6551713882132776238,3775.60059409702,
2017-09-24T00:00:00.000000000Z,2.22242941,,60983077170.6143269182416190492,3676.89694418469,
2017-09-25T00:00:00.000000000Z,2.34287282,,65000249826.2898704941197314178,3918.73807130333,
2017-09-26T00:00:00.000000000Z,2.32052467,,64531789180.509361100180110043,3890.09093687902,
2017-09-27T00:00:00.000000000Z,2.4968666,,69809713133.1946271848692175226,4207.78748538866,
2017-09-28T00:00:00.000000000Z,2.47501585,,69486873129.7443705479379183652,4187.76979631794,
2017-09-29T00:00:00.000000000Z,2.44954557,,68952075464.7951213478582951888,4155.01011981298,
2017-09-30T00:00:00.000000000Z,2.54204123,,71938913742.7509943558065641143,4334.54461250731,
2017-10-01T00:00:00.000000000Z,2.56194858,,72735077239.7851105859798541272,4382.08689801286,
2017-10-02T00:00:00.000000000Z,2.55136556,,72822788727.59786137367399505,4386.8757150789,
2017-10-03T00:00:00.000000000Z,2.49742904,,71499464247.8437882987664852787,4306.56464202221,
2017-10-04T00:00:00.000000000Z,2.44055834,,70014303217.8454191946653795136,4216.68482144944,
2017-10-05T00:00:00.000000000Z,2.48286744,,71726893837.4856902606165426229,4319.42091583869,
2017-10-06T00:00:00.000000000Z,2.50112549,,72507648477.2546426047814723553,4365.91571040327,
2017-10-07T00:00:00.000000000Z,2.535902,,73727781715.9578675352807035073,4438.85593308007,
2017-10-08T00:00:00.000000000Z,2.61523452,,76427080461.4949481486788606463,4600.73979661017,
2017-10-09T00:00:00.000000000Z,2.68982061,,79373595751.1840750163720676149,4777.53465692577,
2017-10-10T00:00:00.000000000Z,2.65170924,,78777388381.5926547698680611234,4741.07791496201,
2017-10-11T00:00:00.000000000Z,2.68235621,,80013491738.503912304330582366,4814.96711805962,
2017-10-12T00:00:00.000000000Z,2.9735157,,89640478588.7890693057473504798,5393.66898275862,
2017-10-13T00:00:00.000000000Z,3.05039678,,93313118335.9517285753486946486,5614.07751461134,
2017-10-14T00:00:00.000000000Z,3.12159957,,96176536827.7410666196255683412,5785.73831502046,
2017-10-15T00:00:00.000000000Z,3.05072713,,94596701288.4084505433277881772,5689.86505961426,
2017-10-16T00:00:00.000000000Z,3.05813234,,95711219683.1138876288268069724,5756.14881180596,
2017-10-17T00:00:00.000000000Z,2.95026635,,92966938475.2701289739488904965,5590.41632437171,
2017-10-18T00:00:00.000000000Z,2.93164856,,92868621710.014805159949788784,5583.8704257744,
2017-10-19T00:00:00.000000000Z,2.96891932,,94950999937.2961709030155114576,5708.31299094097,
2017-10-20T00:00:00.000000000Z,3.09805688,,99830983341.4981279336116771484,6000.88313033314,
2017-10-21T00:00:00.000000000Z,3.09579617,,100330364282.3865839203846319034,6030.20789275278,
2017-10-22T00:00:00.000000000Z,3.04834116,,99784808761.1823138987991699116,5996.59813880772,
2017-10-23T00:00:00.000000000Z,2.93951363,,97994456562.6048312882219949893,5888.25001665693,
2017-10-24T00:00:00.000000000Z,2.73999189,,91840397164.74436805687199504,5517.77535330216,
2017-10-25T00:00:00.000000000Z,2.83167233,,95486189643.4621577023103945826,5736.01780157802,
2017-10-26T00:00:00.000000000Z,2.89701261,,98234529051.3624908604626545169,5900.31772910579,
2017-10-27T00:00:00.000000000Z,2.82258819,,96104752753.6395631258742226613,5771.94504617183,
2017-10-28T00:00:00.000000000Z,2.81072114,,95951756985.0243734558125619748,5762.38857685564,
2017-10-29T00:00:00.000000000Z,2.99284618,,102829680333.083148484097561139,6174.72884482758,
2017-10-30T00:00:00.000000000Z,2.94639905,,101917124316.8186706243410237594,6119.25638398597,
2017-10-31T00:00:00.000000000Z,3.07051562,,107078955661.0921341419095812435,6428.51463705435,
2017-11-01T00:00:00.000000000Z,3.17194342,,112054108123.360081565191200807,6726.41183459965,
2017-11-02T00:00:00.000000000Z,3.26783421,,117354261151.3088789763272721356,7043.77793892461,
2017-11-03T00:00:00.000000000Z,3.2996631,,119944947796.138750682413452783,7198.63211075394,
2017-11-04T00:00:00.000000000Z,3.37458714,,123653778148.13254545848153928,7420.498078609,
2017-11-05T00:00:00.000000000Z,3.31955857,,122844259916.039007885268881247,7371.13902980713,
2017-11-06T00:00:00.000000000Z,3.12842422,,116425041611.9080582865697221769,6985.26384395091,
2017-11-07T00:00:00.000000000Z,3.16064437,,118654642802.8198609170041081312,7118.20254383402,
2017-11-08T00:00:00.000000000Z,3.2777098,,124219064692.371915086411543793,7451.21278667446,
2017-11-09T00:00:00.000000000Z,3.10220792,,118673324665.8155719153149813315,7117.73804967855,
2017-11-10T00:00:00.000000000Z,2.86889448,,110393978633.4874169336190645751,6620.56733635301,
2017-11-11T00:00:00.000000000Z,2.7353594,,105834109880.5494404903322529554,6346.72144915254,
2017-11-12T00:00:00.000000000Z,2.4696982,,97208358771.0979079251980263071,5829.09782758621,
2017-11-13T00:00:00.000000000Z,2.72664306,,108732275280.5828273340980747022,6519.44517212157,
2017-11-14T00:00:00.000000000Z,2.74071229,,109959147530.6920986223048382774,6592.37439713618,
2017-11-15T00:00:00.000000000Z,2.97614814,,121064949584.2953136967239345104,7257.37321215664,
2017-11-16T00:00:00.000000000Z,3.15562228,,130693988524.309322816342315607,7833.7044333723,
2017-11-17T00:00:00.000000000Z,3.06551771,,128963836441.8541120052104605371,7729.03327001753,
2017-11-18T00:00:00.000000000Z,3.06748215,,130097046001.084490772807701514,7796.15424108708,
2017-11-19T00:00:00.000000000Z,3.12664738,,133820448817.2945030790853956078,8018.32068848626,
2017-11-20T00:00:00.000000000Z,3.18401839,,138036801223.3879662828672085778,8269.87425745178,
2017-11-21T00:00:00.000000000Z,3.07693153,,135085275817.5824955385610714514,8091.99808357686,
2017-11-22T00:00:00.000000000Z,3.11368282,,137731449923.4670711646366822625,8249.59733021625,
2017-11-23T00:00:00.000000000Z,3.0255203,,134776695432.1429293114556526775,8071.66982144945,
2017-11-24T00:00:00.000000000Z,3.04932356,,137476193155.3987457420809820743,8232.42233313851,
2017-11-25T00:00:00.000000000Z,3.19796528,,146306248215.979611524538383181,8760.1654421391,
2017-11-26T00:00:00.000000000Z,3.34857257,,155672428867.9227453791114681047,9319.90331472823,
2017-11-27T00:00:00.000000000Z,3.43189779,,162555212918.2686006953621910784,9730.72857948568,
2017-11-28T00:00:00.000000000Z,3.42405668,,165940133781.8399553721477919934,9932.19418001169,
2017-11-29T00:00:00.000000000Z,3.31618599,,163753179019.4783517668119025368,9800.02755172414,
2017-11-30T00:00:00.000000000Z,3.33958212,,167060587956.133372580248898003,9996.71497194623,
2017-12-01T00:00:00.000000000Z,3.55287307,,180659157832.940615260425348928,10808.9583325541,
2017-12-02T00:00:00.000000000Z,3.54526509,,182785463832.005399109456663063,10934.8599856809,
2017-12-03T00:00:00.000000000Z,3.59996863,,187475238156.985786226640635476,11213.9426554646,
2017-12-04T00:00:00.000000000Z,3.65371219,,193322386457.610357813939576196,11562.1285669199,
2017-12-05T00:00:00.000000000Z,3.65310274,,196268293423.881289992376257444,11736.7540672122,
2017-12-06T00:00:00.000000000Z,4.21096815,,234016819443.2860485774235182,13992.1323372297,
2017-12-07T00:00:00.000000000Z,4.7166582,,284895527864.3470844515125486,17032.2933763881,
2017-12-08T00:00:00.000000000Z,4.34686442,,272653093293.328215363105717892,16298.4873386908,
2017-12-09T00:00:00.000000000Z,3.96460494,,251800579159.83593576020549638,15050.0219541204,
2017-12-10T00:00:00.000000000Z,4.00840979,,258942565166.250252191002422624,15474.9995432496,
2017-12-11T00:00:00.000000000Z,4.25607302,,282379648924.782160865391251334,16873.4977849211,
2017-12-12T00:00:00.000000000Z,4.23927385,,291792545813.213271431883077264,17433.9307381648,
2017-12-13T00:00:00.000000000Z,3.93575963,,276453308738.9106506551433056,16515.15257218,
2017-12-14T00:00:00.000000000Z,3.8994793,,277960419436.301535484034368574,16602.8928033314,
2017-12-15T00:00:00.000000000Z,4.07868942,,296398758942.569432365581461376,17702.0021721216,
2017-12-16T00:00:00.000000000Z,4.43076633,,328898790191.665248268875813635,19640.5138834015,
2017-12-17T00:00:00.000000000Z,4.25193445,,322411617616.11330443550130023,19250.467650789,
2017-12-18T00:00:00.000000000Z,4.12995773,,317958857882.714893345436731836,18982.0250242548,
2017-12-19T00:00:00.000000000Z,3.80550806,,295733348356.478960824298046498,17653.3260894214,
2017-12-20T00:00:00.000000000Z,3.49226172,,275663636517.571196684534912946,16453.6272603741,
2017-12-21T00:00:00.000000000Z,3.30154348,,261954631857.07038028755916884,15633.8336504968,
2017-12-22T00:00:00.000000000Z,3.01016272,,239728949025.904507417348543261,14305.7183436587,
2017-12-23T00:00:00.000000000Z,3.11960008,,249895523156.711472989614827,14910.8581049094,
2017-12-24T00:00:00.000000000Z,2.92511724,,235098385262.422933276389556899,14026.3468661601,
2017-12-25T00:00:00.000000000Z,2.92950297,,236037231091.899431950527332182,14080.9422600818,
2017-12-26T00:00:00.000000000Z,3.23788307,,263660263812.784198420860623943,15727.1454792519,
2017-12-27T00:00:00.000000000Z,3.13118795,,258021387628.21830272182138233,15389.0005739334,
2017-12-28T00:00:00.000000000Z,2.90015736,,239612301936.498678061495354138,14289.4522095266,
2017-12-29T00:00:00.000000000Z,2.94080172,,244375993508.845073362655035244,14571.7460821157,
2017-12-30T00:00:00.000000000Z,2.60242905,,217180538389.026011149262309961,12948.7158828171,
2017-12-31T00:00:00.000000000Z,2.78726716,,233524465189.334826312359063598,13921.4806414378,
2018-01-01T00:00:00.000000000Z,2.69423548,,225887722580.948558563658214246,13464.6536116306,
2018-01-02T00:00:00.000000000Z,2.92544313,,247555189825.1814193788629499,14754.322204851,
2018-01-03T00:00:00.000000000Z,2.96026687,,251879335164.348596203277476304,15010.2861595558,
2018-01-04T00:00:00.000000000Z,2.94402195,,252918055361.861462796338311188,15070.3007986558,
2018-01-05T00:00:00.000000000Z,3.26196426,,285287177348.308949806708857774,16997.2274079486,
2018-01-06T00:00:00.000000000Z,3.24692954,,287108308287.37241392555320027,17103.589279661,
2018-01-07T00:00:00.000000000Z,3.04278121,,272505179860.495357959875422775,16231.6949994155,
2018-01-08T00:00:00.000000000Z,2.80152545,,250807207092.343770528332230456,14937.4150894214,
2018-01-09T00:00:00.000000000Z,2.69017079,,241453646852.438707822371885134,14378.5862174167,
2018-01-10T00:00:00.000000000Z,2.73334467,,246362365863.3231446816022054,14669.0882656341,
2018-01-11T00:00:00.000000000Z,2.45400706,,221498893134.716947555896191164,13186.7549427236,
2018-01-12T00:00:00.000000000Z,2.55762013,,231652981446.498499228868814016,13789.4436639392,
2018-01-13T00:00:00.000000000Z,2.63127775,,239101104762.359611340833558937,14231.2250645821,
2018-01-14T00:00:00.000000000Z,2.52606465,,229884291706.09931818226898251,13681.0654611338,
2018-01-15T00:00:00.000000000Z,2.50804935,,228408095575.093235257385995598,13591.6961966686,
2018-01-16T00:00:00.000000000Z,2.12079726,,192121046221.587815960165066256,11431.0401052016,
2018-01-17T00:00:00.000000000Z,2.07376393,,187582403000.911514684980420267,11159.6085905903,
2018-01-18T00:00:00.000000000Z,2.09352287,,189059547788.133804277899641836,11246.0397302747,
2018-01-19T00:00:00.000000000Z,2.129939,,192348146652.903803891999207426,11440.2555616598,
2018-01-20T00:00:00.000000000Z,2.37080852,,214707089256.08001385443083824,12768.4045856224,
2018-01-21T00:00:00.000000000Z,2.12617327,,192099954357.022136061634068407,11422.3942589129,
2018-01-22T00:00:00.000000000Z,2.00268788,,180601416229.532133638920622751,10737.3505774401,
2018-01-23T00:00:00.000000000Z,2.02766184,,182509946645.006970149489416947,10849.3918793103,
2018-01-24T00:00:00.000000000Z,2.09753554,,188868250111.499843778905863568,11225.8961747516,
2018-01-25T00:00:00.000000000Z,2.08000559,,187284665737.683175292556917472,11130.4649473992,
2018-01-26T00:00:00.000000000Z,2.05791562,,185709056259.207506263321367495,11035.5546098773,
2018-01-27T00:00:00.000000000Z,2.10883443,,190534317916.244805419130737554,11320.9701852718,
2018-01-28T00:00:00.000000000Z,2.15410037,,195521978595.3604682711624656,11615.95871128,
2018-01-29T00:00:00.000000000Z,2.06552658,,187405821048.539752036573892715,11132.5543138515,
2018-01-30T00:00:00.000000000Z,1.85916763,,167680159360.3545180644203389363,9959.54671537113,
2018-01-31T00:00:00.000000000Z,1.87794381,,169219353157.6349981178846945,10050.0957971946,
2018-02-01T00:00:00.000000000Z,1.69691999,,152227586137.8496033043960186212,9039.86507510228,
2018-02-02T00:00:00.000000000Z,1.66151934,,147972357159.337812151807265196,8786.0773798948,
2018-02-03T00:00:00.000000000Z,1.72878243,,153818002832.4505981012558911925,9132.10032232613,
2018-02-04T00:00:00.000000000Z,1.56184746,,138987436238.7947986886640511038,8250.52689596727,
2018-02-05T00:00:00.000000000Z,1.30831891,,115402453262.5866536194272071924,6849.54255932203,
2018-02-06T00:00:00.000000000Z,1.48101152,,130398654837.1813805081499243306,7738.64395967271,
2018-02-07T00:00:00.000000000Z,1.46484643,,128490337875.2701861856306188992,7624.59538953828,
2018-02-08T00:00:00.000000000Z,1.58085047,,138513689945.9611230643482351459,8218.58085184103,
2018-02-09T00:00:00.000000000Z,1.6660923,,145975503391.698984596143341606,8660.45346785505,
2018-02-10T00:00:00.000000000Z,1.64139497,,143796839806.93957116487847334,8530.29280479252,
2018-02-11T00:00:00.000000000Z,1.55971533,,136503442480.996441951857541455,8096.72848129749,
2018-02-12T00:00:00.000000000Z,1.71364615,,150193661791.1710943601450095948,8907.67017913501,
2018-02-13T00:00:00.000000000Z,1.64241903,,143741453662.4691743969945877416,8523.96693191116,
2018-02-14T00:00:00.000000000Z,1.81957973,,159670278815.201838750207055656,9467.3010327294,
2018-02-15T00:00:00.000000000Z,1.93482187,,170471136968.402585195029365018,10106.7330835769,
2018-02-16T00:00:00.000000000Z,1.9474862,,171884074815.12779633050277052,10189.3164833431,
2018-02-17T00:00:00.000000000Z,2.11360732,,187024145183.503814374639074144,11085.5984143776,
2018-02-18T00:00:00.000000000Z,1.99108492,,176357479895.864197943179947897,10452.0919772063,
2018-02-19T00:00:00.000000000Z,2.11485368,,187976194475.860210832295627783,11139.3557305669,
2018-02-20T00:00:00.000000000Z,2.12780635,,189794491196.210348294246198862,11245.9323179427,
2018-02-21T00:00:00.000000000Z,1.97827013,,176533469479.531729248286499517,10458.8650888369,
2018-02-22T00:00:00.000000000Z,1.84607258,,166750223696.0134593387678104755,9878.15894272355,
2018-02-23T00:00:00.000000000Z,1.89577059,,171510918790.792914467411155167,10159.0656125073,
2018-02-24T00:00:00.000000000Z,1.8093287,,163552082148.2341465366438975025,9686.60177995325,
2018-02-25T00:00:00.000000000Z,1.7940982,,162164887219.0352763267924586104,9603.22747749854,
2018-02-26T00:00:00.000000000Z,1.92409125,,174157924575.181084348494368048,10312.3657130333,
2018-02-27T00:00:00.000000000Z,1.98459986,,179950653847.519587991516279392,10654.1072948568,
2018-02-28T00:00:00.000000000Z,1.91774992,,174108312562.129161969720361311,10307.0249663939,
2018-03-01T00:00:00.000000000Z,2.0275908,,184546671784.812916491462635919,10923.6308617767,
2018-03-02T00:00:00.000000000Z,2.0411051,,186095856775.398270209703131476,11014.0584672706,
2018-03-03T00:00:00.000000000Z,2.11464502,,193076418415.275053240219336112,11425.6805654588,
2018-03-04T00:00:00.000000000Z,2.11715719,,193721221886.461942043198967226,11462.5831975453,
2018-03-05T00:00:00.000000000Z,2.124487,,195062277838.50427214538391136,11540.6623205728,
2018-03-06T00:00:00.000000000Z,1.96727059,,180485923073.373582405632195889,10677.0352308591,
2018-03-07T00:00:00.000000000Z,1.82720774,,167422408355.891589711324236147,9903.0850490941,
2018-03-08T00:00:00.000000000Z,1.72480924,,157760715442.686669855027608186,9330.47545295149,
2018-03-09T00:00:00.000000000Z,1.72471755,,156892740604.114400789771159118,9278.13918439509,
2018-03-10T00:00:00.000000000Z,1.6363096,,148595551650.91343717440593604,8786.56042314436,
2018-03-11T00:00:00.000000000Z,1.76958222,,160908118884.280416004251126738,9513.53539976622,
2018-03-12T00:00:00.000000000Z,1.70331347,,154742152551.377298539674071585,9147.89018059615,
2018-03-13T00:00:00.000000000Z,1.70702426,,154974273658.910298311228723136,9160.54293278784,
2018-03-14T00:00:00.000000000Z,1.53691592,,139113345204.638481419211588971,8222.12723904149,
2018-03-15T00:00:00.000000000Z,1.54749227,,139914335208.604390934457124552,8268.58912244302,
2018-03-16T00:00:00.000000000Z,1.56958433,,141763494802.308522284848819008,8376.90449824664,
2018-03-17T00:00:00.000000000Z,1.47896206,,133397116859.145858928117504704,7881.66192051432,
2018-03-18T00:00:00.000000000Z,1.5372127,,138614553160.816856631912577968,8189.01671917008,
2018-03-19T00:00:00.000000000Z,1.60262445,,144521631437.14119991457140587,8537.0156233197,
2018-03-20T00:00:00.000000000Z,1.66984764,,150605270576.659093918196517371,8895.54717913501,
2018-03-21T00:00:00.000000000Z,1.66685407,,150352052268.78598792999127121,8879.5942565751,
2018-03-22T00:00:00.000000000Z,1.6366036,,147507258760.045173467660535288,8710.66493512566,
2018-03-23T00:00:00.000000000Z,1.64830412,,148556200040.7051035898771097608,8771.74632349503,
2018-03-24T00:00:00.000000000Z,1.61787156,,145850435654.061907885548150792,8610.9885163647,
2018-03-25T00:00:00.000000000Z,1.58785272,,142978872725.6198633181249919176,8440.61092255991,
2018-03-26T00:00:00.000000000Z,1.54056226,,138430269669.8003729059169118245,8171.18435447107,
2018-03-27T00:00:00.000000000Z,1.47972397,,132788146745.298791549572307451,7837.26531940386,
2018-03-28T00:00:00.000000000Z,1.49995286,,134434473959.645372471041653984,7933.64272969024,
2018-03-29T00:00:00.000000000Z,1.34902071,,120467251234.393093744064184985,7108.5708132671,
2018-03-30T00:00:00.000000000Z,1.30076662,,115796633032.064725560349207618,6832.14906633548,
2018-03-31T00:00:00.000000000Z,1.31875342,,117335340577.46039068337849184,6922.2812969024,
2018-04-01T00:00:00.000000000Z,1.29804435,,115353102998.0673600995409613725,6804.52487931035,
2018-04-02T00:00:00.000000000Z,1.34269917,,119244423031.535719725400897356,7033.25960958504,
2018-04-03T00:00:00.000000000Z,1.41752889,,125830051366.808438478426160503,7420.80051548802,
2018-04-04T00:00:00.000000000Z,1.29795987,,114986059183.0864292533816261775,6780.54360140269,
2018-04-05T00:00:00.000000000Z,1.30312944,,115302512667.860406801331015884,6798.42261659848,
2018-04-06T00:00:00.000000000Z,1.26963243,,112126583471.018072379468047652,6610.49234979544,
2018-04-07T00:00:00.000000000Z,1.32349168,,116823177434.9844313604306631465,6886.46947194623,
2018-04-08T00:00:00.000000000Z,1.34758367,,118932810742.211532740175744168,7009.99610432496,
2018-04-09T00:00:00.000000000Z,1.29733763,,114311672118.168148506824251707,6736.89282378726,
2018-04-10T00:00:00.000000000Z,1.3143587,,115680131308.8514411063598644725,6816.71861542957,
2018-04-11T00:00:00.000000000Z,1.33919481,,117867416604.6504691650369621175,6944.78585710111,
2018-04-12T00:00:00.000000000Z,1.52215846,,134168090914.608213197070830685,7904.33027527762,
2018-04-13T00:00:00.000000000Z,1.52369622,,134434525998.6730986962230430775,7919.06469462303,
2018-04-14T00:00:00.000000000Z,1.54037773,,135931151075.1241780455536374425,8006.41794330801,
2018-04-15T00:00:00.000000000Z,1.60406337,,141650187328.7155170881778710325,8342.27110140269,
2018-04-16T00:00:00.000000000Z,1.54777167,,136650419244.8130406136011366275,8046.98213354763,
2018-04-17T00:00:00.000000000Z,1.51791712,,133962175227.6290849750931612375,7887.73795791935,
2018-04-18T00:00:00.000000000Z,1.57002305,,138650636284.675138861967912745,8162.83486177674,
2018-04-19T00:00:00.000000000Z,1.58612722,,140539709293.916032982493060445,8272.96731589714,
2018-04-20T00:00:00.000000000Z,1.69131108,,150179023464.443807972003318975,8839.5011320865,
2018-04-21T00:00:00.000000000Z,1.69378446,,150605063050.850488682354212061,8863.54082904734,
2018-04-22T00:00:00.000000000Z,1.68092587,,149559305824.316205618725068257,8800.95908708358,
2018-04-23T00:00:00.000000000Z,1.70339486,,151782579435.7191986239668292645,8930.78463354763,
2018-04-24T00:00:00.000000000Z,1.83531084,,164062766307.8072568263528792075,9652.21378872005,
2018-04-25T00:00:00.000000000Z,1.68455575,,150534451808.2068436251551529785,8855.50893658679,
2018-04-26T00:00:00.000000000Z,1.75708104,,157507070083.4660934111389846055,9264.72742694331,
2018-04-27T00:00:00.000000000Z,1.70402847,,152705064058.872612348200083261,8981.33079018118,
2018-04-28T00:00:00.000000000Z,1.77091583,,158849307909.906925628390317314,9341.82468468732,
2018-04-29T00:00:00.000000000Z,1.78054751,,159806033177.3194633943850831255,9396.99762974869,
2018-04-30T00:00:00.000000000Z,1.74740041,,156962282341.706262683491805435,9228.7264836353,
2018-05-01T00:00:00.000000000Z,1.71724649,,154317464332.4519972647680074122,9072.16875745178,
2018-05-02T00:00:00.000000000Z,1.7386519,,156578190321.4114003023305822612,9204.12764056108,
2018-05-03T00:00:00.000000000Z,1.83904816,,165894741989.1293147651287371679,9750.70014640561,
2018-05-04T00:00:00.000000000Z,1.82662477,,164991759225.7550483053737206024,9696.64290999416,
2018-05-05T00:00:00.000000000Z,1.84393794,,166700806032.8764876288426743768,9795.92577206312,
2018-05-06T00:00:00.000000000Z,1.80577797,,163299488641.5585205387819477854,9595.08681940386,
2018-05-07T00:00:00.000000000Z,1.75762436,,158967333946.106770554057950626,9339.5108471654,
2018-05-08T00:00:00.000000000Z,1.73387152,,156819276398.111261305587133169,9212.36963471654,
2018-05-09T00:00:00.000000000Z,1.74723256,,158211127488.7948701418558107375,9293.04227352425,
2018-05-10T00:00:00.000000000Z,1.69887071,,153878517153.7762480687457675705,9037.53050905903,
2018-05-11T00:00:00.000000000Z,1.58493865,,143373321270.3078612148729521035,8419.75858737581,
2018-05-12T00:00:00.000000000Z,1.5974431,,144514968309.057437380683803944,8485.77526680304,
2018-05-13T00:00:00.000000000Z,1.63680889,,148108395237.2360311024423993065,8695.83309380479,
2018-05-14T00:00:00.000000000Z,1.62361239,,147701005849.9463449523350462335,8671.07417475161,
2018-05-15T00:00:00.000000000Z,1.58958164,,144605949351.01570335553500045,8488.463421391,
2018-05-16T00:00:00.000000000Z,1.56132079,,141886841023.804024087505263164,8327.75620134424,
2018-05-17T00:00:00.000000000Z,1.50426871,,137176558811.93734481501333097,8050.51623933372,
2018-05-18T00:00:00.000000000Z,1.5392871,,140302690393.9784215401058982095,8233.08645528931,
2018-05-19T00:00:00.000000000Z,1.53821787,,140257123405.4329578333123211695,8229.48293571011,
2018-05-20T00:00:00.000000000Z,1.59036292,,145078058846.0958713456172831875,8511.44883021625,
2018-05-21T00:00:00.000000000Z,1.56883389,,143171421543.0004124394788059465,8398.62312653419,
2018-05-22T00:00:00.000000000Z,1.49717102,,136519507769.1795816383803391375,8007.52653214495,
2018-05-23T00:00:00.000000000Z,1.40810171,,128237740095.4097184430488111725,7520.86767913501,
2018-05-24T00:00:00.000000000Z,1.41826534,,129184935653.373500148300151008,7575.62448597312,
2018-05-25T00:00:00.000000000Z,1.39150485,,126639121906.136631363459882929,7425.37567445938,
2018-05-26T00:00:00.000000000Z,1.37360478,,124964285195.887000683436106594,7326.30318644068,
2018-05-27T00:00:00.000000000Z,1.37644815,,125182133039.2186360604695827345,7338.19304441847,
2018-05-28T00:00:00.000000000Z,1.33597351,,121317311761.568346010544468648,7110.82388164816,
2018-05-29T00:00:00.000000000Z,1.40088628,,127178919277.3934615840510308095,7453.63372501461,
2018-05-30T00:00:00.000000000Z,1.38664652,,125847610692.340564419408963765,7374.6690490941,
2018-05-31T00:00:00.000000000Z,1.40689168,,127639489898.682097612430427267,7478.74186703682,
2018-06-01T00:00:00.000000000Z,1.41524122,,128356441555.948761497662835109,7519.83573728814,
2018-06-02T00:00:00.000000000Z,1.43730299,,130378486453.764134974902936353,7637.44825306838,
2018-06-03T00:00:00.000000000Z,1.44919617,,131498835221.0268141340022941545,7702.15793308007,
2018-06-04T00:00:00.000000000Z,1.40952829,,127836651623.761825225706215704,7486.65319959088,
2018-06-05T00:00:00.000000000Z,1.43371987,,129979115426.4930168887463851225,7611.14985271771,
2018-06-06T00:00:00.000000000Z,1.44133056,,130669884421.2853274720389687044,7650.77580713033,
2018-06-07T00:00:00.000000000Z,1.44450247,,130942715943.34392085951491816,7665.9478962595,
2018-06-08T00:00:00.000000000Z,1.43712165,,130216094923.583161981770028175,7622.60233021625,
2018-06-09T00:00:00.000000000Z,1.42518183,,129094774239.7811966713409640504,7556.17169783752,
2018-06-10T00:00:00.000000000Z,1.27551954,,115242359003.2373240670198682339,6744.73580099357,
2018-06-11T00:00:00.000000000Z,1.29750932,,117043566259.5198063699280146464,6849.45268731736,
2018-06-12T00:00:00.000000000Z,1.23858038,,111540186918.5897833596757968386,6526.69968001169,
2018-06-13T00:00:00.000000000Z,1.20092906,,107788509788.8752252563010759576,6306.51316803039,
2018-06-14T00:00:00.000000000Z,1.2632478,,113326173419.8592241304904925964,6629.77012419638,
2018-06-15T00:00:00.000000000Z,1.22097074,,109405258626.7355632866323049792,6399.67404646406,
2018-06-16T00:00:00.000000000Z,1.23955794,,111053766097.5783439116159116544,6495.31530917592,
2018-06-17T00:00:00.000000000Z,1.23172728,,110303511512.6704324065835551996,6450.69397282291,
2018-06-18T00:00:00.000000000Z,1.28056779,,114645451013.7852783112172011412,6703.81258971362,
2018-06-19T00:00:00.000000000Z,1.28664559,,115149244502.8952177318316451584,6732.50880917592,
2018-06-20T00:00:00.000000000Z,1.29123078,,115516336692.9138773129774252805,6753.20682583285,
2018-06-21T00:00:00.000000000Z,1.28466547,,114968985603.3863787024089467185,6720.37323436587,
2018-06-22T00:00:00.000000000Z,1.16113556,,103675812241.779963908777256675,6059.5758591467,
2018-06-23T00:00:00.000000000Z,1.18384639,,105649754025.7397389189875811975,6174.22577936879,
2018-06-24T00:00:00.000000000Z,1.17963703,,105188245647.2729078638767558278,6146.48719491526,
2018-06-25T00:00:00.000000000Z,1.19907224,,106861339065.9900398047132230107,6243.53544097019,
2018-06-26T00:00:00.000000000Z,1.17183193,,104349523004.1154074008907962627,6096.12876621859,
2018-06-27T00:00:00.000000000Z,1.19000509,,105095896985.9828538791735469814,6139.18968322618,
2018-06-28T00:00:00.000000000Z,1.13776355,,100304632985.2603133262344406084,5858.63577819988,
2018-06-29T00:00:00.000000000Z,1.20834141,,106518869341.188054430199441007,6220.9137150789,
2018-06-30T00:00:00.000000000Z,1.23851505,,109177747554.533744754761482404,6375.5412314436,
2018-07-01T00:00:00.000000000Z,1.23860628,,108947319052.5059346959439624992,6361.40253886616,
2018-07-02T00:00:00.000000000Z,1.28633397,,113188557636.73059499538635416,6608.367157218,
2018-07-03T00:00:00.000000000Z,1.26579418,,111312877114.312871669417162743,6498.3078591467,
2018-07-04T00:00:00.000000000Z,1.28137705,,112711825499.7932633742773930232,6579.33337638808,
2018-07-05T00:00:00.000000000Z,1.27324533,,111968645594.2585016896173632274,6535.29840268849,
2018-07-06T00:00:00.000000000Z,1.28661278,,113063968657.0996461289165459284,6598.45909585038,
2018-07-07T00:00:00.000000000Z,1.31378163,,115465661540.1874294674291461448,6737.85608036236,
2018-07-08T00:00:00.000000000Z,1.30865599,,114914482588.6505021896860414044,6704.91998012858,
2018-07-09T00:00:00.000000000Z,1.30098801,,114224903787.8082221355803924613,6664.02409351257,
2018-07-10T00:00:00.000000000Z,1.2330456,,108152793264.3247202795766899568,6309.08400409118,
2018-07-11T00:00:00.000000000Z,1.24746562,,109344538488.5986576706448769464,6377.97651139684,
2018-07-12T00:00:00.000000000Z,1.20621817,,105609244489.6111295266332784584,6159.46667621274,
2018-07-13T00:00:00.000000000Z,1.21722522,,106469386228.2422125325434617594,6208.98557188779,
2018-07-14T00:00:00.000000000Z,1.22667095,,107270752475.5595598099308893584,6255.11247866744,
2018-07-15T00:00:00.000000000Z,1.24480827,,108867474201.1253884619886632928,6347.60427381648,
2018-07-16T00:00:00.000000000Z,1.31568081,,115106821467.1903463879109300332,6710.80743746347,
2018-07-17T00:00:00.000000000Z,1.43309368,,125580721821.3215532484989475918,7320.59482787843,
2018-07-18T00:00:00.000000000Z,1.44339934,,126547867223.5178957622732322144,7376.03833927528,
2018-07-19T00:00:00.000000000Z,1.46018625,,128125010853.071139766217282124,7467.0342980713,
2018-07-20T00:00:00.000000000Z,1.43265396,,125740705992.6491049281560978728,7327.25668293396,
2018-07-21T00:00:00.000000000Z,1.44833778,,127183034589.3417363075773466174,7410.56562039743,
2018-07-22T00:00:00.000000000Z,1.44583406,,127009676954.6571649197515644116,7399.48374693162,
2018-07-23T00:00:00.000000000Z,1.50619599,,132461306959.8550464627425969256,7716.15862741087,
2018-07-24T00:00:00.000000000Z,1.63581402,,144176409303.4392210200969063196,8397.61652162478,
2018-07-25T00:00:00.000000000Z,1.59635249,,140848438885.079063802779493296,8202.72039538282,
2018-07-26T00:00:00.000000000Z,1.5404035,,135905971504.213082326361299992,7913.93077819989,
2018-07-27T00:00:00.000000000Z,1.58953743,,140385333661.085508547304967768,8173.7746113384,
2018-07-28T00:00:00.000000000Z,1.59195773,,140685035244.0186170331251209746,8190.36005669199,
2018-07-29T00:00:00.000000000Z,1.59809411,,141376644218.0338680833409175517,8229.60583869083,
2018-07-30T00:00:00.000000000Z,1.5863148,,140397962724.8377984766553062703,8171.83951928697,
2018-07-31T00:00:00.000000000Z,1.50002457,,132737425419.3308179040604456069,7725.13303594389,
2018-08-01T00:00:00.000000000Z,1.47548838,,130544828991.511506446538879242,7596.6980119813,
2018-08-02T00:00:00.000000000Z,1.46550321,,129631238285.9973917626283777502,7542.69466189363,
2018-08-03T00:00:00.000000000Z,1.44098379,,127389185324.8010730707018700264,7411.34425014611,
2018-08-04T00:00:00.000000000Z,1.36290424,,120372201905.845549624783225904,7002.2086528346,
2018-08-05T00:00:00.000000000Z,1.36894032,,120891309546.9494698514842713096,7031.58775102279,
2018-08-06T00:00:00.000000000Z,1.35040999,,119155942795.5256222435215799665,6929.99089421391,
2018-08-07T00:00:00.000000000Z,1.31126727,,115602331537.641915366379831264,6722.57843278784,
2018-08-08T00:00:00.000000000Z,1.22457474,,107787129090.238068780336367815,6267.3886735827,
2018-08-09T00:00:00.000000000Z,1.28263103,,112798970602.0566558084936916243,6558.09690794857,
2018-08-10T00:00:00.000000000Z,1.20148237,,105548153481.9173567437008978624,6135.75185856224,
2018-08-11T00:00:00.000000000Z,1.23709272,,108623509949.6108386781975802696,6313.74931180596,
2018-08-12T00:00:00.000000000Z,1.237715,,108651957013.7186732530602965424,6314.69165575687,
2018-08-13T00:00:00.000000000Z,1.22859486,,107823291676.7701369285629744552,6265.84804383402,
2018-08-14T00:00:00.000000000Z,1.21462636,,106439624172.6658847018038262544,6184.82908562244,
2018-08-15T00:00:00.000000000Z,1.23272558,,107921713369.3686591972601137816,6270.21479865576,
2018-08-16T00:00:00.000000000Z,1.23701888,,108287593315.591926411515302963,6290.7504552893,
2018-08-17T00:00:00.000000000Z,1.28997856,,112987854531.1153051431908052225,6563.07828872005,
2018-08-18T00:00:00.000000000Z,1.25820087,,110180882411.0053615757688868485,6399.28744681473,
2018-08-19T00:00:00.000000000Z,1.27574994,,111766836577.2711740028669668985,6490.71612711865,
2018-08-20T00:00:00.000000000Z,1.23354388,,108028823193.5425686800759871884,6272.95272881356,
2018-08-21T00:00:00.000000000Z,1.27272294,,111487195428.2081989725141568481,6473.07603945061,
2018-08-22T00:00:00.000000000Z,1.25162869,,109638677665.2356189168210089398,6365.00983167738,
2018-08-23T00:00:00.000000000Z,1.28108729,,112258698492.8971179197574266964,6516.40902542373,
2018-08-24T00:00:00.000000000Z,1.31632801,,115394585122.4271354184311708882,6697.73187872589,
2018-08-25T00:00:00.000000000Z,1.32478942,,116227908455.6043941631923897454,6745.43893921683,
2018-08-26T00:00:00.000000000Z,1.31333891,,115284878069.6907819734616982196,6689.86933313852,
2018-08-27T00:00:00.000000000Z,1.34163355,,117873365030.6772133634737317472,6839.15895236704,
2018-08-28T00:00:00.000000000Z,1.38993223,,122261446474.4625265853491764412,7092.97380829924,
2018-08-29T00:00:00.000000000Z,1.37670606,,121247278332.5186058434414953572,7033.42806808884,
2018-08-30T00:00:00.000000000Z,1.36359134,,120114930037.1011759905285590151,6966.96374371713,
2018-08-31T00:00:00.000000000Z,1.37493819,,121131550725.8113427424999944227,7025.14078024547,
2018-09-01T00:00:00.000000000Z,1.40711254,,124028288534.0294990442103424634,7192.35254734074,
2018-09-02T00:00:00.000000000Z,1.42507788,,125667820675.1216947275878028104,7286.66779105786,
2018-09-03T00:00:00.000000000Z,1.41924297,,125177334900.4002072023870178,7257.47021391,
2018-09-04T00:00:00.000000000Z,1.43842941,,126936865991.2383151039382517676,7358.81147895967,
2018-09-05T00:00:00.000000000Z,1.32907873,,117151754999.241281721078587232,6790.89732846289,
2018-09-06T00:00:00.000000000Z,1.27139307,,111939859791.3200869350833921042,6488.07593687902,
2018-09-07T00:00:00.000000000Z,1.25683206,,110581749752.2955919870197443641,6408.65362244301,
2018-09-08T00:00:00.000000000Z,1.21428401,,106782343851.2759001999752616321,6187.79050233781,
2018-09-09T00:00:00.000000000Z,1.22689803,,107855616025.2768723795247629703,6249.24631034483,
2018-09-10T00:00:00.000000000Z,1.23657997,,108662608384.240867055064056476,6295.3886025716,
2018-09-11T00:00:00.000000000Z,1.23448848,,108380864787.6678412733948642229,6278.42463968439,
2018-09-12T00:00:00.000000000Z,1.24485106,,109241940295.646482914165167515,6327.53636323787,
2018-09-13T00:00:00.000000000Z,1.27856168,,112074557501.762319582339606583,6490.91231648159,
2018-09-14T00:00:00.000000000Z,1.27941999,,112150595269.431693621709342888,6494.69547895967,
2018-09-15T00:00:00.000000000Z,1.28532707,,112670904653.235386587895636016,6524.16566744594,
2018-09-16T00:00:00.000000000Z,1.28016559,,112220037901.2762522805040266288,6497.40470134424,
2018-09-17T00:00:00.000000000Z,1.23381568,,108105991224.445673814761169218,6258.59487492694,
2018-09-18T00:00:00.000000000Z,1.25024052,,109529380192.133558588890223932,6340.34779018118,
2018-09-19T00:00:00.000000000Z,1.25910583,,110295088597.761125407848976762,6383.95187580362,
2018-09-20T00:00:00.000000000Z,1.28206545,,112288488870.225392308510801576,6498.60711104617,
2018-09-21T00:00:00.000000000Z,1.3314931,,116491363596.5264691529282295058,6741.14289888954,
2018-09-22T00:00:00.000000000Z,1.32462421,,115888008971.52519222496460916,6705.47605113969,
2018-09-23T00:00:00.000000000Z,1.32411544,,115860149884.85667441844782644,6703.13684950321,
2018-09-24T00:00:00.000000000Z,1.29944603,,113684243861.49073075922442215,6576.5450032145,
2018-09-25T00:00:00.000000000Z,1.26947306,,110930242226.684970595153150932,6416.44402162478,
2018-09-26T00:00:00.000000000Z,1.27892467,,111750680973.862450718028800457,6463.25040356517,
2018-09-27T00:00:00.000000000Z,1.3210537,,115473953608.5266546830333671364,6677.90048860316,
2018-09-28T00:00:00.000000000Z,1.31014502,,114539547907.1922882511750206196,6623.12615984804,
2018-09-29T00:00:00.000000000Z,1.30289231,,113884047547.0575143706439523548,6584.49914757452,
2018-09-30T00:00:00.000000000Z,1.3069717,,114243175578.83426822790847154,6604.485028346,
2018-10-01T00:00:00.000000000Z,1.29942083,,113518016605.8588240983796193496,6561.81383226184,
2018-10-02T00:00:00.000000000Z,1.28953035,,112610666756.3032814834311333782,6508.72093863238,
2018-10-03T00:00:00.000000000Z,1.2814305,,111856548131.1767397414414104212,6464.45684365868,
2018-10-04T00:00:00.000000000Z,1.29764795,,113267427334.0738024483376253464,6545.28566773816,
2018-10-05T00:00:00.000000000Z,1.30556584,,113967980867.0093687922299723739,6585.14957977791,
2018-10-06T00:00:00.000000000Z,1.298913,,113378166758.7981580485404162906,6550.47831589714,
2018-10-07T00:00:00.000000000Z,1.30175802,,113633692973.1851525022723480138,6564.56826008182,
2018-10-08T00:00:00.000000000Z,1.30960738,,114339270103.7022455698084786089,6604.68527410871,
2018-10-09T00:00:00.000000000Z,1.30696334,,114103170639.1861553572254894291,6590.42862215079,
2018-10-10T00:00:00.000000000Z,1.29493068,,113053154102.9831441102753555966,6529.10243600234,
2018-10-11T00:00:00.000000000Z,1.22741162,,106661330255.6724424227886334954,6159.25164260666,
2018-10-12T00:00:00.000000000Z,1.23438108,,107233068566.1204462984601243875,6191.67722326125,
2018-10-13T00:00:00.000000000Z,1.23595286,,107348052161.2134611013096726121,6197.68569637639,
2018-10-14T00:00:00.000000000Z,1.23348719,,107100406864.6118487629454547607,6182.87934424313,
2018-10-15T00:00:00.000000000Z,1.28526524,,111614357755.5524266414855073097,6442.71541408533,
2018-10-16T00:00:00.000000000Z,1.28989252,,111958262043.0822577160089602061,6461.93715926359,
2018-10-17T00:00:00.000000000Z,1.28666145,,111636608391.7318476575749689566,6442.73070017534,
2018-10-18T00:00:00.000000000Z,1.27802221,,110846228676.4281728126335701661,6396.47981209819,
2018-10-19T00:00:00.000000000Z,1.2749913,,110625312452.3444233740239032044,6383.07784015196,
2018-10-20T00:00:00.000000000Z,1.28642152,,111073074254.3551328716078281513,6408.25274634717,
2018-10-21T00:00:00.000000000Z,1.28793139,,111206991506.7155668070707150903,6415.34050292227,
2018-10-22T00:00:00.000000000Z,1.28689576,,111092745870.6973870258348882798,6408.03363559322,
2018-10-23T00:00:00.000000000Z,1.28492912,,110896223452.8310447901983456701,6395.98766686149,
2018-10-24T00:00:00.000000000Z,1.2887609,,111214183524.8685412173357177207,6413.80364114553,
2018-10-25T00:00:00.000000000Z,1.28694965,,111026107522.989961111879970263,6402.3248591467,
2018-10-26T00:00:00.000000000Z,1.28863398,,111068486835.0259566948731578281,6404.10855230859,
2018-10-27T00:00:00.000000000Z,1.28980748,,111171246478.5454798125763673039,6409.40532758621,
2018-10-28T00:00:00.000000000Z,1.28937475,,111134376406.1880209300000586642,6406.63325306838,
2018-10-29T00:00:00.000000000Z,1.26107732,,108654957796.835132617863540549,6263.0417346581,
2018-10-30T00:00:00.000000000Z,1.26329155,,108825354861.7764917631244975119,6272.16772822911,
2018-10-31T00:00:00.000000000Z,1.27073654,,109430710322.4832898658572278329,6306.31693132671,
2018-11-01T00:00:00.000000000Z,1.27883905,,110079075092.2942305815236686555,6342.97750058445,
2018-11-02T00:00:00.000000000Z,1.27995054,,110180510973.5060543736404667982,6348.16858270018,
2018-11-03T00:00:00.000000000Z,1.276901,,109920163681.277420062611401415,6332.43413296318,
2018-11-04T00:00:00.000000000Z,1.29459494,,111457353102.7934551216732651275,6420.42200029223,
2018-11-05T00:00:00.000000000Z,1.29123581,,111165512798.9742996111272632125,6402.94683898305,
2018-11-06T00:00:00.000000000Z,1.2989943,,111839004285.4855784706130448075,6441.14521887785,
2018-11-07T00:00:00.000000000Z,1.31084446,,112886579168.9543690651002938725,6500.86980508475,
2018-11-08T00:00:00.000000000Z,1.29195817,,111261944815.8211768225015739367,6406.75293746347,
2018-11-09T00:00:00.000000000Z,1.2768824,,109963021291.8608171874631152637,6331.37876709527,
2018-11-10T00:00:00.000000000Z,1.28133653,,110350898799.0300885170431411884,6353.11273407364,
2018-11-11T00:00:00.000000000Z,1.27781403,,110055044898.5302514091896617468,6335.41420397428,
2018-11-12T00:00:00.000000000Z,1.27501457,,109809736244.7167763251637815372,6320.65605376972,
2018-11-13T00:00:00.000000000Z,1.26499475,,108903259088.786305150957476372,6267.9379912332,
2018-11-14T00:00:00.000000000Z,1.12750028,,96860221302.4627775307559497596,5574.25834891876,
2018-11-15T00:00:00.000000000Z,1.12835655,,96248717597.611526262306040192,5538.56060783168,
2018-11-16T00:00:00.000000000Z,1.12138354,,95518040630.448519376035367077,5496.01623115137,
2018-11-17T00:00:00.000000000Z,1.12295891,,95616231626.283320459581221578,5501.09234044418,
2018-11-18T00:00:00.000000000Z,1.13432294,,96568300411.74496864129381306,5555.3763383986,
2018-11-19T00:00:00.000000000Z,0.98256686,,83309665038.675674854657495876,4792.20002367037,
2018-11-20T00:00:00.000000000Z,0.89259762,,75064932894.56098432244058785,4317.53067007598,
2018-11-21T00:00:00.000000000Z,0.94205218,,79100846618.071881462365433942,4549.32200993571,
2018-11-22T00:00:00.000000000Z,0.89310508,,74835214989.060780382067719956,4303.61554850964,
2018-11-23T00:00:00.000000000Z,0.89181194,,74603295134.032290779175175296,4289.89285330216,
2018-11-24T00:00:00.000000000Z,0.79317203,,66200481496.815803935867261632,3806.31692489772,
2018-11-25T00:00:00.000000000Z,0.82453777,,68650951140.126031268767377744,3946.85087434249,
2018-11-26T00:00:00.000000000Z,0.77562836,,64367371529.515903488106989639,3700.28599269433,
2018-11-27T00:00:00.000000000Z,0.7940544,,65700289252.320348231892328499,3776.55590531853,
2018-11-28T00:00:00.000000000Z,0.88549955,,73220546017.2314192400718743385,4208.47526914085,
2018-11-29T00:00:00.000000000Z,0.89130855,,73757876886.6048680881588009143,4239.03948831093,
2018-11-30T00:00:00.000000000Z,0.8373706,,69139707027.0718636611180402939,3973.33405230859,
2018-12-01T00:00:00.000000000Z,0.8734641,,72186769334.4261413996657394626,4148.07372559906,
2018-12-02T00:00:00.000000000Z,0.86368527,,71334198592.2899812941925864317,4098.74676388077,
2018-12-03T00:00:00.000000000Z,0.80763958,,66905681722.154985183460224568,3843.9766659848,
2018-12-04T00:00:00.000000000Z,0.81335924,,67764822761.3506652543477752966,3892.95164699006,
2018-12-05T00:00:00.000000000Z,0.78473772,,64577860936.2773660358584502862,3709.52085827002,
2018-12-06T00:00:00.000000000Z,0.74841821,,61144670013.3235857463299333171,3511.96898158971,
2018-12-07T00:00:00.000000000Z,0.72100902,,58729900521.6370141382995485424,3372.99569257744,
2018-12-08T00:00:00.000000000Z,0.72908961,,59343948586.4893953416022175713,3407.95119462303,
2018-12-09T00:00:00.000000000Z,0.75773343,,61656683797.1288361203465801016,3540.43957597896,
2018-12-10T00:00:00.000000000Z,0.73200608,,59452937061.8228166277213747071,3413.59258416131,
2018-12-11T00:00:00.000000000Z,0.7222971,,58395272773.2606152403703090756,3352.56420017534,
2018-12-12T00:00:00.000000000Z,0.73845418,,59627489561.9677468216121971312,3423.01291788428,
2018-12-13T00:00:00.000000000Z,0.7044642,,56799160023.821036485414510683,3260.34158240795,
2018-12-14T00:00:00.000000000Z,0.69277432,,55735437225.0002341750559966496,3198.94747369959,
2018-12-15T00:00:00.000000000Z,0.69048064,,55499651896.2116662085660977088,3185.07404383402,
2018-12-16T00:00:00.000000000Z,0.69338644,,55684427860.8502403144475793984,3195.41455523086,
2018-12-17T00:00:00.000000000Z,0.75972613,,60984540763.5704223789798268716,3499.15648188194,
2018-12-18T00:00:00.000000000Z,0.79650093,,63785396911.6819772560429012905,3659.52737931035,
2018-12-19T00:00:00.000000000Z,0.80573894,,64458072015.1525044537420838311,3697.72530333139,
2018-12-20T00:00:00.000000000Z,0.88611656,,70914924965.5830590062499523537,4067.73770777323,
2018-12-21T00:00:00.000000000Z,0.8376707,,66935427169.6991082471140653557,3839.08510841613,
2018-12-22T00:00:00.000000000Z,0.86519497,,69138519234.7388705048403875625,3964.94611630625,
2018-12-23T00:00:00.000000000Z,0.86090691,,68758702225.0924099726281838587,3942.66699590883,
2018-12-24T00:00:00.000000000Z,0.88260111,,70464629644.1828278412858253607,4040.04578959673,
2018-12-25T00:00:00.000000000Z,0.82260882,,65615302891.1536640378371697801,3761.58401081239,
2018-12-26T00:00:00.000000000Z,0.83308567,,66426458891.3088687821524658246,3807.65745353594,
2018-12-27T00:00:00.000000000Z,0.78552581,,62557922646.8362738408684286681,3585.46053594389,
2018-12-28T00:00:00.000000000Z,0.85252346,,67723456212.588772264402255775,3881.05488486265,
2018-12-29T00:00:00.000000000Z,0.84031284,,66719421375.7621995465549635628,3823.13832612507,
2018-12-30T00:00:00.000000000Z,0.8415034,,66767437066.610493077670893088,3825.4074628872,
2018-12-31T00:00:00.000000000Z,0.81213582,,64362351163.8134996614389729974,3687.19994009351,
2019-01-01T00:00:00.000000000Z,0.8391035,,66480140226.7967457054461056612,3808.11783167738,
2019-01-02T00:00:00.000000000Z,0.85907301,,68060061857.884943665180229328,3898.1974880187,
2019-01-03T00:00:00.000000000Z,0.83487141,,66080363535.8541001880650323556,3784.38863471654,
2019-01-04T00:00:00.000000000Z,0.8447265,,66840702441.17109556982203347,3827.52459438925,
2019-01-05T00:00:00.000000000Z,0.83856669,,66343570783.8597401812164873872,3798.61395499708,
2019-01-06T00:00:00.000000000Z,0.89346662,,70671241074.1243018120691639476,4045.99377498539,
2019-01-07T00:00:00.000000000Z,0.8841578,,69892707335.8488641270831554152,4001.01827819988,
2019-01-08T00:00:00.000000000Z,0.88278743,,69754483224.10101968163123108,3992.6227893045,
2019-01-09T00:00:00.000000000Z,0.88542141,,69965986980.1870855099834900731,4004.25903565167,
2019-01-10T00:00:00.000000000Z,0.80976747,,63397040767.4916233395236887886,3627.90345002922,
2019-01-11T00:00:00.000000000Z,0.80976244,,63338354100.4783580774137656341,3624.16142109877,
2019-01-12T00:00:00.000000000Z,0.80855945,,63219821366.3443647358637835741,3617.02207831677,
2019-01-13T00:00:00.000000000Z,0.784834,,61332009010.654375119135813687,3508.6701081239,
2019-01-14T00:00:00.000000000Z,0.82050798,,64105507741.0616972418305561405,3666.94519374635,
2019-01-15T00:00:00.000000000Z,0.80090242,,62614046151.3258127998261841946,3581.29301548802,
2019-01-16T00:00:00.000000000Z,0.80691139,,63069259783.0334209733713263939,3606.98657568673,
2019-01-17T00:00:00.000000000Z,0.81482992,,63654546163.7787872650165917768,3640.12913062536,
2019-01-18T00:00:00.000000000Z,0.80838072,,63123882957.8889597411309774109,3609.42673611923,
2019-01-19T00:00:00.000000000Z,0.82616434,,64491943106.9351097890904286872,3687.30196113384,
2019-01-20T00:00:00.000000000Z,0.79319975,,61893041071.1798301823674097449,3538.31372296903,
2019-01-21T00:00:00.000000000Z,0.79297133,,61852610462.07103470902690235,3535.623393045,
2019-01-22T00:00:00.000000000Z,0.80398567,,62587665112.3032301907661418152,3577.30834979544,
2019-01-23T00:00:00.000000000Z,0.79874618,,62149501274.1099804813398587926,3551.89382115722,
2019-01-24T00:00:00.000000000Z,0.80256605,,62431351929.4994027217003543808,3567.58893366452,
2019-01-25T00:00:00.000000000Z,0.80172488,,62328325177.4231565005513043264,3561.35049795441,
2019-01-26T00:00:00.000000000Z,0.8011809,,62259553751.5642417025419037696,3557.03991525424,
2019-01-27T00:00:00.000000000Z,0.79718191,,61925598671.3004785091373254144,3537.61413062536,
2019-01-28T00:00:00.000000000Z,0.77522856,,60136493366.5211288967339944256,3435.05251402689,
2019-01-29T00:00:00.000000000Z,0.76708054,,59455924094.6892044774706902528,3395.82376329632,
2019-01-30T00:00:00.000000000Z,0.77747695,,60198389711.4385584247496257056,3437.89586616014,
2019-01-31T00:00:00.000000000Z,0.77173662,,59718838093.3588920621573804112,3410.13161601403,
2019-02-01T00:00:00.000000000Z,0.78014383,,60337137182.8042145232854734656,3445.04989129164,
2019-02-02T00:00:00.000000000Z,0.78422167,,60639099131.6826696564146432064,3461.93511747516,
2019-02-03T00:00:00.000000000Z,0.77343528,,59788219917.066001291801871,3413.02161630625,
2019-02-04T00:00:00.000000000Z,0.77384742,,59765870504.4258738635207072816,3411.38796171829,
2019-02-05T00:00:00.000000000Z,0.77765737,,60036309266.9676372800901516736,3426.46501139684,
2019-02-06T00:00:00.000000000Z,0.76510945,,59010177291.2238407630968534992,3367.50636499123,
2019-02-07T00:00:00.000000000Z,0.76378864,,58866207389.1975117233261282448,3358.87359906487,
2019-02-08T00:00:00.000000000Z,0.8216013,,63318160367.3865274869336788216,3612.47961922852,
2019-02-09T00:00:00.000000000Z,0.82367897,,63478991740.7238395522141288104,3621.26812098188,
2019-02-10T00:00:00.000000000Z,0.8284814,,63849176538.515072769388591386,3642.0223591467,
2019-02-11T00:00:00.000000000Z,0.81717159,,62954510736.379902927993620174,3590.6184836353,
2019-02-12T00:00:00.000000000Z,0.81707553,,62912631290.8542497066546356164,3587.90246580947,
2019-02-13T00:00:00.000000000Z,0.81622357,,62712261903.4328448915044579658,3576.08537258913,
2019-02-14T00:00:00.000000000Z,0.81324408,,62470064348.195386574061879264,3561.91638340152,
2019-02-15T00:00:00.000000000Z,0.81432592,,62529926712.2709148447313785894,3565.00692372881,
2019-02-16T00:00:00.000000000Z,0.81951471,,62882694505.1406439082582349096,3584.73600263004,
2019-02-17T00:00:00.000000000Z,0.82849268,,63556858700.692978672261118086,3622.7574289889,
2019-02-18T00:00:00.000000000Z,0.88420768,,67834010393.1762789149682942372,3866.12921712449,
2019-02-19T00:00:00.000000000Z,0.89133025,,68355801176.1265362264872598186,3895.43521098773,
2019-02-20T00:00:00.000000000Z,0.89885411,,68997040402.6363398851153173824,3931.61382904734,
2019-02-21T00:00:00.000000000Z,0.89047082,,68312229780.107588668611585324,3892.26179427236,
2019-02-22T00:00:00.000000000Z,0.90331002,,69303748259.2696679504057392704,3948.30051052016,
2019-02-23T00:00:00.000000000Z,0.94072884,,72152027336.0841372689708840084,4110.15112127411,
2019-02-24T00:00:00.000000000Z,0.8599356,,65909594991.648927492435864138,3754.18378988895,
2019-02-25T00:00:00.000000000Z,0.87606044,,67107357151.3791540470980769778,3822.01869666861,
2019-02-26T00:00:00.000000000Z,0.87035678,,66661232142.1477523625571228912,3796.17506838106,
2019-02-27T00:00:00.000000000Z,0.8713884,,66724242474.867227631189382951,3799.3819924021,
2019-02-28T00:00:00.000000000Z,0.87032071,,66618356465.697656028267635007,3792.94772296902,
2019-03-01T00:00:00.000000000Z,0.87459349,,66936687246.1409814391061704816,3810.63269257744,
2019-03-02T00:00:00.000000000Z,0.87461492,,66925595316.4004838974648808138,3809.64339099942,
2019-03-03T00:00:00.000000000Z,0.86848471,,66453583651.3655389959689218548,3782.38187025132,
2019-03-04T00:00:00.000000000Z,0.85007558,,64980234897.7708755731450227536,3698.16185505552,
2019-03-05T00:00:00.000000000Z,0.88264283,,67481868718.641139316793458327,3840.1280490941,
2019-03-06T00:00:00.000000000Z,0.88556451,,67696627871.9912051168701008046,3851.99842548218,
2019-03-07T00:00:00.000000000Z,0.88659022,,67772447204.1725856542628707462,3855.92316832262,
2019-03-08T00:00:00.000000000Z,0.88315552,,67486113914.7543862005387327704,3839.23355289304,
2019-03-09T00:00:00.000000000Z,0.89955742,,68743141713.3026766534786100142,3910.36116656926,
2019-03-10T00:00:00.000000000Z,0.89825462,,68636402814.046907013246810603,3903.9119509059,
2019-03-11T00:00:00.000000000Z,0.88665284,,67722973399.3696032575984187333,3851.56892168323,
2019-03-12T00:00:00.000000000Z,0.88880804,,67859035802.7741845938889906346,3858.91482378726,
2019-03-13T00:00:00.000000000Z,0.88736975,,67743190817.63355803992247144,3851.95746639392,
2019-03-14T00:00:00.000000000Z,0.88808394,,67782767281.8960821858868676832,3853.78326504968,
2019-03-15T00:00:00.000000000Z,0.89930632,,68636787012.158056361525643359,3901.91420689655,
2019-03-16T00:00:00.000000000Z,0.92006352,,70190805974.9429062806627370392,3989.79607685564,
2019-03-17T00:00:00.000000000Z,0.91484274,,69799528647.5240746262525933882,3967.14349444769,
2019-03-18T00:00:00.000000000Z,0.91560369,,69847925359.8046597135493224932,3969.44014582116,
2019-03-19T00:00:00.000000000Z,0.92168535,,70326929804.4475286539302680027,3996.16790356517,
2019-03-20T00:00:00.000000000Z,0.92967286,,70941970703.6453031094032691395,4030.65527586207,
2019-03-21T00:00:00.000000000Z,0.91748018,,69991932308.1555586037446326213,3976.27385008767,
2019-03-22T00:00:00.000000000Z,0.9194745,,70133970901.1582727173530772252,3983.88764582116,
2019-03-23T00:00:00.000000000Z,0.91913227,,70104014183.6579391048762142061,3981.77603302163,
2019-03-24T00:00:00.000000000Z,0.91670464,,69915870923.646703855497808389,3970.6669880187,
2019-03-25T00:00:00.000000000Z,0.90273487,,68823860548.3260885316353533682,3908.23883869082,
2019-03-26T00:00:00.000000000Z,0.90526912,,68998149814.3754844753859581227,3917.76340210403,
2019-03-27T00:00:00.000000000Z,0.93039612,,70929622723.5620948291921631764,4027.00791788428,
2019-03-28T00:00:00.000000000Z,0.92674903,,70653886033.9900161405270155084,4010.93746201052,
2019-03-29T00:00:00.000000000Z,0.94438915,,72044617181.5704181095338650497,4089.46104003507,
2019-03-30T00:00:00.000000000Z,0.944965,,72094536468.2436363231805182565,4091.89103834015,
2019-03-31T00:00:00.000000000Z,0.94641855,,72144407426.9899457258649443403,4094.31781472823,
2019-04-01T00:00:00.000000000Z,0.95655086,,72928511837.7643500252524480285,4138.41780771479,
2019-04-02T00:00:00.000000000Z,1.12892016,,86424523990.8131581775177055993,4903.71946206897,
2019-04-03T00:00:00.000000000Z,1.14051964,,87429243678.5721001700578838339,4960.22760274693,
2019-04-04T00:00:00.000000000Z,1.12838804,,86574903765.8041279496035824633,4911.26970245471,
2019-04-05T00:00:00.000000000Z,1.15614507,,88734657095.2402261356264888125,5033.22548369375,
2019-04-06T00:00:00.000000000Z,1.15841744,,88939665130.7973732222203176455,5044.35684593805,
2019-04-07T00:00:00.000000000Z,1.19121228,,91501063164.4144917485138142843,5189.11195558153,
2019-04-08T00:00:00.000000000Z,1.21179209,,93173850971.950987962113193468,5283.42302483928,
2019-04-09T00:00:00.000000000Z,1.19099798,,91633263649.9309830475390433475,5195.57790882525,
2019-04-10T00:00:00.000000000Z,1.21651316,,93691843864.0636403778173678342,5311.74160327294,
2019-04-11T00:00:00.000000000Z,1.15695368,,89096740025.2539238220122426409,5050.66600859147,
2019-04-12T00:00:00.000000000Z,1.16368455,,89674280265.7415586005740697805,5082.86143202805,
2019-04-13T00:00:00.000000000Z,1.16156591,,89540456117.1083734440981753744,5074.79069257744,
2019-04-14T00:00:00.000000000Z,1.18135304,,90995377478.9746142205704029952,5156.80404061952,
2019-04-15T00:00:00.000000000Z,1.15555322,,88994562169.307129589776022732,5042.89773845704,
2019-04-16T00:00:00.000000000Z,1.19224124,,91881692216.0706967376674712802,5205.96295745178,
2019-04-17T00:00:00.000000000Z,1.1961381,,92250564153.5471631641003633332,5226.35221519579,
2019-04-18T00:00:00.000000000Z,1.20765693,,93180899416.6714109443793429,5278.5023395675,
2019-04-19T00:00:00.000000000Z,1.20719787,,93393056304.8993684294952634206,5289.95121911163,
2019-04-20T00:00:00.000000000Z,1.21246475,,93825862417.0470657075496004642,5313.97326212741,
2019-04-21T00:00:00.000000000Z,1.20835451,,93514542764.3589947410600700292,5295.73382817066,
2019-04-22T00:00:00.000000000Z,1.22794551,,95078673811.4384618714036943772,5383.79997533606,
2019-04-23T00:00:00.000000000Z,1.2632969,,97931104712.6153874068905367256,5544.86271186441,
2019-04-24T00:00:00.000000000Z,1.238908,,95947917278.750138583837634188,5431.94791963764,
2019-04-25T00:00:00.000000000Z,1.17030753,,90582486405.831493319161375683,5127.67316738749,
2019-04-26T00:00:00.000000000Z,1.17673094,,90989528956.6226684656804001872,5150.16466066628,
2019-04-27T00:00:00.000000000Z,1.18413668,,91557451148.3727834420875267676,5181.80776364699,
2019-04-28T00:00:00.000000000Z,1.17650667,,90982423047.7570804195550761668,5148.66961542957,
2019-04-29T00:00:00.000000000Z,1.17708337,,90995226478.3827327433064125484,5148.80049327878,
2019-04-30T00:00:00.000000000Z,1.20333737,,93086646312.973885933742505208,5266.61820251315,
2019-05-01T00:00:00.000000000Z,1.21799733,,93956247055.4642858546590187488,5315.17532904734,
2019-05-02T00:00:00.000000000Z,1.23567987,,95346643375.0840539163528484688,5393.12937638808,
2019-05-03T00:00:00.000000000Z,1.2951638,,100047725220.718311620271237972,5658.43038836938,
2019-05-04T00:00:00.000000000Z,1.32099457,,102113257161.602864118081463398,5774.71242869667,
2019-05-05T00:00:00.000000000Z,1.30956777,,101302705291.915553150129533848,5728.35170222092,
2019-05-06T00:00:00.000000000Z,1.29939268,,100665077841.2351985985086046244,5691.68837405026,
2019-05-07T00:00:00.000000000Z,1.32870246,,103045294021.2748828854910216,5825.744893045,
2019-05-08T00:00:00.000000000Z,1.35126305,,104932468929.869899860165100574,5931.8005949737,
2019-05-09T00:00:00.000000000Z,1.39928506,,108806392500.6891899253037792984,6150.14044476914,
2019-05-10T00:00:00.000000000Z,1.44472955,,112484221628.5566388555563307356,6357.46349357101,
2019-05-11T00:00:00.000000000Z,1.6543368,,129616460917.0390576031997139116,7325.08286031561,
2019-05-12T00:00:00.000000000Z,1.56569495,,122862594419.898090682335650445,6942.62317451783,
2019-05-13T00:00:00.000000000Z,1.74753483,,138032382814.8288755593645033336,7798.90573600234,
2019-05-14T00:00:00.000000000Z,1.77133721,,140820072137.78310350298657271,7955.5576823495,
2019-05-15T00:00:00.000000000Z,1.81667469,,145431381731.403228073404139188,8215.2068383986,
2019-05-16T00:00:00.000000000Z,1.72799889,,139194281165.0055495235614075356,7862.07160233782,
2019-05-17T00:00:00.000000000Z,1.61073752,,129733515296.0360221197710005312,7326.92068188194,
2019-05-18T00:00:00.000000000Z,1.59950822,,128881004230.6199009758499206932,7277.98756341321,
2019-05-19T00:00:00.000000000Z,1.80201739,,145574664069.0613056181271114148,8219.74278696669,
2019-05-20T00:00:00.000000000Z,1.74723194,,141364972111.3650626587106237112,7981.13937895967,
2019-05-21T00:00:00.000000000Z,1.74497388,,141427517230.116789712660286244,7983.80847738165,
2019-05-22T00:00:00.000000000Z,1.67542929,,135847466322.5974976869039648128,7667.90211484512,
2019-05-23T00:00:00.000000000Z,1.72268374,,139930198596.704173132675554942,7897.4712936879,
2019-05-24T00:00:00.000000000Z,1.73899884,,141533553660.6432555081372237504,7987.10036762127,
2019-05-25T00:00:00.000000000Z,1.75307893,,142867668845.3807150037363346944,8061.59176072472,
2019-05-26T00:00:00.000000000Z,1.89396436,,154758245306.1889794596834890752,8731.52495587376,
2019-05-27T00:00:00.000000000Z,1.90714924,,156287836455.3834722435823914414,8816.78670835769,
2019-05-28T00:00:00.000000000Z,1.88105961,,154574557917.511368846135768746,8719.12584833431,
2019-05-29T00:00:00.000000000Z,1.84071984,,153465206972.5427493133017530304,8655.48850613676,
2019-05-30T00:00:00.000000000Z,1.75787076,,146675645809.6507955774629951968,8271.62196317942,
2019-05-31T00:00:00.000000000Z,1.81476063,,151734802083.51241635304510656,8556.222185564,
2019-06-01T00:00:00.000000000Z,1.81246057,,151725858432.6003759285285150092,8554.80732963179,
2019-06-02T00:00:00.000000000Z,1.8504971,,155101923701.6254687990192262098,8744.35374547049,
2019-06-03T00:00:00.000000000Z,1.72701182,,144986880726.5997199597592493168,8173.40127054354,
2019-06-04T00:00:00.000000000Z,1.62636908,,135715984982.1195134803573576312,7649.93933196961,
2019-06-05T00:00:00.000000000Z,1.65612566,,138367954899.1590500291723120832,7798.54446639392,
2019-06-06T00:00:00.000000000Z,1.651342,,137995871311.0676087110383570052,7776.71332612507,
2019-06-07T00:00:00.000000000Z,1.70183629,,142398874425.0516854253296262,8023.950093045,
2019-06-08T00:00:00.000000000Z,1.6835165,,140917883639.3472284627746965284,7939.80515488019,
2019-06-09T00:00:00.000000000Z,1.61842434,,135505562736.9976011227943419852,7634.06575073057,
2019-06-10T00:00:00.000000000Z,1.69111483,,141897744724.6590190714144206348,7993.30253857393,
2019-06-11T00:00:00.000000000Z,1.67511723,,140654723194.9171349203403756704,7922.48362711864,
2019-06-12T00:00:00.000000000Z,1.72008481,,144649767681.2472784379194071416,8146.75612507306,
2019-06-13T00:00:00.000000000Z,1.73649236,,146192657169.5981428514524398916,8232.77734137931,
2019-06-14T00:00:00.000000000Z,1.82901577,,154472258474.2653918223488718056,8698.00481502046,
2019-06-15T00:00:00.000000000Z,1.85878621,,157198156055.2938136841928904708,8850.58481601403,
2019-06-16T00:00:00.000000000Z,1.88896018,,160213273127.5239329588499195756,9019.51700672121,
2019-06-17T00:00:00.000000000Z,1.9511578,,165931690523.7832641258251661164,9340.57218877849,
2019-06-18T00:00:00.000000000Z,1.88755922,,160737284620.8722043443931537366,9047.13274447691,
2019-06-19T00:00:00.000000000Z,1.93150882,,164984922415.7252816543640008856,9285.05567656341,
2019-06-20T00:00:00.000000000Z,1.98086596,,169651581216.8403325422403943008,9546.71977819988,
2019-06-21T00:00:00.000000000Z,2.08422475,,179207044545.611176399293314992,10083.4863136762,
2019-06-22T00:00:00.000000000Z,2.19688103,,189921423980.124321451179815248,10685.2952327878,
2019-06-23T00:00:00.000000000Z,2.2136737,,191885576856.189923422077572184,10794.4276963764,
2019-06-24T00:00:00.000000000Z,2.24706654,,195639033390.660570102351951486,11004.2069094681,
2019-06-25T00:00:00.000000000Z,2.37982686,,208497571410.050351472528067842,11726.2638308007,
2019-06-26T00:00:00.000000000Z,2.57176389,,228743908514.98795257883266177,12863.4606849795,
2019-06-27T00:00:00.000000000Z,2.21524309,,197579198121.073617332156037414,11109.7978418469,
2019-06-28T00:00:00.000000000Z,2.44168454,,219806390394.216957349114335096,12358.2079582116,
2019-06-29T00:00:00.000000000Z,2.35329242,,212471408601.201440574744620242,11944.3515473407,
2019-06-30T00:00:00.000000000Z,2.13021037,,192893862979.798303095996498292,10842.6167109877,
2019-07-01T00:00:00.000000000Z,2.07558255,,188054836533.453072320100385326,10569.5517282291,
2019-07-02T00:00:00.000000000Z,2.11000412,,191572815076.090350608154769796,10766.0833162186,
2019-07-03T00:00:00.000000000Z,2.33157806,,212701280671.492956587860264636,11952.0248935126,
2019-07-04T00:00:00.000000000Z,2.17425127,,198932256881.844244828084823742,11177.0103787551,
2019-07-05T00:00:00.000000000Z,2.13840364,,195779255924.420042594965496784,10998.3991004676,
2019-07-06T00:00:00.000000000Z,2.17712562,,199539253818.18237942094948184,11208.225600526,
2019-07-07T00:00:00.000000000Z,2.22256119,,203975542702.920207748225741004,11456.1836039158,
2019-07-08T00:00:00.000000000Z,2.37905472,,219376353956.161064058912331368,12319.6228758036,
2019-07-09T00:00:00.000000000Z,2.41917807,,224021230975.77808539023902872,12579.107616014,
2019-07-10T00:00:00.000000000Z,2.31328701,,215629126479.178873163230438134,12106.7829313267,
2019-07-11T00:00:00.000000000Z,2.15704038,,201183259641.46622614824350196,11294.678028346,
2019-07-12T00:00:00.000000000Z,2.24857787,,210445706655.520367207768976948,11813.3237158971,
2019-07-13T00:00:00.000000000Z,2.15890911,,202155589033.93988244025199956,11346.837148159,
2019-07-14T00:00:00.000000000Z,1.95875859,,183222223011.251360298624293328,10283.0757891292,
2019-07-15T00:00:00.000000000Z,2.07837284,,194704461534.613394354850049108,10926.3802741087,
2019-07-16T00:00:00.000000000Z,1.80452153,,168791758444.185180153486450813,9471.14086475745,
2019-07-17T00:00:00.000000000Z,1.84011447,,172438862979.0738671053869068416,9674.88246113384,
2019-07-18T00:00:00.000000000Z,2.02312657,,190367634570.606375032367539712,10679.8906896552,
2019-07-19T00:00:00.000000000Z,1.9920017,,187750651266.9552720793308261,10532.2027291058,
2019-07-20T00:00:00.000000000Z,2.0519756,,193665325162.42922889383177088,10862.6485479252,
2019-07-21T00:00:00.000000000Z,1.99813946,,188818886061.12651510373956864,10589.7064907656,
2019-07-22T00:00:00.000000000Z,1.94697902,,184004626629.38919197650601056,10318.5609251899,
2019-07-23T00:00:00.000000000Z,1.86302934,,175963591454.6841342380892217332,9866.64894038574,
2019-07-24T00:00:00.000000000Z,1.84274782,,174663348864.646209940160235853,9792.78753652835,
2019-07-25T00:00:00.000000000Z,1.86177246,,176543962471.5269053842752955288,9897.18678603156,
2019-07-26T00:00:00.000000000Z,1.84937883,,175485365597.110981721694214005,9836.69678813559,
2019-07-27T00:00:00.000000000Z,1.7764295,,168545324729.9897205810080472988,9446.67205207481,
2019-07-28T00:00:00.000000000Z,1.79184692,,170049120676.1973188189533048392,9529.78879193454,
2019-07-29T00:00:00.000000000Z,1.75506806,,169611741059.6910315594605704288,9504.15891595558,
2019-07-30T00:00:00.000000000Z,1.76975529,,171144789262.2402389660891702832,9589.10920601987,
2019-07-31T00:00:00.000000000Z,1.85482085,,179552893039.968728145716473392,10059.0040189947,
2019-08-01T00:00:00.000000000Z,1.91516898,,185663600899.711684525237838336,10400.3070143776,
2019-08-02T00:00:00.000000000Z,1.93668955,,187995636118.571043692077715936,10529.6944544126,
2019-08-03T00:00:00.000000000Z,1.98633631,,193031076581.09782591737444952,10810.4216686148,
2019-08-04T00:00:00.000000000Z,2.0166431,,196198228092.13152499107233292,10986.5089291058,
2019-08-05T00:00:00.000000000Z,2.15209305,,210568558007.91815734801219496,11790.0239375804,
2019-08-06T00:00:00.000000000Z,2.07763358,,204045416188.373640309052807626,11423.4970017534,
2019-08-07T00:00:00.000000000Z,2.16935722,,213781188501.161077007625772773,11967.2735473407,
2019-08-08T00:00:00.000000000Z,2.15713659,,213283632611.249921725925035212,11938.2346108708,
2019-08-09T00:00:00.000000000Z,2.13982687,,211878077389.798477413014447516,11858.3410984804,
2019-08-10T00:00:00.000000000Z,2.03923311,,201989948339.883342496457127944,11303.7305618936,
2019-08-11T00:00:00.000000000Z,2.07768124,,206058769073.22620538505254576,11530.195242256,
2019-08-12T00:00:00.000000000Z,2.04944243,,203477450140.012968824426796735,11384.6962465809,
2019-08-13T00:00:00.000000000Z,1.95417056,,194247026152.7127750191767935,10867.05475827,
2019-08-14T00:00:00.000000000Z,1.8019476,,179203376208.94943129812242024,10024.3795917008,
2019-08-15T00:00:00.000000000Z,1.85280853,,184331110834.930241617434076945,10310.0858696669,
2019-08-16T00:00:00.000000000Z,1.86332594,,185480750975.00891607886007787,10373.3219028054,
2019-08-17T00:00:00.000000000Z,1.83353888,,182525936050.27749248954336403,10207.1555616598,
2019-08-18T00:00:00.000000000Z,1.85527013,,184762356323.27872591042266339,10331.3099760374,
2019-08-19T00:00:00.000000000Z,1.95283046,,194679955535.781030604788031365,10884.6297744009,
2019-08-20T00:00:00.000000000Z,1.92992501,,192675218123.96379283252212268,10771.3923793688,
2019-08-21T00:00:00.000000000Z,1.80967076,,180626030877.015615444304702645,10096.8302238457,
2019-08-22T00:00:00.000000000Z,1.81392145,,181053252826.255824698675347027,10119.7145248393,
2019-08-23T00:00:00.000000000Z,1.85888092,,186340852608.820325345908233649,10414.1441725891,
2019-08-24T00:00:00.000000000Z,1.81099778,,181582680924.550241595758409078,10147.0871548802,
2019-08-25T00:00:00.000000000Z,1.8021966,,180766007715.368566554443407128,10100.3567783752,
2019-08-26T00:00:00.000000000Z,1.8474094,,185477896690.725982940615712267,10362.6434723553,
2019-08-27T00:00:00.000000000Z,1.81156248,,182015155352.97934494407511106,10168.221571654,
2019-08-28T00:00:00.000000000Z,1.73309226,,174096090423.8244059832085360761,9724.79997808299,
2019-08-29T00:00:00.000000000Z,1.69107373,,169774555309.5916396058183259048,9482.31173495032,
2019-08-30T00:00:00.000000000Z,1.70811556,,171501195666.0512232886275905017,9577.67882349503,
2019-08-31T00:00:00.000000000Z,1.71310224,,172010786445.1501539343236844475,9605.02446142607,
2019-09-01T00:00:00.000000000Z,1.7403943,,174856193400.1539322741257375875,9762.93655689655,
2019-09-02T00:00:00.000000000Z,1.84745992,,185879583769.6674155215944522,10377.3383845704,
2019-09-03T00:00:00.000000000Z,1.88765943,,190226097714.497993903468516625,10618.7815058445,
2019-09-04T00:00:00.000000000Z,1.87870879,,189499919032.448123841809310225,10577.2410839275,
2019-09-05T00:00:00.000000000Z,1.8773914,,189574477943.652181523914455255,10580.1846995909,
2019-09-06T00:00:00.000000000Z,1.81873604,,185127327372.95372803493712511,10330.8497312098,
2019-09-07T00:00:00.000000000Z,1.84632204,,188079718442.255500434496195696,10494.5069649328,
2019-09-08T00:00:00.000000000Z,1.83013043,,186539229374.467980387563275681,10407.2656573933,
2019-09-09T00:00:00.000000000Z,1.81652807,,185217353459.469369263287637341,10332.4644424313,
2019-09-10T00:00:00.000000000Z,1.77328813,,180821372958.315254728348020081,10085.9519243133,
2019-09-11T00:00:00.000000000Z,1.77786135,,181852186603.986642953393893737,10142.1480603741,
2019-09-12T00:00:00.000000000Z,1.82231036,,186556352212.069473306505559561,10403.3599707773,
2019-09-13T00:00:00.000000000Z,1.81108514,,185535294724.801959190688769012,10345.3387469316,
2019-09-14T00:00:00.000000000Z,1.813611,,185880236553.633829904678080703,10363.4528963179,
2019-09-15T00:00:00.000000000Z,1.80307986,,184871734710.720183734672063663,10306.1696674459,
2019-09-16T00:00:00.000000000Z,1.79436332,,184025389806.38569450928209451,10257.822761543,
2019-09-17T00:00:00.000000000Z,1.78283665,,182928175635.378614435250435942,10195.6111811806,
2019-09-18T00:00:00.000000000Z,1.77473473,,182335008771.545831376204179868,10161.3188664524,
2019-09-19T00:00:00.000000000Z,1.79282081,,184275340089.072695788341622594,10268.3926291642,
2019-09-20T00:00:00.000000000Z,1.77523927,,182531039220.806523185530280685,10170.1251161309,
2019-09-21T00:00:00.000000000Z,1.74318445,,179254415005.127037516748488135,9986.4061081239,
2019-09-22T00:00:00.000000000Z,1.7535283,,180363155234.709716512804618525,10047.0134748685,
2019-09-23T00:00:00.000000000Z,1.69241697,,174017098072.7224344465980473335,9692.74104792519,
2019-09-24T00:00:00.000000000Z,1.5076985,,154661092904.1231649396849164945,8613.67124850965,
2019-09-25T00:00:00.000000000Z,1.47778949,,151274745517.8264242836209056253,8424.15764640561,
2019-09-26T00:00:00.000000000Z,1.42454001,,145321930429.6905399457467491367,8091.69529924021,
2019-09-27T00:00:00.000000000Z,1.44132571,,147043095582.4701089343734833656,8186.77963927528,
2019-09-28T00:00:00.000000000Z,1.44491153,,147332393618.4444580773951746961,8201.97901344243,
2019-09-29T00:00:00.000000000Z,1.42120643,,144876708488.2100696938255784413,8064.50806236119,
2019-09-30T00:00:00.000000000Z,1.45994759,,148803916514.767705398121599708,8282.3654541204,
2019-10-01T00:00:00.000000000Z,1.46687818,,149397042721.8757921105827387771,8314.55139012273,
2019-10-02T00:00:00.000000000Z,1.47560342,,150274613052.5877778345514165556,8362.53073232028,
2019-10-03T00:00:00.000000000Z,1.45721375,,148345592160.9089535529704470026,8254.33991028638,
2019-10-04T00:00:00.000000000Z,1.44209083,,146767326338.7999259737989752298,8165.68615125658,
2019-10-05T00:00:00.000000000Z,1.43793767,,146351095556.0878536826460753385,8141.63371379311,
2019-10-06T00:00:00.000000000Z,1.38789488,,141206285787.8833579485820529545,7854.60981297487,
2019-10-07T00:00:00.000000000Z,1.45350223,,147899313786.389072657492916392,8226.02342928112,
2019-10-08T00:00:00.000000000Z,1.44711351,,147270287407.178791647662025831,8190.1151207481,
2019-10-09T00:00:00.000000000Z,1.5187746,,154625456579.234924561130025831,8598.3319207481,
2019-10-10T00:00:00.000000000Z,1.51523934,,154278819679.6839864789408592934,8578.09037931034,
2019-10-11T00:00:00.000000000Z,1.4650268,,149110991493.2211424294025651085,8289.85402893045,
2019-10-12T00:00:00.000000000Z,1.47085893,,149734524822.103824310857786286,8323.7501440678,
2019-10-13T00:00:00.000000000Z,1.46532541,,149164613949.6832314834451819467,8291.25065143191,
2019-10-14T00:00:00.000000000Z,1.46837588,,150170300737.7572296402011608989,8346.36843658679,
2019-10-15T00:00:00.000000000Z,1.43701211,,146845534512.754820631772025172,8160.71262752776,
2019-10-16T00:00:00.000000000Z,1.41022441,,144037329738.8034053590135810184,8003.85592314436,
2019-10-17T00:00:00.000000000Z,1.42275851,,145287592860.1831797836490276288,8072.48938229106,
2019-10-18T00:00:00.000000000Z,1.40337963,,143266919855.4470649366444076902,7959.33199357101,
2019-10-19T00:00:00.000000000Z,1.40147566,,143085646028.7516943780957849269,7948.47733722969,
2019-10-20T00:00:00.000000000Z,1.4480022,,147875242280.40891728253306456,8213.70903927528,
2019-10-21T00:00:00.000000000Z,1.44819078,,147854575170.5755556269322094732,8211.65455873758,
2019-10-22T00:00:00.000000000Z,1.41660892,,144586456293.4321950973460551408,8029.20537288136,
2019-10-23T00:00:00.000000000Z,1.31849373,,134316744655.8458546840982952542,7458.03585680889,
2019-10-24T00:00:00.000000000Z,1.32043974,,134263137184.0108244607890692164,7454.37113816482,
2019-10-25T00:00:00.000000000Z,1.53033296,,155932804286.9542276632243575874,8656.65517755699,
2019-10-26T00:00:00.000000000Z,1.63052996,,166630581069.4772647214034129426,9249.64676095851,
2019-10-27T00:00:00.000000000Z,1.68313273,,172202055438.672037534492487481,9558.15604400935,
2019-10-28T00:00:00.000000000Z,1.63844571,,167912181263.8361713698051932966,9319.17814167154,
2019-10-29T00:00:00.000000000Z,1.65571824,,169946389584.8841365353965833745,9431.20712390415,
2019-10-30T00:00:00.000000000Z,1.61181743,,165486571120.7441685530342072749,9182.85506516657,
2019-10-31T00:00:00.000000000Z,1.60646394,,165004691372.6370900047108195915,9155.27729877265,
2019-11-01T00:00:00.000000000Z,1.62077063,,166751798016.3744109954537476332,9251.38129345412,
2019-11-02T00:00:00.000000000Z,1.62876338,,167647144918.6640308180351942912,9300.19083752192,
2019-11-03T00:00:00.000000000Z,1.61294847,,166030720096.8083610138002274976,9209.63869608416,
2019-11-04T00:00:00.000000000Z,1.64848919,,169809075765.1793339757577069505,9418.36013062537,
2019-11-05T00:00:00.000000000Z,1.63757092,,168246968452.9680322011967117278,9330.78722296902,
2019-11-06T00:00:00.000000000Z,1.64148312,,168697792662.7137139231447518178,9354.93338229106,
2019-11-07T00:00:00.000000000Z,1.61571232,,166113240511.8508122500003215519,9210.74822238457,
2019-11-08T00:00:00.000000000Z,1.54350145,,158563288531.5491664749056746072,8791.33393495032,
2019-11-09T00:00:00.000000000Z,1.54712396,,158929965624.4699093103674876968,8810.78456195208,
2019-11-10T00:00:00.000000000Z,1.58742033,,163135487790.4441910606661709101,9042.89072320281,
2019-11-11T00:00:00.000000000Z,1.52978275,,157204392968.1420585614133811125,8713.20792957335,
2019-11-12T00:00:00.000000000Z,1.5426696,,158585915731.3425479194423993686,8788.95814295734,
2019-11-13T00:00:00.000000000Z,1.5361222,,158199619871.9213190597924564384,8766.72943050848,
2019-11-14T00:00:00.000000000Z,1.51523438,,156029084690.9035693036514972357,8645.43580362361,
2019-11-15T00:00:00.000000000Z,1.48420069,,152805221239.1655935547732789261,8465.87788854471,
2019-11-16T00:00:00.000000000Z,1.48640991,,153034112554.8938910587714681604,8477.69024284044,
2019-11-17T00:00:00.000000000Z,1.4912036,,153546374435.2849362576046627375,8505.16122326125,
2019-11-18T00:00:00.000000000Z,1.43585132,,147754246709.644279134005617716,8183.53341350088,
2019-11-19T00:00:00.000000000Z,1.42462588,,146564658339.2131071874105125287,8116.82067258913,
2019-11-20T00:00:00.000000000Z,1.41836156,,145851914668.3435319318994930618,8076.55466008182,
2019-11-21T00:00:00.000000000Z,1.33896278,,137480717894.718643753947093511,7612.2774880187,
2019-11-22T00:00:00.000000000Z,1.28344958,,131446951419.7561003616643109321,7277.52427323203,
2019-11-23T00:00:00.000000000Z,1.29339001,,132317341014.1721284220192574192,7324.83617855056,
2019-11-24T00:00:00.000000000Z,1.22636138,,125438020111.1906069609023965063,6943.38065604909,
2019-11-25T00:00:00.000000000Z,1.26222308,,128984010381.1333039369007918784,7139.04468597312,
2019-11-26T00:00:00.000000000Z,1.26841696,,129471791489.5434699491327410983,7165.43773027469,
2019-11-27T00:00:00.000000000Z,1.33297166,,136015452003.775009801327825486,7526.86381654004,
2019-11-28T00:00:00.000000000Z,1.31736129,,134394712380.758116946936177154,7436.3363817066,
2019-11-29T00:00:00.000000000Z,1.37249236,,140035753824.3282571676117756154,7747.73804208066,
2019-11-30T00:00:00.000000000Z,1.33947241,,136585605232.8455421157821926756,7556.19372121567,
2019-12-01T00:00:00.000000000Z,1.31531292,,134095575599.2185261105164047316,7417.72720601987,
2019-12-02T00:00:00.000000000Z,1.29871273,,132311649481.6828979957351881464,7318.31252180012,
2019-12-03T00:00:00.000000000Z,1.29767248,,132111542796.434451185463802897,7306.44623331385,
2019-12-04T00:00:00.000000000Z,1.28246605,,130473486507.8813991135708750184,7215.02034482759,
2019-12-05T00:00:00.000000000Z,1.31656246,,133905907021.29042498328067511,7404.0867949737,
2019-12-06T00:00:00.000000000Z,1.34019312,,136272863879.846127356519587848,7534.2083559322,
2019-12-07T00:00:00.000000000Z,1.33632666,,135886841741.4265641361369925936,7512.06140263004,
2019-12-08T00:00:00.000000000Z,1.33937263,,136206094715.7381146440539225072,7528.94026943308,
2019-12-09T00:00:00.000000000Z,1.30638835,,132805669774.654205262199800285,7340.22745908825,
2019-12-10T00:00:00.000000000Z,1.28784015,,130862566069.2889606520033251404,7232.09178375219,
2019-12-11T00:00:00.000000000Z,1.28292787,,130302159494.604964764298609693,7200.46444599649,
2019-12-12T00:00:00.000000000Z,1.28218893,,130176306232.1156177443580957568,7192.84902425482,
2019-12-13T00:00:00.000000000Z,1.29164777,,131132158335.2536668281360987128,7244.90372004676,
2019-12-14T00:00:00.000000000Z,1.26106197,,127999800420.6049503609391104746,7071.10709029807,
2019-12-15T00:00:00.000000000Z,1.26826677,,128738145823.2798859093372940502,7111.28666995909,
2019-12-16T00:00:00.000000000Z,1.22841184,,124607959806.0874610952146722284,6882.39579532437,
2019-12-17T00:00:00.000000000Z,1.18120445,,119669002105.718346211865148811,6608.96197983635,
2019-12-18T00:00:00.000000000Z,1.30300236,,131915496849.08092903797066252,7284.6254836353,
2019-12-19T00:00:00.000000000Z,1.27839546,,129422222016.7772479494909683014,7146.16763763881,
2019-12-20T00:00:00.000000000Z,1.28507153,,130125371827.7286175932544313376,7184.21917206312,
2019-12-21T00:00:00.000000000Z,1.27731542,,129345551109.717387251263103526,7140.29801127995,
2019-12-22T00:00:00.000000000Z,1.33772206,,135504182500.0066161425144872976,7479.40240789012,
2019-12-23T00:00:00.000000000Z,1.30974111,,132661061513.205629515568605314,7321.7487238457,
2019-12-24T00:00:00.000000000Z,1.29430833,,131111985464.0105656694094937984,7235.62908381064,
2019-12-25T00:00:00.000000000Z,1.28852354,,130317953564.1928043892321553248,7191.17416569258,
2019-12-26T00:00:00.000000000Z,1.28945009,,130395775601.2253157874016786976,7194.63975832846,
2019-12-27T00:00:00.000000000Z,1.29743017,,131179357399.315641531575016519,7237.15044728229,
2019-12-28T00:00:00.000000000Z,1.30991222,,132452581795.072863149094865164,7306.64330829924,
2019-12-29T00:00:00.000000000Z,1.32663778,,134006582388.6381221459409301,7391.578521391,
2019-12-30T00:00:00.000000000Z,1.29751611,,131081294265.510530798319256956,7229.3971006429,
2019-12-31T00:00:00.000000000Z,1.28681852,,129970082372.6769914678895462538,7167.39505464641,
2020-01-01T00:00:00.000000000Z,1.28743526,,130044373322.3337841287723324324,7170.63186879018,
2020-01-02T00:00:00.000000000Z,1.24755453,,125997729470.887510220007492312,6946.82526914085,
2020-01-03T00:00:00.000000000Z,1.31328518,,132696546617.941216953691426456,7315.3093603156,
2020-01-04T00:00:00.000000000Z,1.31850725,,133217241900.653421805231639455,7343.16419438925,
2020-01-05T00:00:00.000000000Z,1.31891454,,133275140628.500861607314882439,7345.53069181765,
2020-01-06T00:00:00.000000000Z,1.39343235,,140913446583.57416456162555478,7765.7977346581,
2020-01-07T00:00:00.000000000Z,1.45871525,,147650387097.9028898631379659688,8136.08684190532,
2020-01-08T00:00:00.000000000Z,1.44434936,,146278447249.1156730241837658634,8059.69952887201,
2020-01-09T00:00:00.000000000Z,1.40023893,,141891415486.2452800654013437228,7817.13609322034,
2020-01-10T00:00:00.000000000Z,1.45520178,,147582148237.8165851200288909452,8129.81791992987,
2020-01-11T00:00:00.000000000Z,1.43755242,,145822905688.429541522925701014,8032.00549503215,
2020-01-12T00:00:00.000000000Z,1.46084233,,148244692101.6388429918950921044,8164.54999316189,
2020-01-13T00:00:00.000000000Z,1.45276596,,147485275164.1864585930900140892,8121.92566762127,
2020-01-14T00:00:00.000000000Z,1.57463765,,160362182649.783020100246938865,8830.16787346581,
2020-01-15T00:00:00.000000000Z,1.56868373,,160038851605.649724847620118377,8811.44820251315,
2020-01-16T00:00:00.000000000Z,1.55078627,,158371394895.9235913570916795432,8718.68699801286,
2020-01-17T00:00:00.000000000Z,1.58368313,,161910403912.3675724542947470292,8912.54190414962,
2020-01-18T00:00:00.000000000Z,1.58583813,,162209239871.516851387789518966,8928.1807565751,
2020-01-19T00:00:00.000000000Z,1.54314165,,157850148001.6251587668679264184,8687.35483664524,
2020-01-20T00:00:00.000000000Z,1.53413892,,156938136300.68027596871179748,8636.2587862069,
2020-01-21T00:00:00.000000000Z,1.5503965,,158674065182.002695418061402732,8730.86756019871,
2020-01-22T00:00:00.000000000Z,1.53544323,,157183091622.7691288303248226068,8647.90047399182,
2020-01-23T00:00:00.000000000Z,1.48547764,,152082924891.5729812739372763656,8366.38461396844,
2020-01-24T00:00:00.000000000Z,1.49494018,,153135182382.8277677904115204164,8423.39095815313,
2020-01-25T00:00:00.000000000Z,1.4807681,,151723062490.3307768944443345056,8344.77456896552,
2020-01-26T00:00:00.000000000Z,1.52095733,,155903844151.0003309262974641312,8573.87480958504,
2020-01-27T00:00:00.000000000Z,1.5779271,,161883952905.729173146929975242,8901.95928486265,
2020-01-28T00:00:00.000000000Z,1.64585254,,169091413723.46134734502889941,9297.3883176505,
2020-01-29T00:00:00.000000000Z,1.64528656,,169374825966.0463837581778253478,9311.94754354179,
2020-01-30T00:00:00.000000000Z,1.67702648,,172976113948.8801115616163649344,9508.92096493279,
2020-01-31T00:00:00.000000000Z,1.64732688,,170234553906.817226116253380512,9357.28478240795,
2020-02-01T00:00:00.000000000Z,1.650978,,170699826042.578337884936205418,9381.88602863822,
2020-02-02T00:00:00.000000000Z,1.64356756,,169943267782.818829508813545062,9339.38706312098,
2020-02-03T00:00:00.000000000Z,1.6319591,,168876392941.670671988249134008,9279.81252051432,
2020-02-04T00:00:00.000000000Z,1.61069803,,166740743006.207450140088129767,9161.62719772063,
2020-02-05T00:00:00.000000000Z,1.69086813,,175250308848.132084134193780563,9628.13677586207,
2020-02-06T00:00:00.000000000Z,1.70571675,,177289768826.43755835793940191,9739.2804364699,
2020-02-07T00:00:00.000000000Z,1.7097118,,178417196310.3341479835648825474,9800.27939982466,
2020-02-08T00:00:00.000000000Z,1.72664271,,180455462436.1386143575636076557,9911.29340841613,
2020-02-09T00:00:00.000000000Z,1.76640757,,184840742312.647677779123477765,10151.0832026885,
2020-02-10T00:00:00.000000000Z,1.71346985,,179780570081.5140124380864153541,9872.36187305669,
2020-02-11T00:00:00.000000000Z,1.7792319,,187081233587.237503889898025682,10272.2225558738,
2020-02-12T00:00:00.000000000Z,1.79208365,,188700718413.703004411662216434,10360.1352229106,
2020-02-13T00:00:00.000000000Z,1.76851563,,186448589139.142603473673394376,10235.4973226184,
2020-02-14T00:00:00.000000000Z,1.7883096,,188763431392.391050821467513268,10361.6156901812,
2020-02-15T00:00:00.000000000Z,1.71075719,,180585098507.1185103593831490575,9911.72432700175,
2020-02-16T00:00:00.000000000Z,1.71695434,,181337408895.6159951496442370402,9952.04661157218,
2020-02-17T00:00:00.000000000Z,1.67061779,,176455532970.774618851831406759,9683.0796277031,
2020-02-18T00:00:00.000000000Z,1.75425426,,185808950969.897852818634335326,10195.3037904734,
2020-02-19T00:00:00.000000000Z,1.65794069,,175632690004.1368923331824732264,9636.00229865576,
2020-02-20T00:00:00.000000000Z,1.65435215,,175247351456.8182940385714284878,9614.03012244302,
2020-02-21T00:00:00.000000000Z,1.66881312,,176865876880.3922665406772656561,9701.79750268849,
2020-02-22T00:00:00.000000000Z,1.66379813,,176399792167.0473009174957466212,9675.24905756868,
2020-02-23T00:00:00.000000000Z,1.71384131,,181843236236.8033019566170570119,9972.84242308591,
2020-02-24T00:00:00.000000000Z,1.65765413,,175937259068.2814271542833021561,9648.00788310929,
2020-02-25T00:00:00.000000000Z,1.60369037,,170415547339.4431145680088579313,9344.28714009351,
2020-02-26T00:00:00.000000000Z,1.51151916,,160483857843.0547902334102420767,8798.88894856809,
2020-02-27T00:00:00.000000000Z,1.50901158,,160137770415.1458768154964775022,8779.02948188194,
2020-02-28T00:00:00.000000000Z,1.50435395,,159636352746.7715782761655587687,8750.59344599649,
2020-02-29T00:00:00.000000000Z,1.47581569,,156577275161.493214688628884258,8582.09029964933,
2020-03-01T00:00:00.000000000Z,1.46928146,,155860614930.0949336900584615603,8541.77389392169,
2020-03-02T00:00:00.000000000Z,1.53109223,,162527106819.9153191447450578931,8906.21475645821,
2020-03-03T00:00:00.000000000Z,1.50704354,,160036426101.828055841166813303,8768.81061420222,
2020-03-04T00:00:00.000000000Z,1.50859699,,159827648015.2122506097013657819,8756.36957218001,
2020-03-05T00:00:00.000000000Z,1.56090164,,165435942800.1469731086280686189,9062.61580274693,
2020-03-06T00:00:00.000000000Z,1.57478419,,166995631895.5665886295612721872,9147.08505897136,
2020-03-07T00:00:00.000000000Z,1.53210003,,162471226444.7566728458918772988,8898.30695675044,
2020-03-08T00:00:00.000000000Z,1.39731984,,148086770498.2333638714496322031,8109.61454114553,
2020-03-09T00:00:00.000000000Z,1.36296685,,144207873678.3248280854806434702,7896.38531987142,
2020-03-10T00:00:00.000000000Z,1.3667676,,144468246215.1991364988013443395,7909.92787545295,
2020-03-11T00:00:00.000000000Z,1.37532279,,145017268327.9850687983679816319,7939.34133477499,
2020-03-12T00:00:00.000000000Z,0.87746909,,90594467680.7995880055783149836,4959.31341437756,
2020-03-13T00:00:00.000000000Z,1.00230839,,102812902144.0932767727245603778,5627.69238836938,
2020-03-14T00:00:00.000000000Z,0.91943052,,94005928118.4955269737940016595,5145.17250642899,
2020-03-15T00:00:00.000000000Z,0.9586443,,97913564614.603159943736153778,5358.61066335476,
2020-03-16T00:00:00.000000000Z,0.9005596,,91604630050.699806402103717926,5012.92738778492,
2020-03-17T00:00:00.000000000Z,0.97465625,,98992369512.909364535915581845,5416.7547106955,
2020-03-18T00:00:00.000000000Z,0.97098752,,98555627712.7535733193874841651,5392.48783594389,
2020-03-19T00:00:00.000000000Z,1.11612479,,113387305928.475718020836765955,6203.5516320865,
2020-03-20T00:00:00.000000000Z,1.11275432,,112858311337.3854526281649308917,6174.14947603741,
2020-03-21T00:00:00.000000000Z,1.11317824,,112898621139.2690335294540411684,6175.83102220924,
2020-03-22T00:00:00.000000000Z,1.05120625,,106596093106.5220234245018057687,5830.56097960257,
2020-03-23T00:00:00.000000000Z,1.16908967,,118595581239.0894815277255298599,6486.40865733489,
2020-03-24T00:00:00.000000000Z,1.21902362,,123884332494.9688614881683857339,6775.05761893629,
2020-03-25T00:00:00.000000000Z,1.20405859,,122336150605.9674601611104227818,6689.96901285798,
2020-03-26T00:00:00.000000000Z,1.21539093,,123528980419.078971156980783377,6754.46033606078,
2020-03-27T00:00:00.000000000Z,1.168733,,118719519155.5943182925382261774,6490.79541502046,
2020-03-28T00:00:00.000000000Z,1.12273873,,113993258453.1145417390111497747,6231.81989023963,
2020-03-29T00:00:00.000000000Z,1.06488351,,108023566970.5730026188233733815,5904.85758679135,
2020-03-30T00:00:00.000000000Z,1.16111925,,117768692186.5936315218174653682,6436.90570017534,
2020-03-31T00:00:00.000000000Z,1.16086021,,117698734312.411744259330194677,6432.3832421391,
2020-04-01T00:00:00.000000000Z,1.20232747,,121567284407.7857656840371092092,6643.11000870836,
2020-04-02T00:00:00.000000000Z,1.2293196,,124318508345.3390127975012923378,6792.74222209234,
2020-04-03T00:00:00.000000000Z,1.22207588,,123582214925.0082805101838618318,6751.90255178258,
2020-04-04T00:00:00.000000000Z,1.24154011,,125574021300.8440125624367861359,6859.98916867329,
2020-04-05T00:00:00.000000000Z,1.22896481,,124322577425.2926093045975259818,6790.81247264758,
2020-04-06T00:00:00.000000000Z,1.31870276,,133622754419.985996048382254665,7298.17374517826,
2020-04-07T00:00:00.000000000Z,1.29919781,,131613224221.5547098057798361236,7187.59333664524,
2020-04-08T00:00:00.000000000Z,1.33180003,,135006761796.0079930479437381838,7372.19476399766,
2020-04-09T00:00:00.000000000Z,1.3184332,,133691006813.9169294847088799433,7299.57918790181,
2020-04-10T00:00:00.000000000Z,1.24393645,,125650890516.8797159199375810573,6859.82267475161,
2020-04-11T00:00:00.000000000Z,1.24828502,,126092446156.6350778696572133131,6883.18222895967,
2020-04-12T00:00:00.000000000Z,1.26554137,,127854957413.5737047355418973493,6978.66628661601,
2020-04-13T00:00:00.000000000Z,1.24500204,,125761070198.9324412296777013328,6863.57553319696,
2020-04-14T00:00:00.000000000Z,1.24727346,,125994705942.7648829629350517804,6875.53850344828,
2020-04-15T00:00:00.000000000Z,1.20252464,,121426285928.7838031615366817564,6625.47577510228,
2020-04-16T00:00:00.000000000Z,1.29329091,,130646051882.0658378017145959595,7127.79228223261,
2020-04-17T00:00:00.000000000Z,1.28483033,,129806876584.3977901960180723315,7081.39519842197,
2020-04-18T00:00:00.000000000Z,1.31739282,,133146355855.4140114552750083585,7262.79234360023,
2020-04-19T00:00:00.000000000Z,1.29699559,,131096633928.62564578666598426,7150.2442154588,
2020-04-20T00:00:00.000000000Z,1.24397211,,125665595004.1322309900389433965,6853.27341478667,
2020-04-21T00:00:00.000000000Z,1.2473842,,125992868717.386249783777334652,6870.42369865576,
2020-04-22T00:00:00.000000000Z,1.29301523,,130648436527.6430834367999670365,7123.65691992987,
2020-04-23T00:00:00.000000000Z,1.35798226,,137354908752.064120667386089567,7488.60516528346,
2020-04-24T00:00:00.000000000Z,1.3603772,,137695605129.5817055987963981305,7506.44331648159,
2020-04-25T00:00:00.000000000Z,1.36573263,,138282481992.704560370610360246,7537.73820911748,
2020-04-26T00:00:00.000000000Z,1.39182404,,140980122465.107784970202873019,7684.06852168322,
2020-04-27T00:00:00.000000000Z,1.40592618,,142707868307.390285158334093499,7777.49151858562,
2020-04-28T00:00:00.000000000Z,1.40416612,,142583524348.0966717294180723315,7769.89969842197,
2020-04-29T00:00:00.000000000Z,1.57124906,,160802206508.2195850789833479315,8761.83716954997,
2020-04-30T00:00:00.000000000Z,1.54783671,,158808556147.54883082529442914,8652.4109912332,
2020-05-01T00:00:00.000000000Z,1.58149669,,162552358585.927400956506632879,8855.53525827002,
2020-05-02T00:00:00.000000000Z,1.60183196,,164803746448.9256906962388695815,8977.28170537697,
2020-05-03T00:00:00.000000000Z,1.58639791,,163344877181.00286392181853347,8896.7956383986,
2020-05-04T00:00:00.000000000Z,1.58241067,,163089932635.1414405284304545785,8881.95430450029,
2020-05-05T00:00:00.000000000Z,1.59959352,,165015950017.182181139803048215,8985.8795993571,
2020-05-06T00:00:00.000000000Z,1.64574813,,170192827716.010065188829336555,9266.8130730567,
2020-05-07T00:00:00.000000000Z,1.76246608,,183562058560.503784583642567406,9993.75317685564,
2020-05-08T00:00:00.000000000Z,1.73504927,,181109783310.854676363652790547,9859.32360461718,
2020-05-09T00:00:00.000000000Z,1.68527866,,175946177530.5423769821842991405,9577.33892238457,
2020-05-10T00:00:00.000000000Z,1.53444392,,160123200654.184695237934478761,8715.03329322034,
2020-05-11T00:00:00.000000000Z,1.51427708,,157871609470.337898709103399106,8591.65288433665,
2020-05-12T00:00:00.000000000Z,1.55398556,,162025014405.089472029592817326,8817.25068112215,
2020-05-13T00:00:00.000000000Z,1.64026769,,171325501477.1048328662507149676,9322.99720204559,
2020-05-14T00:00:00.000000000Z,1.72149026,,180121529585.9186351593469180108,9801.26948772647,
2020-05-15T00:00:00.000000000Z,1.63770129,,171410710236.3382616988850947888,9326.87585891292,
2020-05-16T00:00:00.000000000Z,1.64923495,,172678841534.62964664661096938,9395.4753893045,
2020-05-17T00:00:00.000000000Z,1.69855053,,177960818089.341732845332004184,9682.5324811806,
2020-05-18T00:00:00.000000000Z,1.7030904,,178783137073.023041090457764454,9726.85002209235,
2020-05-19T00:00:00.000000000Z,1.70545218,,179292877588.7186149619723028528,9754.20146201052,
2020-05-20T00:00:00.000000000Z,1.66337697,,174915846484.68949855279757132,9515.702550263,
2020-05-21T00:00:00.000000000Z,1.58611169,,166708415917.1492605261661874426,9068.80122933957,
2020-05-22T00:00:00.000000000Z,1.60231403,,168424610263.7042536709424665001,9161.81503389831,
2020-05-23T00:00:00.000000000Z,1.60568496,,168833062758.5050085589381515125,9183.66212507305,
2020-05-24T00:00:00.000000000Z,1.54008682,,161900721760.63459971297055329,8806.23065715956,
2020-05-25T00:00:00.000000000Z,1.55903037,,163800615663.8591474635507043675,8909.19258153127,
2020-05-26T00:00:00.000000000Z,1.54624899,,162445913210.8416681509619068025,8835.13725336061,
2020-05-27T00:00:00.000000000Z,1.60359036,,168593394454.6979635581777797795,9169.05743921683,
2020-05-28T00:00:00.000000000Z,1.67222784,,175941484285.8252174941454262152,9568.26185300994,
2020-05-29T00:00:00.000000000Z,1.64770853,,173450984634.7824983743475142792,9432.41333343074,
2020-05-30T00:00:00.000000000Z,1.69215433,,178228052044.6500264491537898725,9691.68049117475,
2020-05-31T00:00:00.000000000Z,1.64704955,,173497171389.7032058821323165189,9433.94384663939,
2020-06-01T00:00:00.000000000Z,1.77456298,,187578142707.614770895030872833,10199.1350542373,
2020-06-02T00:00:00.000000000Z,1.65555855,,174954690421.5497548667238918423,9512.34653302163,
2020-06-03T00:00:00.000000000Z,1.67699652,,177352731439.3433300048649961088,9642.27340035067,
2020-06-04T00:00:00.000000000Z,1.70498933,,180508843644.3964907047608162918,9813.36067913501,
2020-06-05T00:00:00.000000000Z,1.67491159,,177365595706.957807992754430882,9641.8916225599,
2020-06-06T00:00:00.000000000Z,1.67895972,,177870046318.4761887915339930618,9668.67053857393,
2020-06-07T00:00:00.000000000Z,1.69210512,,179331395772.2535845219864765232,9747.58011104617,
2020-06-08T00:00:00.000000000Z,1.6929366,,179741658882.7986397867100017296,9769.34236148451,
2020-06-09T00:00:00.000000000Z,1.69357425,,179936892008.732666072588847816,9779.42216566335,
2020-06-10T00:00:00.000000000Z,1.71128591,,181952982732.7692424592672677656,9888.44417469316,
2020-06-11T00:00:00.000000000Z,1.60651966,,170721091857.5552695966248649684,9277.45116931619,
2020-06-12T00:00:00.000000000Z,1.63695561,,174019304039.346562134612717981,9456.16153331385,
2020-06-13T00:00:00.000000000Z,1.63756141,,174123830972.7735661762128043856,9461.33379865576,
2020-06-14T00:00:00.000000000Z,1.61687359,,171955158128.09869757849739706,9342.955635301,
2020-06-15T00:00:00.000000000Z,1.63326898,,173774840415.629017449182767847,9441.38321127995,
2020-06-16T00:00:00.000000000Z,1.64602728,,175232451346.3409863609638194916,9520.09194827586,
2020-06-17T00:00:00.000000000Z,1.63347313,,173926399830.3849229564461700398,9448.69356060783,
2020-06-18T00:00:00.000000000Z,1.61930293,,172853049353.4522901018824633152,9389.99076639392,
2020-06-19T00:00:00.000000000Z,1.601515,,170946908488.1409257382009388776,9285.99158293396,
2020-06-20T00:00:00.000000000Z,1.61343538,,172267506962.9832981587086302932,9357.29246446522,
2020-06-21T00:00:00.000000000Z,1.6005863,,170940831096.1998002534347330312,9284.76937182934,
2020-06-22T00:00:00.000000000Z,1.66795041,,178311094487.3159978841159442368,9684.62018474576,
2020-06-23T00:00:00.000000000Z,1.65453862,,176978474354.7184362764982193952,9611.72599824664,
2020-06-24T00:00:00.000000000Z,1.60043802,,171116880435.0636733694453943972,9292.94354354179,
2020-06-25T00:00:00.000000000Z,1.59283584,,170281277784.0367914566018298348,9247.12143249561,
2020-06-26T00:00:00.000000000Z,1.57369557,,168676013923.7386798656455531856,9159.43777206312,
2020-06-27T00:00:00.000000000Z,1.5467905,,165787526267.5455663018499970634,9002.16561718293,
2020-06-28T00:00:00.000000000Z,1.56486434,,167746363406.5891617396010434326,9108.06567457627,
2020-06-29T00:00:00.000000000Z,1.57752462,,169157750925.3751445338308335511,9184.24736627703,
2020-06-30T00:00:00.000000000Z,1.56990039,,168424268927.2107132977893910163,9143.96758530099,
2020-07-01T00:00:00.000000000Z,1.5861884,,170227137442.6156996603933956087,9241.33961239041,
2020-07-02T00:00:00.000000000Z,1.56106575,,167529570926.7598475301776773395,9094.38728679135,
2020-07-03T00:00:00.000000000Z,1.5561961,,167028603057.3505857619161714309,9066.69069661017,
2020-07-04T00:00:00.000000000Z,1.56620843,,168134212097.3112355956244451451,9126.21955493863,
2020-07-05T00:00:00.000000000Z,1.55815127,,167284838602.93983672115500983,9079.61401808884,
2020-07-06T00:00:00.000000000Z,1.60183713,,172071754943.9324052864397610625,9338.94259117475,
2020-07-07T00:00:00.000000000Z,1.58667765,,170482056186.4304398885462783549,9252.15873261251,
2020-07-08T00:00:00.000000000Z,1.61561301,,173852067499.5438630374484134979,9434.56795645821,
2020-07-09T00:00:00.000000000Z,1.58050888,,170119612182.2448731100586241993,9231.50234751607,
2020-07-10T00:00:00.000000000Z,1.58940706,,171118891700.6915333683546930643,9285.22101542957,
2020-07-11T00:00:00.000000000Z,1.58104284,,170242376319.1167552520076109765,9237.17100818235,
2020-07-12T00:00:00.000000000Z,1.58969582,,171208222386.1900601905433386992,9289.09797691408,
2020-07-13T00:00:00.000000000Z,1.58057885,,170249528195.0943515741323599909,9236.62250116891,
2020-07-14T00:00:00.000000000Z,1.58381858,,170695336818.951262428083842362,9260.3569868498,
2020-07-15T00:00:00.000000000Z,1.57234112,,169530356543.2782745872548941872,9196.72555897136,
2020-07-16T00:00:00.000000000Z,1.56130786,,168355901495.5481675338310712186,9132.59231209818,
2020-07-17T00:00:00.000000000Z,1.56536628,,168802806794.0415343950626570937,9156.46870976037,
2020-07-18T00:00:00.000000000Z,1.56854068,,169168582934.4860607588550606785,9175.90530859147,
2020-07-19T00:00:00.000000000Z,1.57544863,,169967724887.1643482514271435045,9218.84231081239,
2020-07-20T00:00:00.000000000Z,1.56656719,,169023500679.1485628953285561045,9167.19056750439,
2020-07-21T00:00:00.000000000Z,1.6036542,,173112681691.1185957218376464248,9388.57434979544,
2020-07-22T00:00:00.000000000Z,1.62670582,,175752143889.94800639308451471,9531.2574301578,
2020-07-23T00:00:00.000000000Z,1.6387837,,177196924217.3065130810175532837,9609.16671537113,
2020-07-24T00:00:00.000000000Z,1.62771038,,176080450187.272682583445034778,9548.1007270602,
2020-07-25T00:00:00.000000000Z,1.6530963,,178935530196.2442861773967728349,9702.45279047341,
2020-07-26T00:00:00.000000000Z,1.69125357,,183213878780.3678156738815774681,9933.90655423729,
2020-07-27T00:00:00.000000000Z,1.87222939,,203744198144.592052500596269061,11046.5083295149,
2020-07-28T00:00:00.000000000Z,1.84950049,,201874736728.970619057094572468,10944.6129789012,
2020-07-29T00:00:00.000000000Z,1.87484925,,205042054834.921684451332434396,11115.7712819988,
2020-07-30T00:00:00.000000000Z,1.87475515,,205413351537.442154952816901945,11135.3907261835,
2020-07-31T00:00:00.000000000Z,1.90517626,,209165345431.383706582849887183,11338.1973407949,
2020-08-01T00:00:00.000000000Z,1.97908671,,217650107985.904858443709164714,11797.5821265342,
2020-08-02T00:00:00.000000000Z,1.8599879,,204680087352.343728523465728375,11094.0206841321,
2020-08-03T00:00:00.000000000Z,1.87772343,,207312688746.430895650517392149,11236.0956805377,
2020-08-04T00:00:00.000000000Z,1.87038652,,206705783553.83925089372113369,11202.651909059,
2020-08-05T00:00:00.000000000Z,1.95126913,,216287626623.564071720778827996,11721.4384715956,
2020-08-06T00:00:00.000000000Z,1.95155359,,217182425567.126458482340561749,11769.3091081239,
2020-08-07T00:00:00.000000000Z,1.91764781,,214050110955.43519968165790571,11598.9690585038,
2020-08-08T00:00:00.000000000Z,1.93742923,,216718673196.29087955729335796,11743.0086350088,
2020-08-09T00:00:00.000000000Z,1.92470744,,215576777624.028274674275442545,11680.5173661601,
2020-08-10T00:00:00.000000000Z,1.95320633,,219090872112.692359481435763315,11870.3695447107,
2020-08-11T00:00:00.000000000Z,1.87194792,,210284480461.03637698353979151,11392.6440884278,
2020-08-12T00:00:00.000000000Z,1.89982911,,213671208433.45825937382018282,11575.5124736996,
2020-08-13T00:00:00.000000000Z,1.92924287,,217335699187.23920372322396208,11773.4481155465,
2020-08-14T00:00:00.000000000Z,1.9265623,,217365712666.777829212353436615,11774.4082518995,
2020-08-15T00:00:00.000000000Z,1.93989709,,219084951477.174494688029406484,11866.9103613092,
2020-08-16T00:00:00.000000000Z,1.94366153,,219700556192.075451860147016488,11899.6427535944,
2020-08-17T00:00:00.000000000Z,2.00437877,,227392906120.483538727104324613,12315.7624166569,
2020-08-18T00:00:00.000000000Z,1.95013602,,221438441189.459314385694313815,11992.6959962595,
2020-08-19T00:00:00.000000000Z,1.90751141,,216724493356.563912014178939237,11736.8490645237,
2020-08-20T00:00:00.000000000Z,1.92666487,,219148207449.647745398390225595,11867.5203439509,
2020-08-21T00:00:00.000000000Z,1.86965642,,212828757688.569592957497687675,11524.6989491525,
2020-08-22T00:00:00.000000000Z,1.89433444,,215748935172.862557989239808962,11682.2891503799,
2020-08-23T00:00:00.000000000Z,1.89095764,,215452337487.743114093266801434,11665.6092735243,
2020-08-24T00:00:00.000000000Z,1.90603293,,217417299095.42204611676823526,11771.4080537405,
2020-08-25T00:00:00.000000000Z,1.83853818,,209799151719.14302062551737206,11358.4543202805,
2020-08-26T00:00:00.000000000Z,1.8556766,,211907514133.888783359980852628,11472.0491204559,
2020-08-27T00:00:00.000000000Z,1.82960462,,209009655884.562923402786219112,11314.6737410286,
2020-08-28T00:00:00.000000000Z,1.86186629,,212959896208.122123443495968812,11527.8830322326,
2020-08-29T00:00:00.000000000Z,1.85563351,,212284634016.189342217995502838,11490.7623477499,
2020-08-30T00:00:00.000000000Z,1.88762446,,216140533746.530551247679864384,11698.9758329632,
2020-08-31T00:00:00.000000000Z,1.88187726,,215770383728.235354915424901538,11678.3482268849,
2020-09-01T00:00:00.000000000Z,1.92471346,,221177235000.27522842752130892,11970.364856166,
2020-09-02T00:00:00.000000000Z,1.83478767,,210917142600.07454198997407649,11414.5209336645,
2020-09-03T00:00:00.000000000Z,1.65212902,,189619829718.608566376752065092,10261.4944095266,
2020-09-04T00:00:00.000000000Z,1.68560929,,193517929900.99302435968284731,10471.9664133255,
2020-09-05T00:00:00.000000000Z,1.63131545,,187182381369.0831394594960088,10128.64358609,
2020-09-06T00:00:00.000000000Z,1.65140122,,189495704608.097762172411936728,10253.2998980129,
2020-09-07T00:00:00.000000000Z,1.67005527,,191624618868.976433934361968144,10367.8783543542,
2020-09-08T00:00:00.000000000Z,1.62894233,,186842946951.565639888742020152,10108.6354501461,
2020-09-09T00:00:00.000000000Z,1.64757745,,188968383425.9781983884573995,10223.1114091175,
2020-09-10T00:00:00.000000000Z,1.66531058,,191039959916.776596950486150176,10334.6307302162,
2020-09-11T00:00:00.000000000Z,1.67381361,,192017369942.686500213629456224,10387.0207419638,
2020-09-12T00:00:00.000000000Z,1.68190081,,192951979972.306955951297455264,10436.9778322618,
2020-09-13T00:00:00.000000000Z,1.66341746,,190846477252.037880045664812848,10322.5236148451,
2020-09-14T00:00:00.000000000Z,1.71735678,,197147876035.17257357667462336,10662.719912332,
2020-09-15T00:00:00.000000000Z,1.7348274,,199315386280.444169828964905376,10779.3810249562,
2020-09-16T00:00:00.000000000Z,1.76292263,,202819584769.552552767444411918,10968.3205465809,
2020-09-17T00:00:00.000000000Z,1.75667708,,202239512659.742043979829889504,10936.2927505552,
2020-09-18T00:00:00.000000000Z,1.75269523,,201951566927.166370862090229417,10920.1128439509,
2020-09-19T00:00:00.000000000Z,1.77573693,,204803721045.657156994541916407,11073.7795478083,
2020-09-20T00:00:00.000000000Z,1.75066035,,201991869981.673585012028573757,10921.2180998247,
2020-09-21T00:00:00.000000000Z,1.67690819,,193385500705.584861735512163195,10455.3799623027,
2020-09-22T00:00:00.000000000Z,1.68568673,,194586236941.46975189737532561,10519.8391641146,
2020-09-23T00:00:00.000000000Z,1.64062817,,189295175073.389263161988120845,10233.2995687317,
2020-09-24T00:00:00.000000000Z,1.72053475,,198659587209.195568499822623145,10739.0427094097,
2020-09-25T00:00:00.000000000Z,1.71066582,,197645812953.467742058016750606,10683.6305806546,
2020-09-26T00:00:00.000000000Z,1.71935636,,198736273241.699241655727166201,10742.0304202221,
2020-09-27T00:00:00.000000000Z,1.72167524,,199057194328.155335970425019594,10758.8242899474,
2020-09-28T00:00:00.000000000Z,1.71621999,,198483977030.045142711986798724,10727.3750541204,
2020-09-29T00:00:00.000000000Z,1.73140353,,200598525114.737154400609306989,10841.1427444769,
2020-09-30T00:00:00.000000000Z,1.71995233,,199336157853.55047529538433913,10772.351766803,
2020-10-01T00:00:00.000000000Z,1.69356781,,196277557842.576242468722425711,10606.6173325541,
2020-10-02T00:00:00.000000000Z,1.68748627,,195610887017.8953687617000661,10570.1056777908,
2020-10-03T00:00:00.000000000Z,1.68506329,,195354357355.871440157413125775,10555.7054339567,
2020-10-04T00:00:00.000000000Z,1.70216949,,197399052168.17537482495022475,10665.618622443,
2020-10-05T00:00:00.000000000Z,1.71835152,,199389146257.067778859999565925,10772.6355995909,
2020-10-06T00:00:00.000000000Z,1.69012311,,196135347147.171177705755523975,10596.3735493863,
2020-10-07T00:00:00.000000000Z,1.70039927,,197456284574.175958742105977875,10667.1943941555,
2020-10-08T00:00:00.000000000Z,1.73638098,,201823517432.12747387289661555,10902.5293637054,
2020-10-09T00:00:00.000000000Z,1.76179817,,205009453844.920920512990838675,11074.1036797779,
2020-10-10T00:00:00.000000000Z,1.79700041,,209254297811.476849079982728775,11302.8542864407,
2020-10-11T00:00:00.000000000Z,1.80770338,,210660289442.903707747067204925,11378.2625284629,
2020-10-12T00:00:00.000000000Z,1.83284911,,213821025341.3693924331122256,11548.401556692,
2020-10-13T00:00:00.000000000Z,1.81348383,,211732652073.081494618601561776,11434.9687849211,
2020-10-14T00:00:00.000000000Z,1.80880169,,211412571561.0691152426519596,11417.10811391,
2020-10-15T00:00:00.000000000Z,1.82050458,,213006147807.55661665461834079,11502.5812390415,
2020-10-16T00:00:00.000000000Z,1.7940757,,209987678424.632561099952230484,11338.9871765634,
2020-10-17T00:00:00.000000000Z,1.79732641,,210439860963.436918508045790342,11362.8022174167,
2020-10-18T00:00:00.000000000Z,1.81665683,,212797199544.384474578991554922,11489.6225650497,
2020-10-19T00:00:00.000000000Z,1.85166488,,217551213059.643982085071174328,11745.8119675628,
2020-10-20T00:00:00.000000000Z,1.87699868,,220963353768.356580531809705956,11929.4572507306,
2020-10-21T00:00:00.000000000Z,2.013415,,237996587309.025434191590383524,12848.4906177674,
2020-10-22T00:00:00.000000000Z,2.02018679,,240767851351.291979632533688984,12997.4993417884,
2020-10-23T00:00:00.000000000Z,2.00849858,,239962077749.979259391738697808,12953.4296969608,
2020-10-24T00:00:00.000000000Z,2.02902772,,242946632969.985025874315801544,13113.8669231444,
2020-10-25T00:00:00.000000000Z,2.01568826,,241618117679.51012430016485051,13041.6410374635,
2020-10-26T00:00:00.000000000Z,2.01954164,,242349930927.495898644454250972,13080.6561698422,
2020-10-27T00:00:00.000000000Z,2.10370037,,253379717438.136886868789265228,13675.5239275278,
2020-10-28T00:00:00.000000000Z,2.04049323,,246251140475.407595104675590804,13290.3288497954,
2020-10-29T00:00:00.000000000Z,2.06357066,,249685959749.556328230337000338,13475.2173007013,
2020-10-30T00:00:00.000000000Z,2.0801745,,252068603711.57968132856007945,13603.2960908825,
2020-10-31T00:00:00.000000000Z,2.10747626,,255857310085.00280417652899176,13807.2336110462,
2020-11-01T00:00:00.000000000Z,2.09316771,,254564701609.4508063619349224,13736.89941128,
2020-11-02T00:00:00.000000000Z,2.06586073,,251953637578.668754402663984953,13595.5647603741,
2020-11-03T00:00:00.000000000Z,2.09497527,,259403733547.65453833984133946944,13996.915398597312,
2020-11-04T00:00:00.000000000Z,2.10823433,,261868434425.51367766842520586325,14129.148195499705,
2020-11-05T00:00:00.000000000Z,2.30749272,,289263271222.8742870217069913843,15606.46683372297,
2020-11-06T00:00:00.000000000Z,2.29919169,,289509996782.30499925522907928582,15618.972471361778,
2020-11-07T00:00:00.000000000Z,2.18711473,,275573226966.52506783259241699224,14866.356304500296,
2020-11-08T00:00:00.000000000Z,2.26976446,,287332273623.78415173283362967915,15500.000707188785,
2020-11-09T00:00:00.000000000Z,2.23751677,,284009875050.11599221433888664158,15319.819972530682,
2020-11-10T00:00:00.000000000Z,2.23228692,,284013859076.82195586600537172679,15319.275676212741,
2020-11-11T00:00:00.000000000Z,2.28563276,,291666002991.43652547251326622948,15731.241105786092,
2020-11-12T00:00:00.000000000Z,2.35643005,,302038563120.44169151543626816355,16289.814897720635,
2020-11-13T00:00:00.000000000Z,2.35455292,,302799008120.8576452861316359825,16330.06276797195,
2020-11-14T00:00:00.000000000Z,2.317866766319,,298584647008.3884101313076214686,16102.010016949156,
2020-11-15T00:00:00.000000000Z,2.29883051,,296462424309.675830005336999805,15986.7549905903,
2020-11-16T00:00:00.000000000Z,2.39979607,,310504166190.3269632153259632115,16743.05393980129,
2020-11-17T00:00:00.000000000Z,2.51738625,,327937646387.3306990464615504665,17682.16918702513,
2020-11-18T00:00:00.000000000Z,2.51023261,,330228752696.0764906934968358277,17804.690023962594,
2020-11-19T00:00:00.000000000Z,2.504430386254,,330503275790.76811654720711966185,17818.668662185857,
2020-11-20T00:00:00.000000000Z,2.596127396527,,346198155989.3956555388390644515,18663.78185312683,
2020-11-21T00:00:00.000000000Z,2.589987418208,,347011959222.688781168104746854,18706.58933541788,
2020-11-22T00:00:00.000000000Z,2.55377715,,342878718720.17662017163508698215,18482.692631735823,
2020-11-23T00:00:00.000000000Z,2.52775968,,340865435612.1365402023847638459,18373.257759789598,
2020-11-24T00:00:00.000000000Z,2.61774563,,355296694015.83174290192990919714,19150.251048509646,
2020-11-25T00:00:00.000000000Z,2.555478063978,,347859153595.50240628954786929266,18748.393713033314,
2020-11-26T00:00:00.000000000Z,2.326869284941,,317545276569.07193256858044754095,17113.716871420223,
2020-11-27T00:00:00.000000000Z,2.31953985,,317336964123.96154760903962347022,17101.603018059614,
2020-11-28T00:00:00.000000000Z,2.40313103,,329299905495.87578525356886141034,17745.377312448858,
2020-11-29T00:00:00.000000000Z,2.45853128,,337583882703.10197033213102419562,18190.866880420806,
2020-11-30T00:00:00.000000000Z,2.63721867,,364943559264.76212113767083427828,19664.407606662764,
2020-12-01T00:00:00.000000000Z,2.51290662,,349301709105.5421538714707978155,18820.60778959673,
2020-12-02T00:00:00.000000000Z,2.55197705,,356634805528.8200329026860635443,19214.872229047338,
2020-12-03T00:00:00.000000000Z,2.57495934,,361394948313.367582722090457773,19470.31120806546,
2020-12-04T00:00:00.000000000Z,2.47230116,,347725717595.12673273270367742577,18732.967090999413,
2020-12-05T00:00:00.000000000Z,2.51909742,,354827495085.07199768737728549172,19114.633130917588,
2020-12-06T00:00:00.000000000Z,2.54722977,,359330296296.33524040926175351724,19356.313676797196,
2020-12-07T00:00:00.000000000Z,2.51748691,,356115606012.08538325016003438317,19182.176832846293,
2020-12-08T00:00:00.000000000Z,2.40341294,,340515325198.1122856012582204575,18340.97813769725,
2020-12-09T00:00:00.000000000Z,2.422360712922,,344870639715.8820653190909814485,18574.69673524255,
2020-12-10T00:00:00.000000000Z,2.38235433,,339689620040.441209717542577722,18294.84695149036,
2020-12-11T00:00:00.000000000Z,2.34803699,,335377356184.36599465151246164,18061.760025716,
2020-12-12T00:00:00.000000000Z,2.43833504,,349347444447.473622809995977252,18813.2837685564,
2020-12-13T00:00:00.000000000Z,2.46411643,,355731616571.544891705653418177,19156.0825055523,
2020-12-14T00:00:00.000000000Z,2.474236613553,,358175636273.79315805670968543,19286.7512992402,
2020-12-15T00:00:00.000000000Z,2.48407194,,360900992195.481101484707300115,19432.5884640561,
2020-12-16T00:00:00.000000000Z,2.70395115,,396914973278.865713061945524315,21370.7203186441,
2020-12-17T00:00:00.000000000Z,2.838980097189,,423279795671.930134276552693375,22789.2674160725,
2020-12-18T00:00:00.000000000Z,2.82221791,,428122220496.30291989762297511,23048.7645610754,
2020-12-19T00:00:00.000000000Z,2.906877174893,,443154244629.218495142474385505,23856.7735192285,
2020-12-20T00:00:00.000000000Z,2.850832494921,,437079507304.866152452247063103,23528.5506135593,
2020-12-21T00:00:00.000000000Z,2.76690892,,426117800653.276291463974035994,22937.4183435418,
2020-12-22T00:00:00.000000000Z,2.831513764707,,441362670574.137817561122213324,23756.8887685564,
2020-12-23T00:00:00.000000000Z,2.75180066,,433031966997.91920831140466781,23307.2709018118,
2020-12-24T00:00:00.000000000Z,2.77320466,,440489071172.94822156437048301,23707.6330440678,
2020-12-25T00:00:00.000000000Z,2.87742129,,458376575230.923467851195241505,24669.1643220339,
2020-12-26T00:00:00.000000000Z,3.06732801,,492010402696.750920420931519248,26478.0681052016,
2020-12-27T00:00:00.000000000Z,3.033869719213,,491157576017.431026921672940038,26430.8565971946,
2020-12-28T00:00:00.000000000Z,3.03336124,,502492068165.239587815883618749,27039.3490199883,
2020-12-29T00:00:00.000000000Z,3.00690895,,506083309589.840069658697254779,27231.2034552893,
2020-12-30T00:00:00.000000000Z,3.14848763,,536099036611.899047951417498297,28844.6136781999,
2020-12-31T00:00:00.000000000Z,3.140996404211,,539438485763.343279387060522126,29022.6714126242,
2021-01-01T00:00:00.000000000Z,3.145922773591,,546120334521.126110751109364234,29380.6937327878,
2021-01-02T00:00:00.000000000Z,3.36183826,,595259096891.809040983449185127,32022.6810578609,
2021-01-03T00:00:00.000000000Z,3.43360474,,618623608665.447476163866202144,33277.8353050848,
2021-01-04T00:00:00.000000000Z,3.2392637,,591225447115.905726233414699134,31802.1467136178,
2021-01-05T00:00:00.000000000Z,3.40781574,,632363459585.743011660389602838,34013.1741724138,
2021-01-06T00:00:00.000000000Z,3.60095708,,681302148777.478154369881686746,36643.2777223846,
2021-01-07T00:00:00.000000000Z,3.742047073313,,729171021092.374255481806167876,39215.6511490356,
2021-01-08T00:00:00.000000000Z,3.78863874,,758210602558.811174255643385572,40775.4045634132,
2021-01-09T00:00:00.000000000Z,3.6883279,,750719944876.220938993117024472,40370.6823495032,
2021-01-10T00:00:00.000000000Z,3.47615243,,712797906122.693299151203190753,38329.3401665693,
2021-01-11T00:00:00.000000000Z,3.17723254,,655929285013.387809300339736469,35269.5137177089,
2021-01-12T00:00:00.000000000Z,3.024579234512,,627003122628.91361296492239804,33712.4685452952,
2021-01-13T00:00:00.000000000Z,3.31893271605,,693697236158.013835612589779175,37296.5475277615,
2021-01-14T00:00:00.000000000Z,3.43968572,,726263096560.8241151091442708,39045.518340152,
2021-01-15T00:00:00.000000000Z,3.21691863,,682862938504.598422776638989455,36710.3174248977,
2021-01-16T00:00:00.000000000Z,3.16002808,,672980587612.297490356461603071,36177.2610970193,
2021-01-17T00:00:00.000000000Z,3.14208979,,671014140602.76978112108685043,36069.939466803,
2021-01-18T00:00:00.000000000Z,3.16789734,,680801989756.280257034940111558,36594.2964018118,
2021-01-19T00:00:00.000000000Z,3.12779915,,674433161169.639863411307765949,36250.1461893629,
2021-01-20T00:00:00.000000000Z,3.05640832,,660796011360.79898760529503158,35515.480012858,
2021-01-21T00:00:00.000000000Z,2.671999724485,,577233663032.78843324620068509,31022.9510280538,
2021-01-22T00:00:00.000000000Z,2.83570647,,613796635287.049485540830423765,32986.4357568673,
2021-01-23T00:00:00.000000000Z,2.75080418,,596147845572.609286119351622165,32036.2822723553,
2021-01-24T00:00:00.000000000Z,2.763770318383,,599522055193.02474066281334687,32216.1042904734,
2021-01-25T00:00:00.000000000Z,2.777191691556,,603339325091.353089603318815915,32419.7059462303,
2021-01-26T00:00:00.000000000Z,2.79160837,,607483795108.315068507923036771,32640.6391426067,
2021-01-27T00:00:00.000000000Z,2.58416695,,565045318370.528332924905791455,30358.9347235535,
2021-01-28T00:00:00.000000000Z,2.83537151,,623747780660.85787026444138237,33511.287595149,
2021-01-29T00:00:00.000000000Z,2.87127647,,635969224450.954967581558802864,34166.1494259497,
2021-01-30T00:00:00.000000000Z,2.878188037248,,639419076068.851060269496120208,34349.9170952659,
2021-01-31T00:00:00.000000000Z,2.77012967,,617258425467.524109882324800736,33157.8325745178,
2021-02-01T00:00:00.000000000Z,2.798474060738,,624961266006.230306686254094824,33570.2718468732,
2021-02-02T00:00:00.000000000Z,2.95247741,,662710063272.540975771702576292,35596.1489094097,
2021-02-03T00:00:00.000000000Z,3.10161426,,699649284857.63860972564890021,37578.3732068966,
2021-02-04T00:00:00.000000000Z,3.046232040351,,691323581111.57046452479278282,37129.2029376972,
2021-02-05T00:00:00.000000000Z,3.09428668,,708423060288.524287587172288335,38045.4136084161,
2021-02-06T00:00:00.000000000Z,3.18428793,,732600102916.43723569661580765,39341.727081239,
2021-02-07T00:00:00.000000000Z,3.141200247585,,726330767434.786695146518154385,39003.0121817651,
2021-02-08T00:00:00.000000000Z,3.65741696,,858949072826.58931377214141047,46121.9340724722,
2021-02-09T00:00:00.000000000Z,3.61855022,,866928505326.46266604977560282,46548.1619912332,
2021-02-10T00:00:00.000000000Z,3.46683384,,839590396720.43281199390515005,45078.128350263,
2021-02-11T00:00:00.000000000Z,3.64585169,,892053672305.528122182596610775,47892.8409181765,
2021-02-12T00:00:00.000000000Z,3.57975153,,885248328501.293479112060578269,47525.2091431911,
2021-02-13T00:00:00.000000000Z,3.54773666,,879397542244.093404817195878066,47208.6250270602,
2021-02-14T00:00:00.000000000Z,3.65475277,,909642134133.662228395269370735,48829.8275096435,
2021-02-15T00:00:00.000000000Z,3.56148121,,896282713832.770206590949473532,48110.2417334892,
2021-02-16T00:00:00.000000000Z,3.6125173,,915511120381.022400562741996104,49140.3826578024,
2021-02-17T00:00:00.000000000Z,3.79432537,,973022997734.073380261693554964,52224.9391139684,
2021-02-18T00:00:00.000000000Z,3.70969063,,962356492673.054969336167603701,51650.0699485681,
2021-02-19T00:00:00.000000000Z,3.90986635,,1040114403936.818270762765418732,55820.5044038574,
2021-02-20T00:00:00.000000000Z,3.87796973,,1040935228534.234125749447584954,55861.8205670953,
2021-02-21T00:00:00.000000000Z,3.95810037,,1071525228027.261646529994835088,57500.7161102864,
2021-02-22T00:00:00.000000000Z,3.68695731,,1005442646562.840098536745249908,53952.1533386324,
2021-02-23T00:00:00.000000000Z,3.28933195,,905003103158.041232005834428624,48560.4890350672,
2021-02-24T00:00:00.000000000Z,3.32994398,,923816728819.236089448770050219,49567.3456890707,
2021-02-25T00:00:00.000000000Z,3.17682646,,886602532433.47161137212848892,47568.131170076,
2021-02-26T00:00:00.000000000Z,3.06572143,,861734772437.392871901558513927,46231.7675784921,
2021-02-27T00:00:00.000000000Z,3.04478896,,854375146984.043242662695082701,45834.5133611923,
2021-02-28T00:00:00.000000000Z,3.00886446,,845557162612.153245106983135378,45359.4641642314,
2021-03-01T00:00:00.000000000Z,3.269931,,925288521256.208336241848849856,49634.4471092928,
2021-03-02T00:00:00.000000000Z,3.17061495,,900542565669.176418786324060786,48304.7054879018,
2021-03-03T00:00:00.000000000Z,3.3135168,,945068375223.453209569508112368,50690.4671835184,
2021-03-04T00:00:00.000000000Z,3.161905493951,,903761087528.423660668575735229,48472.7954751607,
2021-03-05T00:00:00.000000000Z,3.17106851,,909922405336.216343381386098183,48800.8173594389,
2021-03-06T00:00:00.000000000Z,3.175929809802,,913133225105.129988582849155206,48970.5244868498,
2021-03-07T00:00:00.000000000Z,3.30549961,,952634973107.228904633519661984,51086.4681794272,
2021-03-08T00:00:00.000000000Z,3.35002291,,971370359588.66684947740844794,52088.475131502,
2021-03-09T00:00:00.000000000Z,3.49855563203,,1020849011792.851219378156204173,54739.1352542373,
2021-03-10T00:00:00.000000000Z,3.56293331,,1046579658341.07314209578303532,56116.040912332,
2021-03-11T00:00:00.000000000Z,3.63177042,,1078915001902.639220760719223701,57847.2549357101,
2021-03-12T00:00:00.000000000Z,3.570586382096,,1069407948747.61044804596049775,57334.641534775,
2021-03-13T00:00:00.000000000Z,3.78957634,,1143215732518.743351065751826647,61288.7941276447,
2021-03-14T00:00:00.000000000Z,3.68484058,,1117474232904.1155304209650166,59905.6184704851,
2021-03-15T00:00:00.000000000Z,3.43735753,,1046930473230.870869778215386,56121.121924021,
2021-03-16T00:00:00.000000000Z,3.44231318,,1054059319176.536929659488840586,56500.4460257159,
2021-03-17T00:00:00.000000000Z,3.55383882,,1094827655431.387042486610515856,58683.0659824664,
2021-03-18T00:00:00.000000000Z,3.48651656,,1077129119414.388927206127413034,57731.4798410871,
2021-03-19T00:00:00.000000000Z,3.50341884,,1085329605069.369136540550086558,58168.1219222677,
2021-03-20T00:00:00.000000000Z,3.49731896,,1086873922161.563067314871824322,58247.8847066043,
2021-03-21T00:00:00.000000000Z,3.440164039174,,1072003269491.243688146666516712,57447.9330198714,
2021-03-22T00:00:00.000000000Z,3.25092326,,1016170477565.7162505754596803,54453.1373508475,
2021-03-23T00:00:00.000000000Z,3.23614304,,1018286990169.854575018193826188,54563.6119458211,
2021-03-24T00:00:00.000000000Z,3.11041886,,981605643201.555135578488204484,52595.4113237873,
2021-03-25T00:00:00.000000000Z,3.03612207,,962090739266.119950892477511736,51547.1248953828,
2021-03-26T00:00:00.000000000Z,3.20883079,,1023183245013.298503436483898162,54817.8571122151,
2021-03-27T00:00:00.000000000Z,3.26897077,,1045674049178.208585005144952826,56019.8373055523,
2021-03-28T00:00:00.000000000Z,3.24472988,,1040002658248.186394135223455528,55713.0381396844,
2021-03-29T00:00:00.000000000Z,3.33795673,,1074744167036.587143957641595276,57571.2333477498,
2021-03-30T00:00:00.000000000Z,3.38330063,,1095581166692.607598855034983828,58684.5483921683,
2021-03-31T00:00:00.000000000Z,3.375535019449,,1097648506570.546065701828418436,58792.1948275862,
2021-04-01T00:00:00.000000000Z,3.35598363,,1098201835461.618873290131325694,58818.9770985973,
2021-04-02T00:00:00.000000000Z,3.35413045,,1102222111989.42197727077998923,59031.5340192285,
2021-04-03T00:00:00.000000000Z,3.25187507,,1069609423123.542817339109069824,57282.3896247808,
2021-04-04T00:00:00.000000000Z,3.298301283114,,1086837744784.44511390866247254,58202.199391993,
2021-04-05T00:00:00.000000000Z,3.32023402,,1097233663848.435577085041979022,58755.8525295149,
2021-04-06T00:00:00.000000000Z,3.22914317,,1084740698496.776618148282727032,58084.0664231444,
2021-04-07T00:00:00.000000000Z,3.12214094,,1050858458013.294832665881086106,56266.8346762127,
2021-04-08T00:00:00.000000000Z,3.2057806,,1082591596128.14550570079649709,57963.3445994155,
2021-04-09T00:00:00.000000000Z,3.203576140634,,1084298143058.165095518554526644,58051.7625563998,
2021-04-10T00:00:00.000000000Z,3.27565104,,1114237875675.66307551777977898,59651.5589877265,
2021-04-11T00:00:00.000000000Z,3.28353702,,1119547961330.944505103563758932,59932.9306469901,
2021-04-12T00:00:00.000000000Z,3.26759859,,1119097619041.512440860648290414,59905.9363744594,
2021-04-13T00:00:00.000000000Z,3.43453079,,1185278789468.17145593625619516,63445.638314436,
2021-04-14T00:00:00.000000000Z,3.37622405,,1174568449691.459555104504526698,62869.4955873758,
2021-04-15T00:00:00.000000000Z,3.37419883,,1181393313259.53562485556271202,63231.162987142,
2021-04-16T00:00:00.000000000Z,3.27664917,,1150416986978.159615760570948693,61571.1100905903,
2021-04-17T00:00:00.000000000Z,3.19962738,,1126344072578.019154041074567516,60280.8761758036,
2021-04-18T00:00:00.000000000Z,2.959841879616,,1053678758609.268016094255104725,56389.5579812975,
2021-04-19T00:00:00.000000000Z,2.92575459,,1042661468497.992291930948175949,55798.1370771479,
2021-04-20T00:00:00.000000000Z,2.95532944,,1055343018461.872760523967815717,56474.3737586207,
2021-04-21T00:00:00.000000000Z,2.82653587,,1009620339154.982492951731838718,54025.7995745178,
2021-04-22T00:00:00.000000000Z,2.70960708,,969605047752.213435462522452401,51882.0598106371,
2021-04-23T00:00:00.000000000Z,2.65915763,,952320874673.58425314104944732,50954.9100607832,
2021-04-24T00:00:00.000000000Z,2.61911452,,939751744133.448692503199502984,50279.9484464056,
2021-04-25T00:00:00.000000000Z,2.54988868,,914880447463.538410970848870956,48946.9407428404,
2021-04-26T00:00:00.000000000Z,2.79947785,,1008308106916.240405330107287928,53943.3499783752,
2021-04-27T00:00:00.000000000Z,2.84255929,,1028613088872.391340147593127238,55027.0309848042,
2021-04-28T00:00:00.000000000Z,2.82520447,,1024181924008.557241347004994032,54787.3787071888,
2021-04-29T00:00:00.000000000Z,2.75289848,,1001410824175.220288210225302272,53567.0811938048,
2021-04-30T00:00:00.000000000Z,2.9509244,,1079500865486.8406699476046052,57741.44441654,
2021-05-01T00:00:00.000000000Z,2.95232813,,1081834705464.883415500583348464,57863.5903927528,
2021-05-02T00:00:00.000000000Z,2.88247785,,1057763322365.580931547527279668,56572.5968410286,
2021-05-03T00:00:00.000000000Z,2.90918692,,1070362250436.166531195904216925,57243.0416054939,
2021-05-04T00:00:00.000000000Z,2.72676307,,1004624064123.3465638331765425,53724.10892519,
2021-05-05T00:00:00.000000000Z,2.90068009,,1072334244435.84679794470931005,57342.0256616014,
2021-05-06T00:00:00.000000000Z,2.845644398322,,1057159380527.910519281717439275,56527.3529789597,
2021-05-07T00:00:00.000000000Z,2.86911512,,1072438910564.65772736972299495,57341.0684549386,
2021-05-08T00:00:00.000000000Z,2.93389162,,1098593174225.62941672323922895,58736.1258950906,
2021-05-09T00:00:00.000000000Z,2.90472472,,1090287204598.6418241949441397,58288.4256303916,
2021-05-10T00:00:00.000000000Z,2.78208874,,1045729267184.14828929583385565,55902.9277399182,
2021-05-11T00:00:00.000000000Z,2.81280636,,1059056066491.19112208785143655,56612.1026487434,
2021-05-12T00:00:00.000000000Z,2.528710162627,,953606762907.26893958275239425,50972.355081239,
2021-05-13T00:00:00.000000000Z,2.4489477,,923653159148.45135085585242685,49368.6144739918,
2021-05-14T00:00:00.000000000Z,2.47934018,,935459104298.898649359907650375,49997.3959011105,
2021-05-15T00:00:00.000000000Z,2.33381396,,880310927346.374729743618851375,47047.9633331385,
2021-05-16T00:00:00.000000000Z,2.2838578,,861161597488.64113646887551145,46022.5037090006,
2021-05-17T00:00:00.000000000Z,2.16428882,,813851735267.468997270814005825,43492.3954833431,
2021-05-18T00:00:00.000000000Z,2.13179763,,800731332066.742073602081586725,42789.8093921683,
2021-05-19T00:00:00.000000000Z,1.88892076,,704438836807.36540278990054405,37642.5200017534,
2021-05-20T00:00:00.000000000Z,2.05205637,,763545013579.125060770469338375,40799.4021475745,
2021-05-21T00:00:00.000000000Z,1.87448768,,695728769937.644168754739476525,37174.3311014027,
2021-05-22T00:00:00.000000000Z,1.90162942,,704535197246.986735277778145125,37643.4197983635,
2021-05-23T00:00:00.000000000Z,1.75890282,,650860805397.67993001100783275,34774.207221917,
2021-05-24T00:00:00.000000000Z,1.94867935,,723066857297.359453796448416575,38630.4091186441,
2021-05-25T00:00:00.000000000Z,1.93329011,,716346014295.9410664927660097,38269.7710747516,
2021-05-26T00:00:00.000000000Z,1.97886373,,733691994944.917714159107371175,39194.8588980129,
2021-05-27T00:00:00.000000000Z,1.94636165,,720916265382.9325540844662953,38510.8570417884,
2021-05-28T00:00:00.000000000Z,1.80279078,,666390584725.3660490906271851,35596.7179510228,
2021-05-29T00:00:00.000000000Z,1.75819515,,649288294161.1663388325002856,34681.8183670368,
2021-05-30T00:00:00.000000000Z,1.80573948,,667486590030.13711396732899535,35652.1687703098,
2021-05-31T00:00:00.000000000Z,1.88939041,,698613395865.977085911571409975,37312.9748970193,
2021-06-01T00:00:00.000000000Z,1.85490761,,686446041528.999021344417486025,36661.3781184687,
2021-06-02T00:00:00.000000000Z,1.905098964141,,704798573851.844913358857585375,37639.4556732905,
2021-06-03T00:00:00.000000000Z,1.9791401,,733309551805.95351595142114745,39160.1504132086,
2021-06-04T00:00:00.000000000Z,1.866853639007,,690723752475.9788240889933733,36884.3735551724,
2021-06-05T00:00:00.000000000Z,1.79378368,,663134442422.81711012330973928,35409.5672366452,
2021-06-06T00:00:00.000000000Z,1.81038933,,668992893681.97622311106645696,35720.6043546464,
2021-06-07T00:00:00.000000000Z,1.71255578,,631644548545.33970075862951364,33724.9077517826,
2021-06-08T00:00:00.000000000Z,1.7042113,,626996036535.32909250162604924,33475.0489234366,
2021-06-09T00:00:00.000000000Z,1.89766024,,700034858090.97353911823713992,37372.9888953828,
2021-06-10T00:00:00.000000000Z,1.87120729,,689816389289.03810908698582784,36826.0022185856,
2021-06-11T00:00:00.000000000Z,1.88860664,,696572821848.91905517003490896,37185.3931268264,
2021-06-12T00:00:00.000000000Z,1.81254069,,668199727376.67813507970872724,35669.1712817066,
2021-06-13T00:00:00.000000000Z,1.976225,,729231971944.12940962181906146,38925.4194289889,
2021-06-14T00:00:00.000000000Z,2.04984505,,757932558315.04960116679596334,40455.5959833431,
2021-06-15T00:00:00.000000000Z,2.03798688,,754200836376.5772271952066339,40254.6514679135,
2021-06-16T00:00:00.000000000Z,1.937890111061,,716962840858.30228141604317464,38265.5437726476,
2021-06-17T00:00:00.000000000Z,1.927486814795,,712367675979.03366374690075434,38018.6432346581,
2021-06-18T00:00:00.000000000Z,1.812458657444,,669218352695.63920436661310326,35714.3120787259,
2021-06-19T00:00:00.000000000Z,1.805038478086,,666274332004.68909414718833404,35555.9763966686,
2021-06-20T00:00:00.000000000Z,1.807459745287,,667121552365.07582253978854818,35599.9418784337,
2021-06-21T00:00:00.000000000Z,1.615498500377,,594343881161.06177921998081544,31715.1598624196,
2021-06-22T00:00:00.000000000Z,1.651499802307,,607094219837.79762063255390418,32394.5555949737,
2021-06-23T00:00:00.000000000Z,1.713698226674,,629902934904.71660859467562186,33610.4968129749,
2021-06-24T00:00:00.000000000Z,1.766672167447,,649575438469.4299979653048406,34658.972875979,
2021-06-25T00:00:00.000000000Z,1.630917169218,,593831228445.30118906055472264,31683.5032004676,
2021-06-26T00:00:00.000000000Z,1.643033945428,,597731932924.4773734368610565,31890.6764465225,
2021-06-27T00:00:00.000000000Z,1.776255857109,,646773066239.31226072267129242,34506.4911975453,
2021-06-28T00:00:00.000000000Z,1.769776037417,,644349642813.4773077237447662,34376.188538983,
2021-06-29T00:00:00.000000000Z,1.849675862855,,673565423656.21076484765303702,35933.7782178843,
2021-06-30T00:00:00.000000000Z,1.805586334557,,657308520165.89429722513526284,35065.4661533606,
2021-07-01T00:00:00.000000000Z,1.727368166727,,628078911133.44925641793683564,33505.0804935126,
2021-07-02T00:00:00.000000000Z,1.746141242195,,633306719050.43428124040386274,33782.9459464641,
2021-07-03T00:00:00.000000000Z,1.787452030946,,648430198161.17919127046223822,34588.2242916423,
2021-07-04T00:00:00.000000000Z,1.8265447061,,662841855840.38130259749205916,35355.6078883694,
2021-07-05T00:00:00.000000000Z,1.752492211228,,635800664838.83073303689612788,33911.7538404442,
2021-07-06T00:00:00.000000000Z,1.763785729615,,639809939899.60406399724750832,34123.9815680888,
2021-07-07T00:00:00.000000000Z,1.753796589122,,636229302844.70916776876978162,33931.6186382233,
2021-07-08T00:00:00.000000000Z,1.697989573018,,615408206333.48720301943040772,32819.6595312098,
2021-07-09T00:00:00.000000000Z,1.754049012631,,635972699231.91863219000892384,33914.8810742256,
2021-07-10T00:00:00.000000000Z,1.738516988105,,630307119097.99099166667021112,33610.9458386908,
2021-07-11T00:00:00.000000000Z,1.771750243299,,642476387837.8834544646191277,34258.4413898305,
2021-07-12T00:00:00.000000000Z,1.713116506244,,621438096852.928501650231659525,33135.2359117475,
2021-07-13T00:00:00.000000000Z,1.688811469688,,612214949439.348005110927093311,32641.9759610169,
2021-07-14T00:00:00.000000000Z,1.697934967437,,615181434967.084365773732085293,32798.2845189947,
2021-07-15T00:00:00.000000000Z,1.643649164372,,594751052034.965316535477796902,31707.6900368206,
2021-07-16T00:00:00.000000000Z,1.63221452573,,590054215680.703998219597005023,31455.7175818819,
2021-07-17T00:00:00.000000000Z,1.630400402935,,591812552914.473274943849576688,31547.9511990064,
2021-07-18T00:00:00.000000000Z,1.639258220118,,594837912850.213017402348105309,31707.7038527177,
2021-07-19T00:00:00.000000000Z,1.597725750094,,579408058603.488918195152407851,30883.4697462303,
2021-07-20T00:00:00.000000000Z,1.540648215719,,558478126514.653154311679478478,29766.6577182934,
2021-07-21T00:00:00.000000000Z,1.661721371109,,602653902984.295239409504662776,32119.6572258328,
2021-07-22T00:00:00.000000000Z,1.670492594499,,606199143136.722079720295047058,32306.9614285798,
2021-07-23T00:00:00.000000000Z,1.732406654257,,627479802970.869257774359011654,33439.5957028638,
2021-07-24T00:00:00.000000000Z,1.769606297066,,641160519675.98174321624333004,34166.914654588,
2021-07-25T00:00:00.000000000Z,1.81848487747,,659078087900.030933081529566859,35119.9374360023,
2021-07-26T00:00:00.000000000Z,1.93010945385,,702742383037.946829488934347505,37444.7825102279,
2021-07-27T00:00:00.000000000Z,2.001791162085,,734346228533.461643644123849812,39126.5402881356,
2021-07-28T00:00:00.000000000Z,2.033833059073,,749637705826.205839766003003865,39939.1940432495,
2021-07-29T00:00:00.000000000Z,2.017407304464,,752436348341.302068678236417986,40086.1643950906,
2021-07-30T00:00:00.000000000Z,2.099162197424,,784455260094.138986689261885926,41789.6670981882,
2021-07-31T00:00:00.000000000Z,2.098153113059,,784564984126.033268637315595715,41793.3137481005,
2021-08-01T00:00:00.000000000Z,2.006838470091,,750355941541.017038067180448292,39968.9689544126,
2021-08-02T00:00:00.000000000Z,1.972933571383,,737910797087.454530223044844798,39304.1862835769,
2021-08-03T00:00:00.000000000Z,1.922865034712,,718888492618.70640991945324685,38288.8253975453,
2021-08-04T00:00:00.000000000Z,1.995697932518,,746805401841.9286074332839626,39773.9113489188,
2021-08-05T00:00:00.000000000Z,2.052274774394,,768772119139.35813164554081188,40941.650434249,
2021-08-06T00:00:00.000000000Z,2.140827816615,,803528296774.288602604559609748,42790.3573284629,
2021-08-07T00:00:00.000000000Z,2.222890074166,,835395295482.425350646553251028,44484.9005862069,
2021-08-08T00:00:00.000000000Z,2.195821362505,,825812457038.732442603290617972,43972.3010181181,
2021-08-09T00:00:00.000000000Z,2.303684409546,,868926021044.149549527656033268,46265.6424564582,
2021-08-10T00:00:00.000000000Z,2.261488524708,,854382704549.506343170607098104,45488.7912624196,
2021-08-11T00:00:00.000000000Z,2.268172978331,,857947004307.331020253992958644,45676.3263611923,
2021-08-12T00:00:00.000000000Z,2.20343699514,,834123407129.094935034760550404,44405.7483483343,
2021-08-13T00:00:00.000000000Z,2.362590119037,,896373859155.213315210005448216,47717.4853559322,
2021-08-14T00:00:00.000000000Z,2.327809478249,,885277380213.191867405617313108,47124.2050736411,
2021-08-15T00:00:00.000000000Z,2.323985756424,,884394736774.21302693825696708,47074.370710111,
2021-08-16T00:00:00.000000000Z,2.268193061802,,863969541715.853611077038961958,45984.7199070719,
2021-08-17T00:00:00.000000000Z,2.204708913004,,840144904105.123492752881644212,44714.0967982466,
2021-08-18T00:00:00.000000000Z,2.213680687968,,844697273128.482424690978769376,44954.3637469316,
2021-08-19T00:00:00.000000000Z,2.293129661764,,876544383505.940716845584782476,46646.8615049679,
2021-08-20T00:00:00.000000000Z,2.414499299985,,925337170100.169633741212647736,49240.8356049094,
2021-08-21T00:00:00.000000000Z,2.403261370099,,922183481119.933180863779131476,49070.2409701929,
2021-08-22T00:00:00.000000000Z,2.414996575605,,927741877823.068146092955205596,49363.3160952659,
2021-08-23T00:00:00.000000000Z,2.420040085444,,932079739908.438006987437310822,49590.8763676213,
2021-08-24T00:00:00.000000000Z,2.33794635096,,900831282245.606611390227949828,47925.8622127411,
2021-08-25T00:00:00.000000000Z,2.379019545564,,921113698122.067437737200182588,49002.3166049094,
2021-08-26T00:00:00.000000000Z,2.287786761638,,887096494654.228718125799843988,47190.3449929866,
2021-08-27T00:00:00.000000000Z,2.375147501066,,922070878172.402401781433189192,49048.4755891292,
2021-08-28T00:00:00.000000000Z,2.363961726236,,918429163463.364998917871391624,48852.4687995324,
2021-08-29T00:00:00.000000000Z,2.367277866365,,920279421677.584155420250803918,48948.3479579193,
2021-08-30T00:00:00.000000000Z,2.277961082403,,886052810980.313586291856195722,47125.7685189947,
2021-08-31T00:00:00.000000000Z,2.280110865221,,887852829053.080200478197098748,47219.2443424898,
2021-09-01T00:00:00.000000000Z,2.346384601556,,915521308402.33887970927586792,48688.5375572764,
2021-09-02T00:00:00.000000000Z,2.375035051723,,928373472804.15251407437906296,49369.5862746932,
2021-09-03T00:00:00.000000000Z,2.395390356338,,937651654078.766469756804318434,49860.5341635301,
2021-09-04T00:00:00.000000000Z,2.395772281636,,938810353594.90132041533819398,49919.577563647,
2021-09-05T00:00:00.000000000Z,2.480946695916,,973242843766.651290458980335078,51747.6438565167,
2021-09-06T00:00:00.000000000Z,2.51931377876,,990093469707.980539823232051702,52640.5883740503,
2021-09-07T00:00:00.000000000Z,2.245742480847,,881308435814.744198864851305292,46854.4006028638,
2021-09-08T00:00:00.000000000Z,2.213572688033,,868814300650.148110633239195436,46187.9757306254,
2021-09-09T00:00:00.000000000Z,2.222094260363,,873759807785.656226024559004682,46448.7748290473,
2021-09-10T00:00:00.000000000Z,2.142454311237,,842129122357.553977997476170608,44765.2755762712,
2021-09-11T00:00:00.000000000Z,2.157808262825,,848441215860.361137447569387964,45098.5916447691,
2021-09-12T00:00:00.000000000Z,2.208217016174,,868839735686.391448931838557592,46180.6124563998,
2021-09-13T00:00:00.000000000Z,2.151863481078,,846512959971.395701111870233324,44991.5221277031,
2021-09-14T00:00:00.000000000Z,2.245175277381,,884777283874.670326175721623568,47022.6177597896,
2021-09-15T00:00:00.000000000Z,2.293761212961,,906356284523.251741513216772154,48167.1893676213,
2021-09-16T00:00:00.000000000Z,2.273981867172,,899437280895.787407177980024434,47797.3283237873,
2021-09-17T00:00:00.000000000Z,2.244949537952,,888499868900.24920510968394377,47213.7941294565,
2021-09-18T00:00:00.000000000Z,2.290426705637,,907181161197.666551395626474982,48204.0136519579,
2021-09-19T00:00:00.000000000Z,2.242941684172,,888680899050.940709159307309914,47218.4739964933,
2021-09-20T00:00:00.000000000Z,2.040586287582,,806611150255.100828900879896216,42855.5103448276,
2021-09-21T00:00:00.000000000Z,1.933233183973,,762806301935.132170850157328228,40526.4893760958,
2021-09-22T00:00:00.000000000Z,2.075944471859,,820271543076.071662528187379972,43577.5724821742,
2021-09-23T00:00:00.000000000Z,2.135308888042,,844481693316.983069651203849602,44861.2980329047,
2021-09-24T00:00:00.000000000Z,2.038939778388,,805781097472.61598676026639432,42803.307701052,
2021-09-25T00:00:00.000000000Z,2.035666539997,,804538656841.32309660009565497,42735.2658240795,
2021-09-26T00:00:00.000000000Z,2.040529522117,,812031799027.239135498440531856,43131.2941773816,
2021-09-27T00:00:00.000000000Z,2.010425564687,,800127083577.484982039493644636,42496.7852250146,
2021-09-28T00:00:00.000000000Z,1.951689041262,,776198293483.30256855375888505,41223.7862743425,
2021-09-29T00:00:00.000000000Z,1.962665363543,,780565646921.458621327930794092,41453.9470131502,
2021-09-30T00:00:00.000000000Z,2.069864321133,,824440444029.20330247777536,43781.546015488,
2021-10-01T00:00:00.000000000Z,2.26565626698,,905390548127.170010945136100068,48078.1315543542,
2021-10-02T00:00:00.000000000Z,2.248711046277,,900066645699.456894375228029832,47792.4391943308,
2021-10-03T00:00:00.000000000Z,2.266397740964,,907836753956.088675730216292406,48202.6229177089,
2021-10-04T00:00:00.000000000Z,2.31284262096,,928335986047.269271706851558434,49288.5013106371,
2021-10-05T00:00:00.000000000Z,2.411845063946,,971135174368.551882466916428848,51558.0493319112,
2021-10-06T00:00:00.000000000Z,2.572944325306,,1043919575657.03158784559766002,55419.800411163,
2021-10-07T00:00:00.000000000Z,2.490026710036,,1013552627931.885274202426916732,53805.1569125658,
2021-10-08T00:00:00.000000000Z,2.492000787508,,1016011255921.6255601947373381,53933.5275908825,
2021-10-09T00:00:00.000000000Z,2.538238578635,,1036359022483.636859651646174156,55010.9224751607,
2021-10-10T00:00:00.000000000Z,2.520123658863,,1030579975221.364961233348370772,54701.2797022209,
2021-10-11T00:00:00.000000000Z,2.631558646637,,1079388786986.323986160738316808,57289.1864570426,
2021-10-12T00:00:00.000000000Z,2.574418652958,,1058842478838.181975935311079904,56196.1812597896,
2021-10-13T00:00:00.000000000Z,2.620098281333,,1080622323470.5658863438961259,57348.8928769725,
2021-10-14T00:00:00.000000000Z,2.613922367304,,1081333675898.480932244373763844,57384.0369146698,
2021-10-15T00:00:00.000000000Z,2.783786506255,,1157932253824.427704936351523546,61446.0840073057,
2021-10-16T00:00:00.000000000Z,2.755061819188,,1148296342322.663436865444700184,60932.0632119228,
2021-10-17T00:00:00.000000000Z,2.775039217832,,1158348928964.852051097722718282,61462.2223722969,
2021-10-18T00:00:00.000000000Z,2.778276503838,,1168109108621.064265737114844833,61977.0575514319,
2021-10-19T00:00:00.000000000Z,2.86843851115,,1211781363655.900931070052702826,64290.8977574518,
2021-10-20T00:00:00.000000000Z,2.928317326688,,1245221514980.271723822573454197,66061.7965639977,
2021-10-21T00:00:00.000000000Z,2.756592260011,,1175764509578.198672541726212317,62373.8856206897,
2021-10-22T00:00:00.000000000Z,2.683021944048,,1145232055939.322267300195356273,60750.9673718293,
2021-10-23T00:00:00.000000000Z,2.702488997272,,1154696513456.67800402818482792,61250.082628872,
2021-10-24T00:00:00.000000000Z,2.679080716831,,1147503503631.447812904301189046,60865.4470523086,
2021-10-25T00:00:00.000000000Z,2.761945352578,,1188415315425.777819983643515756,63031.6729015196,
2021-10-26T00:00:00.000000000Z,2.643400963823,,1138740201958.920794832328490065,60393.9802738165,
2021-10-27T00:00:00.000000000Z,2.563731148388,,1104280514495.557958522681070526,58563.3359899766,
2021-10-28T00:00:00.000000000Z,2.64447556709,,1142074087989.800478897925714011,60564.5721122151,
2021-10-29T00:00:00.000000000Z,2.709231626512,,1173560980221.031771571465302955,62230.8055689655,
2021-10-30T00:00:00.000000000Z,2.6854484387,,1164420084616.551594356803425589,61742.9165321449,
2021-10-31T00:00:00.000000000Z,2.660031269082,,1158628121727.842166013684409107,61432.9700628287,
2021-11-01T00:00:00.000000000Z,2.639313472843,,1152255716550.155346258690097911,61092.0950592051,
2021-11-02T00:00:00.000000000Z,2.705646798155,,1188769633683.107488447105916622,63024.7472296902,
2021-11-03T00:00:00.000000000Z,2.692667749587,,1187535932342.479004260238387301,62955.9817630041,
2021-11-04T00:00:00.000000000Z,2.624435938698,,1158125134065.475922413394266542,61393.8899780246,
2021-11-05T00:00:00.000000000Z,2.601770640962,,1150864132606.26085170759737713,61005.840833723,
2021-11-06T00:00:00.000000000Z,2.617491647791,,1159397601037.268877635493187665,61455.0536268849,
2021-11-07T00:00:00.000000000Z,2.682304638596,,1189431376523.695522876443940914,63043.8290590298,
2021-11-08T00:00:00.000000000Z,2.854649564891,,1274349562679.175161186052071712,67541.7555081824,
2021-11-09T00:00:00.000000000Z,2.82534877502,,1265995157805.919844861764314615,67095.5856706605,
2021-11-10T00:00:00.000000000Z,2.721054645529,,1221912387623.929112106158213407,64756.0779689071,
2021-11-11T00:00:00.000000000Z,2.723236415073,,1225879749587.158258593025370817,64962.9312939801,
2021-11-12T00:00:00.000000000Z,2.650242500833,,1209255835198.82493725186886885,64078.968037405,
2021-11-13T00:00:00.000000000Z,2.661045965713,,1215334035223.431028261547011257,64397.7912063121,
2021-11-14T00:00:00.000000000Z,2.684880108371,,1227371081397.809929709225307089,65032.2256548217,
2021-11-15T00:00:00.000000000Z,2.626068388319,,1203297567403.203403478143257732,63753.5031592636,
2021-11-16T00:00:00.000000000Z,2.481173720882,,1138596574917.183600065207829213,60322.4978530099,
2021-11-17T00:00:00.000000000Z,2.470657927214,,1135477990765.838738895403828687,60154.3083661601,
2021-11-18T00:00:00.000000000Z,2.337640428663,,1072102568248.273902226249661582,56794.1556271186,
2021-11-19T00:00:00.000000000Z,2.386216999692,,1095180607639.160521529592386598,58014.0729888954,
2021-11-20T00:00:00.000000000Z,2.455017801074,,1127995381461.369717658406848622,59749.4738229106,
2021-11-21T00:00:00.000000000Z,2.424879879847,,1114510856672.638108947526825058,59032.6241017534,
2021-11-22T00:00:00.000000000Z,2.319018826324,,1064547451127.355261574657968546,56383.5658760958,
2021-11-23T00:00:00.000000000Z,2.368765838495,,1088359834858.612061287996884231,57642.2657980713,
2021-11-24T00:00:00.000000000Z,2.346842971087,,1078967043352.865749664154145119,57141.8303784337,
2021-11-25T00:00:00.000000000Z,2.404923210419,,1114264869559.637983962246807753,59008.6554792519,
2021-11-26T00:00:00.000000000Z,2.198435955413,,1015965489485.063099509471146697,53800.6178389831,
2021-11-27T00:00:00.000000000Z,2.23272965194,,1031787373971.684347618093948664,54635.8824628872,
2021-11-28T00:00:00.000000000Z,2.336711996385,,1081177168314.812976359179309068,57248.5696963764,
2021-11-29T00:00:00.000000000Z,2.35943908323,,1093922763691.225731317254235325,57920.7107299825,
2021-11-30T00:00:00.000000000Z,2.324578694477,,1078413765008.809547389731175284,57097.0127942724,
2021-12-01T00:00:00.000000000Z,2.324286205718,,1080041656303.139840665875629969,57180.6098439509,
2021-12-02T00:00:00.000000000Z,2.300196624281,,1068806660306.169764339640638928,56582.8937691408,
2021-12-03T00:00:00.000000000Z,2.184991514137,,1013871254042.756708130995179608,53671.6160680888,
2021-12-04T00:00:00.000000000Z,2.009166960477,,928688246483.073212499921380535,49159.7357983635,
2021-12-05T00:00:00.000000000Z,2.016818310956,,931901019326.850376496306298456,49327.0935999416,
2021-12-06T00:00:00.000000000Z,2.067537537544,,954783478279.015309810834423892,50535.4252232612,
2021-12-07T00:00:00.000000000Z,2.064377234197,,955569896395.96727968462899106,50574.4728344828,
2021-12-08T00:00:00.000000000Z,2.06171865801,,954228172561.471406343685405325,50500.6543513735,
2021-12-09T00:00:00.000000000Z,1.960546627964,,905851378783.040913483758031528,47937.8228458212,
2021-12-10T00:00:00.000000000Z,1.941373722658,,896438217378.842970781473241714,47437.2289725307,
2021-12-11T00:00:00.000000000Z,2.016910635367,,932097595289.796740313938238168,49321.7693252484,
2021-12-12T00:00:00.000000000Z,2.049751176277,,947539855067.008775643689400246,50136.5722568673,
2021-12-13T00:00:00.000000000Z,1.915299897932,,884245329814.883520010376792216,46785.3278410286,
2021-12-14T00:00:00.000000000Z,1.974877505476,,912779083729.628212854508020516,48292.6822501461,
2021-12-15T00:00:00.000000000Z,1.995926977652,,922989712159.961049723711694896,48830.6223860316,
2021-12-16T00:00:00.000000000Z,1.94871973203,,900962599446.698120770581411888,47663.4691077148,
2021-12-17T00:00:00.000000000Z,1.896526938461,,875884494655.848795719634699632,46334.4837489772,
2021-12-18T00:00:00.000000000Z,1.919525855516,,886704391681.298327723203856916,46904.8736753361,
2021-12-19T00:00:00.000000000Z,1.918249189772,,886210279075.9624785776032041,46876.426924021,
2021-12-20T00:00:00.000000000Z,1.922187343668,,887733510019.333257984967453824,46954.7634783168,
2021-12-21T00:00:00.000000000Z,2.007205377658,,928001919405.317530377091555686,49082.0624666277,
2021-12-22T00:00:00.000000000Z,1.990870317874,,920673856889.82904679119631232,48692.0987391584,
2021-12-23T00:00:00.000000000Z,2.070150565572,,958932834186.899384209515726564,50712.9707682642,
2021-12-24T00:00:00.000000000Z,2.071634649338,,960320724015.785376160319241552,50783.8344210988,
2021-12-25T00:00:00.000000000Z,2.064057745187,,956710327599.570793975312530888,50590.4508976622,
2021-12-26T00:00:00.000000000Z,2.071542317446,,960683606726.741031718395315988,50798.3065859147,
2021-12-27T00:00:00.000000000Z,2.070718360007,,960694114316.437149219136158708,50796.3776735827,
2021-12-28T00:00:00.000000000Z,1.945824586517,,901663524613.240277135016386194,47673.0440452367,
2021-12-29T00:00:00.000000000Z,1.898459995686,,878957961885.919780127982897438,46470.3215751023,
2021-12-30T00:00:00.000000000Z,1.923609297095,,890949566257.024186706922453834,47102.4630037989,
2021-12-31T00:00:00.000000000Z,1.893385603418,,876856588254.334329003275912182,46355.1173302747,
2022-01-01T00:00:00.000000000Z,1.941966039424,,899699536194.449213620379473092,47560.0093816482,
2022-01-02T00:00:00.000000000Z,1.933497096507,,895821904623.959953848003362606,47352.5577565751,
2022-01-03T00:00:00.000000000Z,1.897502355497,,878852778922.53974950003347774,46453.432351841,
2022-01-04T00:00:00.000000000Z,1.876886228678,,868537343384.688371560862407008,45905.9611221508,
2022-01-05T00:00:00.000000000Z,1.782277170897,,823643008455.5007119294335602,43530.9440388662,
2022-01-06T00:00:00.000000000Z,1.768057798633,,816379327436.919573945899660288,43144.9652928112,
2022-01-07T00:00:00.000000000Z,1.704571291459,,785531894863.59972009040048036,41512.7845808299,
2022-01-08T00:00:00.000000000Z,1.71699299406,,791000850844.36133566114125828,41799.8128848627,
2022-01-09T00:00:00.000000000Z,1.72082066082,,792678163975.47102921603200088,41886.4985569842,
2022-01-10T00:00:00.000000000Z,1.718638590786,,791399129617.2528072746522191,41816.9510561075,
2022-01-11T00:00:00.000000000Z,1.758039861455,,809443647923.813122474288000308,42768.1786116306,
2022-01-12T00:00:00.000000000Z,1.805597050184,,832058044393.272785723702722952,43961.0265441262,
2022-01-13T00:00:00.000000000Z,1.752041588022,,806853831547.66611761224465292,42626.8653924605,
2022-01-14T00:00:00.000000000Z,1.771675205411,,815902410549.57978146190554912,43102.6476180596,
2022-01-15T00:00:00.000000000Z,1.775752274618,,817916391880.594173373222342,43206.6744812975,
2022-01-16T00:00:00.000000000Z,1.774015355513,,817247761097.504447414428287438,43168.8596671537,
2022-01-17T00:00:00.000000000Z,1.73630676024,,799161712730.78696483691824456,42211.270399474,
2022-01-18T00:00:00.000000000Z,1.745911520714,,803362185167.549209746298678464,42431.2319670368,
2022-01-19T00:00:00.000000000Z,1.721981468557,,791223617186.86570060664992612,41787.722012858,
2022-01-20T00:00:00.000000000Z,1.681574639726,,771734062475.51608762619391,40756.1261630625,
2022-01-21T00:00:00.000000000Z,1.514790775018,,691027075447.277158452134242266,36492.2872241379,
2022-01-22T00:00:00.000000000Z,1.455165902925,,662729719330.224833577324543,34996.390965225,
2022-01-23T00:00:00.000000000Z,1.508378975549,,686900017938.703189349448388152,36271.0502650497,
2022-01-24T00:00:00.000000000Z,1.526343091945,,694295100608.768193592952928432,36659.7252206312,
2022-01-25T00:00:00.000000000Z,1.538880544803,,699876683066.14865750561056192,36952.586773232,
2022-01-26T00:00:00.000000000Z,1.534660000135,,697505746691.705602159697198778,36825.8245993571,
2022-01-27T00:00:00.000000000Z,1.543763850705,,701250560952.053271250251236552,37021.9371332554,
2022-01-28T00:00:00.000000000Z,1.576577931046,,715434506562.459792489309041736,37768.8474836353,
2022-01-29T00:00:00.000000000Z,1.592485103381,,721521023451.470526910745401922,38088.2912279953,
2022-01-30T00:00:00.000000000Z,1.589486377439,,719570704158.331957248716454912,37983.5063845704,
2022-01-31T00:00:00.000000000Z,1.609690053329,,728682541998.968999761351939074,38462.6724029807,
2022-02-01T00:00:00.000000000Z,1.61452774476,,734882587285.796358299047751242,38787.9640824079,
2022-02-02T00:00:00.000000000Z,1.539179072383,,699950267339.774413056215211506,36942.3307493279,
2022-02-03T00:00:00.000000000Z,1.544771260316,,702169321610.378412775157910828,37057.6521879018,
2022-02-04T00:00:00.000000000Z,1.709053357873,,778416466655.569936777772073248,41079.9060881356,
2022-02-05T00:00:00.000000000Z,1.726159971835,,786570243049.250814428172163188,41508.5816925774,
2022-02-06T00:00:00.000000000Z,1.760874145144,,802711930524.76475056013825911,42358.2251732905,
2022-02-07T00:00:00.000000000Z,1.821609827046,,831757893938.8803914641467001,43888.980119813,
2022-02-08T00:00:00.000000000Z,1.831529736531,,837077702292.862474446355889988,44167.4447945646,
2022-02-09T00:00:00.000000000Z,1.840095004198,,841620177986.78260859486395151,44405.0732042665,
2022-02-10T00:00:00.000000000Z,1.806667830508,,826673340569.529825889729186216,43614.3426960842,
2022-02-11T00:00:00.000000000Z,1.754236923972,,802885153204.81538831067937665,42357.3217416715,
2022-02-12T00:00:00.000000000Z,1.745950590083,,799449167809.60856552825401998,42173.4593962595,
2022-02-13T00:00:00.000000000Z,1.746704565079,,799910438394.826934525853956888,42195.5947451782,
2022-02-14T00:00:00.000000000Z,1.765131690456,,808492710849.515536830093094618,42646.1618590883,
2022-02-15T00:00:00.000000000Z,1.839746953131,,843912516712.540905634833724092,44511.9084880187,
2022-02-16T00:00:00.000000000Z,1.820760197081,,835495877044.4435407755608265,44065.7092673875,
2022-02-17T00:00:00.000000000Z,1.680750155719,,770015151406.76381715477792764,40610.024261543,
2022-02-18T00:00:00.000000000Z,1.658393382535,,759320197985.661672732012838845,40044.2204856809,
2022-02-19T00:00:00.000000000Z,1.660632849962,,760337246150.26200194756269974,40095.887329398,
2022-02-20T00:00:00.000000000Z,1.597672365828,,731088089618.075222787028847615,38551.6224967855,
2022-02-21T00:00:00.000000000Z,1.53935959409,,703550978541.066677052117594208,37098.0360081824,
2022-02-22T00:00:00.000000000Z,1.585255941769,,724534819639.974269273431282695,38202.5940818235,
2022-02-23T00:00:00.000000000Z,1.548559725335,,707608386323.931094064711230645,37308.2687344243,
2022-02-24T00:00:00.000000000Z,1.589005849792,,726142231115.20362996455777136,38283.790402104,
2022-02-25T00:00:00.000000000Z,1.632120546767,,745900830759.918609681664989155,39323.7702158387,
2022-02-26T00:00:00.000000000Z,1.621580052318,,740863193300.304374276190512766,39056.5781523086,
2022-02-27T00:00:00.000000000Z,1.564733720961,,714494212585.672134353565677465,37664.7792828755,
2022-02-28T00:00:00.000000000Z,1.785886675274,,819144394069.739856233915652997,43179.2545140269,
2022-03-01T00:00:00.000000000Z,1.831088158538,,841104392825.53346890117020536,44334.457582408,
2022-03-02T00:00:00.000000000Z,1.815856076135,,834504066221.5270610618034936,43984.584926768,
2022-03-03T00:00:00.000000000Z,1.753487692697,,806239776434.693426102590735017,42492.7744552893,
2022-03-04T00:00:00.000000000Z,1.617160596022,,742022224694.985633058552033436,39106.4052159556,
2022-03-05T00:00:00.000000000Z,1.62862859109,,747317522202.440653396169142255,39383.8848433665,
2022-03-06T00:00:00.000000000Z,1.588284555745,,728667065433.831050448989207976,38399.3426268264,
2022-03-07T00:00:00.000000000Z,1.578754463552,,723908847546.82594042953141872,38146.734273232,
2022-03-08T00:00:00.000000000Z,1.603838311539,,734927448074.01886342454262219,38725.477261543,
2022-03-09T00:00:00.000000000Z,1.735654059064,,796906050430.487000020686479655,41989.4028179427,
2022-03-10T00:00:00.000000000Z,1.630630592506,,749359384983.748195904881331662,39482.2584672706,
2022-03-11T00:00:00.000000000Z,1.605299073538,,736925253813.81653305580271529,38825.3644214494,
2022-03-12T00:00:00.000000000Z,1.610487025913,,739350326402.710976109376747502,38951.1300157802,
2022-03-13T00:00:00.000000000Z,1.563583025151,,717693726421.274188796686986755,37808.3174004091,
2022-03-14T00:00:00.000000000Z,1.638923579978,,752673129199.228762564446618239,39649.0453243717,
2022-03-15T00:00:00.000000000Z,1.62739184969,,747159778521.458843259522282072,39356.8139000584,
2022-03-16T00:00:00.000000000Z,1.697348146346,,780326259892.92545902894776785,41101.768579135,
2022-03-17T00:00:00.000000000Z,1.69308040701,,777797289016.29672753648230782,40966.4169324956,
2022-03-18T00:00:00.000000000Z,1.727490580808,,794157105661.431541739840922583,41826.1160710111,
2022-03-19T00:00:00.000000000Z,1.742021306446,,801167113251.229101502961118621,42193.1615362361,
2022-03-20T00:00:00.000000000Z,1.705071792374,,784147246647.208026281413729404,41294.7235129164,
2022-03-21T00:00:00.000000000Z,1.695351371558,,779813454595.21547811165615843,41064.429648159,
2022-03-22T00:00:00.000000000Z,1.748109505852,,804895791994.05635134784020455,42383.169518761,
2022-03-23T00:00:00.000000000Z,1.761428760821,,811600915721.361811619635791868,42734.2000355932,
2022-03-24T00:00:00.000000000Z,1.810651634482,,835197568855.959217838151691425,43974.5935882525,
2022-03-25T00:00:00.000000000Z,1.816863848057,,842314472588.28682868089481271,44347.034279661,
2022-03-26T00:00:00.000000000Z,1.823441620909,,845643141455.347138320760277595,44519.9268641145,
2022-03-27T00:00:00.000000000Z,1.912928867709,,888557797875.15919949281495203,46777.2056265342,
2022-03-28T00:00:00.000000000Z,1.926069685862,,897085228548.502915818265445868,47223.6528860316,
2022-03-29T00:00:00.000000000Z,1.931857269809,,901690266879.84147946587890109,47463.7096770894,
2022-03-30T00:00:00.000000000Z,1.916462997871,,895263051309.122759539131130699,47123.2971478667,
2022-03-31T00:00:00.000000000Z,1.854211355144,,865644342353.454900484135935465,45562.2106665693,
2022-04-01T00:00:00.000000000Z,1.880179566094,,878758918482.445384210496483278,46250.3362878434,
2022-04-02T00:00:00.000000000Z,1.867666383452,,872899323456.162688969205767996,45939.8973489188,
2022-04-03T00:00:00.000000000Z,1.886983002157,,882452402068.590179547675103314,46440.5438538866,
2022-04-04T00:00:00.000000000Z,1.894586551764,,886725621050.403031860588106114,46663.0041770894,
2022-04-05T00:00:00.000000000Z,1.855218925189,,868334945220.437446207211765751,45693.0350619521,
2022-04-06T00:00:00.000000000Z,1.760916830916,,822992941537.30028721179614744,43304.9371990064,
2022-04-07T00:00:00.000000000Z,1.771822948566,,828049823775.482642395631507135,43569.0471697837,
2022-04-08T00:00:00.000000000Z,1.718699748527,,802485243344.183180560651714569,42222.0689772063,
2022-04-09T00:00:00.000000000Z,1.737109234767,,811248536966.855400396669578116,42680.9947355932,
2022-04-10T00:00:00.000000000Z,1.720498052487,,803368401022.654470510020170974,42264.4633909994,
2022-04-11T00:00:00.000000000Z,1.612532718343,,751691818357.785781785642238,39544.0251835184,
2022-04-12T00:00:00.000000000Z,1.633029961572,,762229617848.993832291462684105,40096.3669748685,
2022-04-13T00:00:00.000000000Z,1.6754481725,,782347510376.075726172858181266,41152.7554517826,
2022-04-14T00:00:00.000000000Z,1.624100214604,,758879643233.892905625025406862,39916.4963842782,
2022-04-15T00:00:00.000000000Z,1.648615453539,,770532674214.29369204062340616,40527.3319567504,
2022-04-16T00:00:00.000000000Z,1.645198704281,,768898298022.502211055608931961,40439.5881209819,
2022-04-17T00:00:00.000000000Z,1.615563193564,,754968041603.938553361379211316,39704.7839798364,
2022-04-18T00:00:00.000000000Z,1.660587322655,,776186219648.705789971665133268,40818.8786025716,
2022-04-19T00:00:00.000000000Z,1.68715900189,,788973605180.106607641401416327,41489.6638011689,
2022-04-20T00:00:00.000000000Z,1.683056618589,,787227117424.9535456774496846,41395.64458346,
2022-04-21T00:00:00.000000000Z,1.642192379664,,769428938686.394427583038693349,40457.4959418469,
2022-04-22T00:00:00.000000000Z,1.614479409264,,755778442607.8028058108537852,39737.9735040912,
2022-04-23T00:00:00.000000000Z,1.608260125691,,752860950838.191448036510771825,39582.4548720047,
2022-04-24T00:00:00.000000000Z,1.60550883035,,751556383525.863942832821205575,39511.6456928697,
2022-04-25T00:00:00.000000000Z,1.644601591866,,769897647999.543284618955767185,40473.7483176505,
2022-04-26T00:00:00.000000000Z,1.549627067302,,724259783050.5641521276271871,38072.800873758,
2022-04-27T00:00:00.000000000Z,1.596095580203,,746096829666.197336878626897056,39218.5376174752,
2022-04-28T00:00:00.000000000Z,1.617507844772,,756201958477.465201131346502754,39747.9894270018,
2022-04-29T00:00:00.000000000Z,1.572635096383,,734578607327.613621495719852433,38609.5059070719,
2022-04-30T00:00:00.000000000Z,1.537292898922,,717578011718.210867950509195984,37714.0949804208,
2022-05-01T00:00:00.000000000Z,1.567381909459,,731795620564.70781967299355015,38459.226979135,
2022-05-02T00:00:00.000000000Z,1.573983130319,,733867042100.831328979195791807,38566.0628877849,
2022-05-03T00:00:00.000000000Z,1.540983434257,,717506054791.565512811957601335,37704.4053153127,
2022-05-04T00:00:00.000000000Z,1.618770611892,,754411390672.58531174028406295,39641.852176505,
2022-05-05T00:00:00.000000000Z,1.493350506698,,694694154668.146275320398862239,36502.0245601403,
2022-05-06T00:00:00.000000000Z,1.476077962977,,685990134639.447524020251819213,36042.9995584453,
2022-05-07T00:00:00.000000000Z,1.454866736249,,675852998119.437127170108424773,35508.7110227937,
2022-05-08T00:00:00.000000000Z,1.397053307677,,648291225672.037172590552179972,34058.9066861484,
2022-05-09T00:00:00.000000000Z,1.25746370058,,579778106079.443966690828768037,30457.9218194039,
2022-05-10T00:00:00.000000000Z,1.282199871846,,589950045319.716923857066988952,30990.7351659848,
2022-05-11T00:00:00.000000000Z,1.198898869373,,548207026149.242303507766755283,28796.5568217417,
2022-05-12T00:00:00.000000000Z,1.211574517788,,552689095253.704897463363982516,29030.7070417884,
2022-05-13T00:00:00.000000000Z,1.224580870454,,557575962443.447108229206846073,29285.9346718293,
2022-05-14T00:00:00.000000000Z,1.254528110725,,572186367858.13105164838797066,30051.935755114,
2022-05-15T00:00:00.000000000Z,1.301371234936,,593738302710.129048607193542827,31182.6212460549,
2022-05-16T00:00:00.000000000Z,1.248816594441,,569149173743.49151095506626066,29889.6124757452,
2022-05-17T00:00:00.000000000Z,1.272635339124,,579623074735.860675193133215606,30438.1944476914,
2022-05-18T00:00:00.000000000Z,1.204897921252,,547903613073.464960087056767525,28771.2204786675,
2022-05-19T00:00:00.000000000Z,1.268265640482,,576237927167.520250714429272232,30257.8852483928,
2022-05-20T00:00:00.000000000Z,1.226785298597,,556576449741.65752701844806946,29224.245998422,
2022-05-21T00:00:00.000000000Z,1.235285942059,,560330903433.823216175505322266,29420.0782857978,
2022-05-22T00:00:00.000000000Z,1.273331088604,,577719993300.8108147793242265,30331.87514173,
2022-05-23T00:00:00.000000000Z,1.22293867204,,554062243386.793418512088039546,29088.2515419638,
2022-05-24T00:00:00.000000000Z,1.246431579256,,564664143267.916772149294730008,29643.6837556984,
2022-05-25T00:00:00.000000000Z,1.244237310755,,563425495600.49812143055210209,29577.259880187,
2022-05-26T00:00:00.000000000Z,1.235100855496,,558788579642.668462167499149041,29332.4860467563,
2022-05-27T00:00:00.000000000Z,1.20688817198,,545088669358.946396038277127128,28612.0413103448,
2022-05-28T00:00:00.000000000Z,1.225163407756,,553373761224.620261881465525123,29045.5206344243,
2022-05-29T00:00:00.000000000Z,1.241234457517,,560727563224.840080003872892955,29430.0689800117,
2022-05-30T00:00:00.000000000Z,1.337557348648,,604691877439.000033167860790054,31735.9549719462,
2022-05-31T00:00:00.000000000Z,1.340327318645,,606539699591.090879192933838795,31831.4095251315,
2022-06-01T00:00:00.000000000Z,1.258203816602,,568350982618.175286948510645639,29825.9221992987,
2022-06-02T00:00:00.000000000Z,1.289506254729,,581301103485.345368537654047402,30504.2679997078,
2022-06-03T00:00:00.000000000Z,1.255277674265,,565289816719.394992237639125114,29662.6709708942,
2022-06-04T00:00:00.000000000Z,1.261962571345,,567788127583.559486470349863877,29792.4076779077,
2022-06-05T00:00:00.000000000Z,1.26746929363,,570159608584.328591616371256336,29915.4093009936,
2022-06-06T00:00:00.000000000Z,1.32794694055,,597219834771.553247921341226835,31333.6770197545,
2022-06-07T00:00:00.000000000Z,1.322740859864,,594227633838.370390702020115992,31175.0324289889,
2022-06-08T00:00:00.000000000Z,1.283418736198,,576218725147.5542416068212238,30228.464698422,
2022-06-09T00:00:00.000000000Z,1.278193263932,,573120367821.65512471709942739,30064.4855289305,
2022-06-10T00:00:00.000000000Z,1.237117043464,,554196788670.757564085512577364,29070.4000300994,
2022-06-11T00:00:00.000000000Z,1.208249128114,,540696111012.392528904188805064,28360.7899231444,
2022-06-12T00:00:00.000000000Z,1.144614146671,,511538437846.944571371540172548,26830.2839456458,
2022-06-13T00:00:00.000000000Z,0.962386955567,,425493856127.200592842785354622,22316.2570400351,
2022-06-14T00:00:00.000000000Z,0.958749419408,,420873377970.22205040318169027,22072.8663085915,
2022-06-15T00:00:00.000000000Z,0.982571637347,,429437386455.318497654713670616,22520.7910087668,
2022-06-16T00:00:00.000000000Z,0.89010384052,,387299429738.925011787146401812,20310.1769848042,
2022-06-17T00:00:00.000000000Z,0.900449527228,,390264246951.814604194191053352,20464.9290873174,
2022-06-18T00:00:00.000000000Z,0.839761069586,,362611174621.480896530441905344,19013.8672536528,
2022-06-19T00:00:00.000000000Z,0.905122908176,,390823129715.546788341354575848,20492.2951683226,
2022-06-20T00:00:00.000000000Z,0.909413901996,,392353137499.77723694064895784,20571.6292247224,
2022-06-21T00:00:00.000000000Z,0.916201262025,,394600889959.437618470629870164,20688.4651312098,
2022-06-22T00:00:00.000000000Z,0.887627935977,,381546027327.44483370534322242,20003.1683375219,
2022-06-23T00:00:00.000000000Z,0.936392381423,,402432082094.10395975851584946,21097.1028331385,
2022-06-24T00:00:00.000000000Z,0.946260674502,,406301957818.11011966375774715,21299.0769853887,
2022-06-25T00:00:00.000000000Z,0.953541799671,,409551146129.82906265340193075,21468.3431566335,
2022-06-26T00:00:00.000000000Z,0.93595363596,,401905669584.8117416073035551,21066.6209430158,
2022-06-27T00:00:00.000000000Z,0.92317584654,,395902927689.182542831619155436,20751.0516960842,
2022-06-28T00:00:00.000000000Z,0.902427057507,,386614220232.35323621584171384,20263.2196393922,
2022-06-29T00:00:00.000000000Z,0.895265183982,,383155502450.532725831090094104,20080.9480864991,
2022-06-30T00:00:00.000000000Z,0.865015984997,,368903228195.36630435002000941,19332.9121294565,
2022-07-01T00:00:00.000000000Z,0.866810006703,,369090226458.17671481589517542,19341.8631240795,
2022-07-02T00:00:00.000000000Z,0.862322030966,,367007144409.22515089663074381,19231.8317083577,
2022-07-03T00:00:00.000000000Z,0.864908319377,,367878517546.523802884576777728,19276.5146639392,
2022-07-04T00:00:00.000000000Z,0.907445950743,,386022540612.444897898217846802,20226.2984745763,
2022-07-05T00:00:00.000000000Z,0.906388103368,,385408468112.82113651136210432,20193.3427938048,
2022-07-06T00:00:00.000000000Z,0.924592307191,,392438882291.565283880010642848,20560.8438126826,
2022-07-07T00:00:00.000000000Z,0.973646516264,,413275623808.419016590549226464,21651.4191423144,
2022-07-08T00:00:00.000000000Z,0.981374953634,,416395031613.083188484412503472,21813.7871239042,
2022-07-09T00:00:00.000000000Z,0.97256585657,,412048402705.495555697697124048,21585.1321922852,
2022-07-10T00:00:00.000000000Z,0.938937826789,,397677569200.772050948370225648,20831.2733915839,
2022-07-11T00:00:00.000000000Z,0.903257154365,,381276239330.975221222877589848,19971.3294704851,
2022-07-12T00:00:00.000000000Z,0.875464077465,,369225505108.164061175548931532,19339.1534734074,
2022-07-13T00:00:00.000000000Z,0.91248166822,,384825682177.933751325144551064,20155.5278386908,
2022-07-14T00:00:00.000000000Z,0.931267482062,,392428543677.931198567104894864,20552.8990289304,
2022-07-15T00:00:00.000000000Z,0.947404727073,,397770775563.73776311421876132,20831.722700526,
2022-07-16T00:00:00.000000000Z,0.963942951894,,404755787365.462820648995926598,21196.5091428989,
2022-07-17T00:00:00.000000000Z,0.947388315858,,397732973007.46755787252569876,20827.8886085915,
2022-07-18T00:00:00.000000000Z,1.014380417157,,425971905281.999574842618646658,22305.7066428989,
2022-07-19T00:00:00.000000000Z,1.064015965884,,446339832050.2446177268841789,23371.2026601403,
2022-07-20T00:00:00.000000000Z,1.059545792317,,444634259889.052059804701251264,23280.9356680304,
2022-07-21T00:00:00.000000000Z,1.055572042956,,442199694644.7679906545219606,23152.4093112215,
2022-07-22T00:00:00.000000000Z,1.037202359622,,433693823514.25999450292178264,22706.0835554646,
2022-07-23T00:00:00.000000000Z,1.027767986307,,429482365773.27710186252182072,22484.4592317358,
2022-07-24T00:00:00.000000000Z,1.035693112787,,432730761552.05457311517642888,22653.3570260082,
2022-07-25T00:00:00.000000000Z,0.984744106523,,410911525111.470076326476081424,21510.1255874342,
2022-07-26T00:00:00.000000000Z,0.970493939661,,404657958397.24951213442706341,21181.6591967855,
2022-07-27T00:00:00.000000000Z,1.048530886503,,437478763559.120404094137030752,22898.4150683226,
2022-07-28T00:00:00.000000000Z,1.090974652069,,455461367222.485243282107170144,23838.5568838691,
2022-07-29T00:00:00.000000000Z,1.096121570662,,457626609085.48503329474640396,23950.7403798948,
2022-07-30T00:00:00.000000000Z,1.08119685014,,451391833403.079248944948055424,23623.4349611338,
2022-07-31T00:00:00.000000000Z,1.06930792552,,446307219209.837351997503731454,23356.1722215079,
2022-08-01T00:00:00.000000000Z,1.068081818605,,445854500671.936160946607916832,23331.4426969608,
2022-08-02T00:00:00.000000000Z,1.054827227962,,440143630646.21809342400424178,23031.4268834015,
2022-08-03T00:00:00.000000000Z,1.044976588452,,435927882119.29165319655418767,22809.7474418469,
2022-08-04T00:00:00.000000000Z,1.037537603272,,432479435664.961854359856114846,22628.3320821157,
2022-08-05T00:00:00.000000000Z,1.065899475533,,444363077389.240079112729159228,23248.9715023378,
2022-08-06T00:00:00.000000000Z,1.054367720796,,439556370388.699365239578871808,22996.2750452952,
2022-08-07T00:00:00.000000000Z,1.061585802404,,442587644255.798768651172144336,23153.6584713618,
2022-08-08T00:00:00.000000000Z,1.091208903728,,455033818812.543269158289611168,23803.6505154296,
2022-08-09T00:00:00.000000000Z,1.064322658536,,443253027415.85559905790471061,23186.2917464641,
2022-08-10T00:00:00.000000000Z,1.097349862382,,457359947811.31958468232211416,23923.0584830508,
2022-08-11T00:00:00.000000000Z,1.098103095757,,457598463723.42836274466061725,23934.4390561075,
2022-08-12T00:00:00.000000000Z,1.118913448413,,466452355020.959971515709115907,24396.3088462887,
2022-08-13T00:00:00.000000000Z,1.120303000575,,467045519559.255947378975902732,24426.2225748101,
2022-08-14T00:00:00.000000000Z,1.1152866103,,464923825825.56083730453845391,24314.2021315021,
2022-08-15T00:00:00.000000000Z,1.105125221321,,460542963581.37942244610178321,24083.9539748685,
2022-08-16T00:00:00.000000000Z,1.095336349684,,456451152283.43595279740880994,23868.8193530099,
2022-08-17T00:00:00.000000000Z,1.071575714816,,446287363119.03930909997786026,23336.3489310345,
2022-08-18T00:00:00.000000000Z,1.066480347068,,444105576817.22427593333201259,23221.1706028638,
2022-08-19T00:00:00.000000000Z,0.962223516455,,399865784896.494866386995064518,20906.7663141438,
2022-08-20T00:00:00.000000000Z,0.97348633387,,404473619044.495948240598810375,21146.6548021625,
2022-08-21T00:00:00.000000000Z,0.99226378976,,412284535348.175678454933838125,21553.9961717125,
2022-08-22T00:00:00.000000000Z,0.981225385052,,407466140105.924654299393686099,21301.0840581531,
2022-08-23T00:00:00.000000000Z,0.992293505064,,411954552631.374071815182767031,21534.5143521333,
2022-08-24T00:00:00.000000000Z,0.987637310218,,409878577064.974983533055715364,21424.9728232028,
2022-08-25T00:00:00.000000000Z,0.995543286361,,413015814390.913430438954236055,21587.8395844535,
2022-08-26T00:00:00.000000000Z,0.934524032452,,387369347817.702633749298623745,20246.1655733489,
2022-08-27T00:00:00.000000000Z,0.925756657439,,383519310960.926952165265674671,20043.9909485681,
2022-08-28T00:00:00.000000000Z,0.908751979889,,376450966908.222521532707901094,19673.5412188778,
2022-08-29T00:00:00.000000000Z,0.936300029003,,387902405358.73912824695196162,20270.960383986,
2022-08-30T00:00:00.000000000Z,0.91691540216,,379397503826.909517309550753717,19825.4632066043,
2022-08-31T00:00:00.000000000Z,0.926540201628,,383228003505.935096863269158474,20024.6716059614,
2022-09-01T00:00:00.000000000Z,0.930819103606,,384791505857.644581337484295168,20105.4626072472,
2022-09-02T00:00:00.000000000Z,0.924346524698,,381810364146.539848415490974578,19948.8567472823,
2022-09-03T00:00:00.000000000Z,0.917781321543,,379052887734.96622802159935281,19803.8332697253,
2022-09-04T00:00:00.000000000Z,0.924996509034,,382099532564.476996088760019072,19961.9118907072,
2022-09-05T00:00:00.000000000Z,0.917682178845,,378977066517.507568597384972632,19797.7967884278,
2022-09-06T00:00:00.000000000Z,0.874858544608,,360777012676.7326633216809474,18846.150537405,
2022-09-07T00:00:00.000000000Z,0.895970446823,,369346999995.143033756946123694,19292.9070745178,
2022-09-08T00:00:00.000000000Z,0.897686434169,,369864252540.92332445712300657,19319.1248512566,
2022-09-09T00:00:00.000000000Z,0.991990113442,,409017455131.791649818721412583,21363.3136152542,
2022-09-10T00:00:00.000000000Z,1.008276774233,,415785927560.178806535930747576,21715.2107980713,
2022-09-11T00:00:00.000000000Z,1.00926214108,,416141395725.306603983811508216,21732.7705686733,
2022-09-12T00:00:00.000000000Z,1.038445934441,,428261637184.8131917395754794,22365.2145601987,
2022-09-13T00:00:00.000000000Z,0.939370352409,,386157248713.936468462135747093,20165.0421607247,
2022-09-14T00:00:00.000000000Z,0.944134275318,,387730658256.559132871965515975,20246.3660424313,
2022-09-15T00:00:00.000000000Z,0.919794265144,,377225556977.208539013776882823,19696.8698661601,
2022-09-16T00:00:00.000000000Z,0.922172305414,,378097572891.120055109811514641,19741.5776168907,
2022-09-17T00:00:00.000000000Z,0.939999035144,,385380080042.856232960685310505,20120.7023459965,
2022-09-18T00:00:00.000000000Z,0.907953496893,,372113932908.287499016017027362,19427.1002626534,
2022-09-19T00:00:00.000000000Z,0.914684111914,,374636684861.299490672392113204,19557.9769582116,
2022-09-20T00:00:00.000000000Z,0.88338246827,,361532792864.261830696300277686,18872.9498667446,
2022-09-21T00:00:00.000000000Z,0.86699153682,,354534333416.679335853217723445,18506.7607481005,
2022-09-22T00:00:00.000000000Z,0.909510592046,,371940200960.523192365936789025,19414.5396449445,
2022-09-23T00:00:00.000000000Z,0.90563544045,,370276849734.618287107954719037,19326.8648199883,
2022-09-24T00:00:00.000000000Z,0.886975013788,,362590477877.566319001592248207,18924.7677872589,
2022-09-25T00:00:00.000000000Z,0.881057004179,,360086121322.078344522990517116,18793.1561531268,
2022-09-26T00:00:00.000000000Z,0.900322536822,,367921135053.927996457871827062,19201.1317209234,
2022-09-27T00:00:00.000000000Z,0.896561719809,,366127838719.628110378434606849,19106.7389135009,
2022-09-28T00:00:00.000000000Z,0.913487552122,,372818335629.05431424010185229,19454.937210111,
2022-09-29T00:00:00.000000000Z,0.917870607279,,374482476447.195416123121011714,19540.8664105786,
2022-09-30T00:00:00.000000000Z,0.91356153704,,372477904951.799354798017386576,19435.1946917008,
2022-10-01T00:00:00.000000000Z,0.907912672634,,370136058133.87570023138949558,19311.861629398,
2022-10-02T00:00:00.000000000Z,0.894190083633,,364470603274.775846963409697607,19015.2928050847,
2022-10-03T00:00:00.000000000Z,0.923308111571,,376337531461.18799290899417545,19633.4325859147,
2022-10-04T00:00:00.000000000Z,0.956568501176,,389901326705.889762851771282694,20339.9712811221,
2022-10-05T00:00:00.000000000Z,0.948163366006,,386379527832.918671067750898208,20155.0996987142,
2022-10-06T00:00:00.000000000Z,0.938866609583,,382478030109.54516418261644085,19950.5477957335,
2022-10-07T00:00:00.000000000Z,0.919983246052,,374611763556.608307675824560512,19539.1439216832,
2022-10-08T00:00:00.000000000Z,0.914595870208,,372275436651.015653841808301436,19416.1772291058,
2022-10-09T00:00:00.000000000Z,0.915262738221,,372528344873.01335687715100064,19428.3671323787,
2022-10-10T00:00:00.000000000Z,0.902773565181,,367295367833.388686634002967738,19154.4042346581,
2022-10-11T00:00:00.000000000Z,0.897697758664,,365106524490.826047106310371412,19039.2820683811,
2022-10-12T00:00:00.000000000Z,0.904197086018,,367378647972.228852124282512076,19156.9115645821,
2022-10-13T00:00:00.000000000Z,0.915299590894,,371824448281.480068349561621668,19387.8336806546,
2022-10-14T00:00:00.000000000Z,0.905697877908,,367813040138.837116382671039866,19177.6941031561,
2022-10-15T00:00:00.000000000Z,0.900728724487,,365763269803.22698627866672082,19069.8749272355,
2022-10-16T00:00:00.000000000Z,0.909910910294,,369460796080.111321549716943072,19261.7497878434,
2022-10-17T00:00:00.000000000Z,0.924678135264,,375142761443.231344075505393878,19557.0218106371,
2022-10-18T00:00:00.000000000Z,0.91398573907,,371024014617.182255397336649584,19341.4075543542,
2022-10-19T00:00:00.000000000Z,0.904610705933,,367027991687.4400850121889784,19132.1544254822,
2022-10-20T00:00:00.000000000Z,0.900242542303,,365150292653.884418745553557912,19033.3760239626,
2022-10-21T00:00:00.000000000Z,0.907143363442,,367883634520.151565230630909768,19174.8763487434,
2022-10-22T00:00:00.000000000Z,0.909318069409,,368528334460.566716967708768246,19207.6285078901,
2022-10-23T00:00:00.000000000Z,0.926261633178,,375411929443.367513605918134726,19565.4123243717,
2022-10-24T00:00:00.000000000Z,0.915784798173,,371131281846.5523201866541918,19341.460210111,
2022-10-25T00:00:00.000000000Z,0.951195313284,,385605065822.444566303548720962,20094.9611215663,
2022-10-26T00:00:00.000000000Z,0.983939477562,,399097328311.379046101421636352,20797.0308258328,
2022-10-27T00:00:00.000000000Z,0.959624512348,,389195921538.64905754162182052,20280.1751280538,
2022-10-28T00:00:00.000000000Z,0.975004031923,,395442686247.224993188945071792,20604.6138535944,
2022-10-29T00:00:00.000000000Z,0.98443454901,,399285967648.700211248571919128,20803.8999205143,
2022-10-30T00:00:00.000000000Z,0.975832100659,,395710529271.33920438101393986,20616.7033766803,
2022-10-31T00:00:00.000000000Z,0.97009674747,,393317251848.565244900400518768,20490.8581808884,
2022-11-01T00:00:00.000000000Z,0.970049689813,,393203403802.07854817426022784,20483.966530976,
2022-11-02T00:00:00.000000000Z,0.954490976446,,386775127359.096905957132538404,20148.2845537697,
2022-11-03T00:00:00.000000000Z,0.956986021054,,387752323864.07921614884334116,20198.1111860316,
2022-11-04T00:00:00.000000000Z,1.000981821699,,406182308414.373698371828867476,21157.2449275278,
2022-11-05T00:00:00.000000000Z,1.007111287598,,408625727281.515854653603883984,21283.4715999416,
2022-11-06T00:00:00.000000000Z,0.991409279364,,402179894315.634860979131177622,20946.8030359439,
2022-11-07T00:00:00.000000000Z,0.976088727485,,394936214963.7293489596806552,20568.5651183518,
2022-11-08T00:00:00.000000000Z,0.880744871078,,355639311703.47678555124191966,18520.971163647,
2022-11-09T00:00:00.000000000Z,0.753958696179,,302605063696.80609607155146148,15758.2912819988,
2022-11-10T00:00:00.000000000Z,0.839903712816,,336865135843.08260051427091983,17541.5602866745,
2022-11-11T00:00:00.000000000Z,0.811340136624,,324882485889.16299502277277442,16916.8506312098,
2022-11-12T00:00:00.000000000Z,0.806378353685,,322103638475.015851630191604344,16771.2426718293,
2022-11-13T00:00:00.000000000Z,0.785273663056,,313459931493.43143915657831129,16320.4983375219,
2022-11-14T00:00:00.000000000Z,0.801361740695,,319407146559.776125209089035836,16629.4784146698,
2022-11-15T00:00:00.000000000Z,0.81368542899,,323766538003.8617448115363014,16855.59378609,
2022-11-16T00:00:00.000000000Z,0.806089820633,,320017579504.251094688082959472,16659.6063345996,
2022-11-17T00:00:00.000000000Z,0.81024033294,,320331100560.68549677233017929,16675.1790204559,
2022-11-18T00:00:00.000000000Z,0.818509642211,,320083241544.82634931924307818,16661.5229576271,
2022-11-19T00:00:00.000000000Z,0.820610369081,,320760994779.172073586824848189,16696.0040581531,
2022-11-20T00:00:00.000000000Z,0.799184425512,,312146945942.776581817739482041,16246.8446992987,
2022-11-21T00:00:00.000000000Z,0.777592696604,,303152194386.447095624169168603,15778.0174047341,
2022-11-22T00:00:00.000000000Z,0.79805211183,,310751834009.56630857068184231,16172.8893445354,
2022-11-23T00:00:00.000000000Z,0.817451445016,,318474713411.885731019550291225,16574.0617299825,
2022-11-24T00:00:00.000000000Z,0.81837142484,,318669910367.056517250101102794,16583.5243445354,
2022-11-25T00:00:00.000000000Z,0.816011276502,,317507827540.04321527243132398,16522.3887767388,
2022-11-26T00:00:00.000000000Z,0.812740435671,,316101841086.034587350046854268,16448.6413077148,
2022-11-27T00:00:00.000000000Z,0.812332752733,,315874237356.33000071267926619,16436.0707688486,
2022-11-28T00:00:00.000000000Z,0.802349876662,,311593224390.965398148702922559,16212.5814161309,
2022-11-29T00:00:00.000000000Z,0.814147810046,,316035861020.953686355012975807,16443.0368199883,
2022-11-30T00:00:00.000000000Z,0.850801464317,,330155532207.736322100440837135,17176.8986914085,
2022-12-01T00:00:00.000000000Z,0.840529289057,,326027592017.760442181362005325,16961.2918042081,
2022-12-02T00:00:00.000000000Z,0.84670015577,,328228712887.560505348089235536,17075.1091370544,
2022-12-03T00:00:00.000000000Z,0.838232388894,,324867019678.677791273669983443,16899.5073831093,
2022-12-04T00:00:00.000000000Z,0.84968361727,,329153600280.109953829276636992,17121.7149824664,
2022-12-05T00:00:00.000000000Z,0.84468600446,,326086201568.4154721275032762,16961.3517866745,
2022-12-06T00:00:00.000000000Z,0.850384196971,,328199310631.155536570416919122,17070.5158281707,
2022-12-07T00:00:00.000000000Z,0.839503933452,,323944154279.12249852661421269,16848.2518243717,
2022-12-08T00:00:00.000000000Z,0.858945882155,,331330076551.58365017952715571,17231.4563223261,
2022-12-09T00:00:00.000000000Z,0.854978591377,,329513766613.926844627487802678,17136.1490008767,
2022-12-10T00:00:00.000000000Z,0.854415449082,,329300761676.07541482044662065,17124.2146797195,
2022-12-11T00:00:00.000000000Z,0.853211507586,,328742369908.81226648619474942,17094.3606592636,
2022-12-12T00:00:00.000000000Z,0.858539391858,,330703233431.763990148866180229,17195.5249962011,
2022-12-13T00:00:00.000000000Z,0.887729303381,,341864385936.169611001381562205,17774.9166320865,
2022-12-14T00:00:00.000000000Z,0.890254354657,,342550310001.910037435727291959,17809.7240835769,
2022-12-15T00:00:00.000000000Z,0.86728278142,,333608737800.186748262790155894,17344.0544569258,
2022-12-16T00:00:00.000000000Z,0.830992951979,,319428047892.889644980935544858,16606.1101750438,
2022-12-17T00:00:00.000000000Z,0.839657772493,,322679384960.550849404866561605,16774.3853702513,
2022-12-18T00:00:00.000000000Z,0.839875774864,,322727877320.700883029581562924,16776.1159254822,
2022-12-19T00:00:00.000000000Z,0.823536056851,,315970590232.187728184173709154,16424.1313857393,
2022-12-20T00:00:00.000000000Z,0.847633081501,,325175184915.437629622632211854,16901.8169362946,
2022-12-21T00:00:00.000000000Z,0.843195618816,,323241590694.865715076831244221,16800.5329707773,
2022-12-22T00:00:00.000000000Z,0.844194325117,,323519164532.469961093472582215,16814.2225791935,
2022-12-23T00:00:00.000000000Z,0.842886604017,,322884484946.60773244801715773,16780.5169798363,
2022-12-24T00:00:00.000000000Z,0.84590101132,,323992454902.66688651271836496,16837.612170076,
2022-12-25T00:00:00.000000000Z,0.845706555551,,323761497306.506833416995775636,16824.8389736996,
2022-12-26T00:00:00.000000000Z,0.848591013908,,324835384948.26500375325442906,16879.9382273524,
2022-12-27T00:00:00.000000000Z,0.8399359586,,321363727065.936243882933669014,16698.9112708942,
2022-12-28T00:00:00.000000000Z,0.83299277844,,318251590263.803069939336542335,16536.2942001753,
2022-12-29T00:00:00.000000000Z,0.838526883526,,320081089139.220505753143580908,16630.5931551724,
2022-12-30T00:00:00.000000000Z,0.836965256607,,319387194706.513959559019803691,16593.6888287551,
2022-12-31T00:00:00.000000000Z,0.835246001939,,318066160917.629092155595025891,16524.2178024547,
2023-01-01T00:00:00.000000000Z,0.839542831106,,319670907154.721500351980253776,16606.7520432496,
2023-01-02T00:00:00.000000000Z,0.843780085391,,321265002247.243889626412357766,16688.7192729398,
2023-01-03T00:00:00.000000000Z,0.843211245785,,320922182113.768192862228348317,16670.0773836937,
2023-01-04T00:00:00.000000000Z,0.852695347503,,324369544293.42951169600930224,16848.3660391584,
2023-01-05T00:00:00.000000000Z,0.851818124476,,323932356386.712707988197664403,16824.8001826417,
2023-01-06T00:00:00.000000000Z,0.858998530318,,326513313120.370847329983108605,16957.8622738165,
2023-01-07T00:00:00.000000000Z,0.858446501208,,326236304322.311019392073693548,16942.6285891292,
2023-01-08T00:00:00.000000000Z,0.864443193289,,328498009829.272551750286356117,17059.2399444769,
2023-01-09T00:00:00.000000000Z,0.870777665108,,330884397269.816045400801340125,17182.3198521333,
2023-01-10T00:00:00.000000000Z,0.883951640903,,335747837175.369500842740252095,17433.9146320865,
2023-01-11T00:00:00.000000000Z,0.904886150128,,343463621577.318139712084296207,17833.7107656341,
2023-01-12T00:00:00.000000000Z,0.956915395927,,363433875432.760627663025206394,18869.7044842198,
2023-01-13T00:00:00.000000000Z,1.006737285894,,382694927746.069927335835873175,19868.7247454705,
2023-01-14T00:00:00.000000000Z,1.063923229924,,404717454271.445991609809159284,21010.9227200468,
2023-01-15T00:00:00.000000000Z,1.056945343653,,402139971938.066796287672345325,20876.0085561075,
2023-01-16T00:00:00.000000000Z,1.071886746547,,408023232448.035752127632725537,21180.4119485681,
2023-01-17T00:00:00.000000000Z,1.071274656024,,408003184105.719014796080745615,21178.2993962595,
2023-01-18T00:00:00.000000000Z,1.047738862359,,398993060386.052741267758567707,20709.6686040327,
2023-01-19T00:00:00.000000000Z,1.066296173366,,405989633549.590202713925145702,21071.8334152542,
2023-01-20T00:00:00.000000000Z,1.145445917644,,436621242754.641457990325157155,22660.7169421391,
2023-01-21T00:00:00.000000000Z,1.152147571819,,439385714224.06374797616053013,22803.172761543,
2023-01-22T00:00:00.000000000Z,1.147415859687,,437732794648.683846196291250636,22716.2771966686,
2023-01-23T00:00:00.000000000Z,1.157946337765,,441854991915.75208428324990552,22929.0248936295,
2023-01-24T00:00:00.000000000Z,1.14168583391,,435747150905.51233566966127809,22611.1268787259,
2023-01-25T00:00:00.000000000Z,1.166238508234,,445368746306.416758398120855106,23109.0845189947,
2023-01-26T00:00:00.000000000Z,1.161820741319,,443456176561.589492932309141579,23008.6894766219,
2023-01-27T00:00:00.000000000Z,1.165635900125,,444669613307.60207060436104658,23070.4964582116,
2023-01-28T00:00:00.000000000Z,1.162375118008,,443504792891.173607862877820976,23008.8094649328,
2023-01-29T00:00:00.000000000Z,1.200618353218,,458297300768.15197157496069132,23774.9963679135,
2023-01-30T00:00:00.000000000Z,1.15137768201,,439511464587.82639679973459351,22799.427261543,
2023-01-31T00:00:00.000000000Z,1.167609671158,,445901640172.673955444225787563,23130.0519132087,
2023-02-01T00:00:00.000000000Z,1.196241930423,,457433839815.109798416131050605,23727.2026075395,
2023-02-02T00:00:00.000000000Z,1.184795889398,,453182984739.087481763485849248,23505.6048430742,
2023-02-03T00:00:00.000000000Z,1.181415746292,,452049702984.097911637682895936,23445.8131773816,
2023-02-04T00:00:00.000000000Z,1.176437733184,,450328730991.77458087072933871,23355.5243863238,
2023-02-05T00:00:00.000000000Z,1.156408398602,,442670747793.245437917661992521,22957.2251905319,
2023-02-06T00:00:00.000000000Z,1.145679319019,,438602754424.797445240593625752,22745.1650371128,
2023-02-07T00:00:00.000000000Z,1.171652534251,,448672031309.634386974574439853,23266.2692036821,
2023-02-08T00:00:00.000000000Z,1.154986688723,,442353295733.782244141800932896,22937.5799453536,
2023-02-09T00:00:00.000000000Z,1.099040577212,,420788022144.046780515589494622,21818.1989456458,
2023-02-10T00:00:00.000000000Z,1.089446116412,,416996331015.905126810316886938,21620.5667837522,
2023-02-11T00:00:00.000000000Z,1.101770368949,,421728294573.324387742372634686,21864.8626414378,
2023-02-12T00:00:00.000000000Z,1.097210551986,,419961857108.662789993719971396,21772.1373252484,
2023-02-13T00:00:00.000000000Z,1.09866674955,,420495779524.61455840845083079,21798.7157168323,
2023-02-14T00:00:00.000000000Z,1.119923157609,,428690299515.88524975947014458,22222.415043834,
2023-02-15T00:00:00.000000000Z,1.22364317031,,468882522753.510008620812374894,24304.6129827586,
2023-02-16T00:00:00.000000000Z,1.195012046683,,458063860579.949205279097588282,23742.4488354763,
2023-02-17T00:00:00.000000000Z,1.237767811543,,474775525177.380516038962414311,24607.3356054939,
2023-02-18T00:00:00.000000000Z,1.239058645614,,475364602543.958474093317873085,24636.5266127995,
2023-02-19T00:00:00.000000000Z,1.225347760367,,470188548638.259593714160689187,24366.9907606663,
2023-02-20T00:00:00.000000000Z,1.246658143379,,478525110573.91046035491803562,24797.8430359439,
2023-02-21T00:00:00.000000000Z,1.226544841574,,470880895681.776946691621749785,24400.3893898305,
2023-02-22T00:00:00.000000000Z,1.214898364016,,466335136342.276105001186055525,24163.7389812975,
2023-02-23T00:00:00.000000000Z,1.20196788302,,461464448220.811005179989705372,23910.0342104033,
2023-02-24T00:00:00.000000000Z,1.165447448567,,447313723306.11867912533108757,23175.8242036821,
2023-02-25T00:00:00.000000000Z,1.164771417267,,447020226642.798996770695396075,23159.8154403857,
2023-02-26T00:00:00.000000000Z,1.183865293006,,454423557531.809381052895428072,23542.0964281122,
2023-02-27T00:00:00.000000000Z,1.181751158136,,453712418114.224553471408990154,23504.1894178843,
2023-02-28T00:00:00.000000000Z,1.165088210397,,446816954241.52676988893076387,23145.9491277031,
2023-03-01T00:00:00.000000000Z,1.188892073095,,455812950761.416142634673801892,23610.6590902981,
2023-03-02T00:00:00.000000000Z,1.181929202448,,453119084947.060439866246450383,23470.0254815897,
2023-03-03T00:00:00.000000000Z,1.126016843463,,431520872630.530308408292551168,22350.0962340736,
2023-03-04T00:00:00.000000000Z,1.125231451633,,431236820216.160234987171681024,22334.2852638808,
2023-03-05T00:00:00.000000000Z,1.130220819242,,432910012445.152866052199192344,22419.8171390999,
2023-03-06T00:00:00.000000000Z,1.130223291427,,432829758358.506322834632644256,22414.7033056692,
2023-03-07T00:00:00.000000000Z,1.122035533533,,428217144455.892611079129282736,22174.6484725307,
2023-03-08T00:00:00.000000000Z,1.098460296734,,419095929575.507478864122123824,21701.3846227352,
2023-03-09T00:00:00.000000000Z,1.031092147146,,393011644658.680936643828165555,20349.8141732905,
2023-03-10T00:00:00.000000000Z,1.026171253096,,390915883867.34116987577416473,20240.406694623,
2023-03-11T00:00:00.000000000Z,1.043781214381,,397596985986.371913092848104762,20585.2343290473,
2023-03-12T00:00:00.000000000Z,1.118453254664,,426219300507.427180531544133094,22065.9800359439,
2023-03-13T00:00:00.000000000Z,1.222477139001,,466582802785.16900365016162051,24154.4290946815,
2023-03-14T00:00:00.000000000Z,1.252017069531,,478477196465.557779322427172325,24769.0175691409,
2023-03-15T00:00:00.000000000Z,1.233259096934,,471560444512.55999453632647978,24409.8017518995,
2023-03-16T00:00:00.000000000Z,1.264318230866,,483818462449.398423359718122024,25043.2388468732,
2023-03-17T00:00:00.000000000Z,1.381709504388,,530352818442.736586004551422833,27450.6282933957,
2023-03-18T00:00:00.000000000Z,1.357927080335,,521398305888.955071293382318266,26985.7359915254,
2023-03-19T00:00:00.000000000Z,1.41718434858,,544599611414.525090259141060448,28185.2043319696,
2023-03-20T00:00:00.000000000Z,1.398348824456,,537846862752.963537753195792572,27834.3361090006,
2023-03-21T00:00:00.000000000Z,1.413889214116,,544412485046.96814082235385582,28172.7950558153,
2023-03-22T00:00:00.000000000Z,1.371700451034,,528376772923.253987470317838368,27341.5571297487,
2023-03-23T00:00:00.000000000Z,1.421886913625,,548629664659.696333823282685396,28387.8897495617,
2023-03-24T00:00:00.000000000Z,1.375231386162,,530804620773.418406078232076032,27464.1249453536,
2023-03-25T00:00:00.000000000Z,1.376280144651,,531309425740.7958957654439123,27488.954880187,
2023-03-26T00:00:00.000000000Z,1.403671575252,,542166852116.829220839779485284,28049.3916911163,
2023-03-27T00:00:00.000000000Z,1.357098415255,,524904198224.356140872171863591,27154.9963702513,
2023-03-28T00:00:00.000000000Z,1.363066939643,,527419972348.993189423013780295,27283.9634029807,
2023-03-29T00:00:00.000000000Z,1.417071461284,,548812901630.887766809875040323,28389.2917784921,
2023-03-30T00:00:00.000000000Z,1.420441511641,,541731139042.227289045432624208,28021.5583009936,
2023-03-31T00:00:00.000000000Z,1.443820674085,,551289644886.557812363275382247,28514.6813062537,
2023-04-01T00:00:00.000000000Z,1.442211549223,,550925636746.994497764693499956,28494.5638863238,
2023-04-02T00:00:00.000000000Z,1.425206305097,,544521897457.76993053191376504,28161.9980362361,
2023-04-03T00:00:00.000000000Z,1.409099995135,,538531058881.475813301690833634,27850.9799436002,
2023-04-04T00:00:00.000000000Z,1.4219430768,,543644520583.245571912640355525,28113.9585187025,
2023-04-05T00:00:00.000000000Z,1.424960408187,,545145463891.871095643834135965,28190.3116063705,
2023-04-06T00:00:00.000000000Z,1.41726242259,,542442263241.966069156005420896,28049.0744763296,
2023-04-07T00:00:00.000000000Z,1.411891341659,,540295858608.647485145110545465,27936.8042609585,
2023-04-08T00:00:00.000000000Z,1.413111240664,,540848505456.901685983523317534,27964.0512498539,
2023-04-09T00:00:00.000000000Z,1.432780320048,,548489957869.89291421341355614,28357.8072703098,
2023-04-10T00:00:00.000000000Z,1.498410626119,,574232641225.834187488472938126,29687.5651846873,
2023-04-11T00:00:00.000000000Z,1.524007596955,,585084494471.60543455238054896,30247.0959193454,
2023-04-12T00:00:00.000000000Z,1.506773205338,,578651893926.302564112881059008,29913.0035463472,
2023-04-13T00:00:00.000000000Z,1.528589539867,,587535115392.9287354227797928,30370.82207218,
2023-04-14T00:00:00.000000000Z,1.531450017782,,589267023015.419432148725427336,30458.9700414962,
2023-04-15T00:00:00.000000000Z,1.525286478334,,587035196990.906638558335269554,30342.0591084161,
2023-04-16T00:00:00.000000000Z,1.523487449103,,586495138075.422289098860974836,30312.9308533022,
2023-04-17T00:00:00.000000000Z,1.481199761253,,570205069298.41041640893720298,29469.5050727645,
2023-04-18T00:00:00.000000000Z,1.524898878521,,587599723277.247201898403487045,30366.8723813559,
2023-04-19T00:00:00.000000000Z,1.445557031038,,557242719709.998980629452141219,28796.7440952659,
2023-04-20T00:00:00.000000000Z,1.418296444501,,546710916057.336123206400754265,28251.2763790181,
2023-04-21T00:00:00.000000000Z,1.370138666353,,528172405706.892280451850654416,27292.0211052016,
2023-04-22T00:00:00.000000000Z,1.396814023725,,538562166443.698371837881548236,27827.5475920514,
2023-04-23T00:00:00.000000000Z,1.385375480736,,534274354377.735096785371877088,27604.6855742256,
2023-04-24T00:00:00.000000000Z,1.381178300296,,532663425806.698568911426108344,27520.1996729982,
2023-04-25T00:00:00.000000000Z,1.420027669157,,547831002433.118489426726395584,28302.6942180012,
2023-04-26T00:00:00.000000000Z,1.423548393886,,549432360964.46667212809422759,28384.2340333139,
2023-04-27T00:00:00.000000000Z,1.477024680925,,570387314623.23428419605278591,29465.5514272355,
2023-04-28T00:00:00.000000000Z,1.470212541775,,568193179248.38923220166844576,29350.811886616,
2023-04-29T00:00:00.000000000Z,1.463534273428,,565715172681.368358625858140106,29221.5145075979,
2023-04-30T00:00:00.000000000Z,1.470402257877,,568463747930.490202510296965836,29362.0867974868,
2023-05-01T00:00:00.000000000Z,1.408272273073,,544350638079.24599986402696887,28114.9531873174,
2023-05-02T00:00:00.000000000Z,1.436592482997,,555518848523.076008242779559152,28690.5809959088,
2023-05-03T00:00:00.000000000Z,1.45181633614,,562407679427.045371125607754901,29045.0427735243,
2023-05-04T00:00:00.000000000Z,1.442232154866,,558770759439.3370904274661678,28855.8574465225,
2023-05-05T00:00:00.000000000Z,1.476466635695,,572291761122.654667124798507904,29552.9695236704,
2023-05-06T00:00:00.000000000Z,1.443843173393,,559663552176.267663048074900172,28899.4629602572,
2023-05-07T00:00:00.000000000Z,1.429877064919,,557021382195.31267185552563495,28761.738434249,
2023-05-08T00:00:00.000000000Z,1.378067479397,,537011131120.994441788630499625,27727.2854091175,
2023-05-09T00:00:00.000000000Z,1.374090435543,,535393735937.880502537946979264,27642.4281092928,
2023-05-10T00:00:00.000000000Z,1.374436923429,,535492387106.54905432586618952,27646.004902104,
2023-05-11T00:00:00.000000000Z,1.341912915639,,522739066994.56794389964370524,26986.271065751,
2023-05-12T00:00:00.000000000Z,1.331264514159,,518638152372.566954050515417708,26773.3443591467,
2023-05-13T00:00:00.000000000Z,1.334669775407,,519980779846.807396015330298432,26841.3982913501,
2023-05-14T00:00:00.000000000Z,1.338338944895,,521499075810.70133093929027072,26918.261597896,
2023-05-15T00:00:00.000000000Z,1.352469393563,,527594953250.677291941132726176,27231.6216052016,
2023-05-16T00:00:00.000000000Z,1.341803499909,,523631551804.15107080365455338,27025.7181864407,
2023-05-17T00:00:00.000000000Z,1.360182926857,,530931006408.427698604018651308,27401.0440610754,
2023-05-18T00:00:00.000000000Z,1.332798511609,,520146384933.029228335195636864,26843.2350938048,
2023-05-19T00:00:00.000000000Z,1.335285312277,,521068147947.55796967728339852,26889.503631502,
2023-05-20T00:00:00.000000000Z,1.345668504663,,525185993610.344903365123868544,27100.8582878434,
2023-05-21T00:00:00.000000000Z,1.329584607553,,518937128063.579406262325870313,26777.0977831677,
2023-05-22T00:00:00.000000000Z,1.331796174941,,520543460954.975414639432185926,26858.7370637054,
2023-05-23T00:00:00.000000000Z,1.349756710174,,527704099086.775322275633066965,27226.8558763881,
2023-05-24T00:00:00.000000000Z,1.306148991112,,510566222468.48464812878306533,26341.4306446522,
2023-05-25T00:00:00.000000000Z,1.312302574122,,513370789092.295793273395919788,26484.8359234366,
2023-05-26T00:00:00.000000000Z,1.323951129649,,517962100400.978555137826918054,26720.3838071303,
2023-05-27T00:00:00.000000000Z,1.330559181986,,520586999345.351024549374129736,26854.5403702513,
2023-05-28T00:00:00.000000000Z,1.391560954233,,544710821944.306397060870910984,28097.5211259497,
2023-05-29T00:00:00.000000000Z,1.374801000798,,538293946912.994700696366259332,27765.0728693746,
2023-05-30T00:00:00.000000000Z,1.371662586882,,537301203182.37538257564996547,27712.4915844535,
2023-05-31T00:00:00.000000000Z,1.347122513076,,527731641093.478139895517331552,27217.6832580362,
2023-06-01T00:00:00.000000000Z,1.32755818548,,520147121316.7269384986733281,26825.3713451198,
2023-06-02T00:00:00.000000000Z,1.348499664123,,528510029107.58827560695200225,27255.2279941555,
2023-06-03T00:00:00.000000000Z,1.339845350422,,525122689418.940439464642446931,27079.4084643483,
2023-06-04T00:00:00.000000000Z,1.343716524322,,526676790956.727443950772348,27158.25456955,
2023-06-05T00:00:00.000000000Z,1.276417765634,,500084181918.08780098065957338,25785.8514842198,
2023-06-06T00:00:00.000000000Z,1.3462357416,,527802559981.07050259572059645,27213.7705187025,
2023-06-07T00:00:00.000000000Z,1.303228127244,,510870113654.000580650522899602,26339.5790292227,
2023-06-08T00:00:00.000000000Z,1.312170481703,,514427849387.03984172126251272,26521.693600526,
2023-06-09T00:00:00.000000000Z,1.309627647538,,513466277051.1744735306059706,26470.6775780245,
2023-06-10T00:00:00.000000000Z,1.279906228962,,501707862683.31516597110533148,25863.2138506721,
2023-06-11T00:00:00.000000000Z,1.282204028842,,502580307777.015851949810752438,25906.8281516657,
2023-06-12T00:00:00.000000000Z,1.282415132209,,502604249932.657128489894615318,25906.7519354179,
2023-06-13T00:00:00.000000000Z,1.281288526881,,502125710654.515891353370656696,25880.8599734074,
2023-06-14T00:00:00.000000000Z,1.242758133707,,486948042919.920279036749927678,25097.5853796026,
2023-06-15T00:00:00.000000000Z,1.265794710232,,495926918719.66207539793284078,25559.1433293396,
2023-06-16T00:00:00.000000000Z,1.303742036635,,510944432248.73267858657404362,26331.8200943892,
2023-06-17T00:00:00.000000000Z,1.312806147734,,514505988281.252923784436675848,26514.1713495032,
2023-06-18T00:00:00.000000000Z,1.304485514887,,511422019499.60961842134959626,26353.962682934,
2023-06-19T00:00:00.000000000Z,1.326002267293,,519675836338.161981365397704271,26778.0634415547,
2023-06-20T00:00:00.000000000Z,1.401058308786,,549340968935.671998044288188717,28305.4204573349,
2023-06-21T00:00:00.000000000Z,1.487688159529,,584182850882.50135509639405328,30099.5153509643,
2023-06-22T00:00:00.000000000Z,1.479224774259,,581355386790.9049309577987952,29952.5112866745,
2023-06-23T00:00:00.000000000Z,1.511461032551,,594691002089.545956411226597928,30638.3537644652,
2023-06-24T00:00:00.000000000Z,1.506266238891,,592984835953.407566511142335846,30549.0162872589,
2023-06-25T00:00:00.000000000Z,1.501725462895,,591430505950.997279187108688445,30467.4403705435,
2023-06-26T00:00:00.000000000Z,1.490477217783,,587351447287.813399141397265544,30255.8861241964,
2023-06-27T00:00:00.000000000Z,1.508993136561,,595360633206.190836210802549768,30667.0762948568,
2023-06-28T00:00:00.000000000Z,1.480047953676,,584450413633.01689849907995185,30104.0432717709,
2023-06-29T00:00:00.000000000Z,1.4974352167,,591404272513.04800271844595401,30460.792978083,
2023-06-30T00:00:00.000000000Z,1.497404119431,,591894717187.04220119386619088,30484.503257744,
2023-07-01T00:00:00.000000000Z,1.500071404388,,593807120118.141700333201959544,30581.6889655172,
2023-07-02T00:00:00.000000000Z,1.500295120753,,594083065323.334706043202449592,30594.2164736996,
2023-07-03T00:00:00.000000000Z,1.525922363387,,604617684181.002972848452468334,31135.3575993571,
2023-07-04T00:00:00.000000000Z,1.509148391226,,598131495142.319730891598868008,30799.9474558738,
2023-07-05T00:00:00.000000000Z,1.494037535141,,592293990836.95948711503199212,30497.8221282876,
2023-07-06T00:00:00.000000000Z,1.470491737414,,582258236308.453398049035711669,29979.7298094681,
2023-07-07T00:00:00.000000000Z,1.487208780434,,589091989840.958021346689773218,30329.8829786674,
2023-07-08T00:00:00.000000000Z,1.483788128844,,587838636815.46714556695428391,30263.6196341321,
2023-07-09T00:00:00.000000000Z,1.478660537861,,585920361083.212057336975243672,30163.2210563998,
2023-07-10T00:00:00.000000000Z,1.489525354536,,590445229947.014214125155469544,30394.6555806546,
2023-07-11T00:00:00.000000000Z,1.499536522954,,594775689277.01691757563623022,30616.247094097,
2023-07-12T00:00:00.000000000Z,1.487755265888,,590322472174.505716724935084722,30385.6087852133,
2023-07-13T00:00:00.000000000Z,1.538500113181,,610728166020.467173945624929688,31434.7354704851,
2023-07-14T00:00:00.000000000Z,1.483457241083,,588915499105.746042596586505063,30310.6720204559,
2023-07-15T00:00:00.000000000Z,1.482403144167,,588557285440.325077926379382744,30290.8905958504,
2023-07-16T00:00:00.000000000Z,1.480253300626,,587787667157.155509788423257545,30249.7729658095,
2023-07-17T00:00:00.000000000Z,1.475399676867,,585753069498.294796712809755885,30143.7462744009,
2023-07-18T00:00:00.000000000Z,1.45985580542,,579798246310.322172621955013734,29835.7474076563,
2023-07-19T00:00:00.000000000Z,1.463037215762,,581327738448.372690410511658426,29913.0294646406,
2023-07-20T00:00:00.000000000Z,1.457534391178,,579263933757.583522510111771372,29805.6065707189,
2023-07-21T00:00:00.000000000Z,1.463442609814,,581502126093.274426136136814892,29919.6934921099,
2023-07-22T00:00:00.000000000Z,1.453936935337,,577762692312.197823618215763702,29726.0096271186,
2023-07-23T00:00:00.000000000Z,1.470319604139,,584409586208.305780855349312999,30066.5724482759,
2023-07-24T00:00:00.000000000Z,1.427138509577,,567172583835.5377937430474544,29178.3597042665,
2023-07-25T00:00:00.000000000Z,1.42923855151,,568031588349.426838033292510654,29221.2548533022,
2023-07-26T00:00:00.000000000Z,1.436080716187,,570786020995.851144706501915038,29361.5917580362,
2023-07-27T00:00:00.000000000Z,1.429632064392,,567702667641.670982814196468952,29201.6865175336,
2023-07-28T00:00:00.000000000Z,1.440164978549,,569956745528.740987638950211717,29316.3130751023,
2023-07-29T00:00:00.000000000Z,1.442211649973,,570837626124.95839949113214455,29360.376179135,
2023-07-30T00:00:00.000000000Z,1.437384415792,,568971946350.460538086609317062,29262.8367337814,
2023-07-31T00:00:00.000000000Z,1.435482408871,,568161304123.144417308418732165,29219.8201887785,
2023-08-01T00:00:00.000000000Z,1.449024030947,,573626834711.751957879543410874,29499.5875385739,
2023-08-02T00:00:00.000000000Z,1.432048628755,,566723906311.31929886957898643,29143.1519620105,
2023-08-03T00:00:00.000000000Z,1.434367776395,,567708072135.620047259962972358,29192.3448617767,
2023-08-04T00:00:00.000000000Z,1.427652983063,,565102898970.057677476047059454,29057.2532437171,
2023-08-05T00:00:00.000000000Z,1.427408392655,,565050006983.148454409610993678,29053.0956975453,
2023-08-06T00:00:00.000000000Z,1.427044043698,,564981518319.179655745390515012,29048.0433275862,
2023-08-07T00:00:00.000000000Z,1.432710437146,,567270450866.942987702152424166,29164.3585873758,
2023-08-08T00:00:00.000000000Z,1.46267267691,,579258937400.42657066622588522,29779.511383986,
2023-08-09T00:00:00.000000000Z,1.452750656477,,575465345987.597042300770050324,29582.9442375804,
2023-08-10T00:00:00.000000000Z,1.445222004734,,572516652889.109833833306779925,29430.1599117475,
2023-08-11T00:00:00.000000000Z,1.443460117805,,571953498583.02724226719798482,29399.784739626,
2023-08-12T00:00:00.000000000Z,1.444002195989,,572294481733.85399547261259128,29415.733902104,
2023-08-13T00:00:00.000000000Z,1.437480909277,,569797456814.398111739885546682,29286.1176110462,
2023-08-14T00:00:00.000000000Z,1.443311936754,,572219165382.107858153182523394,29408.9717127411,
2023-08-15T00:00:00.000000000Z,1.43140313407,,567553842371.7331170743631032,29167.59721654,
2023-08-16T00:00:00.000000000Z,1.411251226179,,559540898713.439095790671826046,28754.2924079486,
2023-08-17T00:00:00.000000000Z,1.309597789983,,518824196992.358049184319569862,26660.5627264757,
2023-08-18T00:00:00.000000000Z,1.279955274829,,506719180176.87182092214133864,26037.3658474576,
2023-08-19T00:00:00.000000000Z,1.282875825078,,507843828672.97058239818519533,26093.981808007,
2023-08-20T00:00:00.000000000Z,1.287026193244,,509475768372.072264323778821985,26176.4721642315,
2023-08-21T00:00:00.000000000Z,1.285209423972,,508576908784.2399502652322441,26128.9050160725,
2023-08-22T00:00:00.000000000Z,1.278234400958,,505666970507.73641891009032263,25978.2096914085,
2023-08-23T00:00:00.000000000Z,1.301640510691,,514916563795.6458973690383383,26452.1935882525,
2023-08-24T00:00:00.000000000Z,1.286264498958,,508605062140.85895478580205582,26126.7943331385,
2023-08-25T00:00:00.000000000Z,1.282530939849,,506954581484.77939348200100386,26040.881255114,
2023-08-26T00:00:00.000000000Z,1.280910484603,,506301182375.610825616062584949,26006.1740800701,
2023-08-27T00:00:00.000000000Z,1.284719699038,,507881219035.473548991352607868,26086.3612594974,
2023-08-28T00:00:00.000000000Z,1.285785965076,,508229798236.063500780844216494,26103.2765730567,
2023-08-29T00:00:00.000000000Z,1.3631929159,,538804434657.690628702604118144,27672.2221306254,
2023-08-30T00:00:00.000000000Z,1.344866297954,,531558900196.08710203258187635,27298.997779661,
2023-08-31T00:00:00.000000000Z,1.279294333561,,505409690842.352323840499010022,25954.8665935126,
2023-09-01T00:00:00.000000000Z,1.272142442172,,502472681320.606382685403490967,25802.7885298071,
2023-09-02T00:00:00.000000000Z,1.275429178013,,503772923101.216018331809661349,25868.2960976037,
2023-09-03T00:00:00.000000000Z,1.280178738226,,505634064276.936131124952099305,25962.5475689655,
2023-09-04T00:00:00.000000000Z,1.272295663234,,502483154477.983374361730801781,25799.5256870251,
2023-09-05T00:00:00.000000000Z,1.271797475869,,502168852413.694216127738935452,25782.3622200468,
2023-09-06T00:00:00.000000000Z,1.270666304167,,501653557916.837028361322646383,25754.7902676797,
2023-09-07T00:00:00.000000000Z,1.293153415402,,510555856977.818945356617750222,26210.6045637054,
2023-09-08T00:00:00.000000000Z,1.278230950625,,504618646366.032000113134120706,25904.6982127411,
2023-09-09T00:00:00.000000000Z,1.277871761676,,504446774367.6366998220874881,25894.6205976037,
2023-09-10T00:00:00.000000000Z,1.274805713565,,503240183985.3009083030157915,25831.4647802455,
2023-09-11T00:00:00.000000000Z,1.240998802155,,489697629060.519517663213266156,25135.0393781414,
2023-09-12T00:00:00.000000000Z,1.276849786407,,503838775481.52297461944070284,25859.7018068381,
2023-09-13T00:00:00.000000000Z,1.294929881704,,511016547221.948404690146483281,26226.8667524839,
2023-09-14T00:00:00.000000000Z,1.31072461763,,517457530984.23015732235133332,26556.056943308,
2023-09-15T00:00:00.000000000Z,1.316247721823,,519760082134.145071304763549255,26672.6160818235,
2023-09-16T00:00:00.000000000Z,1.31045230781,,517506259356.387896003390840013,26555.6361031561,
2023-09-17T00:00:00.000000000Z,1.30778359727,,516494120490.554206969355242918,26502.4321189363,
2023-09-18T00:00:00.000000000Z,1.320321096515,,521630111130.571573066187261356,26764.6319064874,
2023-09-19T00:00:00.000000000Z,1.341491282124,,530432200788.990439036633758426,27215.0504848042,
2023-09-20T00:00:00.000000000Z,1.337531751739,,528865632041.948784864882376855,27133.4037235535,
2023-09-21T00:00:00.000000000Z,1.310046276386,,517938166731.532858459647752415,26571.5952919345,
2023-09-22T00:00:00.000000000Z,1.310529519075,,518145793262.089322596813602666,26581.1476116306,
2023-09-23T00:00:00.000000000Z,1.310250960634,,518067003459.2077842198357924,26575.776386616,
2023-09-24T00:00:00.000000000Z,1.296058458113,,512454598334.411140536964152785,26286.6410488019,
2023-09-25T00:00:00.000000000Z,1.296187807462,,512520696246.09498486840220429,26288.8095005845,
2023-09-26T00:00:00.000000000Z,1.291644411828,,510705063524.107810511393311304,26194.5378880772,
2023-09-27T00:00:00.000000000Z,1.298711354638,,513490549820.474637554364913315,26336.0825973115,
2023-09-28T00:00:00.000000000Z,1.332826815107,,527111733520.921240076831515626,27033.4254415546,
2023-09-29T00:00:00.000000000Z,1.326653306014,,524754246922.809969709039937156,26911.2514739918,
2023-09-30T00:00:00.000000000Z,1.329742814001,,526073093616.723737629447930892,26977.6933126826,
2023-10-01T00:00:00.000000000Z,1.377331393995,,545060830633.965237486716000244,27950.1453594389,
2023-10-02T00:00:00.000000000Z,1.35843524556,,537594432787.149924713739564948,27565.8892954413,
2023-10-03T00:00:00.000000000Z,1.351957092666,,535150716312.290513218723385048,27439.1422393337,
2023-10-04T00:00:00.000000000Z,1.369035570095,,542157740802.6998560258082652,27797.251176505,
2023-10-05T00:00:00.000000000Z,1.350981968888,,534947755956.136991623851384935,27426.3450926359,
2023-10-06T00:00:00.000000000Z,1.37581058469,,545032774162.637573762292673935,27941.9633760959,
2023-10-07T00:00:00.000000000Z,1.376921632645,,545663221045.679877556398226454,27972.7515704266,
2023-10-08T00:00:00.000000000Z,1.375035048808,,544978512422.107599066029721342,27936.3261157218,
2023-10-09T00:00:00.000000000Z,1.357643501831,,538275597960.002181354669757296,27591.3467618352,
2023-10-10T00:00:00.000000000Z,1.349224905545,,534956624501.666907394757392547,27419.7971803039,
2023-10-11T00:00:00.000000000Z,1.320267435058,,523440934621.232300522137441797,26828.1725710111,
2023-10-12T00:00:00.000000000Z,1.316151935393,,521774344475.747274184725363723,26741.3405990649,
2023-10-13T00:00:00.000000000Z,1.321220609655,,523770269515.921380630862678424,26842.4467703098,
2023-10-14T00:00:00.000000000Z,1.321559699731,,524176108562.752174330581259152,26861.9892375804,
2023-10-15T00:00:00.000000000Z,1.334644980263,,529440285566.397759585483628848,27130.3067092344,
2023-10-16T00:00:00.000000000Z,1.401484702482,,556327162174.419077097235573782,28506.7936741671,
2023-10-17T00:00:00.000000000Z,1.397569787083,,554919826688.80039067514062555,28433.2051522501,
2023-10-18T00:00:00.000000000Z,1.392147247637,,552893715020.03227452649717344,28328.0750195792,
2023-10-19T00:00:00.000000000Z,1.410163206398,,559989684490.27110364111683128,28690.358041204,
2023-10-20T00:00:00.000000000Z,1.458847579295,,579818457347.652706424144984127,29704.9853673291,
2023-10-21T00:00:00.000000000Z,1.469157536053,,584093133773.023012802731606518,29922.5464044418,
2023-10-22T00:00:00.000000000Z,1.471860430263,,585324500584.104555636701352411,29984.1593196961,
2023-10-23T00:00:00.000000000Z,1.613500605985,,643334765892.806076883723028948,32954.1690482174,
2023-10-24T00:00:00.000000000Z,1.654397557736,,661454292586.769644923670284813,33880.9566537113,
2023-10-25T00:00:00.000000000Z,1.681601781377,,673349438741.38106070959299674,34488.6589210988,
2023-10-26T00:00:00.000000000Z,1.663662918099,,667384425419.412939861161889467,34181.4922521917,
2023-10-27T00:00:00.000000000Z,1.648793504518,,661861216442.48169228106758292,33896.938528346,
2023-10-28T00:00:00.000000000Z,1.65738945553,,665695994028.704382346720987812,34091.5890327294,
2023-10-29T00:00:00.000000000Z,1.679987904494,,675152083745.6385850267048836,34574.3377206312,
2023-10-30T00:00:00.000000000Z,1.674700476949,,673638496021.274890270807411367,34495.1050207481,
2023-10-31T00:00:00.000000000Z,1.679986208289,,676431849484.796364498558372408,34636.4264736996,
2023-11-01T00:00:00.000000000Z,1.715331297044,,692001591886.285707133628212377,35431.9794532437,
2023-11-02T00:00:00.000000000Z,1.687432786238,,681309570415.543297608781729988,34882.9173366452,
2023-11-03T00:00:00.000000000Z,1.677473281454,,677927038798.889317196084076648,34708.2218804792,
2023-11-04T00:00:00.000000000Z,1.695198047921,,685441863797.969303465763637065,35091.0763062537,
2023-11-05T00:00:00.000000000Z,1.69531363252,,685750422606.963259037322540084,35105.0420265926,
2023-11-06T00:00:00.000000000Z,1.690062847822,,684072353457.086891207726255616,35017.7151484512,
2023-11-07T00:00:00.000000000Z,1.707693280842,,691930690430.077581908037231465,35418.4768901227,
2023-11-08T00:00:00.000000000Z,1.724477503,,699376281704.508946549298462206,35797.8946090006,
2023-11-09T00:00:00.000000000Z,1.762200964364,,716551269713.532337667582128014,36675.3264333723,
2023-11-10T00:00:00.000000000Z,1.792853668717,,730110600644.336453313546719868,37367.4943722969,
2023-11-11T00:00:00.000000000Z,1.773581111946,,722575118046.01631779324299645,36979.9312405026,
2023-11-12T00:00:00.000000000Z,1.776498366314,,724046805388.679005495294429501,37053.3410514319,
2023-11-13T00:00:00.000000000Z,1.751221714879,,714107277954.335142957334112892,36543.2680870836,
2023-11-14T00:00:00.000000000Z,1.705402061503,,695523122553.634484145195203069,35590.6835645821,
2023-11-15T00:00:00.000000000Z,1.810152914492,,739525714298.604830100844432908,37840.5534894798,
2023-11-16T00:00:00.000000000Z,1.729237075753,,706723664687.061755120794328218,36160.4044509059,
2023-11-17T00:00:00.000000000Z,1.747806543208,,714757510003.9954124880448396,36569.7120534775,
2023-11-18T00:00:00.000000000Z,1.74769689693,,714942322047.270934111016273587,36577.4249617183,
2023-11-19T00:00:00.000000000Z,1.78814575059,,731895327518.44277196011575893,37442.7285119813,
2023-11-20T00:00:00.000000000Z,1.789732455017,,733367477325.500385952378660382,37516.0503708358,
2023-11-21T00:00:00.000000000Z,1.717720966087,,704450637687.375634973404248909,36035.0330862069,
2023-11-22T00:00:00.000000000Z,1.780655097435,,731226964175.876842407518118975,37403.0347168323,
2023-11-23T00:00:00.000000000Z,1.775570834214,,729476032042.607061335093366768,37311.7192156634,
2023-11-24T00:00:00.000000000Z,1.793664605571,,737474104744.779452365444675,37718.7841630625,
2023-11-25T00:00:00.000000000Z,1.796938311512,,739102058354.120902567855610262,37800.1260932203,
2023-11-26T00:00:00.000000000Z,1.781247130023,,732929768941.74160898995752266,37482.7055260082,
2023-11-27T00:00:00.000000000Z,1.768699884325,,728003902580.537759212319392835,37229.2452197545,
2023-11-28T00:00:00.000000000Z,1.795694998493,,739756186708.63055581014172266,37828.4655911748,
2023-11-29T00:00:00.000000000Z,1.794443185541,,740147934698.254429253318450904,37846.8531227352,
2023-11-30T00:00:00.000000000Z,1.787790724759,,737556192386.460473456157139911,37712.7114789597,
2023-12-01T00:00:00.000000000Z,1.831958430263,,756975202401.781645851288030627,38703.5536820573,
2023-12-02T00:00:00.000000000Z,1.866562636124,,771845911078.79539576363265193,39462.2799272355,
2023-12-03T00:00:00.000000000Z,1.88957149278,,781978503111.60780912563557525,39978.2226104617,
2023-12-04T00:00:00.000000000Z,1.974157660867,,819810743285.148647231259135782,41910.2994815897,
2023-12-05T00:00:00.000000000Z,2.070210110876,,862036250724.353797086569522112,44067.0054763296,
2023-12-06T00:00:00.000000000Z,2.049004981703,,855790704203.05819097030090112,43745.8343907072,
2023-12-07T00:00:00.000000000Z,2.024192806038,,846760011628.94621994059711468,43282.6182261835,
2023-12-08T00:00:00.000000000Z,2.063554127808,,864843357731.655654651063390528,44205.0522089421,
2023-12-09T00:00:00.000000000Z,2.040603828859,,855787955926.265802437039994432,43740.0063927528,
2023-12-10T00:00:00.000000000Z,2.039126541822,,855683506559.46523814097049856,43732.7120900059,
2023-12-11T00:00:00.000000000Z,1.920421604102,,806362223760.31766248433275588,41209.8947904734,
2023-12-12T00:00:00.000000000Z,1.928403638971,,811435726173.271416115161744524,41467.2735698422,
2023-12-13T00:00:00.000000000Z,1.994507456072,,840275791000.01480221276878388,42939.0607583285,
2023-12-14T00:00:00.000000000Z,1.997076014934,,842156042637.009793918940575305,43033.1371560491,
2023-12-15T00:00:00.000000000Z,1.945584187067,,821551732456.033364905124877072,41978.0970195792,
2023-12-16T00:00:00.000000000Z,1.954587603816,,825997582210.438384628343028338,42203.2140450029,
2023-12-17T00:00:00.000000000Z,1.918432937883,,810877031378.736416780662028304,41428.6657855056,
2023-12-18T00:00:00.000000000Z,1.970997560336,,834547547301.948913983105541433,42635.7331911163,
2023-12-19T00:00:00.000000000Z,1.952266717846,,827467989591.40517913010671888,42271.863025716,
2023-12-20T00:00:00.000000000Z,2.010355157868,,853606590402.816486632358433254,43605.1555549386,
2023-12-21T00:00:00.000000000Z,2.02055347695,,858835832285.303816409741013248,43870.2382340736,
2023-12-22T00:00:00.000000000Z,2.024349186253,,861608364729.856024811458868276,44009.5016551724,
2023-12-23T00:00:00.000000000Z,2.012046953684,,856939861545.14327270131874706,43768.8067518995,
2023-12-24T00:00:00.000000000Z,1.978993772604,,843848610986.327189087124503433,43097.8093258329,
2023-12-25T00:00:00.000000000Z,2.002168071468,,854184356141.278250720498451369,43623.7504029807,
2023-12-26T00:00:00.000000000Z,1.947666354666,,832043610688.72914363549405313,42491.1229079486,
2023-12-27T00:00:00.000000000Z,1.98454282113,,850599611615.589582992342215618,43436.9594269433,
2023-12-28T00:00:00.000000000Z,1.948191066046,,835626290884.13296029922175922,42670.6797180012,
2023-12-29T00:00:00.000000000Z,1.915289168243,,822504553591.415276562295493513,41998.6033442431,
2023-12-30T00:00:00.000000000Z,1.923525954915,,826574939575.073580310620842571,42204.4917744009,
2023-12-31T00:00:00.000000000Z,1.923147103068,,826864184822.291716400630805616,42217.1587913501,
2024-01-01T00:00:00.000000000Z,2.005011405976,,862794527491.196169271648152975,44049.4735534775,
2024-01-02T00:00:00.000000000Z,2.041843744783,,880296744332.14128380881980887,44941.160493571,
2024-01-03T00:00:00.000000000Z,1.941607815328,,837882334394.817677735844414985,42773.6515423729,
2024-01-04T00:00:00.000000000Z,1.991280476371,,866863769397.929404123167916803,44250.7452670953,
2024-01-05T00:00:00.000000000Z,1.983754393826,,864856217418.007345324496984005,44146.3222022209,
2024-01-06T00:00:00.000000000Z,1.972626827535,,860421264320.441991017309312952,43917.9798147282,
2024-01-07T00:00:00.000000000Z,1.968589392178,,859008059190.41513005080585696,43844.195949737,
2024-01-08T00:00:00.000000000Z,2.105199604079,,920507694271.332089487562960924,46981.3242995324,
2024-01-09T00:00:00.000000000Z,2.061111820714,,902970262822.95768648427049706,46084.005795149,
2024-01-10T00:00:00.000000000Z,2.090437479903,,917394187765.13360748530513335,46818.1592764465,
2024-01-11T00:00:00.000000000Z,2.06755309096,,908875740937.484804445777558528,46380.8708082992,
2024-01-12T00:00:00.000000000Z,1.910157143573,,839091815873.353065535764452756,42817.4305356517,
2024-01-13T00:00:00.000000000Z,1.911017344621,,839712974628.941659555411275148,42846.9544699006,
2024-01-14T00:00:00.000000000Z,1.868072683047,,820955897438.449190269149356993,41888.1513068381,
2024-01-15T00:00:00.000000000Z,1.895817002527,,833544457525.685065373765513988,42528.9192489772,
2024-01-16T00:00:00.000000000Z,1.915131498731,,846171395720.247890204707196651,43171.4472241379,
2024-01-17T00:00:00.000000000Z,1.892920670298,,836753555542.93112288986772652,42689.304327294,
2024-01-18T00:00:00.000000000Z,1.826405496575,,808811755816.471116552604442974,41261.9076177674,
2024-01-19T00:00:00.000000000Z,1.840326498572,,815607676546.723943761831633256,41606.8535330216,
2024-01-20T00:00:00.000000000Z,1.842828285649,,816857089192.022860447392469248,41668.6904102864,
2024-01-21T00:00:00.000000000Z,1.836787376079,,814314028256.857555306822301212,41537.1123562244,
2024-01-22T00:00:00.000000000Z,1.750703117876,,775928554108.825462901718640896,39577.0998603156,
2024-01-23T00:00:00.000000000Z,1.75685238167,,779107885559.913991568797979688,39737.3143617767,
2024-01-24T00:00:00.000000000Z,1.769398537471,,786292868063.822853294522693553,40101.8568980129,
2024-01-25T00:00:00.000000000Z,1.759912897525,,782726426382.1895484538265982,39917.6611461134,
2024-01-26T00:00:00.000000000Z,1.843658004535,,820866927315.728686476902079228,41860.7310458796,
2024-01-27T00:00:00.000000000Z,1.854538165179,,826100034581.4242854274633457,42125.3014155465,
2024-01-28T00:00:00.000000000Z,1.847823938144,,823351807165.902499486360270793,41983.0202744009,
2024-01-29T00:00:00.000000000Z,1.900281404617,,847620609856.283450489095114882,43218.3470821157,
2024-01-30T00:00:00.000000000Z,1.884454643724,,842397364504.326968216569493587,42950.0541277031,
2024-01-31T00:00:00.000000000Z,1.865776569305,,835359963215.00783494864955652,42589.4708059614,
2024-02-01T00:00:00.000000000Z,1.883692689819,,843852657325.613832916808541266,43020.3596548802,
2024-02-02T00:00:00.000000000Z,1.888479126867,,846551917090.705117208587337728,43155.3852030976,
2024-02-03T00:00:00.000000000Z,1.880647419447,,843198728324.982989253642184608,42982.3789979544,
2024-02-04T00:00:00.000000000Z,1.862423695961,,835273625240.070035941190589198,42576.2913050847,
2024-02-05T00:00:00.000000000Z,1.863325630825,,836158430969.55346766880352295,42619.2742738165,
2024-02-06T00:00:00.000000000Z,1.881777313878,,845688803310.792036160512187527,43102.7062632963,
2024-02-07T00:00:00.000000000Z,1.929905898886,,868302802756.036199925304374277,44253.0314731151,
2024-02-08T00:00:00.000000000Z,1.974244701407,,889514483023.9788348334656396,45332.09157218,
2024-02-09T00:00:00.000000000Z,2.050894304805,,925763898219.760379451805995299,47176.9665137347,
2024-02-10T00:00:00.000000000Z,2.075743628106,,937895843905.586877939507034944,47792.8972156634,
2024-02-11T00:00:00.000000000Z,2.091679256465,,945941841244.154956698314419302,48200.7986057861,
2024-02-12T00:00:00.000000000Z,2.163451148703,,981107036008.363970070841075,49989.80371654,
2024-02-13T00:00:00.000000000Z,2.144571750971,,974049946091.396292319954150606,49628.0941528346,
2024-02-14T00:00:00.000000000Z,2.227481564237,,1017592289633.961418613382182284,51844.2929193454,
2024-02-15T00:00:00.000000000Z,2.227672856945,,1019505042839.35371064512200832,51939.1472919345,
2024-02-16T00:00:00.000000000Z,2.233361065632,,1023831051832.776893251290164742,52157.3123977206,
2024-02-17T00:00:00.000000000Z,2.211108586549,,1014408246958.517039175869357427,51674.8158521333,
2024-02-18T00:00:00.000000000Z,2.229209056718,,1023737845114.245160388018911628,52148.0645365283,
2024-02-19T00:00:00.000000000Z,2.207720044105,,1017043227936.434645745695493173,51804.8051537113,
2024-02-20T00:00:00.000000000Z,2.226411177484,,1026969199193.771125587781614135,52308.0531712449,
2024-02-21T00:00:00.000000000Z,2.199223255693,,1015946034869.6826064065997827,51744.321808007,
2024-02-22T00:00:00.000000000Z,2.176256754311,,1007114829786.901123486368815836,51292.3252574518,
2024-02-23T00:00:00.000000000Z,2.151044247173,,997285419197.948206491800240775,50789.1431759205,
2024-02-24T00:00:00.000000000Z,2.182874558495,,1012824030063.52358464178665945,51578.2349164231,
2024-02-25T00:00:00.000000000Z,2.188723304731,,1016180820662.223358651030661216,51746.4789669784,
2024-02-26T00:00:00.000000000Z,2.30035580813,,1071316673976.739152672570827379,54551.8259184687,
2024-02-27T00:00:00.000000000Z,2.39296751458,,1120420896302.56414349741600629,57049.888220339,
2024-02-28T00:00:00.000000000Z,2.578804516452,,1226744513760.79676222716323654,62460.740619813,
2024-02-29T00:00:00.000000000Z,2.523625575021,,1205859852279.277555348212494496,61394.7818515488,
2024-03-01T00:00:00.000000000Z,2.552193764104,,1228106988685.40508116229336048,62524.401817066,
2024-03-02T00:00:00.000000000Z,2.530515094253,,1218830448923.293214292607643934,62049.6145637054,
2024-03-03T00:00:00.000000000Z,2.564912446775,,1237391640177.789818295534392223,62991.4422913501,
2024-03-04T00:00:00.000000000Z,2.751198902437,,1337637736660.584994940113580538,68091.8388243717,
2024-03-05T00:00:00.000000000Z,2.565781926711,,1256349969665.85700912308282,63950.524329924,
2024-03-06T00:00:00.000000000Z,2.612226371577,,1298708781023.339919715111502341,66103.7215400351,
2024-03-07T00:00:00.000000000Z,2.630694305772,,1317775703379.341620780796523488,67070.3791484512,
2024-03-08T00:00:00.000000000Z,2.663773784415,,1342859547465.888951863456019349,68343.7149552893,
2024-03-09T00:00:00.000000000Z,2.664446669894,,1346049345988.849725727812580572,68502.5053392753,
2024-03-10T00:00:00.000000000Z,2.673324643842,,1353572780460.292226934560837625,68882.2513395675,
2024-03-11T00:00:00.000000000Z,2.776042557045,,1418807431184.407700709429856185,72198.0875341905,
2024-03-12T00:00:00.000000000Z,2.732831670246,,1403829853146.614862244785586088,71432.7283018702,
2024-03-13T00:00:00.000000000Z,2.746836537171,,1436306869781.037957508411516365,73081.5759053185,
2024-03-14T00:00:00.000000000Z,2.676637138189,,1405390053436.695541653452314569,71505.2729076563,
2024-03-15T00:00:00.000000000Z,2.593181988006,,1364557049381.379610971830581656,69424.9141753361,
2024-03-16T00:00:00.000000000Z,2.443363523614,,1286167673667.403033967441825805,65433.6819006429,
2024-03-17T00:00:00.000000000Z,2.541969044316,,1342277385497.007952291265164593,68285.0891691993,
2024-03-18T00:00:00.000000000Z,2.51875351754,,1332230717578.118033109363094527,67770.8865245471,
2024-03-19T00:00:00.000000000Z,2.30649799611,,1218244887373.99802992372527001,61969.3075394506,
2024-03-20T00:00:00.000000000Z,2.517432122856,,1333878479086.97251916302961754,67848.1076396844,
2024-03-21T00:00:00.000000000Z,2.425056482588,,1286874418578.591753480894103904,65454.7357232612,
2024-03-22T00:00:00.000000000Z,2.347242779085,,1248231144166.5354450424214396,63486.4849997078,
2024-03-23T00:00:00.000000000Z,2.355130916016,,1265492833453.943257906775212154,64361.2429047341,
2024-03-24T00:00:00.000000000Z,2.459089042138,,1323142018390.208928390524519439,67289.5658310929,
2024-03-25T00:00:00.000000000Z,2.531973278125,,1377322433812.739523096089924432,70042.0204237288,
2024-03-26T00:00:00.000000000Z,2.529858023857,,1377951907816.72561713115451625,70071.0472144945,
2024-03-27T00:00:00.000000000Z,2.497305617703,,1362216604596.20668841455292954,69267.8879815897,
2024-03-28T00:00:00.000000000Z,2.542320039061,,1392943231125.419101363995437678,70826.8968714202,
2024-03-29T00:00:00.000000000Z,2.50681430136,,1375112180619.66479158236876507,69917.0430070134,
2024-03-30T00:00:00.000000000Z,2.495980095994,,1370183441931.534090769763199241,69663.0119073641,
2024-03-31T00:00:00.000000000Z,2.54947270434,,1401014986716.476665447516839306,71227.4517939801,
2024-04-01T00:00:00.000000000Z,2.483865174687,,1372838341430.189886310280250564,69791.6277305669,
2024-04-02T00:00:00.000000000Z,2.325824861038,,1289144341529.467428084037115314,65533.7548351841,
2024-04-03T00:00:00.000000000Z,2.343574739079,,1300936296061.397397773482039813,66130.2162393337,
2024-04-04T00:00:00.000000000Z,2.422340254314,,1346397493893.68978132028810246,68438.135024547,
2024-04-05T00:00:00.000000000Z,2.401839662162,,1335970050153.925116052476291067,67904.9094766219,
2024-04-06T00:00:00.000000000Z,2.442327543695,,1360259059730.445484430884413888,69136.0710783168,
2024-04-07T00:00:00.000000000Z,2.449775072637,,1365381654693.307563220130904892,69392.6830108124,
2024-04-08T00:00:00.000000000Z,2.52594267686,,1411103414779.7264584709051293,71712.7972840444,
2024-04-09T00:00:00.000000000Z,2.431151797828,,1359253099652.012550384439238328,69074.5418638223,
2024-04-10T00:00:00.000000000Z,2.480887886464,,1388933299151.329336880609581304,70579.4456767972,
2024-04-11T00:00:00.000000000Z,2.459930871341,,1378504301565.565728057048460902,70046.5536057861,
2024-04-12T00:00:00.000000000Z,2.355699837214,,1320536537240.23121947385567148,67098.113691993,
2024-04-13T00:00:00.000000000Z,2.266724603585,,1270486530668.288365232988692928,64551.6482875512,
2024-04-14T00:00:00.000000000Z,2.303797513539,,1292144961483.213460065942185568,65648.8099602572,
2024-04-15T00:00:00.000000000Z,2.224653591762,,1247806826197.33318369431756219,63393.325166277,
2024-04-16T00:00:00.000000000Z,2.235583060627,,1255578626046.309268685330837432,63784.8203340152,
2024-04-17T00:00:00.000000000Z,2.150115532828,,1207195172504.97261513369725889,61324.2184286967,
2024-04-18T00:00:00.000000000Z,2.223657090198,,1250283688855.0876096102831086,63510.14500263,
2024-04-19T00:00:00.000000000Z,2.229521797353,,1255313599075.937100222650754102,63762.6310300994,
2024-04-20T00:00:00.000000000Z,2.268874228093,,1277889041416.159314382357488316,64907.9928366452,
2024-04-21T00:00:00.000000000Z,2.270178573833,,1279102660225.91477559966692679,64968.192619813,
2024-04-22T00:00:00.000000000Z,2.336371416788,,1318046160711.639957983698267876,66944.5960911748,
2024-04-23T00:00:00.000000000Z,2.315430605828,,1307069255153.722630675488576265,66385.3002919345,
2024-04-24T00:00:00.000000000Z,2.229186378145,,1263876147635.96007541871192453,64189.9679064874,
2024-04-25T00:00:00.000000000Z,2.239412644798,,1270312365909.415287687543467415,64515.3874725307,
2024-04-26T00:00:00.000000000Z,2.213395882136,,1255809257754.73334978226648709,63777.4715002922,
2024-04-27T00:00:00.000000000Z,2.200293292653,,1248981539069.53600255094491416,63429.3099649328,
2024-04-28T00:00:00.000000000Z,2.182739504636,,1240133745037.157497660882310232,62978.5770049678,
2024-04-29T00:00:00.000000000Z,2.213049963714,,1258469166546.737502800097421929,63908.3888766803,
2024-04-30T00:00:00.000000000Z,2.099491659604,,1194063184619.588171470583492964,60636.3261633548,
2024-05-01T00:00:00.000000000Z,2.01516295818,,1144963991083.407714493413569004,58141.7772799532,
2024-05-02T00:00:00.000000000Z,2.050901531028,,1165241347389.504128317679783405,59170.1088936295,
2024-05-03T00:00:00.000000000Z,2.180678249434,,1240367193696.921670594212276568,62983.6554783752,
2024-05-04T00:00:00.000000000Z,2.210725676775,,1258069746191.771251526271985891,63881.1305429573,
2024-05-05T00:00:00.000000000Z,2.216655067084,,1261769810812.102509251369188359,64067.5959918177,
2024-05-06T00:00:00.000000000Z,2.186202853853,,1245260648377.023581402103415007,63228.1031341321,
2024-05-07T00:00:00.000000000Z,2.157205469069,,1228916076889.09791674680496025,62396.999720339,
2024-05-08T00:00:00.000000000Z,2.110540935051,,1202987566725.9589640158223104,61079.27442782,
2024-05-09T00:00:00.000000000Z,2.175223560734,,1240816052414.62771733220706008,62998.4903381064,
2024-05-10T00:00:00.000000000Z,2.102988744981,,1199445712976.238103312303237468,60896.6418880772,
2024-05-11T00:00:00.000000000Z,2.100448702876,,1198430676128.048296682509717698,60843.5729240211,
2024-05-12T00:00:00.000000000Z,2.119745795365,,1210031928139.581849537705811506,61431.2746879018,
2024-05-13T00:00:00.000000000Z,2.168233271084,,1238733522166.95519033824872862,62886.9394491526,
2024-05-14T00:00:00.000000000Z,2.121406641577,,1212534592795.919188954443779412,61555.5670046756,
2024-05-15T00:00:00.000000000Z,2.275705533512,,1305656862270.259400589202836321,66281.5322542373,
2024-05-16T00:00:00.000000000Z,2.238813737175,,1285745432661.990893436531471192,65269.2603246639,
2024-05-17T00:00:00.000000000Z,2.293532882786,,1319013797948.891262589427184478,66956.4409476914,
2024-05-18T00:00:00.000000000Z,2.293351817746,,1319457427063.726201588681809795,66977.6006914085,
2024-05-19T00:00:00.000000000Z,2.267741433359,,1305342162215.106294149649672546,66259.4704260666,
2024-05-20T00:00:00.000000000Z,2.430732575262,,1402750979194.100928007087768888,71202.2025902981,
2024-05-21T00:00:00.000000000Z,2.392177115696,,1383376851822.536763066883586825,70217.2546914085,
2024-05-22T00:00:00.000000000Z,2.350508549105,,1360904192311.321928736988796088,69074.9141350088,
2024-05-23T00:00:00.000000000Z,2.30342600975,,1335008716623.439371615185967041,67758.7306586791,
2024-05-24T00:00:00.000000000Z,2.329942400919,,1351795322625.10669748973512599,68608.998279661,
2024-05-25T00:00:00.000000000Z,2.351755247843,,1365105657154.544309034462727181,69282.7925976037,
2024-05-26T00:00:00.000000000Z,2.321857258415,,1348634376225.006806499110340885,68445.0069532437,
2024-05-27T00:00:00.000000000Z,2.349289009693,,1366449886995.25414626120763944,69347.815260374,
2024-05-28T00:00:00.000000000Z,2.276025405912,,1346675790188.278390227691593618,68342.8204488603,
2024-05-29T00:00:00.000000000Z,2.249666771523,,1331757571193.812030000495220208,67584.2632402104,
2024-05-30T00:00:00.000000000Z,2.274593932765,,1347374814099.080429675214088082,68375.4760260082,
2024-05-31T00:00:00.000000000Z,2.240434640049,,1327745507331.984094805169893166,67377.7626122151,
2024-06-01T00:00:00.000000000Z,2.250811711614,,1334408183644.819610921956931754,67714.3526399766,
2024-06-02T00:00:00.000000000Z,2.252890611825,,1336233753379.113803000530939808,67805.4855742256,
2024-06-03T00:00:00.000000000Z,2.282844084426,,1356522583774.186185083687285847,68833.3028351841,
2024-06-04T00:00:00.000000000Z,2.336035028633,,1390464286885.488850573840127835,70554.0894330801,
2024-06-05T00:00:00.000000000Z,2.350051564625,,1401002830701.559448363928722648,71087.4433158971,
2024-06-06T00:00:00.000000000Z,2.333807126267,,1395140656059.82505844320003349,70788.5013755114,
2024-06-07T00:00:00.000000000Z,2.283767499815,,1366587206919.38056191218357589,69338.1573240795,
2024-06-08T00:00:00.000000000Z,2.281753656488,,1366071661252.042150733353392432,69310.1092618352,
2024-06-09T00:00:00.000000000Z,2.291783692164,,1372686175118.294943680039385132,69644.0190894214,
2024-06-10T00:00:00.000000000Z,2.284430208974,,1369206330030.370205893839656428,69465.9362478083,
2024-06-11T00:00:00.000000000Z,2.210797104332,,1327886106724.70128926469677306,67368.263506429,
2024-06-12T00:00:00.000000000Z,2.236528862009,,1344584160572.374152489181411366,68213.8346838106,
2024-06-13T00:00:00.000000000Z,2.189193919128,,1316420457334.039071259370860548,66783.4902767388,
2024-06-14T00:00:00.000000000Z,2.162288948988,,1300651738960.45594512492168944,65982.1865195792,
2024-06-15T00:00:00.000000000Z,2.168574282271,,1305069712028.4419516404947449,66204.904308007,
2024-06-16T00:00:00.000000000Z,2.181700780897,,1313337507861.064703839260285825,66622.5999336645,
2024-06-17T00:00:00.000000000Z,2.17600767278,,1310631966548.809544442944230488,66483.8785260082,
2024-06-18T00:00:00.000000000Z,2.131170120016,,1283620750458.029002208062765736,65112.1230020456,
2024-06-19T00:00:00.000000000Z,2.122527340691,,1279047103315.121399790927748528,64878.7141525424,
2024-06-20T00:00:00.000000000Z,2.122824344632,,1279448394407.814512131275970029,64897.7011542957,
2024-06-21T00:00:00.000000000Z,2.094841851078,,1263474830674.393486250164916137,64086.0489228521,
2024-06-22T00:00:00.000000000Z,2.094393635978,,1266898089628.07395895873983779,64258.135506429,
2024-06-23T00:00:00.000000000Z,2.064629768046,,1248917529606.734643084151544932,63345.0218760959,
2024-06-24T00:00:00.000000000Z,1.965852605759,,1188100921863.34306879984054098,60258.9554374635,
2024-06-25T00:00:00.000000000Z,2.013824808421,,1217319401227.33427044295787039,61739.6658477498,
2024-06-26T00:00:00.000000000Z,1.983142815892,,1198706106409.113680060234960062,60794.4760584454,
2024-06-27T00:00:00.000000000Z,2.00449611147,,1214020888208.736288579368077734,61569.9234275278,
2024-06-28T00:00:00.000000000Z,1.963323618484,,1189071644235.077421256429417725,60303.3147364115,
2024-06-29T00:00:00.000000000Z,1.982090071071,,1200656669706.71270095614570593,60889.3298430742,
2024-06-30T00:00:00.000000000Z,2.04224535277,,1237632202717.07462002116874479,62763.2796861485,
2024-07-01T00:00:00.000000000Z,2.04314593286,,1239082028945.832928611964346575,62835.3997647575,
2024-07-02T00:00:00.000000000Z,2.017079157971,,1223201373387.417777705074177741,62028.6170385739,
2024-07-03T00:00:00.000000000Z,1.956495892684,,1187491669195.145747067483344631,60216.3920859147,
2024-07-04T00:00:00.000000000Z,1.867131113244,,1132336135774.266217873527851684,57418.2420213326,
2024-07-05T00:00:00.000000000Z,1.84216706331,,1118607148795.793488492325449475,56720.9881256575,
2024-07-06T00:00:00.000000000Z,1.891715119434,,1148973034600.30949870329378624,58259.221773232,
2024-07-07T00:00:00.000000000Z,1.82212870475,,1106662108515.931718236638321168,56112.5725587376,
2024-07-08T00:00:00.000000000Z,1.84231499501,,1118116169843.2405415178418784,56691.9149061952,
2024-07-09T00:00:00.000000000Z,1.882826099963,,1143576800885.025079587536117076,57981.4320967271,
2024-07-10T00:00:00.000000000Z,1.873671456415,,1138484737067.429877702696568983,57722.0113527177,
2024-07-11T00:00:00.000000000Z,1.860391707754,,1130338357125.14658604053052302,57307.712738457,
2024-07-12T00:00:00.000000000Z,1.877696697499,,1141241450890.77357341336321722,57859.1202819988,
2024-07-13T00:00:00.000000000Z,1.924461076714,,1170263359782.12155541580940609,59329.0372016365,
2024-07-14T00:00:00.000000000Z,1.978252221421,,1203551433724.799421795433357008,61015.0339412624,
2024-07-15T00:00:00.000000000Z,2.094337235781,,1276955826783.023152840486156986,64734.7611697837,
2024-07-16T00:00:00.000000000Z,2.10249498714,,1284561804277.980722590277253226,65118.8266583869,
2024-07-17T00:00:00.000000000Z,2.0722141993,,1266495577595.253628869495704601,64201.3707805377,
2024-07-18T00:00:00.000000000Z,2.063284607936,,1262239275865.344854696631700862,63984.3022022209,
2024-07-19T00:00:00.000000000Z,2.146794861585,,1316943858342.90510553479327027,66755.7833828171,
2024-07-20T00:00:00.000000000Z,2.159544550027,,1325455815468.551244329432437905,67185.4978112215,
2024-07-21T00:00:00.000000000Z,2.186185421436,,1342677522206.001248082373163697,68056.6201215663,
2024-07-22T00:00:00.000000000Z,2.167482354881,,1332428244617.524568516271043467,67535.1976738749,
2024-07-23T00:00:00.000000000Z,2.109594621683,,1300525327320.52098460960069506,65916.4081616014,
2024-07-24T00:00:00.000000000Z,2.091076478928,,1289445533977.663288243902229676,65353.3857784921,
2024-07-25T00:00:00.000000000Z,2.101052278672,,1296753108115.77638207947286127,65722.0611917007,
2024-07-26T00:00:00.000000000Z,2.167988897972,,1340001251630.17521311487749199,67912.2433091759,
2024-07-27T00:00:00.000000000Z,2.17149524018,,1343292249647.731002216944682405,68077.3730812391,
2024-07-28T00:00:00.000000000Z,2.173689504641,,1345164681876.983757610390106888,68170.6691309176,
2024-07-29T00:00:00.000000000Z,2.130351323441,,1319480775875.413166592671842,66867.167277031,
2024-07-30T00:00:00.000000000Z,2.10753663783,,1306088468540.560634007111937596,66186.9146861484,
2024-07-31T00:00:00.000000000Z,2.060104597961,,1276590367647.943929770268157855,64690.6340385739,
2024-08-01T00:00:00.000000000Z,2.073446664875,,1286237547913.673704611675056524,65178.0554891876,
2024-08-02T00:00:00.000000000Z,1.958129492294,,1213811646574.577142293390423402,61506.7698877849,
2024-08-03T00:00:00.000000000Z,1.931910948089,,1197683974936.400488478862238305,60688.2444272355,
2024-08-04T00:00:00.000000000Z,1.85658107668,,1150701598520.430954155059176775,58306.2644786675,
2024-08-05T00:00:00.000000000Z,1.734614783702,,1072523586902.121674434489219344,54343.6276773816,
2024-08-06T00:00:00.000000000Z,1.790105908673,,1106175094630.185268370221507864,56047.4712866744,
2024-08-07T00:00:00.000000000Z,1.76102665944,,1088083425121.339548491249372739,55129.7410376973,
2024-08-08T00:00:00.000000000Z,1.974027468759,,1221904955759.496670530654077612,61908.7896724138,
2024-08-09T00:00:00.000000000Z,1.934847151042,,1198484835251.109076362880675302,60720.9407594974,
2024-08-10T00:00:00.000000000Z,1.937094140148,,1201482137168.463504897831914815,60871.5550727645,
2024-08-11T00:00:00.000000000Z,1.872742222889,,1161336033784.413943690886946767,58836.1043722969,
2024-08-12T00:00:00.000000000Z,1.890144044639,,1172376697310.684540510676747644,59394.1629538282,
2024-08-13T00:00:00.000000000Z,1.926417221684,,1194948367404.522854525218529856,60536.2457846289,
2024-08-14T00:00:00.000000000Z,1.87350048326,,1161502552681.399385621877340085,58840.6466797195,
2024-08-15T00:00:00.000000000Z,1.835793831991,,1137913514476.4041012769359014,57644.1876879018,
2024-08-16T00:00:00.000000000Z,1.876508258409,,1163268220731.654453955478062944,58927.2765087668,
2024-08-17T00:00:00.000000000Z,1.891903199321,,1172917480915.169902705724740246,59414.6743351841,
2024-08-18T00:00:00.000000000Z,1.871999609436,,1160677609428.613400965742043672,58793.2061458212,
2024-08-19T00:00:00.000000000Z,1.891279440638,,1172908290164.116234241686192596,59411.5190169492,
2024-08-20T00:00:00.000000000Z,1.882426600371,,1167245960130.333321051499484832,59123.3002662186,
2024-08-21T00:00:00.000000000Z,1.945233846186,,1206951189414.060266145335233969,61133.0256493279,
2024-08-22T00:00:00.000000000Z,1.921170694846,,1192400134476.139692829169543656,60394.4737749854,
2024-08-23T00:00:00.000000000Z,2.035903975825,,1265727472786.876626731485210564,64106.8029152543,
2024-08-24T00:00:00.000000000Z,2.032046751517,,1264107951577.8176636083466469,64023.226703682,
2024-08-25T00:00:00.000000000Z,2.046583028581,,1273509292081.140736205710845677,64498.0183413209,
2024-08-26T00:00:00.000000000Z,1.998001382993,,1243630467610.373480837332381294,62983.4427729398,
2024-08-27T00:00:00.000000000Z,1.891971799295,,1175823003704.995864276355183013,59548.0076215663,
2024-08-28T00:00:00.000000000Z,1.875827072948,,1167021768381.195168592504392168,59100.7747548217,
2024-08-29T00:00:00.000000000Z,1.883349152914,,1171765932988.494742310753514645,59339.7909947399,
2024-08-30T00:00:00.000000000Z,1.876982694923,,1167905016492.795390987302464809,59142.9399640561,
2024-08-31T00:00:00.000000000Z,1.87073697854,,1164318100826.98294902292238304,58959.926273232,
2024-09-01T00:00:00.000000000Z,1.820019010688,,1132533186813.884163296440628888,57349.0807180012,
2024-09-02T00:00:00.000000000Z,1.877143284457,,1168306929893.259380508016329466,59159.0238877849,
2024-09-03T00:00:00.000000000Z,1.829729699885,,1138291265398.329770927967180229,57637.7754444769,
2024-09-04T00:00:00.000000000Z,1.841861370616,,1146131838403.577453966953514253,58033.3989704851,
2024-09-05T00:00:00.000000000Z,1.781930708989,,1108231128685.710211230181097305,56112.9529400935,
2024-09-06T00:00:00.000000000Z,1.710811543806,,1063344022288.458956512041026892,53838.9534623028,
2024-09-07T00:00:00.000000000Z,1.718206634267,,1067863679558.064785522688768999,54066.4399248977,
2024-09-08T00:00:00.000000000Z,1.743469313486,,1083551229332.972921216377601496,54859.2584082408,
2024-09-09T00:00:00.000000000Z,1.814072811646,,1128541804948.678670212120688768,57135.7814371712,
2024-09-10T00:00:00.000000000Z,1.830850569033,,1139009699685.700474148311380542,57664.4998214494,
2024-09-11T00:00:00.000000000Z,1.822802476165,,1133986205007.47469402086525816,57409.1950663355,
2024-09-12T00:00:00.000000000Z,1.844923692611,,1148145814023.139069203048426033,58124.6418065459,
2024-09-13T00:00:00.000000000Z,1.918166417135,,1195818457804.40634632033808921,60536.8814503215,
2024-09-14T00:00:00.000000000Z,1.901061522523,,1185380845498.997253624118422952,60007.1702507306,
2024-09-15T00:00:00.000000000Z,1.873189573393,,1168079552742.053890514263910976,59129.9197536528,
2024-09-16T00:00:00.000000000Z,1.844209085413,,1150274777284.253038039852463,58227.46421654,
2024-09-17T00:00:00.000000000Z,1.906555569386,,1190025146381.112000747462895913,60238.2177255991,
2024-09-18T00:00:00.000000000Z,1.938486988135,,1211150580513.791929974506584564,61306.2337317358,
2024-09-19T00:00:00.000000000Z,1.989407371018,,1244529728528.069237153387337564,62994.6096528346,
2024-09-20T00:00:00.000000000Z,1.991251479392,,1247706329948.048370271706085958,63153.9518270018,
2024-09-21T00:00:00.000000000Z,1.997224680189,,1251956581811.17490053117895961,63367.7296078317,
2024-09-22T00:00:00.000000000Z,2.00309504051,,1256018426232.22150914468627939,63571.9521729983,
2024-09-23T00:00:00.000000000Z,1.993210662996,,1251385764258.586746708957479,63336.0126347165,
2024-09-24T00:00:00.000000000Z,2.02322807255,,1271306695183.425568086633131632,64342.7891113384,
2024-09-25T00:00:00.000000000Z,1.980828516174,,1245981917271.069397941761126092,63059.6269167154,
2024-09-26T00:00:00.000000000Z,2.040909822528,,1285489555328.31584284244206667,65057.7861461134,
2024-09-27T00:00:00.000000000Z,2.061133588941,,1299545301087.618290091073705707,65767.7132542373,
2024-09-28T00:00:00.000000000Z,2.059734897491,,1299627426191.800183034511219471,65770.5276478667,
2024-09-29T00:00:00.000000000Z,2.054377793402,,1296640538015.134698720253777515,65617.7610689655,
2024-09-30T00:00:00.000000000Z,1.980655974681,,1250077896709.85880881449435134,63260.0425482174,
2024-10-01T00:00:00.000000000Z,1.906306811115,,1202646051653.570787210002584524,60858.2487086499,
2024-10-02T00:00:00.000000000Z,1.901135632078,,1199273528113.573470074206961229,60686.0993135593,
2024-10-03T00:00:00.000000000Z,1.903667765594,,1200867438226.530448187183161451,60765.2367498539,
2024-10-04T00:00:00.000000000Z,1.942653036999,,1226339830656.77589349469456952,62052.5100496785,
2024-10-05T00:00:00.000000000Z,1.941600018448,,1225933206941.341159391124173226,62030.4538977206,
2024-10-06T00:00:00.000000000Z,1.964736190677,,1240971909274.364592736203298605,62789.8814555815,
2024-10-07T00:00:00.000000000Z,1.952455630153,,1233622849152.0455276007726288,62416.508829924,
2024-10-08T00:00:00.000000000Z,1.926780183281,,1227920018306.14967147632648835,62126.3273769725,
2024-10-09T00:00:00.000000000Z,1.880158282942,,1198077958961.526776392617167264,60615.2581917008,
2024-10-10T00:00:00.000000000Z,1.868650690361,,1190316820566.953679737325399701,60221.1172869667,
2024-10-11T00:00:00.000000000Z,1.931911669891,,1234647595504.97750632717331485,62462.539962595,
2024-10-12T00:00:00.000000000Z,1.953970337674,,1249309568739.936924517483171033,63202.8806992987,
2024-10-13T00:00:00.000000000Z,1.939547429605,,1240571118552.4319901061427544,62759.431113384,
2024-10-14T00:00:00.000000000Z,2.039522213226,,1306430701379.446487021022234302,66089.7587410871,
2024-10-15T00:00:00.000000000Z,2.060181206339,,1323151391127.98929828965968041,66933.974833723,
2024-10-16T00:00:00.000000000Z,2.079852586869,,1337591659770.797277480542754132,67662.9534038574,
2024-10-17T00:00:00.000000000Z,2.067823405287,,1331199044933.53233349857122758,67337.9075482174,
2024-10-18T00:00:00.000000000Z,2.097751626956,,1352037490364.071701322733243105,68390.5375625365,
2024-10-19T00:00:00.000000000Z,2.095293659588,,1351429188789.669828978632440796,68357.8982963179,
2024-10-20T00:00:00.000000000Z,2.110307256847,,1364405010361.80986222587161348,69012.3532089421,
2024-10-21T00:00:00.000000000Z,2.056928495458,,1333364068408.306746472215638865,67440.4625058445,
2024-10-22T00:00:00.000000000Z,2.054857304008366812,,1333102370303.041404643403078692,67425.7553211572,
2024-10-23T00:00:00.000000000Z,2.030149964645596177,,1317742395147.64708715394783729,66647.2866642315,
2024-10-24T00:00:00.000000000Z,2.073553431763930493,,1347109398128.773275738203252538,68130.9948369374,
2024-10-25T00:00:00.000000000Z,2.015882390039283956,,1310177531436.627300097893422915,66261.5376861485,
2024-10-26T00:00:00.000000000Z,2.038385405545456195,,1325271090943.350249400398252182,67023.3399611338,
2024-10-27T00:00:00.000000000Z,2.067245071448436549,,1344619989932.582347283201130612,68000.1475008767,
2024-10-28T00:00:00.000000000Z,2.120796591116090076,,1381482823559.95827169059837765,69862.5205470485,
2024-10-29T00:00:00.000000000Z,2.199387577615285368,,1437208187257.821207883414196116,72678.7866201052,
2024-10-30T00:00:00.000000000Z,2.189504887510189869,,1432727864892.059508343928984328,72450.2843819404,
2024-10-31T00:00:00.000000000Z,2.125316419355178538,,1391566605240.438597539082654933,70367.0819576271,
2024-11-01T00:00:00.000000000Z,2.096717117505965766,,1374127913099.3048664994909455,69483.5830303916,
2024-11-02T00:00:00.000000000Z,2.088469515715999859,,1369374466600.230506144539855264,69241.6794865576,
2024-11-03T00:00:00.000000000Z,2.072996077959186949,,1359535717301.938601086337954992,68742.7546227352,
2024-11-04T00:00:00.000000000Z,2.04217159133233107,,1340509299537.117458830299663213,67779.0969795441,
2024-11-05T00:00:00.000000000Z,2.093403567843823246,,1375326900715.914507239563732842,69538.0241729982,
2024-11-06T00:00:00.000000000Z,2.265383861200002953,,1497156604749.20599005255358557,75696.0366192285,
2024-11-07T00:00:00.000000000Z,2.268079148113374057,,1502657637883.290230957610532992,75972.2955546464,
2024-11-08T00:00:00.000000000Z,2.278456427818501842,,1513276367734.306928337758794314,76507.4474012273,
2024-11-09T00:00:00.000000000Z,2.285490807522989564,,1519081480991.789807825379102872,76799.2527469316,
2024-11-10T00:00:00.000000000Z,2.386299165227103937,,1590524775490.166078813268376094,80409.2865666277,
2024-11-11T00:00:00.000000000Z,2.614736204421691054,,1757720678966.79609565435547016,88859.998448568,
2024-11-12T00:00:00.000000000Z,2.574402718870184961,,1741713696652.337025816433750202,88048.7488877849,
2024-11-13T00:00:00.000000000Z,2.623762509498887197,,1787657675322.56478359941464348,90369.3819693162,
2024-11-14T00:00:00.000000000Z,2.516917131040332903,,1725080813100.305957081876083998,87204.2569827586,
2024-11-15T00:00:00.000000000Z,2.616628181848986426,,1802962571173.103383165635136632,91139.0844427236,
2024-11-16T00:00:00.000000000Z,2.596325157424581753,,1791703486489.722194004473576557,90567.6957568673,
2024-11-17T00:00:00.000000000Z,2.570045957525608901,,1775232152213.31118827449540424,89732.9704292811,
2024-11-18T00:00:00.000000000Z,2.586767436063492934,,1792185787343.07589575249416005,90587.6965534775,
2024-11-19T00:00:00.000000000Z,2.616096692148944049,,1825205105778.552081800500209626,92254.1385800701,
2024-11-20T00:00:00.000000000Z,2.654584051175958206,,1862955744741.597594941977251182,94160.0406858562,
2024-11-21T00:00:00.000000000Z,2.735703520509394885,,1949767734681.40534605719772836,98545.5688798948,
2024-11-22T00:00:00.000000000Z,2.726862460780694648,,1957583287126.926765587849711136,98938.3495450029,
2024-11-23T00:00:00.000000000Z,2.682475835762372928,,1933263035602.370226138178486264,97707.0484590883,
2024-11-24T00:00:00.000000000Z,2.684190145202476814,,1938708892763.703903026163995248,97980.2082819988,
2024-11-25T00:00:00.000000000Z,2.550936868826198984,,1847003530882.516855301512710532,93343.0290745178,
2024-11-26T00:00:00.000000000Z,2.504171774475636975,,1818006432546.3627147746014573,91875.5699593805,
2024-11-27T00:00:00.000000000Z,2.606953545179930799,,1899443244839.848734359274740304,95989.0802273524,
2024-11-28T00:00:00.000000000Z,2.593738763868711645,,1894516141679.913036755681431974,95737.9402822911,
2024-11-29T00:00:00.000000000Z,2.630994842256661878,,1927421800509.813283685796018852,97398.9417399182,
2024-11-30T00:00:00.000000000Z,2.60351027359181137,,1908962307847.322316194963353337,96463.6248980129,
2024-12-01T00:00:00.000000000Z,2.627590012401484859,,1928918216380.875001390038433195,97469.6044529515,
2024-12-02T00:00:00.000000000Z,2.572610271286453717,,1894459110890.377288785609519534,95726.4417258913,
2024-12-03T00:00:00.000000000Z,2.571458134452700156,,1900135290511.238805318889606181,96010.8774228521,
2024-12-04T00:00:00.000000000Z,2.637537468218781588,,1957759688318.82518179657393944,98920.2528255406,
2024-12-05T00:00:00.000000000Z,2.56243963652008851,,1918806150363.631521879767026525,96949.6644117475,
2024-12-06T00:00:00.000000000Z,2.619701356628036673,,1978292068450.650221282468238245,99953.1056580947,
2024-12-07T00:00:00.000000000Z,2.61724165370511054,,1978823210378.297338519220263345,99977.7002282291,
2024-12-08T00:00:00.000000000Z,2.635830347444720821,,1995124567555.0058224600539734,100798.98356429,
2024-12-09T00:00:00.000000000Z,2.528321562198401365,,1927704967520.980757571914167108,97390.1988597311,
2024-12-10T00:00:00.000000000Z,2.504255955643037936,,1916772101161.006009836534623037,96835.5017387493,
2024-12-11T00:00:00.000000000Z,2.607825988676538969,,2005389739960.30515261547468026,101310.201899766,
2024-12-12T00:00:00.000000000Z,2.572509026801070426,,1981300299243.62417908772446632,100090.890479544,
2024-12-13T00:00:00.000000000Z,2.596414392326984395,,2005087006885.82830609825034422,101289.823976914,
2024-12-14T00:00:00.000000000Z,2.595601122949838558,,2006662563398.3246988237549216,101366.87166803,
2024-12-15T00:00:00.000000000Z,2.671579602981782143,,2069747720545.49405767859504806,104551.367141146,
2024-12-16T00:00:00.000000000Z,2.690487024205536991,,2095617308590.05673380120362914,105855.672229982,
2024-12-17T00:00:00.000000000Z,2.682505348664302337,,2100814326264.93717883021759216,106115.910582992,
2024-12-18T00:00:00.000000000Z,2.533766928894002487,,1989080900958.29389068876581114,100469.770656926,
2024-12-19T00:00:00.000000000Z,2.449250681750823151,,1934231301840.75241128440520814,97697.045779661,
2024-12-20T00:00:00.000000000Z,2.438923701718572269,,1932701352301.5586456424235546,97617.4422051432,
2024-12-21T00:00:00.000000000Z,2.424795342221161123,,1922362435573.651906937190976788,97093.0190832846,
2024-12-22T00:00:00.000000000Z,2.368324682985830207,,1883920629195.252877207322601952,95149.1058252484,
2024-12-23T00:00:00.000000000Z,2.346603118128798222,,1877064601089.337712434661441001,94800.7562060199,
2024-12-24T00:00:00.000000000Z,2.432547289582645478,,1953077820204.93075332908344696,98637.7330543542,
2024-12-25T00:00:00.000000000Z,2.445757446100344644,,1964958123095.061364333934527198,99235.3678869082,
2024-12-26T00:00:00.000000000Z,2.354896363818782334,,1893573831131.270387391080866726,95628.3030902981,
2024-12-27T00:00:00.000000000Z,2.316536046291274185,,1865733631847.372543018849764708,94219.9821461134,
2024-12-28T00:00:00.000000000Z,2.337392190016146328,,1883669106004.342641656260486506,95123.5811098773,
2024-12-29T00:00:00.000000000Z,2.293980618606981728,,1850724503071.057909368350050314,93457.5783202806,
2024-12-30T00:00:00.000000000Z,2.264447243535570843,,1832266408959.48311028367304276,92523.163085038,
2024-12-31T00:00:00.000000000Z,2.280812444932291528,,1849465014110.34648476471590366,93389.7326016949,
2025-01-01T00:00:00.000000000Z,2.303040493308910261,,1870618380200.11734204583089855,94455.7965718878,
2025-01-02T00:00:00.000000000Z,2.357884147485793795,,1918111729016.92061342672768732,96851.393682934,
2025-01-03T00:00:00.000000000Z,2.386290557457015334,,1943293181040.952454311079117625,98120.6846759205,
2025-01-04T00:00:00.000000000Z,2.387516009710122325,,1945504870252.165669923140034505,98230.0478571011,
2025-01-05T00:00:00.000000000Z,2.390965860098841101,,1949212211950.7151864181829254,98414.8120964348,
2025-01-06T00:00:00.000000000Z,2.477062799747395937,,2023819606221.7130612913562027,102179.560366745,
2025-01-07T00:00:00.000000000Z,2.346702783421937568,,1920775996884.68147041124414392,96974.9957857978,
2025-01-08T00:00:00.000000000Z,2.298665904666953758,,1882472571006.691244819281210024,95039.2809210988,
2025-01-09T00:00:00.000000000Z,2.23382023883666713,,1829173131917.170678063661709432,92346.1691589714,
2025-01-10T00:00:00.000000000Z,2.290082536703304925,,1877010385895.270937300228130644,94759.1196358854,
2025-01-11T00:00:00.000000000Z,2.285501707170164149,,1874028218724.514139094608800517,94606.5080099357,
2025-01-12T00:00:00.000000000Z,2.278657758123868136,,1869072635804.949549714725431297,94353.7752586207,
2025-01-13T00:00:00.000000000Z,2.27798450896074448,,1869545289653.963034532006187296,94375.7299102864,
2025-01-14T00:00:00.000000000Z,2.328058056466541679,,1913048986189.61127133037283456,96569.475726768,
2025-01-15T00:00:00.000000000Z,2.409541082775434545,,1984466832794.9482652495046084,100172.405985096,
2025-01-16T00:00:00.000000000Z,2.398910829107540339,,1980650188550.284208264501048678,99977.7298234951,
2025-01-17T00:00:00.000000000Z,2.495913169030755981,,2066259604648.94346818066945859,104296.588034191,
2025-01-18T00:00:00.000000000Z,2.494678570568633668,,2068314222988.13956318524832038,104398.156261251,
2025-01-19T00:00:00.000000000Z,2.4106728700866625,,2000137986542.09932054512871562,100954.572281999,
2025-01-20T00:00:00.000000000Z,2.445056132753733475,,2032568393070.49398992213066552,102588.998699006,
2025-01-21T00:00:00.000000000Z,2.518858900509325224,,2099953742682.110977085109048,105987.888705435,
2025-01-22T00:00:00.000000000Z,2.459018475131256124,,2056477666295.49725677556658545,103791.128861485,
2025-01-23T00:00:00.000000000Z,2.455447281433524961,,2064318362060.27147172585015795,104184.616743717,
2025-01-24T00:00:00.000000000Z,2.465183210197283068,,2074895497988.5839855557355804,104716.12488194,
2025-01-25T00:00:00.000000000Z,2.467020452553876342,,2077908832637.79822017758249281,104866.085348919,
2025-01-26T00:00:00.000000000Z,2.418361700134124909,,2037674834179.02561589487746704,102833.369273232,
2025-01-27T00:00:00.000000000Z,2.393412498448326993,,2019377065358.7552599403337103,101907.44629661,
2025-01-28T00:00:00.000000000Z,2.373287118165896652,,2004179506349.85446259121628088,101138.144066043,
2025-01-29T00:00:00.000000000Z,2.436318963363576111,,2059331945599.12675532514160536,103918.795458796,
2025-01-30T00:00:00.000000000Z,2.457756213004062667,,2080556697805.95065083057647952,104987.446410871,
2025-01-31T00:00:00.000000000Z,2.3926271926371026,,2026606623485.59299774521254557,102263.043670953,
2025-02-01T00:00:00.000000000Z,2.353296238999732041,,1993910895067.30566333784292099,100610.290439801,
2025-02-02T00:00:00.000000000Z,2.278588298536273943,,1930832016063.449043002167166688,97424.7809000584,
2025-02-03T00:00:00.000000000Z,2.371727104993572222,,2013279341602.08999961151713159,101582.408702221,
2025-02-04T00:00:00.000000000Z,2.280750094282138818,,1939309473574.190452566803959129,97848.1497592051,
2025-02-05T00:00:00.000000000Z,2.246535583279113543,,1913809109907.928907870158498704,96559.3327562829,
2025-02-06T00:00:00.000000000Z,2.243314171452447903,,1913495458438.867107856397174892,96541.3006811806,
2025-02-07T00:00:00.000000000Z,2.238759964651922604,,1910431989078.99834571119044994,96384.1109836353,
2025-02-08T00:00:00.000000000Z,2.242988586954470274,,1914825201259.51713058230030534,96603.318157218,
2025-02-09T00:00:00.000000000Z,2.232532160927027085,,1909049334363.780097356243107014,96309.7532405026,
2025-02-10T00:00:00.000000000Z,2.256010513438301716,,1930211390619.167106248898378512,97375.2253535944,
2025-02-11T00:00:00.000000000Z,2.217840516606912503,,1899147805926.759456908145976506,95806.2580385739,
2025-02-12T00:00:00.000000000Z,2.261466528982128169,,1937847635266.715365789464567204,97756.4976548802,
2025-02-13T00:00:00.000000000Z,2.232651800908704483,,1913676151860.906795476340212784,96534.7406332554,
2025-02-14T00:00:00.000000000Z,2.251662324166739779,,1931159716999.01768848498535242,97414.3589821742,
2025-02-15T00:00:00.000000000Z,2.254483790385446017,,1934556498527.52624427703579702,97583.2431767972,
2025-02-16T00:00:00.000000000Z,2.221961475316798603,,1906827963922.08612511182621718,96182.2661706604,
2025-02-17T00:00:00.000000000Z,2.212551004856131002,,1899102368220.696675416869060338,95790.5109985389,
2025-02-18T00:00:00.000000000Z,2.203723432929997399,,1892274974606.2866857859621664,95444.031886616,
2025-02-19T00:00:00.000000000Z,2.230473215840309984,,1916181201685.942260163167972276,96647.9132977791,
2025-02-20T00:00:00.000000000Z,2.269163375900630946,,1950804507961.548446821110119304,98392.2197247224,
2025-02-21T00:00:00.000000000Z,2.214533783714276345,,1904384514551.3693829014647458,96048.9937247224,
2025-02-22T00:00:00.000000000Z,2.225972348171594809,,1915464594989.78340956789188412,96605.7091057861,
2025-02-23T00:00:00.000000000Z,2.213616967746432001,,1905310407147.917430982090906245,96091.6329774985,
2025-02-24T00:00:00.000000000Z,2.116419481382366215,,1821634093760.348761126452919728,91869.6543430742,
2025-02-25T00:00:00.000000000Z,2.045057192561317457,,1760208246634.835656450320289488,88769.7356265342,
2025-02-26T00:00:00.000000000Z,1.937156888282903736,,1665430715502.8593117311429675,83987.89564173,
2025-02-27T00:00:00.000000000Z,1.951252300853543923,,1678112099535.170890629697071816,84625.4191364699,
2025-02-28T00:00:00.000000000Z,1.942882196005279028,,1670585267601.707232235702971284,84243.7779114553,
2025-03-01T00:00:00.000000000Z,1.979772195615528118,,1702364201940.717895808127173504,85844.3685628288,
2025-03-02T00:00:00.000000000Z,2.172335278878689893,,1870638896492.398126562657387989,94328.0094444769,
2025-03-03T00:00:00.000000000Z,1.989048755735712404,,1711790108875.507110889914626928,86315.9305511397,
2025-03-04T00:00:00.000000000Z,2.011926611190172996,,1731815528260.41289283659311997,87323.690650789,
2025-03-05T00:00:00.000000000Z,2.085499742580572174,,1797214619202.844394027524711934,90619.4090976038,
2025-03-06T00:00:00.000000000Z,2.074588033844595892,,1789382285455.22090956458535797,90222.0693275862,
2025-03-07T00:00:00.000000000Z,1.990605455895190846,,1716663461110.232051043292207472,86553.5921937464,
2025-03-08T00:00:00.000000000Z,1.981702560001297277,,1709117730734.54085584649439834,86171.2789362946,
2025-03-09T00:00:00.000000000Z,1.855317446819110733,,1599605268650.108164129528917734,80647.7964108709,
2025-03-10T00:00:00.000000000Z,1.818307468056546206,,1567078358406.022498879580781186,79005.9601291642,
2025-03-11T00:00:00.000000000Z,1.90295578144509924,,1641320516183.527699632222111408,82747.1601917008,
2025-03-12T00:00:00.000000000Z,1.921883426993698179,,1658875091592.026277325596574425,83630.1581101695,
2025-03-13T00:00:00.000000000Z,1.864334615532672022,,1608931653806.915561485589336703,81110.2890490941,
2025-03-14T00:00:00.000000000Z,1.932035459333313374,,1668389628844.364432667234428187,84105.8335517241,
2025-03-15T00:00:00.000000000Z,1.937487326084763549,,1673324978903.160748898598936789,84352.8773018703,
2025-03-16T00:00:00.000000000Z,1.894746119450726994,,1636449800880.647221579343486201,82492.1028287551,
2025-03-17T00:00:00.000000000Z,1.929602895545638099,,1666676385336.54593806350942054,84013.947518118,
2025-03-18T00:00:00.000000000Z,1.898906023686149601,,1640266102189.810425320147703819,82680.8065514319,
2025-03-19T00:00:00.000000000Z,1.991193242134440787,,1721514946126.387194596469588,86774.23507218,
2025-03-20T00:00:00.000000000Z,1.929826803780835083,,1668993504738.902694500187711042,84124.9712878434,
2025-03-21T00:00:00.000000000Z,1.92816515401405505,,1667929256877.527059086431215974,84069.4081800117,
2025-03-22T00:00:00.000000000Z,1.922358831576438505,,1663044522837.71193256178618274,83821.220305377,
2025-03-23T00:00:00.000000000Z,1.966380986053731953,,1701569937335.212704581745212331,85760.8814506137,
2025-03-24T00:00:00.000000000Z,2.000879393940827191,,1732597247212.685559408363934617,87322.5718568089,
2025-03-25T00:00:00.000000000Z,2.002674104003381841,,1734627459888.423709265673136053,87422.8426084161,
2025-03-26T00:00:00.000000000Z,1.988511403215829579,,1723038102417.233125419684849438,86836.6760955582,
2025-03-27T00:00:00.000000000Z,1.996709094176897893,,1730512308533.819191266817871964,87211.3240169492,
2025-03-28T00:00:00.000000000Z,1.928282346209128212,,1672964353420.150455962913095575,84309.0783550555,
2025-03-29T00:00:00.000000000Z,1.887243366823397687,,1637046774655.523118639702518718,82497.1792472238,
2025-03-30T00:00:00.000000000Z,1.881216185430681072,,1631511606002.165685180762927804,82216.4666765049,
2025-03-31T00:00:00.000000000Z,1.887088049301775762,,1636411209942.206311406695281035,82461.4496279953,
2025-04-01T00:00:00.000000000Z,1.950076686214192219,,1691322616301.724832722878023995,85226.7137936879,
2025-04-02T00:00:00.000000000Z,1.888277350404659377,,1638359405101.18317027609960526,82555.631296318,
2025-04-03T00:00:00.000000000Z,1.894154261812803524,,1645862024148.4058098709860227,82931.697399474,
2025-04-04T00:00:00.000000000Z,1.912667344410258436,,1662629046893.730906091624183248,83774.1797375804,
2025-04-05T00:00:00.000000000Z,1.901683344733379474,,1653304002042.126193024144977006,83302.1715756867,
2025-04-06T00:00:00.000000000Z,1.780124063587887909,,1547096309796.624869093977054246,77949.0884926943,
2025-04-07T00:00:00.000000000Z,1.812816922674714439,,1576362060476.67843619147038192,79421.8044105786,
2025-04-08T00:00:00.000000000Z,1.743965574592691652,,1515457839297.239221208828637088,76351.4295303916,
2025-04-09T00:00:00.000000000Z,1.887230963523962167,,1641909959540.379946352411184872,82720.6034891876,
2025-04-10T00:00:00.000000000Z,1.814728121637845302,,1579190648363.409445147021410932,79558.9558252484,
2025-04-11T00:00:00.000000000Z,1.900527623742286401,,1654675324685.486223019738843362,83359.8995157802,
2025-04-12T00:00:00.000000000Z,1.943283346945552472,,1692613865286.097137195804107279,85269.2495119813,
2025-04-13T00:00:00.000000000Z,1.90392187724219926,,1658907541993.388791523652658242,83568.9544360023,
2025-04-14T00:00:00.000000000Z,1.926202323582070374,,1679196255170.021851499057044697,84589.0324135009,
2025-04-15T00:00:00.000000000Z,1.907137055165662142,,1661016663554.037099007360830286,83671.3439713618,
2025-04-16T00:00:00.000000000Z,1.917270805102697122,,1670588196755.446047371172704041,84151.5357562829,
2025-04-17T00:00:00.000000000Z,1.939657399230612796,,1686293103287.504236025655892542,84940.5838538866,
2025-04-18T00:00:00.000000000Z,1.927799316975244999,,1676287312525.931913944530441344,84434.7727463472,
2025-04-19T00:00:00.000000000Z,1.943457271715672214,,1690021871643.16161891925839584,85124.721496201,
2025-04-20T00:00:00.000000000Z,1.942637843239222344,,1689598441895.586010751706599363,85101.7461545879,
2025-04-21T00:00:00.000000000Z,1.992799568933931214,,1734482195997.801704164705549424,87360.7198933372,
2025-04-22T00:00:00.000000000Z,2.128263923066334694,,1856331181814.378106892514168038,93495.6106890707,
2025-04-23T00:00:00.000000000Z,2.126109863642249712,,1860338085945.459281584215883911,93695.7404772063,
2025-04-24T00:00:00.000000000Z,2.126194044694234036,,1863439928975.830685383717169128,93849.8817790766,
2025-04-25T00:00:00.000000000Z,2.139689228562994213,,1881780070424.815293508463625904,94771.4128007014,
2025-04-26T00:00:00.000000000Z,2.136845488242961927,,1880292468574.824273811392094719,94694.5111014027,
2025-04-27T00:00:00.000000000Z,2.116303078347161729,,1862825953569.673881994400556,93812.876534775,
2025-04-28T00:00:00.000000000Z,2.141459949747909601,,1887751317170.65417004854380689,95066.0211867329,
2025-04-29T00:00:00.000000000Z,2.116491594042042395,,1868668111983.04771464213646373,94102.8403024547,
2025-04-30T00:00:00.000000000Z,2.117664419217391827,,1871365778928.625885810757607453,94236.7325143191,
2025-05-01T00:00:00.000000000Z,2.163505690851974375,,1914598090283.479919635379955655,96411.7422635885,
2025-05-02T00:00:00.000000000Z,2.170025737113277572,,1923192534185.832157795796599812,96842.1021057861,
2025-05-03T00:00:00.000000000Z,2.148827641148181945,,1905398528848.1635897718010091,95943.61135301,
2025-05-04T00:00:00.000000000Z,2.11361604685298562,,1874342989258.675857945994501536,94377.7899196376,
2025-05-05T00:00:00.000000000Z,2.119831517001889742,,1883847029957.373280977875546142,94853.7298594389,
2025-05-06T00:00:00.000000000Z,2.156603019050858503,,1920118226994.422964246593681463,96677.9245029223,
2025-05-07T00:00:00.000000000Z,2.164177587122982085,,1929289214331.703055311263792268,97137.3757086499,
2025-05-08T00:00:00.000000000Z,2.29083456362519138,,2047161802262.9502359067210617,103069.539295733,
2025-05-09T00:00:00.000000000Z,2.283106895904384542,,2044649883878.20293236459452895,102940.802949445,
2025-05-10T00:00:00.000000000Z,2.317993015404475295,,2077313318157.5660551565943626,104582.821806254,
2025-05-11T00:00:00.000000000Z,2.303148479246489778,,2065311256125.54545208074240076,103976.137798948,
2025-05-12T00:00:00.000000000Z,2.2765475123584927,,2044380972696.56026595233208833,102920.074689071,
2025-05-13T00:00:00.000000000Z,2.297020936365346327,,2068769059377.29500990763702976,104145.711825248,
2025-05-14T00:00:00.000000000Z,2.281735209781492616,,2057433647794.1636568990850962,103572.719642022,
2025-05-15T00:00:00.000000000Z,2.27932990472500573,,2060332819995.95617721281707978,103716.283947399,
2025-05-16T00:00:00.000000000Z,2.272925986368771819,,2057396779611.08796052120167672,103566.269191116,
2025-05-17T00:00:00.000000000Z,2.263971398372874855,,2049968934871.85467534547621556,103190.041364991,
2025-05-18T00:00:00.000000000Z,2.324070467635383762,,2106156816753.2775759728779083,106015.689848919,
2025-05-19T00:00:00.000000000Z,2.309462953385517041,,2098259532017.25947213349506746,105615.828960257,
2025-05-20T00:00:00.000000000Z,2.332818760963520714,,2123688965537.76337379240586996,106893.330247516,
2025-05-21T00:00:00.000000000Z,2.387132485847717024,,2179595937622.92665936720942367,109704.855619521,
2025-05-22T00:00:00.000000000Z,2.419114869272547631,,2214857125536.54333490156035744,111477.014787843,
2025-05-23T00:00:00.000000000Z,2.32524418522926473,,2131757821570.90400362845654465,107291.888969901,
2025-05-24T00:00:00.000000000Z,2.337523063278790198,,2144232082359.29807378873257544,107917.328289304,
2025-05-25T00:00:00.000000000Z,2.357588378582445513,,2164103972791.51496433427548015,108914.876558445,
2025-05-26T00:00:00.000000000Z,2.361540962270687353,,2173238869041.10886173101291426,109371.985172122,
2025-05-27T00:00:00.000000000Z,2.348323015223998526,,2167213819846.4280513000658469,109066.345636762,
2025-05-28T00:00:00.000000000Z,2.31956576591405935,,2144001770511.48793725642961632,107895.402399474,
2025-05-29T00:00:00.000000000Z,2.269515917375291918,,2101084126510.37561933212959152,105732.957892168,
2025-05-30T00:00:00.000000000Z,2.230171038810086487,,2066326288336.28839280437487143,103981.302957919,
2025-05-31T00:00:00.000000000Z,2.245319517928255168,,2080839122058.39782496141089255,104708.964150205,
2025-06-01T00:00:00.000000000Z,2.266824485425617506,,2101574335240.2614741214825445,105750.15972443,
2025-06-02T00:00:00.000000000Z,2.263174032245519112,,2104590104579.16569520617361852,105899.696926651,
2025-06-03T00:00:00.000000000Z,2.24904985063019112,,2096375961866.6640082391950208,105483.98555114,
2025-06-04T00:00:00.000000000Z,2.230629538676051267,,2082482835627.23860886652973986,104782.844900351,
2025-06-05T00:00:00.000000000Z,2.164421975716303748,,2020643792695.65041290060498575,101669.190496785,
2025-06-06T00:00:00.000000000Z,2.22137725924850792,,2075379908381.18294102070114436,104421.051549094,
2025-06-07T00:00:00.000000000Z,2.246857184421021114,,2100553227975.26617409928662784,105685.250402104,
2025-06-08T00:00:00.000000000Z,2.246592676626514492,,2101448276113.12513752713977538,105727.739632379,
2025-06-09T00:00:00.000000000Z,2.338329141954838446,,2190350694809.1885560372673027,110198.15871391,
2025-06-10T00:00:00.000000000Z,2.331994320703792241,,2187943357305.6513503582122816,110074.119081824,
2025-06-11T00:00:00.000000000Z,2.299464902547621309,,2159600242681.1957378226378927,108645.785558153,
2025-06-12T00:00:00.000000000Z,2.241962047550486587,,2107037660426.06650466875852126,105998.985830801,
2025-06-13T00:00:00.000000000Z,2.239427243662891253,,2107599273522.15475501961774704,106024.822087376,
2025-06-14T00:00:00.000000000Z,2.227143824699811703,,2096562615729.3809000711856696,105467.108742256,
2025-06-15T00:00:00.000000000Z,2.227219971359887107,,2097515696363.01349783472393436,105512.797437756,
2025-06-16T00:00:00.000000000Z,2.258771912231857174,,2131978316689.58574472559450268,107243.933345997,
2025-06-17T00:00:00.000000000Z,2.203207202646305338,,2080020784384.47811833301716585,104628.396527469,
2025-06-18T00:00:00.000000000Z,2.205817253778939972,,2083743868284.64940069667907032,104813.367028638,
2025-06-19T00:00:00.000000000Z,2.202308074044105007,,2081724883731.65035746338243315,104709.720767095,
2025-06-20T00:00:00.000000000Z,2.171234090687198854,,2053249239006.78512758807159446,103274.958839567,
2025-06-21T00:00:00.000000000Z,2.134108804756883522,,2018963554074.3128748298943504,101548.196381648,
2025-06-22T00:00:00.000000000Z,2.119915228385861333,,2006094738210.3288941461735928,100899.234151958,
2025-06-23T00:00:00.000000000Z,2.213486983204212587,,2097542487005.05865562132260796,105496.947495324,
2025-06-24T00:00:00.000000000Z,2.220349702793955282,,2106868694059.57662055133614574,105964.065136762,
2025-06-25T00:00:00.000000000Z,2.245066406804322301,,2133579562773.27369118145056935,107305.065199591,
2025-06-26T00:00:00.000000000Z,2.234143825279254046,,2127821320993.05767597581663833,107012.822824079,
2025-06-27T00:00:00.000000000Z,2.230725787894608453,,2129413451733.808920377156397,107090.95905114,
2025-06-28T00:00:00.000000000Z,2.235596270499586526,,2134764370076.97669273508541025,107357.617171245,
2025-06-29T00:00:00.000000000Z,2.255148786868358906,,2154771519854.22540766208566512,108360.901696376,
2025-06-30T00:00:00.000000000Z,2.224449219216364947,,2130802792373.5323797563878229,107153.101135885,
2025-07-01T00:00:00.000000000Z,2.190371437932747979,,2099293644623.79152694684167568,105566.356597896,
2025-07-02T00:00:00.000000000Z,2.25729332779938759,,2166178189392.1039945301818227,108927.13451841,
2025-07-03T00:00:00.000000000Z,2.268221095554169357,,2180250385703.64604791448260024,109632.159126826,
2025-07-04T00:00:00.000000000Z,2.215345083660492919,,2149464119255.18847035493919296,108081.395758621,
2025-07-05T00:00:00.000000000Z,2.218074557692168692,,2152766699219.0435566568309358,108244.788813852,
2025-07-06T00:00:00.000000000Z,2.236333996776805018,,2171420830654.52278884721584171,109180.005545587,
2025-07-07T00:00:00.000000000Z,2.213700344882992658,,2152963631063.56241287519964262,108249.401004091,
2025-07-08T00:00:00.000000000Z,2.224147245286545607,,2167078035042.8594075412055152,108956.631703098,
2025-07-09T00:00:00.000000000Z,2.268230580456622043,,2216066450892.2699533640770128,111416.806720047,
2025-07-10T00:00:00.000000000Z,2.354601798397052438,,2304779478142.83388758627709128,115873.903783752,
2025-07-11T00:00:00.000000000Z,2.382122904596180097,,2339537436457.5211572292927396,117618.605087084,
2025-07-12T00:00:00.000000000Z,2.373411472492109899,,2334893219628.71225656727903104,117382.372540912,
2025-07-13T00:00:00.000000000Z,2.401709219849897306,,2365126544898.06748242383943536,118899.737107832,
2025-07-14T00:00:00.000000000Z,2.412508433231130451,,2384502915692.56540123446982044,119871.096197838,
2025-07-15T00:00:00.000000000Z,2.364195114922196109,,2341591953037.3783649092895656,117710.89100789,
2025-07-16T00:00:00.000000000Z,2.3688751245334459,,2361917162381.52244241532393484,118730.187791642,
2025-07-17T00:00:00.000000000Z,2.374985804949236059,,2377315036151.22338689569859052,119501.663770894,
2025-07-18T00:00:00.000000000Z,2.340384009446915077,,2346669299827.58347499339453071,117958.511213033,
2025-07-19T00:00:00.000000000Z,2.33641421413597109,,2345727189536.0055262324262448,117908.52473232,
2025-07-20T00:00:00.000000000Z,2.323370138320551378,,2333788554645.34248083352128424,117305.680953828,
2025-07-21T00:00:00.000000000Z,2.321843965422724528,,2336365376851.48511377018336159,117432.435634717,
2025-07-22T00:00:00.000000000Z,2.367095616147706511,,2388857383305.0678570672852504,120068.00578872,
2025-07-23T00:00:00.000000000Z,2.334400354595591836,,2360708516578.74642483749811422,118650.587165693,
2025-07-24T00:00:00.000000000Z,2.32579019692254258,,2355321152006.96044928985839553,118377.081936879,
2025-07-25T00:00:00.000000000Z,2.304027155259395131,,2338330202043.722947234929252,117520.17335038,
2025-07-26T00:00:00.000000000Z,2.31183050411578733,,2347599668866.05170952711202591,117983.204598773,
2025-07-27T00:00:00.000000000Z,2.338853962335245362,,2376601218524.4138808027462734,119438.164235535,
2025-07-28T00:00:00.000000000Z,2.3084821087206897,,2348488298493.52922003919485323,118022.637320281,
2025-07-29T00:00:00.000000000Z,2.301423716626582832,,2345519559459.02036623765381406,117871.370895383,
2025-07-30T00:00:00.000000000Z,2.295572761212482787,,2342809433816.109040973108973,117732.643660725,
2025-07-31T00:00:00.000000000Z,2.25767346584790015,,2305368665823.82694298565867496,115848.339985096,
2025-08-01T00:00:00.000000000Z,2.207088413692473673,,2254355122015.22829056706175155,113282.144336061,
2025-08-02T00:00:00.000000000Z,2.192314956363127675,,2239750089818.08733771370964608,112545.673659264,
2025-08-03T00:00:00.000000000Z,2.224097144294106232,,2273995431945.68118447814632238,114263.693947691,
2025-08-04T00:00:00.000000000Z,2.240631105189465857,,2292689374189.23487492414452736,115199.933659264,
2025-08-05T00:00:00.000000000Z,2.21789999595434943,,2271073998199.1201453446599228,114111.36101841,
2025-08-06T00:00:00.000000000Z,2.234972395493477614,,2289501873478.17273614027474606,115034.678748977,
2025-08-07T00:00:00.000000000Z,2.278130899553293764,,2337531175120.74171913035902609,117444.913924313,
2025-08-08T00:00:00.000000000Z,2.262148082461236692,,2323564790361.16331742835755654,116740.687720923,
2025-08-09T00:00:00.000000000Z,2.256992050146218565,,2319048455360.75871803224563125,116511.655739375,
2025-08-10T00:00:00.000000000Z,2.307419605120223967,,2372392553182.5008082747774165,119189.198160275,
2025-08-11T00:00:00.000000000Z,2.296376996154095057,,2363546734531.7152862257585978,118742.043048644,
2025-08-12T00:00:00.000000000Z,2.320647620011929115,,2391709484341.1129163082987825,120154.32493507,
2025-08-13T00:00:00.000000000Z,2.379739102823155113,,2457225396914.5663054025933025,123442.67982225,
2025-08-14T00:00:00.000000000Z,2.282416006210002104,,2359101850712.39910686506909,118510.27128083,
2025-08-15T00:00:00.000000000Z,2.25769289975178994,,2335282091620.0776311235788276,117311.209947715,
2025-08-16T00:00:00.000000000Z,2.253274150199190773,,2338348119563.3090639634150685,117462.42684623,
2025-08-17T00:00:00.000000000Z,2.255305000805130604,,2341181540292.76901057346599792,117601.952231888,
2025-08-18T00:00:00.000000000Z,2.229656237704237152,,2315575768549.49820506837198014,116312.914397989,
2025-08-19T00:00:00.000000000Z,2.162405961142789178,,2247401509643.0676301665444384,112886.10147543,
2025-08-20T00:00:00.000000000Z,2.187593393945847298,,2275149059638.68525922797687696,114277.320860316,
2025-08-21T00:00:00.000000000Z,2.150092222239415482,,2236772618107.57777307796246438,112347.102298302,
2025-08-22T00:00:00.000000000Z,2.230960318170926611,,2325500247698.13752465824921512,116800.977035073,
2025-08-23T00:00:00.000000000Z,2.201272176719621556,,2295281301319.89411745639276972,115280.444723834,
2025-08-24T00:00:00.000000000Z,2.167328504514983747,,2260210071457.8792592957494741,113516.122474401,
2025-08-25T00:00:00.000000000Z,2.101608862718138035,,2192032047921.66068244148609696,110089.533314144,
2025-08-26T00:00:00.000000000Z,2.134898566000887235,,2228039674983.53461486431528297,111895.295495307,
2025-08-27T00:00:00.000000000Z,2.121825120237447203,,2215288753962.20651566746393563,111252.307236061,
2025-08-28T00:00:00.000000000Z,2.142789122023942771,,2239813780373.47746561122537985,112481.152904109,
2025-08-29T00:00:00.000000000Z,2.058523970791205386,,2160062777589.67013862409817898,108473.330441642,
2025-08-30T00:00:00.000000000Z,2.063022252855390766,,2165549227144.02954031048902816,108746.150824851,
2025-08-31T00:00:00.000000000Z,2.054653984489100874,,2157036868947.1280698179026559,108316.44689481,
2025-09-01T00:00:00.000000000Z,2.066472278033613368,,2170551279014.56645841753635155,108992.324614863,
2025-09-02T00:00:00.000000000Z,2.106133166120609526,,2213397100781.94547235291494368,111140.947159836,
2025-09-03T00:00:00.000000000Z,2.117352868701102179,,2226186647369.09497394150141552,111780.743587376,
2025-09-04T00:00:00.000000000Z,2.098839967151200262,,2208707196345.66492889752397599,110900.633412981,
2025-09-05T00:00:00.000000000Z,2.090991089631539186,,2204984484343.3814392927174012,110711.229484804,
2025-09-06T00:00:00.000000000Z,2.081547548704114145,,2195720165768.22538348378666952,110243.650741672,
2025-09-07T00:00:00.000000000Z,2.100795508587897917,,2216968057740.03706624812395436,111307.784421087,
2025-09-08T00:00:00.000000000Z,2.114485395928852172,,2233048249212.64061488946210868,112112.311575102,
2025-09-09T00:00:00.000000000Z,2.1019000165432097,,2220639486843.1696722555395796,111486.396779836,
2025-09-10T00:00:00.000000000Z,2.145924375428193636,,2269387779972.46832388540695323,113930.748423437,
2025-09-11T00:00:00.000000000Z,2.171828406012249028,,2299620481124.10017176686432816,115445.812932648,
2025-09-12T00:00:00.000000000Z,2.183452405812582547,,2313674623907.27650846684396032,116149.174031958,
2025-09-13T00:00:00.000000000Z,2.178678922337634079,,2310069502058.33055535097714304,115965.627551268,
2025-09-14T00:00:00.000000000Z,2.167360117920092304,,2298776200578.86156791845943344,115395.933423437,
2025-09-15T00:00:00.000000000Z,2.165666508561501785,,2299332980316.20407615804909056,115420.931814144,
2025-09-16T00:00:00.000000000Z,2.188879724135061631,,2326841616711.2607960095375966,116798.867050906,
2025-09-17T00:00:00.000000000Z,2.181807025941311271,,2322443908090.33134683042419706,116575.777628866,
2025-09-18T00:00:00.000000000Z,2.188425256780357314,,2331240531967.07373377159092858,117014.426762174,
2025-09-19T00:00:00.000000000Z,2.158451596872666252,,2303368556120.72100138593132905,115612.372541695,
2025-09-20T00:00:00.000000000Z,2.160082452031499425,,2306228956192.68731072540821398,115753.165960549,
2025-09-21T00:00:00.000000000Z,2.15119924230539356,,2297674188701.30366915011724826,115320.858829047,
2025-09-22T00:00:00.000000000Z,2.103084329011381624,,2246060606259.7522631557171664,112727.70773813,
2025-09-23T00:00:00.000000000Z,2.088420752528868364,,2232655622694.46616314537443624,112052.393282022,
2025-09-24T00:00:00.000000000Z,2.109843805004124317,,2258059127591.76299471431252736,113324.623592192,
2025-09-25T00:00:00.000000000Z,2.031242470311527129,,2175251165398.7354925569755228,109166.347974874,
2025-09-26T00:00:00.000000000Z,2.039297742066763314,,2185314295488.76450515136896903,109669.102166861,
2025-09-27T00:00:00.000000000Z,2.038409725859388585,,2184881768009.1887513090033055,109644.73069287,
2025-09-28T00:00:00.000000000Z,2.084398213626927358,,2235260600040.1854820369832541,112170.00778609,
2025-09-29T00:00:00.000000000Z,2.122720877587773029,,2278575750081.58422851952746532,114341.141435418,
2025-09-30T00:00:00.000000000Z,2.112807213335253183,,2271271762904.08414648438601572,113971.742796902,
2025-10-01T00:00:00.000000000Z,2.186155026712076994,,2359441494737.08916966808627516,118393.270386324,
2025-10-02T00:00:00.000000000Z,2.221772196583207903,,2402645137487.71599597417464789,120558.594007013,
2025-10-03T00:00:00.000000000Z,2.249202943238195893,,2438354357753.28565145801587965,122348.127640269,
2025-10-04T00:00:00.000000000Z,2.247639041410610962,,2439035713312.3601457583214727,122379.744317651,
2025-10-05T00:00:00.000000000Z,2.266766621760194845,,2461893696556.55997095600066748,123523.768313852,
2025-10-06T00:00:00.000000000Z,2.287145426879909089,,2487865019395.09269484513366485,124824.453666861,
2025-10-07T00:00:00.000000000Z,2.219347428097427608,,2423405991080.02632940972514176,121587.699236704,
2025-10-08T00:00:00.000000000Z,2.248606081441407271,,2459392369263.4488968356106702,123390.353094682,
2025-10-09T00:00:00.000000000Z,2.212553431308937524,,2423819431448.1188168520083064,121603.33278609,
2025-10-10T00:00:00.000000000Z,2.070562788244426797,,2267429035644.95359009191818524,113754.852328171,
2025-10-11T00:00:00.000000000Z,2.019478996261418895,,2211374961639.21608676853072032,110940.113648159,
2025-10-12T00:00:00.000000000Z,2.095125745165171101,,2295401165962.69724527383769511,115152.917045003,
2025-10-13T00:00:00.000000000Z,2.097463177575280065,,2299030741394.97852985254666917,115332.252929573,
2025-10-14T00:00:00.000000000Z,2.056829337301677015,,2259119504832.80077725902469486,113327.079410286,
2025-10-15T00:00:00.000000000Z,2.005891025806165235,,2210046641902.43904344986963386,110862.872485389,
2025-10-16T00:00:00.000000000Z,1.957856817817029721,,2155719311026.7779294167821571,108135.049605786,
2025-10-17T00:00:00.000000000Z,1.929283031577620274,,2125682123928.41119509812408904,106625.668651373,
2025-10-18T00:00:00.000000000Z,1.938149518377999421,,2136069072945.88083608382593734,107143.913935126,
2025-10-19T00:00:00.000000000Z,1.965929731213063898,,2167271973156.90546746789138234,108706.663763881,
2025-10-20T00:00:00.000000000Z,2.000241242040893522,,2205873161783.94732539083661088,110640.249515488,
2025-10-21T00:00:00.000000000Z,1.96425526932419361,,2167248302706.20480836665301808,108700.382071888,
2025-10-22T00:00:00.000000000Z,1.94226939381305091,,2146708963448.50575633006040052,107667.630188486,
2025-10-23T00:00:00.000000000Z,1.983850582920295439,,2194476255972.55743257854706105,110060.936797195,
2025-10-24T00:00:00.000000000Z,2.000239970364218405,,2213759431224.0740100052364274,111024.94314699,
2025-10-25T00:00:00.000000000Z,2.010123020095332038,,2225571303267.16313257144131562,111614.535857686,
2025-10-26T00:00:00.000000000Z,2.061141989497095024,,2284298071832.60854421146849221,114557.100460549,
2025-10-27T00:00:00.000000000Z,2.050648698304158512,,2274991986566.83025807521939365,114087.773805085,
2025-10-28T00:00:00.000000000Z,2.026985285422002442,,2252973055585.6295447964554585,112980.685846289,
2025-10-29T00:00:00.000000000Z,1.974857071418471488,,2197691726032.41001116870352438,110206.347983051,
2025-10-30T00:00:00.000000000Z,1.932524832732004399,,2154140935697.1548819748575296,108019.723841905,
2025-10-31T00:00:00.000000000Z,1.959627406916377287,,2184790344305.35380236554892787,109554.239627703,
2025-11-01T00:00:00.000000000Z,1.966344070183569606,,2193832993167.671170947004593,110005.295855348,
2025-11-02T00:00:00.000000000Z,1.9727764696344197,,2201542028456.72396228770289265,110389.168627119,
2025-11-03T00:00:00.000000000Z,1.90208825321448168,,2123942098026.17218925336660682,106495.802789889,
2025-11-04T00:00:00.000000000Z,1.811685588621834272,,2021350949128.4888633324908096,101349.73723232,
2025-11-05T00:00:00.000000000Z,1.857055734420491882,,2072575814667.257091804331077,103915.88479135,
2025-11-06T00:00:00.000000000Z,1.809720163168965406,,2019281654873.91372684196960682,101241.573677966,
2025-11-07T00:00:00.000000000Z,1.842846505333191295,,2062945632162.08648425957174564,103428.471746932,
2025-11-08T00:00:00.000000000Z,1.822758385602604646,,2041174456726.64176788900690688,102335.021439217,
2025-11-09T00:00:00.000000000Z,1.864165176146262594,,2088104138262.2362971423102696,104685.54544097,
2025-11-10T00:00:00.000000000Z,1.887544360073252985,,2116014386447.3750790753587998,106082.478156926,
2025-11-11T00:00:00.000000000Z,1.831888197421843099,,2054067273200.92399291383240016,102974.405611631,
2025-11-12T00:00:00.000000000Z,1.808509903130079032,,2028334526602.0335447058506567,101682.126652835,
2025-11-13T00:00:00.000000000Z,1.780012643410584541,,1995531055051.62180345251759804,100035.310145237,
2025-11-14T00:00:00.000000000Z,1.684260697265532358,,1885204557913.116685047759364356,94502.5476025716,
2025-11-15T00:00:00.000000000Z,1.702509965261634598,,1905969346288.111996271242692361,95541.3158389831,
2025-11-16T00:00:00.000000000Z,1.678552581264202543,,1878905175037.524541715496229896,94182.3130996493,
2025-11-17T00:00:00.000000000Z,1.639286711443771614,,1833638268626.445576155934060288,91911.4713471654,
2025-11-18T00:00:00.000000000Z,1.654516965238705052,,1852130060915.071040251071697009,92836.4419111631,
2025-11-19T00:00:00.000000000Z,1.628739580213074072,,1821925037070.446793543780837336,91320.4811332554,
2025-11-20T00:00:00.000000000Z,1.551561997819494713,,1733993481993.450132226369893834,86911.2980590298,
2025-11-21T00:00:00.000000000Z,1.520247367252210785,,1694864140154.948261470565502357,84948.0463205727,
2025-11-22T00:00:00.000000000Z,1.506320225015678732,,1691449473896.7935098123391888,84775.0015452952,
2025-11-23T00:00:00.000000000Z,1.540812901640595729,,1733336869377.8168661359226825,86872.4546630625,
2025-11-24T00:00:00.000000000Z,1.567403592740589338,,1763408070508.766091131193549786,88377.6024421391,
2025-11-25T00:00:00.000000000Z,1.550709768072390865,,1744622674821.23309231371067436,87434.550610754,
2025-11-26T00:00:00.000000000Z,1.60191795961373538,,1804823283719.383454580721350552,90449.2770675044,
2025-11-27T00:00:00.000000000Z,1.618011024602580804,,1822561745081.465844503958774816,91336.2000452952,
2025-11-28T00:00:00.000000000Z,1.612404365357879284,,1815698698812.793448647117257104,90990.1266104617,
2025-11-29T00:00:00.000000000Z,1.609812435967487024,,1812783212323.287690332471395018,90842.0738243717,
2025-11-30T00:00:00.000000000Z,1.605936798624271017,,1808153535032.724317706548358655,90607.7021513735,
2025-12-01T00:00:00.000000000Z,1.533958697259218037,,1726309340197.715529695455649736,86504.6368156049,
2025-12-02T00:00:00.000000000Z,1.623386616483569194,,1826593716093.038139428065536344,91528.0245809468,
2025-12-03T00:00:00.000000000Z,1.659439770773658819,,1868163523113.694902244258728053,93609.0938658679,
2025-12-04T00:00:00.000000000Z,1.634686076820270397,,1840191787722.407096366156493986,92205.5929544126,
2025-12-05T00:00:00.000000000Z,1.584551095422328599,,1781834205884.99212781486664686,89279.8344634717,
2025-12-06T00:00:00.000000000Z,1.582597477652467208,,1779678725951.91736411691112594,89169.5570610754,
2025-12-07T00:00:00.000000000Z,1.598500461378138632,,1797652167928.56934734506476388,90067.847399474,
2025-12-08T00:00:00.000000000Z,1.609617738643143677,,1809775147324.278403176151581288,90673.1444436003,
2025-12-09T00:00:00.000000000Z,1.64698945121268091,,1852439848225.965392159972818752,92808.8518477498,
2025-12-10T00:00:00.000000000Z,1.632577087050128323,,1838394451226.98240408421030748,92102.9300917592,
2025-12-11T00:00:00.000000000Z,1.641645398724975683,,1848835839973.175685042479384472,92623.7198708358,
2025-12-12T00:00:00.000000000Z,1.602002659782639266,,1803124581759.215115661559501559,90331.6083091759,
2025-12-13T00:00:00.000000000Z,1.600407122792779431,,1801441441839.31257215133185665,90245.267264173,
2025-12-14T00:00:00.000000000Z,1.56259929379314562,,1758581468490.596431241858313995,88096.3826142607,
2025-12-15T00:00:00.000000000Z,1.533450783443856259,,1723807816697.596502850697359133,86352.5802565751,
2025-12-16T00:00:00.000000000Z,1.558300066009001642,,1751792518937.351064350277296235,87752.4290336061,
2025-12-17T00:00:00.000000000Z,1.529104503632706962,,1718034910274.950827341830709377,86059.5522241379,
2025-12-18T00:00:00.000000000Z,1.51839512120937372,,1705589102848.275420713529989796,85434.1928673291,
2025-12-19T00:00:00.000000000Z,1.56693934461553295,,1760207641640.770521962305830672,88168.0738325541,
2025-12-20T00:00:00.000000000Z,1.569933139591107187,,1762731347927.29219278548293521,88292.4536373466,
2025-12-21T00:00:00.000000000Z,1.574032913105105205,,1767580565650.267488654374424624,88533.4309830508,
2025-12-22T00:00:00.000000000Z,1.573037724446317484,,1766441678579.388225856491590029,88474.4622331969,
2025-12-23T00:00:00.000000000Z,1.553492672050859745,,1744350079363.663449273712351032,87365.9937872589,
2025-12-24T00:00:00.000000000Z,1.558626380619409761,,1749578331319.529147902939224034,87625.6707895967,
2025-12-25T00:00:00.000000000Z,1.551577942876588988,,1741741838969.632811517441393396,87231.3047685564,
2025-12-26T00:00:00.000000000Z,1.55479991226822753,,1743851052661.903575746781356695,87334.8077808299,
2025-12-27T00:00:00.000000000Z,1.561130488616241901,,1751088738231.280427500261062612,87695.4159076564,
2025-12-28T00:00:00.000000000Z,1.562371381365593766,,1752174226540.396612227111763286,87747.6491548802,
2025-12-29T00:00:00.000000000Z,1.551843732811980112,,1739952832712.977460407101686086,87133.5103991818,
2025-12-30T00:00:00.000000000Z,1.575194732866138022,,1765844968792.585368718125457323,88428.4922735243,
2025-12-31T00:00:00.000000000Z,1.559936864000081502,,1747679146138.26444140864767688,87516.9780376972,
2026-01-01T00:00:00.000000000Z,1.580566683878713845,,1771030307456.498384000414816336,88684.2178474576,
2026-01-02T00:00:00.000000000Z,1.602833534605485711,,1796152439786.132767869948362079,89940.1801671537,
2026-01-03T00:00:00.000000000Z,1.614442834571443502,,1809335929206.27503913714399901,90598.1301832262,
2026-01-04T00:00:00.000000000Z,1.627823371832260863,,1824587914852.660683912046290755,91359.7636823495,
2026-01-05T00:00:00.000000000Z,1.672965606192001107,,1876329155088.757325877174408544,93948.5821794272,
2026-01-06T00:00:00.000000000Z,1.665698184722737546,,1868891796056.505478316811105637,93574.2871122151,
2026-01-07T00:00:00.000000000Z,1.623473602551265525,,1821692646787.202115212134361667,91208.9562606663,
2026-01-08T00:00:00.000000000Z,1.62169483717787714,,1819492476510.599719117512817789,91096.9161554647,
2026-01-09T00:00:00.000000000Z,1.61240742980171578,,1808401358128.119663004660118248,90539.6032288136,
2026-01-10T00:00:00.000000000Z,1.610013212387903185,,1805781433869.588244540531676925,90406.1424114553,
2026-01-11T00:00:00.000000000Z,1.61585640170226006,,1812029241680.157715751297433132,90717.2063153127,
2026-01-12T00:00:00.000000000Z,1.623511736951167245,,1820537738213.634588347425776536,91141.1498489188,
2026-01-13T00:00:00.000000000Z,1.695645710218362588,,1903740522551.2453649039009973,95304.4982942724,
2026-01-14T00:00:00.000000000Z,1.725258285011507848,,1938525133766.58270752072456052,97043.9927258913,
2026-01-15T00:00:00.000000000Z,1.698251329285831995,,1908645921457.237520384478424352,95546.1397381648,
2026-01-16T00:00:00.000000000Z,1.696750116346635341,,1907545876899.835340868599394864,95489.1299602572,
2026-01-17T00:00:00.000000000Z,1.689559939774011307,,1899956122538.01485005771193535,95106.980462595,
2026-01-18T00:00:00.000000000Z,1.67439228016665098,,1883103755876.959179106541988015,94261.3294313267,
2026-01-19T00:00:00.000000000Z,1.643686879800847704,,1848484453618.507650629504812675,92526.2419643483,
2026-01-20T00:00:00.000000000Z,1.568922361489576793,,1762822147346.971698195227333776,88236.5631922852,
2026-01-21T00:00:00.000000000Z,1.593366434791271748,,1790086994742.54261501854121618,89599.361874927,
2026-01-22T00:00:00.000000000Z,1.590055742443400378,,1786063068452.81309359437141313,89395.700735827,
2026-01-23T00:00:00.000000000Z,1.597227656500747914,,1786982708956.302519098478751944,89439.7718909994,
2026-01-24T00:00:00.000000000Z,1.592705531232262332,,1781920520861.2185895869313832,89185.0386990064,
2026-01-25T00:00:00.000000000Z,1.544168167275462367,,1727217015608.661052057794831164,86445.6705926359,
2026-01-26T00:00:00.000000000Z,1.577978170566202727,,1765049801467.880459102116404512,88337.4545511397,
2026-01-27T00:00:00.000000000Z,1.594258404220791934,,1783524598036.602602520076147803,89260.3805397429,
2026-01-28T00:00:00.000000000Z,1.592968287196268319,,1781904984387.281725332807339152,89177.7892507306,
2026-01-29T00:00:00.000000000Z,1.510846374451050571,,1688877168322.357243026490731329,84520.3973106371,
2026-01-30T00:00:00.000000000Z,1.502794123367734197,,1678853413751.909929915086684762,84017.0340292227,
2026-01-31T00:00:00.000000000Z,1.409206961565977084,,1572688463359.5844428543220038,78702.38550263,
2026-02-01T00:00:00.000000000Z,1.377937528210173492,,1536921339757.89445978409898636,76911.0523772648,
2026-02-02T00:00:00.000000000Z,1.411272421681784931,,1573030843440.092832512757221736,78716.6018088837,
2026-02-03T00:00:00.000000000Z,1.359790639701243353,,1512475464307.299987860693549088,75684.7660277616,
2026-02-04T00:00:00.000000000Z,1.315930750700471022,,1460758146742.27949457412838126,73095.1914646406,
2026-02-05T00:00:00.000000000Z,1.149795147328867693,,1268923762593.2033280250271709,63494.6884456458,
2026-02-06T00:00:00.000000000Z,1.279488580391782923,,1411906693993.654808906850614994,70647.6982188778,
2026-02-07T00:00:00.000000000Z,1.254286499838438346,,1382335759076.314516758701735316,69166.2594424313,
2026-02-08T00:00:00.000000000Z,1.278752679408799173,,1409480417712.424366192088069011,70522.5892393337,
2026-02-09T00:00:00.000000000Z,1.274890122985871914,,1403950284903.54204316442659064,70244.1017773232,
2026-02-10T00:00:00.000000000Z,1.248103301241876232,,1372895651922.47045757524119032,68688.793113384,
2026-02-11T00:00:00.000000000Z,1.218238778849088581,,1338968761086.811556881116564186,66989.7165920514,
2026-02-12T00:00:00.000000000Z,1.205655751536307314,,1323651411101.557622525847499689,66221.5443115137,
2026-02-13T00:00:00.000000000Z,1.254381712792263234,,1376438775426.905050186197105892,68860.8411633548,
2026-02-14T00:00:00.000000000Z,1.271428434942343999,,1395209152714.044338986268386571,69798.0791253653,
2026-02-15T00:00:00.000000000Z,1.25035201564347092,,1371901612478.985519063899249574,68629.9599760374,
2026-02-16T00:00:00.000000000Z,1.25299188050397577,,1374287575683.373106028315463926,68747.4380286383,
2026-02-17T00:00:00.000000000Z,1.230359595565078076,,1348806897572.949148449465378234,67471.0508465809,
2026-02-18T00:00:00.000000000Z,1.211463714662580192,,1327041682412.678523656958338483,66380.7069611339,
2026-02-19T00:00:00.000000000Z,1.221844787848528018,,1338103087136.072121834955801684,66932.3522118644,
2026-02-20T00:00:00.000000000Z,1.241947410607623191,,1359022838573.617484673182620782,67977.3092612507,
2026-02-21T00:00:00.000000000Z,1.242772738890891497,,1359914969948.667509987448753375,68020.6677612507,
2026-02-22T00:00:00.000000000Z,1.234286313377275049,,1350540164036.837500845314286552,67550.0240768556,
2026-02-23T00:00:00.000000000Z,1.183184297247023484,,1293387338339.238335595408011247,64689.9123308007,
2026-02-24T00:00:00.000000000Z,1.174331993793702261,,1282100773328.00088278086623909,64123.7510780245,
2026-02-25T00:00:00.000000000Z,1.246122994172741683,,1360406516183.844209057930317152,68038.5221794272,
2026-02-26T00:00:00.000000000Z,1.236811391586416288,,1350053680284.782016989199502521,67519.2645292227,
2026-02-27T00:00:00.000000000Z,1.207325470552061755,,1316988256328.347806995763880759,65864.1358170661,
2026-02-28T00:00:00.000000000Z,1.227561261998226748,,1339043246944.108196001507754791,66965.6353091759,
2026-03-01T00:00:00.000000000Z,1.205248174799524999,,1314436530955.266579298203355128,65733.5212597896,
2026-03-02T00:00:00.000000000Z,1.263760682233651997,,1378236536262.673737500661107004,68922.6242974869,
2026-03-03T00:00:00.000000000Z,1.254890753252481821,,1368437726302.048200647906103886,68431.1740306838,
2026-03-04T00:00:00.000000000Z,1.332459933264621132,,1453181528720.143406820705078289,72667.4630575687,
2026-03-05T00:00:00.000000000Z,1.302099873489965357,,1419621513717.071137309560605,70987.427176505,
2026-03-06T00:00:00.000000000Z,1.252787494903745093,,1364443146701.878222789165264104,68226.7053927528,
2026-03-07T00:00:00.000000000Z,1.236301300128931018,,1346249079545.666171428991263905,67315.5529135009,
2026-03-08T00:00:00.000000000Z,1.216000425764657274,,1324020725745.86897705587946268,66202.6978731736,
2026-03-09T00:00:00.000000000Z,1.258828872642114119,,1370565923110.88199261334794206,68528.5384699007,
2026-03-10T00:00:00.000000000Z,1.283892198721693304,,1397861675303.87661588730619104,69891.8238576856,
2026-03-11T00:00:00.000000000Z,1.292630560496042243,,1406027387800.136558861645727798,70298.5753530099,
2026-03-12T00:00:00.000000000Z,1.297352966463531066,,1410846656064.08801578341352136,70538.1074623027,
2026-03-13T00:00:00.000000000Z,1.304541264897919925,,1418712062331.445575802625649096,70930.0132793688,
2026-03-14T00:00:00.000000000Z,1.308561126940238857,,1422864934640.02141385951850954,71136.2179199299,
2026-03-15T00:00:00.000000000Z,1.337286306516293248,,1454415017618.772602321595716959,72712.1461957919,
2026-03-16T00:00:00.000000000Z,1.373664782035470618,,1494685195333.630647198826378825,74723.9575534775,
2026-03-17T00:00:00.000000000Z,1.362039221724130213,,1481953960271.9119268524697819,74086.013609585,
2026-03-18T00:00:00.000000000Z,1.310827120703242271,,1425334864470.056241798369656638,71253.9579275278,
2026-03-19T00:00:00.000000000Z,1.287323353044124525,,1399258410166.36216633251701092,69948.9048267095,
2026-03-20T00:00:00.000000000Z,1.297913457955359212,,1410520483673.409256888918847464,70510.4196797194,
2026-03-21T00:00:00.000000000Z,1.283228639468927586,,1394484296727.60905706986331199,69707.285009059,
2026-03-22T00:00:00.000000000Z,1.251662159669346332,,1360727895569.465744971821320095,68018.1534815897,
2026-03-23T00:00:00.000000000Z,1.301409408329921882,,1414938935053.959355987961717164,70726.2110461718,
2026-03-24T00:00:00.000000000Z,1.300277748972673678,,1412641989096.32265500071904289,70610.0187121566,
2026-03-25T00:00:00.000000000Z,1.312918792312330166,,1426105842430.459963113166939452,71281.2973921683,
2026-03-26T00:00:00.000000000Z,1.266407225667918744,,1374957542916.49430813119261886,68722.9718366452,
2026-03-27T00:00:00.000000000Z,1.221391534843413818,,1324794804322.246223774873360904,66214.1715134424,
2026-03-28T00:00:00.000000000Z,1.224282130242580979,,1327569960241.544152658813064855,66351.0725251315,
2026-03-29T00:00:00.000000000Z,1.217346516021097581,,1319910065564.95571962073313506,65966.7523939217,
2026-03-30T00:00:00.000000000Z,1.230767788536540454,,1333633950994.438679344630858504,66651.2320037989,
2026-03-31T00:00:00.000000000Z,1.259461592624951898,,1364949957429.408790181343902878,68214.8680388662,
2026-04-01T00:00:00.000000000Z,1.257800435787088238,,1363022478623.550519045636239853,68116.8167933957,
2026-04-02T00:00:00.000000000Z,1.236157058152968281,,1338870647177.839193534706270099,66908.3179918177,
2026-04-03T00:00:00.000000000Z,1.236095290145613828,,1338566550263.669956405873361895,66891.7422279369,
2026-04-04T00:00:00.000000000Z,1.243587958303051475,,1346663972184.613088062587568227,67295.1309137931,
2026-04-05T00:00:00.000000000Z,1.273186006504800766,,1379250124896.724795634876260492,68921.8060911748,
2026-04-06T00:00:00.000000000Z,1.270093812424762186,,1375697653591.431662929526678435,68742.9133085915,
2026-04-07T00:00:00.000000000Z,1.330703341528385252,,1442053417557.32140278066765401,72057.1243614845,
2026-04-08T00:00:00.000000000Z,1.312922033874206474,,1422632685924.166379228402808431,71085.0583702513,
2026-04-09T00:00:00.000000000Z,1.325828946125455227,,1436746639526.947288783642669304,71788.6797825833,
2026-04-10T00:00:00.000000000Z,1.346842656266018729,,1459918626570.639903192587428305,72945.0707241379,
2026-04-11T00:00:00.000000000Z,1.349740683017782451,,1463429926532.001884393389640526,73119.1091168907,
2026-04-12T00:00:00.000000000Z,1.304967334797095608,,1414754502718.057392063491895636,70685.3697019287,
2026-04-13T00:00:00.000000000Z,1.377048239840282899,,1493795013094.8874736048594384,74632.7455856224,
2026-04-14T00:00:00.000000000Z,1.368752904018341818,,1484641267129.737463128135335568,74173.5083603156,
2026-04-15T00:00:00.000000000Z,1.379626388688391797,,1496448887839.818101944488036,74761.964654588,
2026-04-16T00:00:00.000000000Z,1.385625861215399589,,1503165549783.15831673836699966,75095.7442159556,
2026-04-17T00:00:00.000000000Z,1.422323515387898392,,1543607893397.09633220591861312,77114.481438048,
2026-04-18T00:00:00.000000000Z,1.398004736839902213,,1517173171126.91446425381093468,75792.0637510228,
2026-04-19T00:00:00.000000000Z,1.363465675295210693,,1479439310993.981809069631512842,73905.2041016949,
2026-04-20T00:00:00.000000000Z,1.398730554650119404,,1517683423347.081377134552762899,75814.1453237873,
2026-04-21T00:00:00.000000000Z,1.404039174989212456,,1523586908754.257625844147461349,76107.4432977791,
2026-04-22T00:00:00.000000000Z,1.445181688088130365,,1567866712950.410345516861704539,78317.7422720631,
2026-04-23T00:00:00.000000000Z,1.443518010298724995,,1566213501915.127853546463216072,78233.6837492694,
2026-04-24T00:00:00.000000000Z,1.431305408695868633,,1550445734881.66087404359183322,77444.269277031,
2026-04-25T00:00:00.000000000Z,1.434574147564593222,,1554092175350.093065024477942062,77624.7114821742,
2026-04-26T00:00:00.000000000Z,1.451239910737168666,,1572428798917.551130214557484082,78538.7733573933,
2026-04-27T00:00:00.000000000Z,1.427496644438278874,,1546785594139.16196257533919864,77256.297159848,
2026-04-28T00:00:00.000000000Z,1.409896812228441536,,1527582774590.89523079590961278,76295.531117183,
2026-04-29T00:00:00.000000000Z,1.401295058848076788,,1517591460634.257327522850664227,75795.0098530099,
2026-04-30T00:00:00.000000000Z,1.410908716177076356,,1527728226837.082686401134725796,76299.6161285798,
2026-05-01T00:00:00.000000000Z,1.444110941062606203,,1564469061455.333046068642948472,78132.6437852133,
2026-05-02T00:00:00.000000000Z,1.454678771992814357,,1576113892815.107037082921839552,78712.5387317358,
2026-05-03T00:00:00.000000000Z,1.453212899139303528,,1574882442469.460378991070022415,78649.1732893045,
2026-05-04T00:00:00.000000000Z,1.473413962523283872,,1598486719022.30700848597466978,79826.107817066,
2026-05-05T00:00:00.000000000Z,1.493264882736319985,,1620764931897.133013187553611852,80936.7548252484,
2026-05-06T00:00:00.000000000Z,1.500728934715564584,,1629368819802.469316339909492436,81364.6201285798,
2026-05-07T00:00:00.000000000Z,1.475407732707148625,,1601856781311.400959921647782849,79988.9987343659,
2026-05-08T00:00:00.000000000Z,1.478806937707672454,,1605712436185.066237982522408915,80179.6922957335,
2026-05-09T00:00:00.000000000Z,1.487556461969192842,,1615447075021.543060073697984469,80663.6296519579,
2026-05-10T00:00:00.000000000Z,1.516576299979984875,,1647391609832.0415974070395481,82256.781137931,
2026-05-11T00:00:00.000000000Z,1.506279731410384391,,1636578096185.126365751202462484,81714.7420499708,
2026-05-12T00:00:00.000000000Z,1.484343417679068369,,1612795007979.53290563691982593,80525.563024547,
2026-05-13T00:00:00.000000000Z,1.461697921959849683,,1588121422920.642147398591222592,79291.9110017534,
2026-05-14T00:00:00.000000000Z,1.496291810555882964,,1625892297141.89295853988441598,81175.8271116306,
2026-05-15T00:00:00.000000000Z,1.457648207597749705,,1583618048523.584931904779632508,79063.4145756868,
2026-05-16T00:00:00.000000000Z,1.441120732074192594,,1565649830508.34579825797259196,78164.4952711864,
2026-05-17T00:00:00.000000000Z,1.428878571951693625,,1552327640770.80874282359260088,77497.697113384,
2026-05-18T00:00:00.000000000Z,1.419569255459985016,,1541909617519.768739195717951166,76975.9111998831,
2026-05-19T00:00:00.000000000Z,1.417036826307527267,,1538569462749.4419465549934075,76807.460956166,
2026-05-20T00:00:00.000000000Z,1.428247432039944376,,1550639385411.967766533140455696,77408.1722089421,
2026-05-21T00:00:00.000000000Z,1.431839863663851524,,1554420448473.301250667027901892,77595.3861717446,
2026-05-22T00:00:00.000000000Z,1.39519779572178037,,1513834758642.725756456879774016,75567.5430431093,
2026-05-23T00:00:00.000000000Z,1.414564660605659749,,1534955087416.12124882969671618,76619.8666090415,
2026-05-24T00:00:00.000000000Z,1.42069214819065929,,1541620103361.44098312015681628,76950.9896316365,76619.8666090415
2026-05-25T00:00:00.000000000Z,1.425980680386381003,,1547541506434.750544274208516788,77244.5722896786,76950.9896316365
2026-05-26T00:00:00.000000000Z,1.40007607102657649,,1518954809639.353213165294831625,75816.0412797019,77244.5722896786
2026-05-27T00:00:00.000000000Z,1.372069898974952594,,1487988234709.00833859213521895,74268.7756418995,75816.0412797019
2026-05-28T00:00:00.000000000Z,1.359302863594601974,,1472633515879.4002754660739144,73500.5305338925,74268.7756418995
2026-05-29T00:00:00.000000000Z,1.357030041234058887,,1469106547762.89471706622217888,73322.8951406751,73500.5305338925
2026-05-30T00:00:00.000000000Z,,,,,73322.8951406751
