timestamp_unix,date_utc,total_circulating_peggedUSD,total_minted_peggedUSD,total_unreleased_peggedUSD
1511913600,2017-11-29,109970,,
1512000000,2017-11-30,109970,,
1512086400,2017-12-01,109970,,
1512172800,2017-12-02,109970,,
1512259200,2017-12-03,109970,,
1512345600,2017-12-04,109970,,
1512432000,2017-12-05,109970,,
1512518400,2017-12-06,109970,,
1512604800,2017-12-07,109970,,
1512691200,2017-12-08,109970,,
1512777600,2017-12-09,109970,,
1512864000,2017-12-10,109970,,
1512950400,2017-12-11,109970,,
1513036800,2017-12-12,109970,,
1513123200,2017-12-13,109970,,
1513209600,2017-12-14,109970,,
1513296000,2017-12-15,109970,,
1513382400,2017-12-16,109970,,
1513468800,2017-12-17,109970,,
1513555200,2017-12-18,109970,,
1513641600,2017-12-19,109970,,
1513728000,2017-12-20,109970,,
1513814400,2017-12-21,109970,,
1513900800,2017-12-22,109970,,
1513987200,2017-12-23,109970,,
1514073600,2017-12-24,109970,,
1514160000,2017-12-25,109970,,
1514246400,2017-12-26,109970,,
1514332800,2017-12-27,109970,,
1514419200,2017-12-28,109970,,
1514505600,2017-12-29,109970,,
1514592000,2017-12-30,109970,,
1514678400,2017-12-31,109970,,
1514764800,2018-01-01,109970,,
1514851200,2018-01-02,109970,,
1514937600,2018-01-03,109970,,
1515024000,2018-01-04,109970,,
1515110400,2018-01-05,109970,,
1515196800,2018-01-06,109970,,
1515283200,2018-01-07,109970,,
1515369600,2018-01-08,109970,,
1515456000,2018-01-09,109970,,
1515542400,2018-01-10,109970,,
1515628800,2018-01-11,30109970,,
1515715200,2018-01-12,30109970,,
1515801600,2018-01-13,30109970,,
1515888000,2018-01-14,30109970,,
1515974400,2018-01-15,30109970,,
1516060800,2018-01-16,30109970,,
1516147200,2018-01-17,30109970,,
1516233600,2018-01-18,30109970,,
1516320000,2018-01-19,30109970,,
1516406400,2018-01-20,30109970,,
1516492800,2018-01-21,30109970,,
1516579200,2018-01-22,30109970,,
1516665600,2018-01-23,30109970,,
1516752000,2018-01-24,30109970,,
1516838400,2018-01-25,30109970,,
1516924800,2018-01-26,30109970,,
1517011200,2018-01-27,30109970,,
1517097600,2018-01-28,30109970,,
1517184000,2018-01-29,60109970,,
1517270400,2018-01-30,60109970,,
1517356800,2018-01-31,60109970,,
1517443200,2018-02-01,60109970,,
1517529600,2018-02-02,60109970,,
1517616000,2018-02-03,60109970,,
1517702400,2018-02-04,60109970,,
1517788800,2018-02-05,60109970,,
1517875200,2018-02-06,60109970,,
1517961600,2018-02-07,60109970,,
1518048000,2018-02-08,60109970,,
1518134400,2018-02-09,60109970,,
1518220800,2018-02-10,60109970,,
1518307200,2018-02-11,60109970,,
1518393600,2018-02-12,60109970,,
1518480000,2018-02-13,60109970,,
1518566400,2018-02-14,60109970,,
1518652800,2018-02-15,60109970,,
1518739200,2018-02-16,60109970,,
1518825600,2018-02-17,60109970,,
1518912000,2018-02-18,60109970,,
1518998400,2018-02-19,60109970,,
1519084800,2018-02-20,60109970,,
1519171200,2018-02-21,60109970,,
1519257600,2018-02-22,60109970,,
1519344000,2018-02-23,60109970,,
1519430400,2018-02-24,60109970,,
1519516800,2018-02-25,60109970,,
1519603200,2018-02-26,60109970,,
1519689600,2018-02-27,60109970,,
1519776000,2018-02-28,60109970,,
1519862400,2018-03-01,60109970,,
1519948800,2018-03-02,60109970,,
1520035200,2018-03-03,60109970,,
1520121600,2018-03-04,60109970,,
1520208000,2018-03-05,60109970,,
1520294400,2018-03-06,60109970,,
1520380800,2018-03-07,60109970,,
1520467200,2018-03-08,60109970,,
1520553600,2018-03-09,60109970,,
1520640000,2018-03-10,60109970,,
1520726400,2018-03-11,60109970,,
1520812800,2018-03-12,60109970,,
1520899200,2018-03-13,60109970,,
1520985600,2018-03-14,60109970,,
1521072000,2018-03-15,60109970,,
1521158400,2018-03-16,60109970,,
1521244800,2018-03-17,60109970,,
1521331200,2018-03-18,60109970,,
1521417600,2018-03-19,60109970,,
1521504000,2018-03-20,60109970,,
1521590400,2018-03-21,60109970,,
1521676800,2018-03-22,60109970,,
1521763200,2018-03-23,60109970,,
1521849600,2018-03-24,60109970,,
1521936000,2018-03-25,60109970,,
1522022400,2018-03-26,60109970,,
1522108800,2018-03-27,60109970,,
1522195200,2018-03-28,60109970,,
1522281600,2018-03-29,60109970,,
1522368000,2018-03-30,60109970,,
1522454400,2018-03-31,60109970,,
1522540800,2018-04-01,60109970,,
1522627200,2018-04-02,60109970,,
1522713600,2018-04-03,60109970,,
1522800000,2018-04-04,60109970,,
1522886400,2018-04-05,60109970,,
1522972800,2018-04-06,60109970,,
1523059200,2018-04-07,60109970,,
1523145600,2018-04-08,60109970,,
1523232000,2018-04-09,60109970,,
1523318400,2018-04-10,60109970,,
1523404800,2018-04-11,60109970,,
1523491200,2018-04-12,60109970,,
1523577600,2018-04-13,60109970,,
1523664000,2018-04-14,60109970,,
1523750400,2018-04-15,60109970,,
1523836800,2018-04-16,60109970,,
1523923200,2018-04-17,60109970,,
1524009600,2018-04-18,60109970,,
1524096000,2018-04-19,60109970,,
1524182400,2018-04-20,60109970,,
1524268800,2018-04-21,60109970,,
1524355200,2018-04-22,60109970,,
1524441600,2018-04-23,60109970,,
1524528000,2018-04-24,60109970,,
1524614400,2018-04-25,60109970,,
1524700800,2018-04-26,60109970,,
1524787200,2018-04-27,60109970,,
1524873600,2018-04-28,60109970,,
1524960000,2018-04-29,60109970,,
1525046400,2018-04-30,60109970,,
1525132800,2018-05-01,60109970,,
1525219200,2018-05-02,60109970,,
1525305600,2018-05-03,60109970,,
1525392000,2018-05-04,60109970,,
1525478400,2018-05-05,60109970,,
1525564800,2018-05-06,60109970,,
1525651200,2018-05-07,60109970,,
1525737600,2018-05-08,60109970,,
1525824000,2018-05-09,60109970,,
1525910400,2018-05-10,60109970,,
1525996800,2018-05-11,60109970,,
1526083200,2018-05-12,60109970,,
1526169600,2018-05-13,60109970,,
1526256000,2018-05-14,60109970,,
1526342400,2018-05-15,60109970,,
1526428800,2018-05-16,60109970,,
1526515200,2018-05-17,60109970,,
1526601600,2018-05-18,60109970,,
1526688000,2018-05-19,60109970,,
1526774400,2018-05-20,60109970,,
1526860800,2018-05-21,60109970,,
1526947200,2018-05-22,60109970,,
1527033600,2018-05-23,60109970,,
1527120000,2018-05-24,60109970,,
1527206400,2018-05-25,60109970,,
1527292800,2018-05-26,60109970,,
1527379200,2018-05-27,60109970,,
1527465600,2018-05-28,60109970,,
1527552000,2018-05-29,60109970,,
1527638400,2018-05-30,60109970,,
1527724800,2018-05-31,60109970,,
1527811200,2018-06-01,60109970,,
1527897600,2018-06-02,60109970,,
1527984000,2018-06-03,60109970,,
1528070400,2018-06-04,60109970,,
1528156800,2018-06-05,60109970,,
1528243200,2018-06-06,60109970,,
1528329600,2018-06-07,60109970,,
1528416000,2018-06-08,60109970,,
1528502400,2018-06-09,60109970,,
1528588800,2018-06-10,60109502,,
1528675200,2018-06-11,60109502,,
1528761600,2018-06-12,60109502,,
1528848000,2018-06-13,60109502,,
1528934400,2018-06-14,60109502,,
1529020800,2018-06-15,60109502,,
1529107200,2018-06-16,60109502,,
1529193600,2018-06-17,60109502,,
1529280000,2018-06-18,60109502,,
1529366400,2018-06-19,60109502,,
1529452800,2018-06-20,60109502,,
1529539200,2018-06-21,60109502,,
1529625600,2018-06-22,60109502,,
1529712000,2018-06-23,60109502,,
1529798400,2018-06-24,60109502,,
1529884800,2018-06-25,60109502,,
1529971200,2018-06-26,60109502,,
1530057600,2018-06-27,60109502,,
1530144000,2018-06-28,60109502,,
1530230400,2018-06-29,60109502,,
1530316800,2018-06-30,60109502,,
1530403200,2018-07-01,60109502,,
1530489600,2018-07-02,60109502,,
1530576000,2018-07-03,60109502,,
1530662400,2018-07-04,60109502,,
1530748800,2018-07-05,60109502,,
1530835200,2018-07-06,60109502,,
1530921600,2018-07-07,60109502,,
1531008000,2018-07-08,60109502,,
1531094400,2018-07-09,60109502,,
1531180800,2018-07-10,60109502,,
1531267200,2018-07-11,60109502,,
1531353600,2018-07-12,60109502,,
1531440000,2018-07-13,60109502,,
1531526400,2018-07-14,60109502,,
1531612800,2018-07-15,60109502,,
1531699200,2018-07-16,60109502,,
1531785600,2018-07-17,60109502,,
1531872000,2018-07-18,60109502,,
1531958400,2018-07-19,60109502,,
1532044800,2018-07-20,60109502,,
1532131200,2018-07-21,60109502,,
1532217600,2018-07-22,60109502,,
1532304000,2018-07-23,60109502,,
1532390400,2018-07-24,60109502,,
1532476800,2018-07-25,60109502,,
1532563200,2018-07-26,60109502,,
1532649600,2018-07-27,60109502,,
1532736000,2018-07-28,60109502,,
1532822400,2018-07-29,30109502,,30000000
1532908800,2018-07-30,30109502,,30000000
1532995200,2018-07-31,15109502,,45000000
1533081600,2018-08-01,15109502,,45000000
1533168000,2018-08-02,15109502,,45000000
1533254400,2018-08-03,15109502,,45000000
1533340800,2018-08-04,15109502,,45000000
1533427200,2018-08-05,15109502,,45000000
1533513600,2018-08-06,15109502,,45000000
1533600000,2018-08-07,15109502,,45000000
1533686400,2018-08-08,15109502,,45000000
1533772800,2018-08-09,15109502,,45000000
1533859200,2018-08-10,15109502,,45000000
1533945600,2018-08-11,15109502,,45000000
1534032000,2018-08-12,15109502,,45000000
1534118400,2018-08-13,15109502,,45000000
1534204800,2018-08-14,15109502,,45000000
1534291200,2018-08-15,15109502,,45000000
1534377600,2018-08-16,15109502,,45000000
1534464000,2018-08-17,15109502,,45000000
1534550400,2018-08-18,15109502,,45000000
1534636800,2018-08-19,15109502,,45000000
1534723200,2018-08-20,15109502,,45000000
1534809600,2018-08-21,15109502,,45000000
1534896000,2018-08-22,15109502,,45000000
1534982400,2018-08-23,15109502,,45000000
1535068800,2018-08-24,15109502,,45000000
1535155200,2018-08-25,15109502,,45000000
1535241600,2018-08-26,15109502,,45000000
1535328000,2018-08-27,15109502,,45000000
1535414400,2018-08-28,15109502,,45000000
1535500800,2018-08-29,15109502,,45000000
1535587200,2018-08-30,15109502,,45000000
1535673600,2018-08-31,15109502,,45000000
1535760000,2018-09-01,15109502,,45000000
1535846400,2018-09-02,15109502,,45000000
1535932800,2018-09-03,15109502,,45000000
1536019200,2018-09-04,15109502,,45000000
1536105600,2018-09-05,15109502,,45000000
1536192000,2018-09-06,25109502,,35000000
1536278400,2018-09-07,25109502,,35000000
1536364800,2018-09-08,25109502,,35000000
1536451200,2018-09-09,25109502,,35000000
1536537600,2018-09-10,25109502,,35000000
1536624000,2018-09-11,25109984,,35000000
1536710400,2018-09-12,25360748,,35000000
1536796800,2018-09-13,25360598,,35000000
1536883200,2018-09-14,25360976,,35000000
1536969600,2018-09-15,25360976,,35000000
1537056000,2018-09-16,25360976,,35000000
1537142400,2018-09-17,25360976,,35000000
1537228800,2018-09-18,25361672,,35000000
1537315200,2018-09-19,26661662,,35000000
1537401600,2018-09-20,26662137,,35000000
1537488000,2018-09-21,33195123,,35000000
1537574400,2018-09-22,36765393,,35000000
1537660800,2018-09-23,37265494,,35000000
1537747200,2018-09-24,37265494,,35000000
1537833600,2018-09-25,38275898,,35000000
1537920000,2018-09-26,38275899,,35000000
1538006400,2018-09-27,40385514,,35000000
1538092800,2018-09-28,42363295,,35000000
1538179200,2018-09-29,43300322,,35000000
1538265600,2018-09-30,43300572,,35000000
1538352000,2018-10-01,43300861,,35000000
1538438400,2018-10-02,45305813,,35000000
1538524800,2018-10-03,45305768,,35000000
1538611200,2018-10-04,56724316,,25000000
1538697600,2018-10-05,57889570,,25000000
1538784000,2018-10-06,61070154,,25000000
1538870400,2018-10-07,61070154,,25000000
1538956800,2018-10-08,61070154,,25000000
1539043200,2018-10-09,60071561,,25000000
1539129600,2018-10-10,61438044,,25000000
1539216000,2018-10-11,61246275,,25000000
1539302400,2018-10-12,61631284,,25000000
1539388800,2018-10-13,69121215,,25000000
1539475200,2018-10-14,71789030,,25000000
1539561600,2018-10-15,71789030,,25000000
1539648000,2018-10-16,95036850,,25000000
1539734400,2018-10-17,109473038,,25000000
1539820800,2018-10-18,122400952,,25000000
1539907200,2018-10-19,122148902,,25000000
1539993600,2018-10-20,135681750,,25000000
1540080000,2018-10-21,140903722,,25000000
1540166400,2018-10-22,140903722,,25000000
1540252800,2018-10-23,150878065,,25000000
1540339200,2018-10-24,216696214,,25000000
1540425600,2018-10-25,256425695,,25000000
1540512000,2018-10-26,255838917,,25000000
1540598400,2018-10-27,268073028,,25000000
1540684800,2018-10-28,268189373,,25000000
1540771200,2018-10-29,268164562,,25000000
1540857600,2018-10-30,267137588,,25000000
1540944000,2018-10-31,274727560,,25000000
1541030400,2018-11-01,271779520,,25000000
1541116800,2018-11-02,268490366,,35000000
1541203200,2018-11-03,291354431,,35000000
1541289600,2018-11-04,293276387,,35000000
1541376000,2018-11-05,293251387,,35000000
1541462400,2018-11-06,297472857,,35000000
1541548800,2018-11-07,296986879,,35000000
1541635200,2018-11-08,296755347,,35000000
1541721600,2018-11-09,297261417,,35000000
1541808000,2018-11-10,295918476,,35000000
1541894400,2018-11-11,295918476,,35000000
1541980800,2018-11-12,295232852,,35000000
1542067200,2018-11-13,291339505,,35000000
1542153600,2018-11-14,296246289,,35000000
1542240000,2018-11-15,298163464,,35000000
1542326400,2018-11-16,299075736,,35000000
1542412800,2018-11-17,302114948,,35000000
1542499200,2018-11-18,303137797,,35000000
1542585600,2018-11-19,303336995,,35000000
1542672000,2018-11-20,304609716,,35000000
1542758400,2018-11-21,318379904,,35000000
1542844800,2018-11-22,325237362,,35000000
1542931200,2018-11-23,327133218,,35000000
1543017600,2018-11-24,332356551,,35000000
1543104000,2018-11-25,331363614,,35000000
1543190400,2018-11-26,331307966,,35000000
1543276800,2018-11-27,327655910,,35000000
1543363200,2018-11-28,329757061,,35000000
1543449600,2018-11-29,334072556,,35000000
1543536000,2018-11-30,344887528,,35000000
1543622400,2018-12-01,366524022,,35000000
1543708800,2018-12-02,368084838,,35000000
1543795200,2018-12-03,368085838,,35000000
1543881600,2018-12-04,386271210,,35000000
1543968000,2018-12-05,376981220,,35000000
1544054400,2018-12-06,365261948,,35000000
1544140800,2018-12-07,373902428,,35000000
1544227200,2018-12-08,380712245,,35000000
1544313600,2018-12-09,384611733,,35000000
1544400000,2018-12-10,384773965,,35000000
1544486400,2018-12-11,386340454,,35000000
1544572800,2018-12-12,379942737,,35000000
1544659200,2018-12-13,375922747,,35000000
1544745600,2018-12-14,373910382,,35000000
1544832000,2018-12-15,380734323,,35000000
1544918400,2018-12-16,380986155,,35000000
1545004800,2018-12-17,380970596,,35000000
1545091200,2018-12-18,388247787,,35000000
1545177600,2018-12-19,388477702,,35000000
1545264000,2018-12-20,396733497,,35000000
1545350400,2018-12-21,400311587,,35000000
1545436800,2018-12-22,409245579,,35000000
1545523200,2018-12-23,409218479,,35000000
1545609600,2018-12-24,409194666,,35000000
1545696000,2018-12-25,408179787,,35000000
1545782400,2018-12-26,408225191,,35000000
1545868800,2018-12-27,405858099,,35000000
1545955200,2018-12-28,411743276,,35000000
1546041600,2018-12-29,411930495,,34957919
1546128000,2018-12-30,416464649,,34957919
1546214400,2018-12-31,416521587,,34957919
1546300800,2019-01-01,417518181,,34957919
1546387200,2019-01-02,425353589,,34957919
1546473600,2019-01-03,440163226,,34957919
1546560000,2019-01-04,444148186,,34957919
1546646400,2019-01-05,654830313,,34957919
1546732800,2019-01-06,655780524,,34957919
1546819200,2019-01-07,665973024,,34957919
1546905600,2019-01-08,675930959,,34957919
1546992000,2019-01-09,683973309,,34957919
1547078400,2019-01-10,701285519,,34957919
1547164800,2019-01-11,703271358,,34957919
1547251200,2019-01-12,712337923,,34957919
1547337600,2019-01-13,722140778,,34957919
1547424000,2019-01-14,729353456,,34957919
1547510400,2019-01-15,729419513,,34957919
1547596800,2019-01-16,727053135,,34957919
1547683200,2019-01-17,683920960,,34957919
1547769600,2019-01-18,683957819,,34957919
1547856000,2019-01-19,690991476,,34957919
1547942400,2019-01-20,695763164,,34957919
1548028800,2019-01-21,695710410,,34957919
1548115200,2019-01-22,697109912,,34957919
1548201600,2019-01-23,700102402,,34957919
1548288000,2019-01-24,681266676,,34957919
1548374400,2019-01-25,692136757,,34957919
1548460800,2019-01-26,693714777,,34957919
1548547200,2019-01-27,691859657,,34957919
1548633600,2019-01-28,697754834,,34957919
1548720000,2019-01-29,682390507,,34957919
1548806400,2019-01-30,677786351,,34957919
1548892800,2019-01-31,675829465,,34953169
1548979200,2019-02-01,654356448,,34953169
1549065600,2019-02-02,654321153,,34953169
1549152000,2019-02-03,652487616,,34953169
1549238400,2019-02-04,652767897,,34953169
1549324800,2019-02-05,641272240,,34953169
1549411200,2019-02-06,640829987,,34953169
1549497600,2019-02-07,638808447,,34953169
1549584000,2019-02-08,625143428,,34953169
1549670400,2019-02-09,609658472,,34953169
1549756800,2019-02-10,609536432,,34953169
1549843200,2019-02-11,608239185,,34953169
1549929600,2019-02-12,608620489,,34953169
1550016000,2019-02-13,607356836,,34953169
1550102400,2019-02-14,591692146,,34953169
1550188800,2019-02-15,592321753,,34953169
1550275200,2019-02-16,591965383,,34953169
1550361600,2019-02-17,591503897,,34953169
1550448000,2019-02-18,590934210,,34953169
1550534400,2019-02-19,589486161,,34953169
1550620800,2019-02-20,591095128,,34953169
1550707200,2019-02-21,590970550,,34953169
1550793600,2019-02-22,573700500,,34953169
1550880000,2019-02-23,606113950,,4953169
1550966400,2019-02-24,605561864,,4953169
1551052800,2019-02-25,604284342,,4953169
1551139200,2019-02-26,603057521,,4953169
1551225600,2019-02-27,605325252,,4953169
1551312000,2019-02-28,606146211,,4953169
1551398400,2019-03-01,602767971,,4953169
1551484800,2019-03-02,607580896,,4953169
1551571200,2019-03-03,612988542,,2954369
1551657600,2019-03-04,612179774,,3754369
1551744000,2019-03-05,615607495,,3754369
1551830400,2019-03-06,615290270,,3754369
1551916800,2019-03-07,614420576,,3754369
1552003200,2019-03-08,603849103,,3754369
1552089600,2019-03-09,609800399,,3754369
1552176000,2019-03-10,610240445,,3754369
1552262400,2019-03-11,610275826,,3754369
1552348800,2019-03-12,613900603,,1656469
1552435200,2019-03-13,615403884,,1656469
1552521600,2019-03-14,614694407,,1656469
1552608000,2019-03-15,615516974,,1656469
1552694400,2019-03-16,614617572,,1656469
1552780800,2019-03-17,614554055,,1656469
1552867200,2019-03-18,613285603,,1656469
1552953600,2019-03-19,618037490,,1656469
1553040000,2019-03-20,618883472,,1656469
1553126400,2019-03-21,618601709,,1656469
1553212800,2019-03-22,624428537,,1656469
1553299200,2019-03-23,625170762,,1656469
1553385600,2019-03-24,625342876,,1656469
1553472000,2019-03-25,625449175,,1656469
1553558400,2019-03-26,625647103,,1656469
1553644800,2019-03-27,624631588,,1656469
1553731200,2019-03-28,624986599,,1656469
1553817600,2019-03-29,622111924,,1656469
1553904000,2019-03-30,621645825,,1656469
1553990400,2019-03-31,621420321,,1656469
1554076800,2019-04-01,622968688,,56469
1554163200,2019-04-02,624448679,,56469
1554249600,2019-04-03,627691024,,56469
1554336000,2019-04-04,627290349,,56469
1554422400,2019-04-05,627002833,,56469
1554508800,2019-04-06,628547310,,56469
1554595200,2019-04-07,628758178,,56469
1554681600,2019-04-08,628873383,,56469
1554768000,2019-04-09,648109170,,30056469
1554854400,2019-04-10,664932384,,22556469
1554940800,2019-04-11,703567760,,30566469
1555027200,2019-04-12,707442216,,20576469
1555113600,2019-04-13,726704404,,86969
1555200000,2019-04-14,722034535,,5086969
1555286400,2019-04-15,724526785,,5086969
1555372800,2019-04-16,743259521,,54395671
1555459200,2019-04-17,749825909,,46793281
1555545600,2019-04-18,803454412,,41458621
1555632000,2019-04-19,803218947,,35464621
1555718400,2019-04-20,814018492,,27608206
1555804800,2019-04-21,808645294,,33608206
1555891200,2019-04-22,821225835,,18623206
1555977600,2019-04-23,818282255,,18623206
1556064000,2019-04-24,882796565,,3638206
1556150400,2019-04-25,934910028,,34583062
1556236800,2019-04-26,990943666,,81217114
1556323200,2019-04-27,1002148324,,126625221
1556409600,2019-04-28,1040488237,,126625221
1556496000,2019-04-29,1042715272,,126625221
1556582400,2019-04-30,1062413404,,126625221
1556668800,2019-05-01,1071777423,,126625221
1556755200,2019-05-02,1080601807,,126625221
1556841600,2019-05-03,1092142048,,126625221
1556928000,2019-05-04,1105794458,,126625221
1557014400,2019-05-05,1112114244,,126625221
1557100800,2019-05-06,1115395260,,126625221
1557187200,2019-05-07,1121691164,,126625221
1557273600,2019-05-08,1125786369,,126625221
1557360000,2019-05-09,1135138152,,126625221
1557446400,2019-05-10,1076319276,,126625221
1557532800,2019-05-11,1088874256,,126625221
1557619200,2019-05-12,1089565749,,126625221
1557705600,2019-05-13,1092011212,,126625221
1557792000,2019-05-14,1113744644,,114936921
1557878400,2019-05-15,1111501205,,107711054
1557964800,2019-05-16,1121677039,,99051368
1558051200,2019-05-17,1128132598,,90739821
1558137600,2019-05-18,1131110418,,90009377
1558224000,2019-05-19,1134388171,,90009377
1558310400,2019-05-20,1138858839,,90009377
1558396800,2019-05-21,1158598420,,64924198
1558483200,2019-05-22,1184040501,,35206957
1558569600,2019-05-23,1199612289,,17914691
1558656000,2019-05-24,1216295060,,1150822
1558742400,2019-05-25,1256999696,,60374815
1558828800,2019-05-26,1276341413,,42392815
1558915200,2019-05-27,1285955527,,33401815
1559001600,2019-05-28,1292142217,,12148090
1559088000,2019-05-29,1303396714,,1063414
1559174400,2019-05-30,1327229143,,129521278
1559260800,2019-05-31,1299144332,,126326776
1559347200,2019-06-01,1313464759,,115968609
1559433600,2019-06-02,1317003591,,114523106
1559520000,2019-06-03,1316849549,,114523106
1559606400,2019-06-04,1325691446,,103449416
1559692800,2019-06-05,1336899661,,94165160
1559779200,2019-06-06,1366078868,,71285487
1559865600,2019-06-07,1396849133,,51862739
1559952000,2019-06-08,1411074947,,45918389
1560038400,2019-06-09,1411072481,,45918389
1560124800,2019-06-10,1413081116,,43920389
1560211200,2019-06-11,1452313817,,1181881
1560297600,2019-06-12,1484131188,,113173354
1560384000,2019-06-13,1529272018,,76576592
1560470400,2019-06-14,1549833010,,49619215
1560556800,2019-06-15,1570898412,,31680723
1560643200,2019-06-16,1581984002,,23688723
1560729600,2019-06-17,1603688821,,99712723
1560816000,2019-06-18,1625834656,,54694906
1560902400,2019-06-19,1631874880,,48100006
1560988800,2019-06-20,1628590499,,44216892
1561075200,2019-06-21,1644134013,,27179542
1561161600,2019-06-22,1656967405,,107821512
1561248000,2019-06-23,1658255867,,104824512
1561334400,2019-06-24,1672735915,,91824512
1561420800,2019-06-25,1663372627,,87374512
1561507200,2019-06-26,1681488564,,66614552
1561593600,2019-06-27,1682061436,,64104270
1561680000,2019-06-28,1701696246,,60987785
1561766400,2019-06-29,1733286636,,46272733
1561852800,2019-06-30,1763187100,,19272733
1561939200,2019-07-01,1763015672,,19272733
1562025600,2019-07-02,1783284463,,85072933
1562112000,2019-07-03,1802850412,,73258988
1562198400,2019-07-04,1860077290,,20195790
1562284800,2019-07-05,1895879730,,83160840
1562371200,2019-07-06,1946429982,,38963246
1562457600,2019-07-07,1964109342,,23470246
1562544000,2019-07-08,1973880294,,13480246
1562630400,2019-07-09,2030698493,,45739397
1562716800,2019-07-10,2065387443,,99276743
1562803200,2019-07-11,2068121740,,97983021
1562889600,2019-07-12,2109783709,,68000373
1562976000,2019-07-13,2202299839,,42287958
1563062400,2019-07-14,2209811894,,42287958
1563148800,2019-07-15,2214977020,,37287958
1563235200,2019-07-16,2242335433,,17418264
1563321600,2019-07-17,2278872696,,5283556
1563408000,2019-07-18,2325057630,,41499525
1563494400,2019-07-19,2360134081,,28993785
1563580800,2019-07-20,2319316236,,13285823
1563667200,2019-07-21,2320593910,,12135823
1563753600,2019-07-22,2328770702,,12135823
1563840000,2019-07-23,2334332891,,10414147
1563926400,2019-07-24,2331684708,,14630647
1564012800,2019-07-25,2352669375,,15334147
1564099200,2019-07-26,2359139934,,14560147
1564185600,2019-07-27,2358617845,,24559247
1564272000,2019-07-28,2367972015,,21562247
1564358400,2019-07-29,2373475754,,21562247
1564444800,2019-07-30,2401607523,,21562247
1564531200,2019-07-31,2406126216,,26310389
1564617600,2019-08-01,2415304920,,26361789
1564704000,2019-08-02,2412849319,,26361789
1564790400,2019-08-03,2396824889,,26361789
1564876800,2019-08-04,2405773633,,26361789
1564963200,2019-08-05,2413806905,,20366789
1565049600,2019-08-06,2493094948,,32692793
1565136000,2019-08-07,2492696225,,32692793
1565222400,2019-08-08,2484508151,,28842793
1565308800,2019-08-09,2476526014,,29662293
1565395200,2019-08-10,2452786585,,29159700
1565481600,2019-08-11,2456934547,,29159700
1565568000,2019-08-12,2462431614,,29159700
1565654400,2019-08-13,2456668231,,29828700
1565740800,2019-08-14,2440010767,,29828700
1565827200,2019-08-15,2441505315,,29828700
1565913600,2019-08-16,2432588361,,29225195
1566000000,2019-08-17,2440671771,,28776315
1566086400,2019-08-18,2440449683,,28776315
1566172800,2019-08-19,2441279270,,28776315
1566259200,2019-08-20,2444958820,,28476635
1566345600,2019-08-21,2439861481,,28476635
1566432000,2019-08-22,2462202868,,28476635
1566518400,2019-08-23,2464234167,,28274645
1566604800,2019-08-24,2471997277,,23276645
1566691200,2019-08-25,2470820227,,23276645
1566777600,2019-08-26,2472687331,,21278645
1566864000,2019-08-27,2469347447,,16278645
1566950400,2019-08-28,2462580091,,16938645
1567036800,2019-08-29,2468016410,,10909530
1567123200,2019-08-30,2497396182,,8325137
1567209600,2019-08-31,2506731998,,7968220
1567296000,2019-09-01,2505970982,,8724820
1567382400,2019-09-02,2504731856,,9924820
1567468800,2019-09-03,2509866013,,9926820
1567555200,2019-09-04,2536180693,,13977863
1567641600,2019-09-05,2528799310,,6197948
1567728000,2019-09-06,2568858861,,1202948
1567814400,2019-09-07,2596456160,,12398980
1567900800,2019-09-08,2599020340,,10400980
1567987200,2019-09-09,2595954148,,10400980
1568073600,2019-09-10,2591535155,,5400980
1568160000,2019-09-11,2600084466,,13400970
1568246400,2019-09-12,2599042704,,14024070
1568332800,2019-09-13,2906060856,,9750060
1568419200,2019-09-14,2912318530,,11547572
1568505600,2019-09-15,2914783857,,9050072
1568592000,2019-09-16,2914219734,,9050072
1568678400,2019-09-17,2903335705,,9050072
1568764800,2019-09-18,2890106509,,9050072
1568851200,2019-09-19,2873661725,,10695272
1568937600,2019-09-20,2872484783,,5700272
1569024000,2019-09-21,2862749290,,5700272
1569110400,2019-09-22,2862461145,,5700272
1569196800,2019-09-23,2864449202,,5275817
1569283200,2019-09-24,2870462700,,5275817
1569369600,2019-09-25,2890649268,,10047902
1569456000,2019-09-26,2923330478,,5293482
1569542400,2019-09-27,2920537731,,5018797
1569628800,2019-09-28,2931982906,,2147010
1569715200,2019-09-29,2938815220,,149010
1569801600,2019-09-30,2943838855,,149010
1569888000,2019-10-01,2956698964,,12893175
1569974400,2019-10-02,2981549957,,708075
1570060800,2019-10-03,3010548800,,708075
1570147200,2019-10-04,3042214529,,708075
1570233600,2019-10-05,3046706609,,125581
1570320000,2019-10-06,3047034030,,125581
1570406400,2019-10-07,3069145376,,125581
1570492800,2019-10-08,3073748273,,9633581
1570579200,2019-10-09,3073084813,,9333881
1570665600,2019-10-10,3077480781,,9333881
1570752000,2019-10-11,3087634889,,14846381
1570838400,2019-10-12,3103270534,,27185214
1570924800,2019-10-13,3103220646,,27185214
1571011200,2019-10-14,3105614487,,27185214
1571097600,2019-10-15,3101894386,,29185214
1571184000,2019-10-16,3104504215,,27636785
1571270400,2019-10-17,3104039714,,27516950
1571356800,2019-10-18,3122359964,,26816950
1571443200,2019-10-19,3133987747,,46816950
1571529600,2019-10-20,3142485256,,46816950
1571616000,2019-10-21,3172744526,,41821950
1571702400,2019-10-22,3179206716,,59923855
1571788800,2019-10-23,3181827112,,76182605
1571875200,2019-10-24,3271293770,,106182605
1571961600,2019-10-25,3371528660,,200618118
1572048000,2019-10-26,3316870461,,342371971
1572134400,2019-10-27,3322778483,,398186971
1572220800,2019-10-28,3320687294,,441186971
1572307200,2019-10-29,3315707539,,440412283
1572393600,2019-10-30,3640613246,,106306076
1572480000,2019-10-31,3650450460,,105089173
1572566400,2019-11-01,3619875913,,126872373
1572652800,2019-11-02,3618335879,,118290478
1572739200,2019-11-03,3632728117,,118240428
1572825600,2019-11-04,3633200883,,124240428
1572912000,2019-11-05,3621900802,,121356588
1572998400,2019-11-06,3643332992,,117255109
1573084800,2019-11-07,3629819217,,116220109
1573171200,2019-11-08,3625589389,,114655109
1573257600,2019-11-09,3612403015,,113324922
1573344000,2019-11-10,3612170809,,113324922
1573430400,2019-11-11,3611594265,,113324922
1573516800,2019-11-12,3610470839,,113324922
1573603200,2019-11-13,3604484962,,113149922
1573689600,2019-11-14,3603234308,,112967105
1573776000,2019-11-15,3593922145,,112911000
1573862400,2019-11-16,3588152498,,112771140
1573948800,2019-11-17,3591085038,,112771140
1574035200,2019-11-18,3590344655,,112600140
1574121600,2019-11-19,3584686457,,112126940
1574208000,2019-11-20,3591020609,,111126940
1574294400,2019-11-21,3587901935,,109018940
1574380800,2019-11-22,3618050681,,91534940
1574467200,2019-11-23,3639785465,,90534940
1574553600,2019-11-24,3615264882,,120534940
1574640000,2019-11-25,3621728849,,115539940
1574726400,2019-11-26,3664868858,,86208610
1574812800,2019-11-27,3665112446,,86208610
1574899200,2019-11-28,3681412954,,76984601
1574985600,2019-11-29,3676319630,,72086651
1575072000,2019-11-30,3687553902,,70094647
1575158400,2019-12-01,3690343488,,70099647
1575244800,2019-12-02,3693277713,,70099647
1575331200,2019-12-03,3732107081,,66781330
1575417600,2019-12-04,3727329457,,66762673
1575504000,2019-12-05,3754927911,,55987486
1575590400,2019-12-06,3751327315,,55986227
1575676800,2019-12-07,3762706347,,51492225
1575763200,2019-12-08,3771304278,,42142225
1575849600,2019-12-09,3773375538,,42042225
1575936000,2019-12-10,3810417436,,228294141
1576022400,2019-12-11,4061829754,,14593585
1576108800,2019-12-12,4039884233,,29782683
1576195200,2019-12-13,4045242163,,23601435
1576281600,2019-12-14,4039684857,,23445639
1576368000,2019-12-15,4040373008,,23445639
1576454400,2019-12-16,4042089888,,23445639
1576540800,2019-12-17,4051763346,,11229171
1576627200,2019-12-18,4054050389,,3868153
1576713600,2019-12-19,4087113082,,13067634
1576800000,2019-12-20,4135456924,,11240
1576886400,2019-12-21,4162997120,,16452069
1576972800,2019-12-22,4156516578,,23152069
1577059200,2019-12-23,4157534461,,23152069
1577145600,2019-12-24,4168374253,,9043269
1577232000,2019-12-25,4163465273,,5226619
1577318400,2019-12-26,4166438994,,2162752
1577404800,2019-12-27,4158843299,,2162752
1577491200,2019-12-28,4162827617,,16956514
1577577600,2019-12-29,4158217639,,21386247
1577664000,2019-12-30,4160767782,,19989803
1577750400,2019-12-31,4165375371,,16425739
1577836800,2020-01-01,4164162469,,16425739
1577923200,2020-01-02,4165317677,,14281739
1578009600,2020-01-03,5254668680,,14231739
1578096000,2020-01-04,5309445438,,22132123
1578182400,2020-01-05,5313639002,,77965142
1578268800,2020-01-06,5307665901,,76965142
1578355200,2020-01-07,5316662384,,73195428
1578441600,2020-01-08,5295913229,,87726295
1578528000,2020-01-09,5267101550,,87726295
1578614400,2020-01-10,5265618826,,87726295
1578700800,2020-01-11,5251478483,,87647564
1578787200,2020-01-12,5226712649,,87647564
1578873600,2020-01-13,5237537662,,87107564
1578960000,2020-01-14,5223177049,,87007664
1579046400,2020-01-15,5208501013,,80764807
1579132800,2020-01-16,5226792450,,80764807
1579219200,2020-01-17,5224192960,,76581470
1579305600,2020-01-18,5216409706,,76581470
1579392000,2020-01-19,5213681748,,76581470
1579478400,2020-01-20,5218945732,,76581470
1579564800,2020-01-21,5213140823,,137953470
1579651200,2020-01-22,5211780488,,138953470
1579737600,2020-01-23,5219507119,,137882879
1579824000,2020-01-24,5207461769,,180887618
1579910400,2020-01-25,5218377512,,180887618
1579996800,2020-01-26,5212747889,,182887618
1580083200,2020-01-27,5215100891,,181387619
1580169600,2020-01-28,5205612968,,181387619
1580256000,2020-01-29,5233041178,,181290119
1580342400,2020-01-30,5217089947,,172790119
1580428800,2020-01-31,5219496781,,167283294
1580515200,2020-02-01,5215493221,,164758577
1580601600,2020-02-02,5217125110,,160502913
1580688000,2020-02-03,5221576809,,160379513
1580774400,2020-02-04,5227503089,,158379513
1580860800,2020-02-05,5213678251,,157107213
1580947200,2020-02-06,5207120904,,157126813
1581033600,2020-02-07,5213445935,,132626813
1581120000,2020-02-08,5203278636,,123224313
1581206400,2020-02-09,5207645131,,122224313
1581292800,2020-02-10,5234937139,,108224313
1581379200,2020-02-11,5216282014,,124327702
1581465600,2020-02-12,5214293606,,104331199
1581552000,2020-02-13,5209223879,,69271739
1581638400,2020-02-14,5217805808,,42289253
1581724800,2020-02-15,5216736574,,31383295
1581811200,2020-02-16,5216265202,,36263295
1581897600,2020-02-17,5225418396,,32263295
1581984000,2020-02-18,5234468006,,18758487
1582070400,2020-02-19,5219987909,,127734
1582156800,2020-02-20,5219777245,,36751012
1582243200,2020-02-21,5217824059,,26107012
1582329600,2020-02-22,5223786753,,10361109
1582416000,2020-02-23,5223233490,,30361109
1582502400,2020-02-24,5232871950,,13881109
1582588800,2020-02-25,5211489920,,55061232
1582675200,2020-02-26,5209043108,,49061232
1582761600,2020-02-27,5204016005,,47961232
1582848000,2020-02-28,5227478797,,54396232
1582934400,2020-02-29,5220002948,,33347780
1583020800,2020-03-01,5215638676,,31347780
1583107200,2020-03-02,5221395337,,30747780
1583193600,2020-03-03,5222976921,,19068451
1583280000,2020-03-04,5236396425,,4596535
1583366400,2020-03-05,5235859157,,1178635
1583452800,2020-03-06,5219892543,,49916637
1583539200,2020-03-07,5234765456,,31274172
1583625600,2020-03-08,5233141660,,18274172
1583712000,2020-03-09,5203701914,,274172
1583798400,2020-03-10,5239068531,,15045811
1583884800,2020-03-11,5240004951,,10876006
1583971200,2020-03-12,5266784835,,13966107
1584057600,2020-03-13,5291631068,,54997200
1584144000,2020-03-14,5379667629,,134293864
1584230400,2020-03-15,5317438666,,110346067
1584316800,2020-03-16,5382554280,,116353067
1584403200,2020-03-17,5400239482,,12752234
1584489600,2020-03-18,5415890343,,29422119
1584576000,2020-03-19,5349324395,,2251173
1584662400,2020-03-20,5431947001,,49000035
1584748800,2020-03-21,5472107791,,45624787
1584835200,2020-03-22,5426181674,,45624787
1584921600,2020-03-23,5451439295,,42624787
1585008000,2020-03-24,5470600812,,8316941
1585094400,2020-03-25,5489907859,,58229588
1585180800,2020-03-26,5514391618,,68126438
1585267200,2020-03-27,5500186845,,119827234
1585353600,2020-03-28,5477220727,,46983329
1585440000,2020-03-29,5488406930,,22595729
1585526400,2020-03-30,5495536859,,21725729
1585612800,2020-03-31,5489101190,,46972280
1585699200,2020-04-01,5475221746,,4303197
1585785600,2020-04-02,5497816074,,75281067
1585872000,2020-04-03,7508836912,,114078073
1585958400,2020-04-04,7550852484,,101617251
1586044800,2020-04-05,7545887976,,91617251
1586131200,2020-04-06,7560767240,,89617251
1586217600,2020-04-07,7539495944,,154809949
1586304000,2020-04-08,7536601640,,134365966
1586390400,2020-04-09,7556608644,,131244787
1586476800,2020-04-10,7567816100,,119271066
1586563200,2020-04-11,7574038685,,104105293
1586649600,2020-04-12,7573550113,,79105293
1586736000,2020-04-13,7585847629,,47105293
1586822400,2020-04-14,7577266826,,104771591
1586908800,2020-04-15,7601649051,,96663688
1586995200,2020-04-16,7583101059,,45776905
1587081600,2020-04-17,7806800292,,120480001
1587168000,2020-04-18,7789273679,,52134598
1587254400,2020-04-19,7788091313,,171134598
1587340800,2020-04-20,7811137265,,159134598
1587427200,2020-04-21,7818340695,,101786842
1587513600,2020-04-22,7798377533,,131164684
1587600000,2020-04-23,8574121508,,162389782
1587686400,2020-04-24,8539810331,,78339090
1587772800,2020-04-25,8559269936,,88551878
1587859200,2020-04-26,8590997623,,88551878
1587945600,2020-04-27,8611982495,,76551878
1588032000,2020-04-28,8619637269,,163598526
1588118400,2020-04-29,8587374275,,129020978
1588204800,2020-04-30,9133643922,,35981891
1588291200,2020-05-01,9126616215,,139335983
1588377600,2020-05-02,9193487129,,138354564
1588464000,2020-05-03,9214328487,,138354564
1588550400,2020-05-04,9241219478,,138354564
1588636800,2020-05-05,9216369498,,127652979
1588723200,2020-05-06,9300267684,,106329140
1588809600,2020-05-07,9370846579,,65783635
1588896000,2020-05-08,9534829405,,130739055
1588982400,2020-05-09,9610103240,,93115120
1589068800,2020-05-10,9771974386,,94042062
1589155200,2020-05-11,9934841168,,106542062
1589241600,2020-05-12,9948283082,,111644969
1589328000,2020-05-13,10101513689,,132219969
1589414400,2020-05-14,10121541499,,131219969
1589500800,2020-05-15,10249298855,,131098736
1589587200,2020-05-16,10305047147,,130468003
1589673600,2020-05-17,10326166033,,130352056
1589760000,2020-05-18,10418667342,,130352056
1589846400,2020-05-19,10391147030,,132652056
1589932800,2020-05-20,10360655546,,132535041
1590019200,2020-05-21,10391787908,,134535041
1590105600,2020-05-22,10370369783,,135428734
1590192000,2020-05-23,10347893082,,143024200
1590278400,2020-05-24,10354426866,,144024200
1590364800,2020-05-25,10426967666,,144024200
1590451200,2020-05-26,10469104545,,144024200
1590537600,2020-05-27,10459958289,,144024200
1590624000,2020-05-28,10488321003,,143016175
1590710400,2020-05-29,10505974269,,125881704
1590796800,2020-05-30,10503235179,,124734922
1590883200,2020-05-31,10569214749,,124734922
1590969600,2020-06-01,10538152490,,124734922
1591056000,2020-06-02,10570960469,,123234922
1591142400,2020-06-03,10655156494,,112975602
1591228800,2020-06-04,10679144252,,110753243
1591315200,2020-06-05,10721790399,,110592200
1591401600,2020-06-06,10721947248,,110492200
1591488000,2020-06-07,10745559218,,110492200
1591574400,2020-06-08,10771315119,,110492200
1591660800,2020-06-09,10806649144,,104757447
1591747200,2020-06-10,10813173850,,108114841
1591833600,2020-06-11,10874186855,,102155934
1591920000,2020-06-12,10888632100,,101824838
1592006400,2020-06-13,10951465621,,101824838
1592092800,2020-06-14,10957871607,,101824838
1592179200,2020-06-15,10965111646,,101824838
1592265600,2020-06-16,10976327901,,101189939
1592352000,2020-06-17,11029191069,,119863233
1592438400,2020-06-18,11059352876,,120461723
1592524800,2020-06-19,11111778777,,93111973
1592611200,2020-06-20,11204610239,,69611973
1592697600,2020-06-21,11251934737,,69611973
1592784000,2020-06-22,11273784138,,69465846
1592870400,2020-06-23,11321533510,,109965846
1592956800,2020-06-24,11278342437,,139708746
1593043200,2020-06-25,11293730318,,142708746
1593129600,2020-06-26,11278284622,,142272326
1593216000,2020-06-27,11314086131,,141590249
1593302400,2020-06-28,11356566314,,140791708
1593388800,2020-06-29,11362578304,,140791708
1593475200,2020-06-30,11340637525,,139291708
1593561600,2020-07-01,11364966592,,139291708
1593648000,2020-07-02,11407164039,,138925890
1593734400,2020-07-03,11412728411,,145425890
1593820800,2020-07-04,11464409502,,144243346
1593907200,2020-07-05,11529904626,,144243346
1593993600,2020-07-06,11546314438,,144243346
1594080000,2020-07-07,11564186935,,143591909
1594166400,2020-07-08,11594686617,,143591909
1594252800,2020-07-09,11636318095,,144626909
1594339200,2020-07-10,11680727643,,154626909
1594425600,2020-07-11,11705882178,,154626909
1594512000,2020-07-12,11752053854,,154376909
1594598400,2020-07-13,11744415782,,154376909
1594684800,2020-07-14,11761546287,,179376909
1594771200,2020-07-15,11754044965,,104019378
1594857600,2020-07-16,11794138928,,101019378
1594944000,2020-07-17,11810635365,,101019378
1595030400,2020-07-18,11829738730,,100419378
1595116800,2020-07-19,11874298788,,100419378
1595203200,2020-07-20,11949018691,,100419378
1595289600,2020-07-21,11918384608,,40419378
1595376000,2020-07-22,11955733033,,10419378
1595462400,2020-07-23,12077269700,,29419378
1595548800,2020-07-24,12183825803,,29419378
1595635200,2020-07-25,12326729637,,25758348
1595721600,2020-07-26,12351062268,,1758348
1595808000,2020-07-27,12443593229,,1758348
1595894400,2020-07-28,12361914818,,39290345
1595980800,2020-07-29,12665993060,,53044271
1596067200,2020-07-30,12835058562,,52794271
1596153600,2020-07-31,12923775061,,49224271
1596240000,2020-08-01,12974964290,,8288923
1596326400,2020-08-02,13149553905,,40288923
1596412800,2020-08-03,13286257170,,40288923
1596499200,2020-08-04,13340618543,,31788923
1596585600,2020-08-05,13409099131,,86788923
1596672000,2020-08-06,13494155334,,85788923
1596758400,2020-08-07,13582989963,,95101391
1596844800,2020-08-08,13759279354,,171482398
1596931200,2020-08-09,13907432871,,153834046
1597017600,2020-08-10,13991031955,,152534046
1597104000,2020-08-11,14020939556,,242382461
1597190400,2020-08-12,14176850649,,117685159
1597276800,2020-08-13,14249517184,,124678165
1597363200,2020-08-14,14387959017,,24578180
1597449600,2020-08-15,14704135036,,105860537
1597536000,2020-08-16,14690920330,,105760537
1597622400,2020-08-17,14762828345,,103760537
1597708800,2020-08-18,14920456513,,83691006
1597795200,2020-08-19,15185083668,,79691006
1597881600,2020-08-20,15207549637,,24691006
1597968000,2020-08-21,15324600530,,24691006
1598054400,2020-08-22,15456883545,,35197999
1598140800,2020-08-23,15562683894,,35197999
1598227200,2020-08-24,15624440882,,35197999
1598313600,2020-08-25,15655410294,,33197999
1598400000,2020-08-26,15685150712,,35197999
1598486400,2020-08-27,15711484829,,42201816
1598572800,2020-08-28,15888150674,,32197999
1598659200,2020-08-29,15998429901,,2197999
1598745600,2020-08-30,16210161464,,2192829
1598832000,2020-08-31,16249877980,,2192829
1598918400,2020-09-01,15503545349,,
1599004800,2020-09-02,15681224545,,
1599091200,2020-09-03,15958924698,,
1599177600,2020-09-04,16043904271,,
1599264000,2020-09-05,16219819219,,
1599350400,2020-09-06,16284167836,,
1599436800,2020-09-07,16338953018,,
1599523200,2020-09-08,16662368965,,
1599609600,2020-09-09,16652549314,,
1599696000,2020-09-10,16997307259,,
1599782400,2020-09-11,17095801532,,
1599868800,2020-09-12,17190899648,,
1599955200,2020-09-13,17264124875,,
1600041600,2020-09-14,17593658137,,
1600128000,2020-09-15,16734196413,,
1600214400,2020-09-16,17880872965,,
1600300800,2020-09-17,18133590745,,
1600387200,2020-09-18,18362757153,,
1600473600,2020-09-19,18487562250,,
1600560000,2020-09-20,18782992925,,
1600646400,2020-09-21,18864410103,,
1600732800,2020-09-22,18926829029,,
1600819200,2020-09-23,18952830992,,
1600905600,2020-09-24,19035609990,,
1600992000,2020-09-25,19107867033,,
1601078400,2020-09-26,19131769134,,
1601164800,2020-09-27,19218205520,,
1601251200,2020-09-28,19266207943,,
1601337600,2020-09-29,19178539437,,
1601424000,2020-09-30,19186166377,,
1601510400,2020-10-01,19203727536,,
1601596800,2020-10-02,19351283909,,
1601683200,2020-10-03,19432574560,,
1601769600,2020-10-04,19478480243,,
1601856000,2020-10-05,19501127105,,
1601942400,2020-10-06,19519093196,,
1602028800,2020-10-07,19554444878,,
1602115200,2020-10-08,19573092077,,
1602201600,2020-10-09,19847065058,,
1602288000,2020-10-10,19930149740,,
1602374400,2020-10-11,19989315225,,
1602460800,2020-10-12,20011265273,,
1602547200,2020-10-13,20037440721,,
1602633600,2020-10-14,20005951707,,
1602720000,2020-10-15,19992629635,,
1602806400,2020-10-16,19982154567,,
1602892800,2020-10-17,19957812920,,
1602979200,2020-10-18,19950577459,,
1603065600,2020-10-19,19989708762,,
1603152000,2020-10-20,20122766889,,
1603238400,2020-10-21,20451342126,,
1603324800,2020-10-22,20543272392,,
1603411200,2020-10-23,20647854987,,
1603497600,2020-10-24,20628018270,,
1603584000,2020-10-25,20664207765,,
1603670400,2020-10-26,20699873088,,
1603756800,2020-10-27,20781123316,,
1603843200,2020-10-28,20812915068,,
1603929600,2020-10-29,20960807445,,
1604016000,2020-10-30,20997338701,,
1604102400,2020-10-31,21147803214,,
1604188800,2020-11-01,21191896817,,
1604275200,2020-11-02,21208425984,,
1604361600,2020-11-03,21194195144,,
1604448000,2020-11-04,21326677218,,
1604534400,2020-11-05,21282786603,,
1604620800,2020-11-06,21568963624,,
1604707200,2020-11-07,21680645173,,
1604793600,2020-11-08,21714827976,,
1604880000,2020-11-09,21700757871,,
1604966400,2020-11-10,21641731983,,
1605052800,2020-11-11,21810946261,,
1605139200,2020-11-12,22009146195,,
1605225600,2020-11-13,22180642995,,
1605312000,2020-11-14,22210238474,,
1605398400,2020-11-15,22253342316,,
1605484800,2020-11-16,22256154913,,
1605571200,2020-11-17,22391815606,,
1605657600,2020-11-18,22336138621,,
1605744000,2020-11-19,22347205897,,
1605830400,2020-11-20,22526777409,,
1605916800,2020-11-21,22927258882,,
1606003200,2020-11-22,22981182667,,
1606089600,2020-11-23,23045275749,,
1606176000,2020-11-24,23205264813,,
1606262400,2020-11-25,23428524330,,
1606348800,2020-11-26,23436187834,,
1606435200,2020-11-27,23416251815,,
1606521600,2020-11-28,23404238749,,
1606608000,2020-11-29,23549781451,,
1606694400,2020-11-30,23567548424,,
1606780800,2020-12-01,24000906685,,
1606867200,2020-12-02,24193039647,,
1606953600,2020-12-03,24250652609,,
1607040000,2020-12-04,24351898246,,
1607126400,2020-12-05,24559167602,,
1607212800,2020-12-06,24588802799,,
1607299200,2020-12-07,24636169869,,
1607385600,2020-12-08,24567178065,,
1607472000,2020-12-09,24560382372,,
1607558400,2020-12-10,24558004215,,
1607644800,2020-12-11,24712197997,,
1607731200,2020-12-12,24758094496,,
1607817600,2020-12-13,24880984894,,
1607904000,2020-12-14,24933732312,,
1607990400,2020-12-15,25001189257,,
1608076800,2020-12-16,25229672808,,
1608163200,2020-12-17,25363461485,,
1608249600,2020-12-18,25389305921,,
1608336000,2020-12-19,25647401638,,
1608422400,2020-12-20,25789476016,,
1608508800,2020-12-21,25783064077,,
1608595200,2020-12-22,25909947265,,
1608681600,2020-12-23,25889629307,,
1608768000,2020-12-24,26139188438,,
1608854400,2020-12-25,26442765191,,
1608940800,2020-12-26,26477526742,,
1609027200,2020-12-27,26501399265,,
1609113600,2020-12-28,26534254117,,
1609200000,2020-12-29,26781820265,,
1609286400,2020-12-30,26836978455,,
1609372800,2020-12-31,27021165308,,
1609459200,2021-01-01,27366778181,,
1609545600,2021-01-02,28221116049,,
1609632000,2021-01-03,29152627074,,
1609718400,2021-01-04,29427097955,,
1609804800,2021-01-05,29411365672,,
1609891200,2021-01-06,30024050889,,
1609977600,2021-01-07,30932320993,,
1610064000,2021-01-08,31161078319,,
1610150400,2021-01-09,31990585047,,
1610236800,2021-01-10,32225427812,,
1610323200,2021-01-11,32203453610,,
1610409600,2021-01-12,32046774595,,
1610496000,2021-01-13,32483946192,,
1610582400,2021-01-14,32540453027,,
1610668800,2021-01-15,32664197550,,
1610755200,2021-01-16,32763488318,,
1610841600,2021-01-17,32963089324,,
1610928000,2021-01-18,33058402075,,
1611014400,2021-01-19,33542439669,,
1611100800,2021-01-20,33685864903,,
1611187200,2021-01-21,33809063225,,
1611273600,2021-01-22,33798205518,,
1611360000,2021-01-23,34051352229,,
1611446400,2021-01-24,34160376819,,
1611532800,2021-01-25,34285106328,,
1611619200,2021-01-26,34208049043,,
1611705600,2021-01-27,34652923148,,
1611792000,2021-01-28,35354831410,,
1611878400,2021-01-29,36132155024,,
1611964800,2021-01-30,36707647191,,
1612051200,2021-01-31,36761939313,,
1612137600,2021-02-01,37161741180,,
1612224000,2021-02-02,37172967025,,
1612310400,2021-02-03,35645799937,,
1612396800,2021-02-04,38244543425,,
1612483200,2021-02-05,38779284454,,
1612569600,2021-02-06,39911078315,,
1612656000,2021-02-07,40099151437,,
1612742400,2021-02-08,41569033541,,
1612828800,2021-02-09,41724810376,,
1612915200,2021-02-10,43198373724,,
1613001600,2021-02-11,43499689759,,
1613088000,2021-02-12,43752082974,,
1613174400,2021-02-13,44909525632,,
1613260800,2021-02-14,45330355925,,
1613347200,2021-02-15,45481177254,,
1613433600,2021-02-16,45789183843,,
1613520000,2021-02-17,46631174107,,
1613606400,2021-02-18,46817762416,,
1613692800,2021-02-19,47459236272,,
1613779200,2021-02-20,48828596060,,
1613865600,2021-02-21,49299758747,,
1613952000,2021-02-22,49395631236,,
1614038400,2021-02-23,49732124195,,
1614124800,2021-02-24,49772167032,,
1614211200,2021-02-25,50131473525,,
1614297600,2021-02-26,50317586252,,
1614384000,2021-02-27,50696716732,,
1614470400,2021-02-28,50826974836,,
1614556800,2021-03-01,51755828167,,
1614643200,2021-03-02,52187897717,,
1614729600,2021-03-03,53624974809,,
1614816000,2021-03-04,53530685204,,
1614902400,2021-03-05,53659482714,,
1614988800,2021-03-06,54057270266,,
1615075200,2021-03-07,54297902557,,
1615161600,2021-03-08,54218555660,,
1615248000,2021-03-09,54045531893,,
1615334400,2021-03-10,55330300830,,
1615420800,2021-03-11,55871397574,,
1615507200,2021-03-12,55957814044,,
1615593600,2021-03-13,56325568577,,
1615680000,2021-03-14,56363766360,,
1615766400,2021-03-15,57457844146,,
1615852800,2021-03-16,58126765439,,
1615939200,2021-03-17,58201549198,,
1616025600,2021-03-18,58442220479,,
1616112000,2021-03-19,58741266943,,
1616198400,2021-03-20,58995178742,,
1616284800,2021-03-21,60122705759,,
1616371200,2021-03-22,60285081859,,
1616457600,2021-03-23,60620006956,,
1616544000,2021-03-24,60636512514,,
1616630400,2021-03-25,60715096952,,
1616716800,2021-03-26,60927457831,,
1616803200,2021-03-27,62188409611,,
1616889600,2021-03-28,62435862361,,
1616976000,2021-03-29,62632540517,,
1617062400,2021-03-30,62465279399,,
1617148800,2021-03-31,62743091911,,
1617235200,2021-04-01,63840675715,,
1617321600,2021-04-02,63972104367,,
1617408000,2021-04-03,66486739285,,
1617494400,2021-04-04,66844556598,,
1617580800,2021-04-05,67160552624,,
1617667200,2021-04-06,68426282737,,
1617753600,2021-04-07,68437472937,,
1617840000,2021-04-08,69101190338,,
1617926400,2021-04-09,69578799977,,
1618012800,2021-04-10,69965814396,,
1618099200,2021-04-11,70112333984,,
1618185600,2021-04-12,71092997826,,
1618272000,2021-04-13,71088257095,,
1618358400,2021-04-14,73626541832,,
1618444800,2021-04-15,74031042727,,
1618531200,2021-04-16,74706967515,,
1618617600,2021-04-17,76868364078,,
1618704000,2021-04-18,77372381771,,
1618790400,2021-04-19,80410533502,,
1618876800,2021-04-20,80701005271,,
1618963200,2021-04-21,81430503117,,
1619049600,2021-04-22,81928589763,,
1619136000,2021-04-23,81987926766,,2807174
1619222400,2021-04-24,82148206489,,2807174
1619308800,2021-04-25,82426537359,,2807174
1619395200,2021-04-26,82675654241,,1121548
1619481600,2021-04-27,83157825385,,2881403
1619568000,2021-04-28,83474034912,,2881403
1619654400,2021-04-29,83956724076,,2881403
1619740800,2021-04-30,83521000736,,2881403
1619827200,2021-05-01,84862111431,,2881403
1619913600,2021-05-02,85406430061,,2881403
1620000000,2021-05-03,86676665429,,2881403
1620086400,2021-05-04,86720574446,,2881403
1620172800,2021-05-05,89139614551,,2881403
1620259200,2021-05-06,89754149257,,2881403
1620345600,2021-05-07,90258453394,,2881403
1620432000,2021-05-08,90237389049,,2881403
1620518400,2021-05-09,90770109435,,2881403
1620604800,2021-05-10,92137228182,,2881403
1620691200,2021-05-11,93402307948,,2881403
1620777600,2021-05-12,94493166387,,2881403
1620864000,2021-05-13,94682079187,,2881403
1620950400,2021-05-14,94524082426,,2881403
1621036800,2021-05-15,94970590321,,2881403
1621123200,2021-05-16,95159416823,,2881403
1621209600,2021-05-17,95214709057,,2881403
1621296000,2021-05-18,96578367566,,2881403
1621382400,2021-05-19,96646525153,,2881403
1621468800,2021-05-20,95942357180,,2881403
1621555200,2021-05-21,97004119589,,2881403
1621641600,2021-05-22,99328659199,,2881403
1621728000,2021-05-23,99825826110,,2881403
1621814400,2021-05-24,100994160731,,2881403
1621900800,2021-05-25,101457098173,,2881403
1621987200,2021-05-26,101841411915,,2881403
1622073600,2021-05-27,102928960167,,2881403
1622160000,2021-05-28,104104946930,,2881403
1622246400,2021-05-29,104542314722,,2881403
1622332800,2021-05-30,104483949124,,2881403
1622419200,2021-05-31,102494888689,,-39521312
1622505600,2021-06-01,105800929331,,-39521312
1622592000,2021-06-02,106118435648,,-39521312
1622678400,2021-06-03,106405515666,,1002881373
1622764800,2021-06-04,106831131568,,1002881284
1622851200,2021-06-05,107133072579,,981862819
1622937600,2021-06-06,107351022972,,968712781
1623024000,2021-06-07,107659908988,,960093826
1623110400,2021-06-08,107558482275,,961981225
1623196800,2021-06-09,107886626990,,959704734
1623283200,2021-06-10,108179303469,,954138778
1623369600,2021-06-11,107780455282,,940379747
1623456000,2021-06-12,107763288747,,945425503
1623542400,2021-06-13,107862341749,,943563415
1623628800,2021-06-14,108056222864,,942492218
1623715200,2021-06-15,108062767318,,949608771
1623801600,2021-06-16,108164343290,,945112524
1623888000,2021-06-17,107914992967,,949573464
1623974400,2021-06-18,107715214757,,950033551
1624060800,2021-06-19,108139154106,,950134064
1624147200,2021-06-20,108322212493,,949825522
1624233600,2021-06-21,108627301976,,951648264
1624320000,2021-06-22,108903341048,,961793669
1624406400,2021-06-23,109065344072,,962033798
1624492800,2021-06-24,109329217573,,961371033
1624579200,2021-06-25,109680379446,,959738514
1624665600,2021-06-26,109763792991,,958541565
1624752000,2021-06-27,109907137429,,956681405
1624838400,2021-06-28,110148385180,,955752138
1624924800,2021-06-29,109582783989,,955770104
1625011200,2021-06-30,109585773317,,955899812
1625097600,2021-07-01,109646352253,,955899410
1625184000,2021-07-02,109979215556,,955836645
1625270400,2021-07-03,110577364968,,955833366
1625356800,2021-07-04,110665626199,,954970734
1625443200,2021-07-05,110748456760,,955210252
1625529600,2021-07-06,110871523787,,955021305
1625616000,2021-07-07,111278252078,,955464010
1625702400,2021-07-08,111397041755,,935683364
1625788800,2021-07-09,111558644915,,935728148
1625875200,2021-07-10,111570655597,,932324150
1625961600,2021-07-11,111590743412,,926511952
1626048000,2021-07-12,111635819729,,924819418
1626134400,2021-07-13,111815882159,,925215753
1626220800,2021-07-14,111589763500,,926390449
1626307200,2021-07-15,111627877384,,926605600
1626393600,2021-07-16,112320596742,,910869498
1626480000,2021-07-17,111996216300,,913878809
1626566400,2021-07-18,112181540218,,913558050
1626652800,2021-07-19,112309574396,,912659675
1626739200,2021-07-20,112239489404,,912978004
1626825600,2021-07-21,112252263194,,913045970
1626912000,2021-07-22,112510719529,,912979400
1626998400,2021-07-23,112688937077,,908115467
1627084800,2021-07-24,112939722340,,908006473
1627171200,2021-07-25,113164295552,,907319583
1627257600,2021-07-26,113448856664,,907409393
1627344000,2021-07-27,113517746355,,907144869
1627430400,2021-07-28,113854604710,,906330143
1627516800,2021-07-29,113985850669,,906629050
1627603200,2021-07-30,113923048498,,905966695
1627689600,2021-07-31,114206887020,,904782439
1627776000,2021-08-01,114130941965,,904788809
1627862400,2021-08-02,114015647586,,904270595
1627948800,2021-08-03,114158412071,,901265321
1628035200,2021-08-04,114165105909,,899206927
1628121600,2021-08-05,113123558004,,900100072
1628208000,2021-08-06,113275670568,,905911642
1628294400,2021-08-07,113527858195,,905959185
1628380800,2021-08-08,114752216870,,907820131
1628467200,2021-08-09,114855850147,,908283551
1628553600,2021-08-10,114669741771,,908318125
1628640000,2021-08-11,114552467749,,908190320
1628726400,2021-08-12,114533597307,,806408346
1628812800,2021-08-13,114684551435,,806390169
1628899200,2021-08-14,114595012041,,806329273
1628985600,2021-08-15,115647535009,,806343801
1629072000,2021-08-16,115770476650,,806269629
1629158400,2021-08-17,115689127490,,806231290
1629244800,2021-08-18,115643766361,,806309734
1629331200,2021-08-19,115695230288,,806230163
1629417600,2021-08-20,115641700685,,806216475
1629504000,2021-08-21,116495458994,,806228079
1629590400,2021-08-22,116626171626,,806432402
1629676800,2021-08-23,117772687543,,804212986
1629763200,2021-08-24,115782669411,,803184408
1629849600,2021-08-25,117678801501,,800498269
1629936000,2021-08-26,117617046724,,795949748
1630022400,2021-08-27,117771964862,,791419655
1630108800,2021-08-28,117953287180,,784052322
1630195200,2021-08-29,117968539012,,783050735
1630281600,2021-08-30,118026154459,,780984464
1630368000,2021-08-31,118152129195,,780162781
1630454400,2021-09-01,118259166688,,775482128
1630540800,2021-09-02,118478780877,,762511334
1630627200,2021-09-03,119749270064,,760330822
1630713600,2021-09-04,119880189507,,754106050
1630800000,2021-09-05,120094427382,,749355833
1630886400,2021-09-06,120998775663,,718412850
1630972800,2021-09-07,123064058117,,712837070
1631059200,2021-09-08,123415558815,,674039728
1631145600,2021-09-09,123769821117,,673919390
1631232000,2021-09-10,124004053095,,665784217
1631318400,2021-09-11,123599837398,,654754565
1631404800,2021-09-12,123766068369,,652265098
1631491200,2021-09-13,123773916637,,632693981
1631577600,2021-09-14,123657278990,,599041509
1631664000,2021-09-15,123953854025,,593541087
1631750400,2021-09-16,124064648148,,590081007
1631836800,2021-09-17,124222627749,,580929860
1631923200,2021-09-18,124556494184,,552544932
1632009600,2021-09-19,124531954595,,503529840
1632096000,2021-09-20,124653533797,,507946309
1632182400,2021-09-21,124333604173,,497687027
1632268800,2021-09-22,124649566456,,514123545
1632355200,2021-09-23,125097617535,,470552426
1632441600,2021-09-24,125545098880,,471602447
1632528000,2021-09-25,126441614703,,447639308
1632614400,2021-09-26,126838565530,,423709815
1632700800,2021-09-27,127221326222,,381178274
1632787200,2021-09-28,126900183633,,375384551
1632873600,2021-09-29,126740064808,,342019871
1632960000,2021-09-30,126932049973,,339113940
1633046400,2021-10-01,126776758716,,326870039
1633132800,2021-10-02,126954502624,,315322467
1633219200,2021-10-03,127118160277,,297931270
1633305600,2021-10-04,127405957223,,242340254
1633392000,2021-10-05,127458094254,,221421529
1633478400,2021-10-06,127657655010,,272193464
1633564800,2021-10-07,128175881113,,229214296
1633651200,2021-10-08,128279605379,,326452974
1633737600,2021-10-09,128539290713,,387729470
1633824000,2021-10-10,128693216225,,358824648
1633910400,2021-10-11,128882653567,,349801833
1633996800,2021-10-12,129025042100,,473860144
1634083200,2021-10-13,128949343721,,459083414
1634169600,2021-10-14,128896541481,,538587138
1634256000,2021-10-15,129400989691,,422061443
1634342400,2021-10-16,129399689471,,413980866
1634428800,2021-10-17,129429140105,,415722469
1634515200,2021-10-18,129271969367,,393254637
1634601600,2021-10-19,129405021226,,358654137
1634688000,2021-10-20,129112155101,,353050221
1634774400,2021-10-21,129741713990,,284400818
1634860800,2021-10-22,129539670384,,280633756
1634947200,2021-10-23,129634623349,,376809963
1635033600,2021-10-24,129729340730,,359667684
1635120000,2021-10-25,129734095466,,339770854
1635206400,2021-10-26,129879655751,,498999410
1635292800,2021-10-27,129831315648,,453120672
1635379200,2021-10-28,130498992459,,372416087
1635465600,2021-10-29,130806210315,,504772998
1635552000,2021-10-30,131288667303,,477461839
1635638400,2021-10-31,131590391603,,464906845
1635724800,2021-11-01,131741570147,,421717551
1635811200,2021-11-02,133065673549,,423350152
1635897600,2021-11-03,133783415837,,412189681
1635984000,2021-11-04,134033855924,,411412543
1636070400,2021-11-05,134939483977,,598895981
1636156800,2021-11-06,136516127786,,539765185
1636243200,2021-11-07,136338656612,,538722580
1636329600,2021-11-08,137599769445,,498180873
1636416000,2021-11-09,136969549205,,478838090
1636502400,2021-11-10,139384877821,,453285684
1636588800,2021-11-11,139090048129,,452282040
1636675200,2021-11-12,139317821157,,449423465
1636761600,2021-11-13,139769010600,,447371251
1636848000,2021-11-14,140392814236,,631605746
1636934400,2021-11-15,141039768619,,631694836
1637020800,2021-11-16,141673701757,,669550506
1637107200,2021-11-17,142647379709,,735478571
1637193600,2021-11-18,143346403708,,728497758
1637280000,2021-11-19,143797748421,,758218655
1637366400,2021-11-20,145006259169,,747823388
1637452800,2021-11-21,145755308606,,770445489
1637539200,2021-11-22,146046701783,,764748935
1637625600,2021-11-23,146100523676,,795273639
1637712000,2021-11-24,146350923029,,789731672
1637798400,2021-11-25,146834205959,,804889636
1637884800,2021-11-26,148057168550,,823261078
1637971200,2021-11-27,148461730915,,873713556
1638057600,2021-11-28,148745925726,,910860131
1638144000,2021-11-29,148984933816,,908005306
1638230400,2021-11-30,148468302961,,899963187
1638316800,2021-12-01,149290506273,,925969540
1638403200,2021-12-02,149714028309,,872536089
1638489600,2021-12-03,149982702843,,890154978
1638576000,2021-12-04,151325855851,,1107830144
1638662400,2021-12-05,152601319756,,1084782596
1638748800,2021-12-06,153320693652,,1099226615
1638835200,2021-12-07,154163421871,,1067648140
1638921600,2021-12-08,154769596002,,1046665859
1639008000,2021-12-09,153083903115,,994625043
1639094400,2021-12-10,155754939909,,1004386985
1639180800,2021-12-11,156121121045,,1013134464
1639267200,2021-12-12,156349668105,,1014688593
1639353600,2021-12-13,156467886893,,1020656324
1639440000,2021-12-14,156566731622,,1044231464
1639526400,2021-12-15,157836980646,,1055679748
1639612800,2021-12-16,158170265679,,1056323410
1639699200,2021-12-17,158095978708,,1054128559
1639785600,2021-12-18,158666249444,,1062610240
1639872000,2021-12-19,159046953677,,1056217241
1639958400,2021-12-20,159042740263,,1062782171
1640044800,2021-12-21,159776494551,,1044283108
1640131200,2021-12-22,160361372901,,1033481127
1640217600,2021-12-23,159083198090,,1081818917
1640304000,2021-12-24,159425704836,,1069387079
1640390400,2021-12-25,159854294095,,1058639552
1640476800,2021-12-26,160053158380,,1056406607
1640563200,2021-12-27,161215153110,,994771224
1640649600,2021-12-28,161354738703,,994544601
1640736000,2021-12-29,161377857191,,1000130807
1640822400,2021-12-30,160824266475,,997994511
1640908800,2021-12-31,162208566543,,1003767898
1640995200,2022-01-01,162042380455,,1034855469
1641081600,2022-01-02,166121430731,,1034760306
1641168000,2022-01-03,165973464519,,1014677841
1641254400,2022-01-04,166142842329,,939235255
1641340800,2022-01-05,166441986936,,933750847
1641427200,2022-01-06,166875026490,,989545249
1641513600,2022-01-07,166938040121,,1005371127
1641600000,2022-01-08,166596197215,,997382045
1641686400,2022-01-09,166664363385,,1023343573
1641772800,2022-01-10,166286090180,,1054214256
1641859200,2022-01-11,167326579269,,1087663534
1641945600,2022-01-12,167696371905,,1086192412
1642032000,2022-01-13,168465844922,,1078840950
1642118400,2022-01-14,168842849128,,1072251988
1642204800,2022-01-15,169076388683,,1113875416
1642291200,2022-01-16,169307248399,,1093402736
1642377600,2022-01-17,169660540721,,1175653007
1642464000,2022-01-18,169895901761,,1230244189
1642550400,2022-01-19,169799197216,,1214605165
1642636800,2022-01-20,170574171166,,1267609325
1642723200,2022-01-21,171093625928,,1297603429
1642809600,2022-01-22,170229522234,,1586735111
1642896000,2022-01-23,171857146410,,1618462392
1642982400,2022-01-24,171484012969,,1644469962
1643068800,2022-01-25,172405630028,,1645587880
1643155200,2022-01-26,172542347215,,1791603623
1643241600,2022-01-27,173764652658,,1965183395
1643328000,2022-01-28,173463951968,,2816327336
1643414400,2022-01-29,172662431921,,2279826243
1643500800,2022-01-30,173160906993,,2188197802
1643587200,2022-01-31,173027480319,,2179778780
1643673600,2022-02-01,173448615490,,1047266597
1643760000,2022-02-02,174041146035,,1045909673
1643846400,2022-02-03,174582338171,,1081382341
1643932800,2022-02-04,175471825786,,1081215082
1644019200,2022-02-05,176069563604,,1065908381
1644105600,2022-02-06,176218345846,,1062655535
1644192000,2022-02-07,176465867639,,1062903063
1644278400,2022-02-08,176852428745,,996717338
1644364800,2022-02-09,177463094477,,1025470365
1644451200,2022-02-10,178043786808,,1022775075
1644537600,2022-02-11,178915958722,,1025697966
1644624000,2022-02-12,179584409670,,1032012603
1644710400,2022-02-13,179516754267,,1031964450
1644796800,2022-02-14,179840867283,,1045719906
1644883200,2022-02-15,179717221918,,1040193987
1644969600,2022-02-16,180450919542,,1041178390
1645056000,2022-02-17,180356647956,,1040618169
1645142400,2022-02-18,180622828383,,1048329002
1645228800,2022-02-19,180941560579,,1047902170
1645315200,2022-02-20,181595737249,,1061070225
1645401600,2022-02-21,181486762447,,1072722126
1645488000,2022-02-22,181699276634,,1076058041
1645574400,2022-02-23,182191457368,,1075893448
1645660800,2022-02-24,182386289373,,1095617683
1645747200,2022-02-25,182906694291,,1090447189
1645833600,2022-02-26,182271390633,,1083320065
1645920000,2022-02-27,182870040081,,1083482568
1646006400,2022-02-28,183571870429,,1086382841
1646092800,2022-03-01,183331961230,,1093257656
1646179200,2022-03-02,183466381130,,1090932040
1646265600,2022-03-03,183677691592,,1122385948
1646352000,2022-03-04,183460074467,,1121765911
1646438400,2022-03-05,183264208668,,1121543588
1646524800,2022-03-06,183426781575,,1124564248
1646611200,2022-03-07,183763463699,,1130879742
1646697600,2022-03-08,183046846884,,1141439457
1646784000,2022-03-09,183479110229,,1139925359
1646870400,2022-03-10,183838914909,,1143046023
1646956800,2022-03-11,184184121528,,1153683103
1647043200,2022-03-12,184335544151,,1157612161
1647129600,2022-03-13,184470598169,,1158705686
1647216000,2022-03-14,184573136596,,1171352379
1647302400,2022-03-15,184500928325,,1196090030
1647388800,2022-03-16,184451634513,,1190840819
1647475200,2022-03-17,184563535069,,1174234667
1647561600,2022-03-18,185221518328,,1183637613
1647648000,2022-03-19,185885957766,,1182748109
1647734400,2022-03-20,186191010979,,1182466325
1647820800,2022-03-21,186544669673,,1185007003
1647907200,2022-03-22,186498129997,,1192224497
1647993600,2022-03-23,186232384963,,1187422592
1648080000,2022-03-24,185806648514,,1188071650
1648166400,2022-03-25,185983613187,,1185737927
1648252800,2022-03-26,185592945390,,1280950605
1648339200,2022-03-27,185830558391,,1281530403
1648425600,2022-03-28,185748215962,,1279989628
1648512000,2022-03-29,185822065894,,1275199801
1648598400,2022-03-30,186304481318,,1277299018
1648684800,2022-03-31,186774633600,,1272278624
1648771200,2022-04-01,186214371665,,1428206414
1648857600,2022-04-02,187075122751,,1497746943
1648944000,2022-04-03,187003036992,,1507806909
1649030400,2022-04-04,186977887583,,1513734299
1649116800,2022-04-05,186961346908,,1544878264
1649203200,2022-04-06,187038476903,,1559185639
1649289600,2022-04-07,186094913628,,1579863092
1649376000,2022-04-08,186333152400,,1583495922
1649462400,2022-04-09,186414946864,,1595047723
1649548800,2022-04-10,186678372412,,1605491114
1649635200,2022-04-11,186905993146,,1619745443
1649721600,2022-04-12,186114030506,,1630033141
1649808000,2022-04-13,186235714684,,1636826131
1649894400,2022-04-14,185681711883,,1649997810
1649980800,2022-04-15,185804285810,,1653771595
1650067200,2022-04-16,185810236565,,1674647665
1650153600,2022-04-17,185883128634,,1659361575
1650240000,2022-04-18,185932311368,,1668461990
1650326400,2022-04-19,185738630892,,1668580348
1650412800,2022-04-20,186015416873,,1671935113
1650499200,2022-04-21,186155967703,,1673383354
1650585600,2022-04-22,186442123174,,1673512435
1650672000,2022-04-23,186828490084,,1673769814
1650758400,2022-04-24,186929721150,,1674999422
1650844800,2022-04-25,187030633152,,1675295938
1650931200,2022-04-26,187006244964,,1679842422
1651017600,2022-04-27,186561201210,,1680763213
1651104000,2022-04-28,186582290554,,1682565563
1651190400,2022-04-29,186493850331,,1684720318
1651276800,2022-04-30,186804080008,,1687488882
1651363200,2022-05-01,186853913910,,1746366354
1651449600,2022-05-02,186821190132,,1752928584
1651536000,2022-05-03,186663423495,,1754088425
1651622400,2022-05-04,186651729849,,1754355755
1651708800,2022-05-05,186237132000,,1755722795
1651795200,2022-05-06,186405273166,,1764395195
1651881600,2022-05-07,185770770892,,1770185608
1651968000,2022-05-08,185600157738,,1819926497
1652054400,2022-05-09,184686084627,,6189737193
1652140800,2022-05-10,180928928347,,4777009397
1652227200,2022-05-11,177996638034,,4785347429
1652313600,2022-05-12,160296575463,,6515982109
1652400000,2022-05-13,159959628610,,6526742641
1652486400,2022-05-14,158637264747,,9051622164
1652572800,2022-05-15,158075435222,,6007752293
1652659200,2022-05-16,158156346023,,6079845875
1652745600,2022-05-17,159503583072,,6047971969
1652832000,2022-05-18,158348959981,,7608881668
1652918400,2022-05-19,158584515463,,7600144390
1653004800,2022-05-20,159220667989,,7596502052
1653091200,2022-05-21,158476532891,,8508944589
1653177600,2022-05-22,158565148241,,8526841783
1653264000,2022-05-23,158658168849,,8517442798
1653350400,2022-05-24,158754595635,,8490763778
1653436800,2022-05-25,158906943961,,8493508401
1653523200,2022-05-26,159051539693,,8483763486
1653609600,2022-05-27,158654026952,,8724698598
1653696000,2022-05-28,158215716904,,9430141733
1653782400,2022-05-29,158399145001,,9430538443
1653868800,2022-05-30,158245852231,,9432375508
1653955200,2022-05-31,158777841830,,9416241873
1654041600,2022-06-01,159337530102,,9418961884
1654128000,2022-06-02,160311943896,,8572067123
1654214400,2022-06-03,159404649436,,9333822811
1654300800,2022-06-04,159397753954,,9314803132
1654387200,2022-06-05,159361836492,,9318503898
1654473600,2022-06-06,159373509801,,9335954775
1654560000,2022-06-07,159247051470,,9483948199
1654646400,2022-06-08,159139493405,,9492719737
1654732800,2022-06-09,159087240209,,9479165773
1654819200,2022-06-10,159145264950,,9406455745
1654905600,2022-06-11,158694225282,,10145492089
1654992000,2022-06-12,158449181216,,10298329715
1655078400,2022-06-13,158124134351,,10542078688
1655164800,2022-06-14,157005312288,,11422673293
1655251200,2022-06-15,156041612482,,12068702183
1655337600,2022-06-16,155254935205,,12921420360
1655424000,2022-06-17,154684972733,,13748415402
1655510400,2022-06-18,154167740764,,14840274194
1655596800,2022-06-19,154263565291,,14897558205
1655683200,2022-06-20,154040647187,,15065234415
1655769600,2022-06-21,153405317921,,4443334180
1655856000,2022-06-22,153494704289,,4964954248
1655942400,2022-06-23,153399442705,,5031423265
1656028800,2022-06-24,153065868648,,5053372093
1656115200,2022-06-25,153061527039,,5205922040
1656201600,2022-06-26,153241207679,,5117354221
1656288000,2022-06-27,153233785752,,5075077848
1656374400,2022-06-28,153000364020,,5146115651
1656460800,2022-06-29,152950162915,,5148507181
1656547200,2022-06-30,152872706597,,5443637633
1656633600,2022-07-01,152683970491,,5621039207
1656720000,2022-07-02,153427494002,,5258974418
1656806400,2022-07-03,153399970006,,5260382720
1656892800,2022-07-04,153284934758,,5414647529
1656979200,2022-07-05,153345451530,,5435029326
1657065600,2022-07-06,153284208936,,5479640665
1657152000,2022-07-07,153035357270,,5490165552
1657238400,2022-07-08,152845387915,,5609685698
1657324800,2022-07-09,152939478220,,5554993812
1657411200,2022-07-10,153009979061,,5607794223
1657497600,2022-07-11,152827757067,,5604638576
1657584000,2022-07-12,152996848627,,5621289559
1657670400,2022-07-13,152681147378,,5603448965
1657756800,2022-07-14,152797022506,,5669664346
1657843200,2022-07-15,152850941721,,5635186792
1657929600,2022-07-16,152301573405,,5664626124
1658016000,2022-07-17,152325099486,,5657852243
1658102400,2022-07-18,152448503779,,5639714923
1658188800,2022-07-19,152703056681,,5644947559
1658275200,2022-07-20,152593976598,,5674902358
1658361600,2022-07-21,152762235278,,5671936522
1658448000,2022-07-22,152708520511,,5672276836
1658534400,2022-07-23,152844633711,,5686723126
1658620800,2022-07-24,152943190834,,5653345517
1658707200,2022-07-25,152932936546,,5665119846
1658793600,2022-07-26,152917301228,,5696888981
1658880000,2022-07-27,152788341683,,5681862697
1658966400,2022-07-28,152910654423,,5659316731
1659052800,2022-07-29,152698048419,,5647266424
1659139200,2022-07-30,152823393095,,5450040675
1659225600,2022-07-31,152826936117,,5341803101
1659312000,2022-08-01,152817594905,,5353651600
1659398400,2022-08-02,153098685333,,5149807516
1659484800,2022-08-03,153007868290,,5086001048
1659571200,2022-08-04,152980044860,,6025464079
1659657600,2022-08-05,152921972037,,6017013846
1659744000,2022-08-06,153097891779,,5984348620
1659830400,2022-08-07,153128003451,,5975247517
1659916800,2022-08-08,153055721048,,5976693170
1660003200,2022-08-09,152826070303,,6112847956
1660089600,2022-08-10,152747500072,,5966000417
1660176000,2022-08-11,153025563656,,5756532787
1660262400,2022-08-12,152972057827,,5615725472
1660348800,2022-08-13,152792093401,,5498557396
1660435200,2022-08-14,153037411751,,5215515006
1660521600,2022-08-15,152537087385,,5170166697
1660608000,2022-08-16,152846785640,,5053301166
1660694400,2022-08-17,152711071996,,5010143927
1660780800,2022-08-18,152691920803,,4991343344
1660867200,2022-08-19,152477326032,,5129441535
1660953600,2022-08-20,152362260185,,5103034211
1661040000,2022-08-21,152270400829,,5120130993
1661126400,2022-08-22,152245000573,,5083536971
1661212800,2022-08-23,152041615388,,5161392011
1661299200,2022-08-24,152170678613,,5128033993
1661385600,2022-08-25,152185442292,,5144275818
1661472000,2022-08-26,152233643028,,5051841360
1661558400,2022-08-27,152297729898,,5144771800
1661644800,2022-08-28,152351761974,,5130179881
1661731200,2022-08-29,152144101946,,5155147998
1661817600,2022-08-30,152295937618,,5153340634
1661904000,2022-08-31,152611401534,,5118737086
1661990400,2022-09-01,152415746960,,5204348346
1662076800,2022-09-02,152349034405,,5179191201
1662163200,2022-09-03,152159812145,,5266074434
1662249600,2022-09-04,152185409511,,5269006225
1662336000,2022-09-05,152011071613,,5269233209
1662422400,2022-09-06,151943086950,,5273346724
1662508800,2022-09-07,151955991728,,5303842493
1662595200,2022-09-08,152053956252,,5261602397
1662681600,2022-09-09,152207431395,,5279500050
1662768000,2022-09-10,152312491811,,5272102058
1662854400,2022-09-11,152410395445,,5157994470
1662940800,2022-09-12,152409364573,,5088217699
1663027200,2022-09-13,152386885613,,5076947874
1663113600,2022-09-14,152386513488,,5019609541
1663200000,2022-09-15,152039891435,,5178018550
1663286400,2022-09-16,151801175715,,6333089220
1663372800,2022-09-17,151674918156,,6354127279
1663459200,2022-09-18,151720567144,,6338810014
1663545600,2022-09-19,151683917082,,6331966614
1663632000,2022-09-20,151816393277,,6458075360
1663718400,2022-09-21,152058295641,,6466770682
1663804800,2022-09-22,151894828584,,6456043652
1663891200,2022-09-23,151891281872,,6481541757
1663977600,2022-09-24,151677305146,,6480738343
1664064000,2022-09-25,151651297440,,6602925156
1664150400,2022-09-26,151368014958,,6725426071
1664236800,2022-09-27,150581018708,,6623206859
1664323200,2022-09-28,150489559988,,6629929534
1664409600,2022-09-29,149990504524,,6617938042
1664496000,2022-09-30,149499369943,,6639277518
1664582400,2022-10-01,148247347138,,6612852738
1664668800,2022-10-02,148253624203,,6615644743
1664755200,2022-10-03,148290251208,,6650166287
1664841600,2022-10-04,148065629143,,6673292126
1664928000,2022-10-05,148022348683,,6858047433
1665014400,2022-10-06,148084306312,,6914842561
1665100800,2022-10-07,148134434222,,7121399803
1665187200,2022-10-08,148314955929,,7260869970
1665273600,2022-10-09,148308687915,,7223609772
1665360000,2022-10-10,148299364750,,7217407054
1665446400,2022-10-11,148115510403,,7183570159
1665532800,2022-10-12,148016544693,,7190313242
1665619200,2022-10-13,147507682090,,7205733314
1665705600,2022-10-14,147090907234,,7299390772
1665792000,2022-10-15,146665786788,,7257639764
1665878400,2022-10-16,146649046663,,7261630928
1665964800,2022-10-17,146568433259,,7258207004
1666051200,2022-10-18,146375527995,,7221224425
1666137600,2022-10-19,146284731120,,7238659159
1666224000,2022-10-20,146192513290,,7248941059
1666310400,2022-10-21,145793579384,,7229930658
1666396800,2022-10-22,145582793789,,7224083537
1666483200,2022-10-23,145647085357,,7176898253
1666569600,2022-10-24,145685546357,,7176405203
1666656000,2022-10-25,145349154018,,8174458795
1666742400,2022-10-26,145239672119,,8178217533
1666828800,2022-10-27,145408854503,,8039238877
1666915200,2022-10-28,145339765736,,7860832237
1667001600,2022-10-29,145503248971,,7741241801
1667088000,2022-10-30,145601364670,,7632917025
1667174400,2022-10-31,145740843672,,7465408533
1667260800,2022-11-01,145353121753,,8294360941
1667347200,2022-11-02,145392677978,,8355393224
1667433600,2022-11-03,145260160757,,8375074293
1667520000,2022-11-04,145384631560,,8424515941
1667606400,2022-11-05,145567961467,,8378295910
1667692800,2022-11-06,145603069949,,8315688266
1667779200,2022-11-07,146010009605,,8241571960
1667865600,2022-11-08,146993704011,,7228243844
1667952000,2022-11-09,147256809778,,8138029565
1668038400,2022-11-10,145506489356,,9631610719
1668124800,2022-11-11,145999235593,,9587518020
1668211200,2022-11-12,145887113216,,10520342879
1668297600,2022-11-13,145218471298,,11618621759
1668384000,2022-11-14,145042955456,,11713856231
1668470400,2022-11-15,144884182956,,12043950741
1668556800,2022-11-16,144900892337,,12114611968
1668643200,2022-11-17,144487426641,,12029462408
1668729600,2022-11-18,144096181023,,12007189324
1668816000,2022-11-19,144327818220,,11911337002
1668902400,2022-11-20,144299328169,,12033768849
1668988800,2022-11-21,144367982011,,12004263798
1669075200,2022-11-22,143511938135,,12332879399
1669161600,2022-11-23,143490296292,,12349446709
1669248000,2022-11-24,142891062478,,12704670720
1669334400,2022-11-25,143112788176,,12794169272
1669420800,2022-11-26,142756642497,,12750994419
1669507200,2022-11-27,142978354993,,12793018905
1669593600,2022-11-28,142955653873,,12822745696
1669680000,2022-11-29,141918243373,,13024043517
1669766400,2022-11-30,141295586476,,13326402734
1669852800,2022-12-01,141118908989,,13232245565
1669939200,2022-12-02,140961843705,,13246236376
1670025600,2022-12-03,141219846971,,13168721807
1670112000,2022-12-04,141387010836,,13104571919
1670198400,2022-12-05,141501518333,,13104392283
1670284800,2022-12-06,141254833285,,13075141010
1670371200,2022-12-07,141123057709,,12980952216
1670457600,2022-12-08,140958965177,,12993713517
1670544000,2022-12-09,140888652313,,12956317619
1670630400,2022-12-10,140823262370,,12954238987
1670716800,2022-12-11,140873964494,,12946277907
1670803200,2022-12-12,140976654324,,12859764996
1670889600,2022-12-13,140635844225,,12861149568
1670976000,2022-12-14,140293745314,,12729034257
1671062400,2022-12-15,140030225524,,12816390636
1671148800,2022-12-16,140073082624,,12777568698
1671235200,2022-12-17,139613898546,,12793158678
1671321600,2022-12-18,139771304270,,12699684753
1671408000,2022-12-19,139804535074,,12696829664
1671494400,2022-12-20,139460895092,,12660384593
1671580800,2022-12-21,139193694867,,12526098503
1671667200,2022-12-22,138974775015,,12555149785
1671753600,2022-12-23,138827363174,,12511449265
1671840000,2022-12-24,138315572588,,12516112814
1671926400,2022-12-25,138366922989,,12462090162
1672012800,2022-12-26,138373010658,,12484306505
1672099200,2022-12-27,138370292377,,12504235130
1672185600,2022-12-28,137923364074,,12527535312
1672272000,2022-12-29,137980934806,,12470295745
1672358400,2022-12-30,137897915812,,12406070033
1672444800,2022-12-31,137772999332,,12468983077
1672531200,2023-01-01,137643649043,,12475296693
1672617600,2023-01-02,137741379488,,12473384859
1672704000,2023-01-03,137736452932,,12481347224
1672790400,2023-01-04,137395117407,,12507025995
1672876800,2023-01-05,137340594438,,12509296792
1672963200,2023-01-06,137058845427,,12520815364
1673049600,2023-01-07,136736597753,,12490339565
1673136000,2023-01-08,136861755421,,12482096550
1673222400,2023-01-09,136817408496,,12484488943
1673308800,2023-01-10,136586952694,,12519596740
1673395200,2023-01-11,136762232215,,12500109867
1673481600,2023-01-12,136819315523,,12582842258
1673568000,2023-01-13,136922671961,,12532699046
1673654400,2023-01-14,136667609070,,12521669864
1673740800,2023-01-15,136864852683,,12501380582
1673827200,2023-01-16,137014702528,,12411908263
1673913600,2023-01-17,136957429023,,12321351934
1674000000,2023-01-18,136490229769,,12311998161
1674086400,2023-01-19,136400569064,,12290869195
1674172800,2023-01-20,136349714232,,12335530659
1674259200,2023-01-21,136513317637,,12260178479
1674345600,2023-01-22,136811494039,,12063149628
1674432000,2023-01-23,136877618980,,12008387065
1674518400,2023-01-24,136739957133,,11904753133
1674604800,2023-01-25,136736133474,,11780902819
1674691200,2023-01-26,137048839889,,11585405626
1674777600,2023-01-27,137202723373,,11473972961
1674864000,2023-01-28,137029704146,,11302723121
1674950400,2023-01-29,137175645380,,11181752986
1675036800,2023-01-30,137128516206,,11122869832
1675123200,2023-01-31,136823107512,,11121738954
1675209600,2023-02-01,136874211246,,11128809581
1675296000,2023-02-02,136839506640,,10999327876
1675382400,2023-02-03,137110506552,,10857891068
1675468800,2023-02-04,136840254598,,10835181187
1675555200,2023-02-05,136861413080,,10826560375
1675641600,2023-02-06,136902052790,,10830576396
1675728000,2023-02-07,136806552876,,10674880186
1675814400,2023-02-08,136643131937,,8685300295
1675900800,2023-02-09,136515656094,,8704057309
1675987200,2023-02-10,136372348048,,8703855134
1676073600,2023-02-11,136384786839,,8570658126
1676160000,2023-02-12,136375826781,,8507746864
1676246400,2023-02-13,136327642209,,8472493585
1676332800,2023-02-14,136404028569,,9768010940
1676419200,2023-02-15,136282074227,,9318539384
1676505600,2023-02-16,135903273153,,8949256037
1676592000,2023-02-17,136036739173,,8642393973
1676678400,2023-02-18,135976064404,,8564502187
1676764800,2023-02-19,135980063528,,8456803424
1676851200,2023-02-20,136027543649,,8453385888
1676937600,2023-02-21,135709536916,,8413251792
1677024000,2023-02-22,135476130605,,8472272690
1677110400,2023-02-23,135219631900,,9104835317
1677196800,2023-02-24,135070425471,,9008232111
1677283200,2023-02-25,135065800097,,8963154033
1677369600,2023-02-26,135180624013,,8923631020
1677456000,2023-02-27,135111278723,,8912335606
1677542400,2023-02-28,134810805569,,8901075585
1677628800,2023-03-01,134676962219,,8876481879
1677715200,2023-03-02,134499453644,,8823410287
1677801600,2023-03-03,134684680045,,8745157449
1677888000,2023-03-04,134709376994,,8627540520
1677974400,2023-03-05,134789401049,,10545982433
1678060800,2023-03-06,134856803048,,10424761482
1678147200,2023-03-07,134662394848,,10284530806
1678233600,2023-03-08,134688825666,,9923431529
1678320000,2023-03-09,134593166773,,9928633195
1678406400,2023-03-10,134594111301,,9851331423
1678492800,2023-03-11,134131864926,,9543687487
1678579200,2023-03-12,133515073829,,9507033793
1678665600,2023-03-13,134627137510,,8957343147
1678752000,2023-03-14,133453262058,,8875604675
1678838400,2023-03-15,132734506933,,10302610962
1678924800,2023-03-16,132405089810,,9500555562
1679011200,2023-03-17,132422626087,,9560247941
1679097600,2023-03-18,132541755521,,8643252201
1679184000,2023-03-19,132555540284,,8590034017
1679270400,2023-03-20,132392650839,,8699864793
1679356800,2023-03-21,132265174077,,8886667398
1679443200,2023-03-22,132701971824,,9299967853
1679529600,2023-03-23,132449498311,,8842773011
1679616000,2023-03-24,132817911353,,9196488077
1679702400,2023-03-25,132755948270,,9639194762
1679788800,2023-03-26,132807534197,,9582501001
1679875200,2023-03-27,132784834260,,9562492920
1679961600,2023-03-28,132401829848,,9221438889
1680048000,2023-03-29,132018892332,,9303402785
1680134400,2023-03-30,132045586766,,9178004846
1680220800,2023-03-31,131736578627,,9027359207
1680307200,2023-04-01,131406114074,,9027455298
1680393600,2023-04-02,131364794878,,9073797776
1680480000,2023-04-03,131513191844,,8948919865
1680566400,2023-04-04,132084297693,,8332693177
1680652800,2023-04-05,131558789758,,8766310393
1680739200,2023-04-06,131463875314,,8676793461
1680825600,2023-04-07,131684988210,,8540838103
1680912000,2023-04-08,131638552451,,8493036360
1680998400,2023-04-09,131661887967,,8477723092
1681084800,2023-04-10,131626572425,,8507078204
1681171200,2023-04-11,131604605355,,8264960613
1681257600,2023-04-12,131648795800,,8223580498
1681344000,2023-04-13,131392092230,,8042514456
1681430400,2023-04-14,131414810987,,7882167434
1681516800,2023-04-15,131479314717,,8711463950
1681603200,2023-04-16,131502000020,,8705461675
1681689600,2023-04-17,131493376559,,8702655954
1681776000,2023-04-18,131287563256,,8530893734
1681862400,2023-04-19,131148374016,,8410733423
1681948800,2023-04-20,131063482312,,7980249887
1682035200,2023-04-21,130959855862,,8808343241
1682121600,2023-04-22,129744888109,,7710320488
1682208000,2023-04-23,130536220263,,8785564412
1682294400,2023-04-24,130583530155,,8763231719
1682380800,2023-04-25,130553140013,,8705017561
1682467200,2023-04-26,130468961847,,8598305005
1682553600,2023-04-27,130456678131,,8609662302
1682640000,2023-04-28,130143080779,,8636556942
1682726400,2023-04-29,130097036379,,8495918388
1682812800,2023-04-30,130119248045,,8489682815
1682899200,2023-05-01,130142563143,,8464937080
1682985600,2023-05-02,130545275124,,8399644189
1683072000,2023-05-03,130401585639,,8365330506
1683158400,2023-05-04,130132398218,,8190294591
1683244800,2023-05-05,130087203100,,8175109412
1683331200,2023-05-06,130364368615,,8115885694
1683417600,2023-05-07,130374556779,,8113881568
1683504000,2023-05-08,130377839257,,8116927256
1683590400,2023-05-09,130327486700,,8894124102
1683676800,2023-05-10,130250938922,,8766462899
1683763200,2023-05-11,130344813779,,8626604502
1683849600,2023-05-12,130201555838,,8542190136
1683936000,2023-05-13,130197728106,,8409020103
1684022400,2023-05-14,130203169321,,8406928887
1684108800,2023-05-15,130183728500,,8410457555
1684195200,2023-05-16,130050282819,,8418409765
1684281600,2023-05-17,129974881451,,8349620983
1684368000,2023-05-18,129809037802,,8334918586
1684454400,2023-05-19,129915128039,,8295877794
1684540800,2023-05-20,129801056238,,8291560412
1684627200,2023-05-21,129794531283,,8282128216
1684713600,2023-05-22,129803742968,,8284653462
1684800000,2023-05-23,129681928715,,8236771919
1684886400,2023-05-24,129536755428,,8151404176
1684972800,2023-05-25,129266262871,,8199680139
1685059200,2023-05-26,129184352798,,8166582180
1685145600,2023-05-27,129221739785,,8137764977
1685232000,2023-05-28,129220443875,,8137904092
1685318400,2023-05-29,129204687314,,8155801374
1685404800,2023-05-30,129304757656,,8071231516
1685491200,2023-05-31,129251147138,,8036218062
1685577600,2023-06-01,129075156549,,8070023242
1685664000,2023-06-02,129129149802,,8060061598
1685750400,2023-06-03,129041348065,,8068571401
1685836800,2023-06-04,129032994542,,8066391012
1685923200,2023-06-05,129041052816,,8061631731
1686009600,2023-06-06,128958840851,,7986608918
1686096000,2023-06-07,128784631881,,7900785682
1686182400,2023-06-08,128552310038,,7868944154
1686268800,2023-06-09,128443597702,,7860921947
1686355200,2023-06-10,128110147287,,7858996607
1686441600,2023-06-11,128176926797,,7816381418
1686528000,2023-06-12,128175574826,,7809413087
1686614400,2023-06-13,128020747381,,8693408122
1686700800,2023-06-14,127829286849,,8661295742
1686787200,2023-06-15,127647119449,,8595005676
1686873600,2023-06-16,128586630164,,8844089245
1686960000,2023-06-17,128694871275,,10066046758
1687046400,2023-06-18,128314512862,,10464347806
1687132800,2023-06-19,128316061835,,10473404176
1687219200,2023-06-20,128498297901,,10464522977
1687305600,2023-06-21,128615467174,,10697249919
1687392000,2023-06-22,128485827340,,7641992992
1687478400,2023-06-23,128568906751,,7595444562
1687564800,2023-06-24,128572780222,,7596988134
1687651200,2023-06-25,128594766280,,7592488432
1687737600,2023-06-26,128593282484,,7588947821
1687824000,2023-06-27,128472217164,,7574237220
1687910400,2023-06-28,128299414796,,7560781394
1687996800,2023-06-29,128141654975,,7499122720
1688083200,2023-06-30,128041538251,,7405698481
1688169600,2023-07-01,127379030740,,7454304015
1688256000,2023-07-02,127405094376,,7453362568
1688342400,2023-07-03,127408950815,,7438426548
1688428800,2023-07-04,127616605933,,7423998452
1688515200,2023-07-05,127707012512,,7441127049
1688601600,2023-07-06,127593377386,,7446542767
1688688000,2023-07-07,127185248739,,7423630952
1688774400,2023-07-08,127025493183,,7444210945
1688860800,2023-07-09,127135474084,,7443436796
1688947200,2023-07-10,127130917830,,7441641661
1689033600,2023-07-11,126959733628,,7452028408
1689120000,2023-07-12,126810411471,,7476093535
1689206400,2023-07-13,126651622688,,8432049194
1689292800,2023-07-14,126820499880,,8345592965
1689379200,2023-07-15,126851608695,,8180447728
1689465600,2023-07-16,126895623601,,8145474071
1689552000,2023-07-17,126920041133,,8114629392
1689638400,2023-07-18,126742499096,,8031421674
1689724800,2023-07-19,126646477114,,7955156653
1689811200,2023-07-20,126439298586,,8067812976
1689897600,2023-07-21,126370738969,,8005096706
1689984000,2023-07-22,126212037308,,8018098272
1690070400,2023-07-23,126122483663,,8063140880
1690156800,2023-07-24,126101277126,,8063790263
1690243200,2023-07-25,125927060774,,8021526381
1690329600,2023-07-26,125827835369,,8031094946
1690416000,2023-07-27,125707492035,,8067394671
1690502400,2023-07-28,125629700443,,8034062982
1690588800,2023-07-29,125455332863,,8127853351
1690675200,2023-07-30,125747243604,,8090211041
1690761600,2023-07-31,125579617586,,8095053937
1690848000,2023-08-01,125522245037,,8024716872
1690934400,2023-08-02,125262512151,,8033652162
1691020800,2023-08-03,125113454699,,8051401550
1691107200,2023-08-04,124899956687,,8060502635
1691193600,2023-08-05,124759022998,,8067269381
1691280000,2023-08-06,124754090879,,8073339397
1691366400,2023-08-07,124778735334,,8058699354
1691452800,2023-08-08,124584002138,,8373138797
1691539200,2023-08-09,124703200164,,8440832121
1691625600,2023-08-10,124709327525,,8431704199
1691712000,2023-08-11,124498728366,,8431811210
1691798400,2023-08-12,124305184503,,8537533780
1691884800,2023-08-13,124393406705,,8552499989
1691971200,2023-08-14,124402211673,,8552485234
1692057600,2023-08-15,124000020508,,8557292207
1692144000,2023-08-16,123730440046,,8777292209
1692230400,2023-08-17,123569422125,,8934966455
1692316800,2023-08-18,123402428414,,9238839690
1692403200,2023-08-19,123034186712,,9276263239
1692489600,2023-08-20,123231926277,,9109764480
1692576000,2023-08-21,123281263687,,9100628610
1692662400,2023-08-22,124364862734,,9141623512
1692748800,2023-08-23,124285158457,,7961174808
1692835200,2023-08-24,124280269379,,7945333435
1692921600,2023-08-25,124382289181,,7943432493
1693008000,2023-08-26,124416986262,,7933473709
1693094400,2023-08-27,124501730536,,7915281339
1693180800,2023-08-28,124585660089,,7884851165
1693267200,2023-08-29,124638027348,,7895915029
1693353600,2023-08-30,125024943970,,7896536717
1693440000,2023-08-31,125172063399,,7902470542
1693526400,2023-09-01,125264697210,,7877435728
1693612800,2023-09-02,125135191982,,7824543613
1693699200,2023-09-03,125145346955,,7834302645
1693785600,2023-09-04,125191169108,,7834759256
1693872000,2023-09-05,124990553187,,7858174987
1693958400,2023-09-06,124477886473,,7832087160
1694044800,2023-09-07,124308284466,,7882960492
1694131200,2023-09-08,124090322660,,7905670884
1694217600,2023-09-09,124224996895,,7815338603
1694304000,2023-09-10,124273684979,,7809295627
1694390400,2023-09-11,124344745184,,7799692346
1694476800,2023-09-12,124227916486,,7759610525
1694563200,2023-09-13,124319429008,,7777056179
1694649600,2023-09-14,124363582095,,7751924191
1694736000,2023-09-15,124331857236,,7717923941
1694822400,2023-09-16,124212106149,,7739389866
1694908800,2023-09-17,124289493772,,7737434254
1694995200,2023-09-18,124326873952,,7734665408
1695081600,2023-09-19,124300691591,,7660815546
1695168000,2023-09-20,124290744343,,8563793899
1695254400,2023-09-21,124382424058,,8546684892
1695340800,2023-09-22,124420783081,,8546950512
1695427200,2023-09-23,124355950135,,8557434507
1695513600,2023-09-24,124401106348,,8554547174
1695600000,2023-09-25,124406423473,,8556629006
1695686400,2023-09-26,124188507873,,8601881785
1695772800,2023-09-27,124126800086,,8507492179
1695859200,2023-09-28,123960457153,,8512515706
1695945600,2023-09-29,124162482311,,8448701740
1696032000,2023-09-30,123808695709,,8487668427
1696118400,2023-10-01,123861453617,,8477023603
1696204800,2023-10-02,123892846055,,8480155492
1696291200,2023-10-03,124071679617,,8390840752
1696377600,2023-10-04,123924281699,,8384260140
1696464000,2023-10-05,123807417722,,8370856670
1696550400,2023-10-06,123838576750,,8344985400
1696636800,2023-10-07,124128538690,,8507732965
1696723200,2023-10-08,124201106034,,8472529734
1696809600,2023-10-09,124227630606,,8473590091
1696896000,2023-10-10,124204229543,,8431767606
1696982400,2023-10-11,124029863588,,8421031401
1697068800,2023-10-12,123816455969,,8438049955
1697155200,2023-10-13,123656840284,,8418079243
1697241600,2023-10-14,123609006485,,8480146444
1697328000,2023-10-15,123651224803,,8480164261
1697414400,2023-10-16,123718667093,,8453659842
1697500800,2023-10-17,123837535727,,8428889898
1697587200,2023-10-18,123973366146,,8331682539
1697673600,2023-10-19,124105829805,,8236426371
1697760000,2023-10-20,124793556962,,9132179630
1697846400,2023-10-21,124612061264,,8889905974
1697932800,2023-10-22,124636757847,,8890853364
1698019200,2023-10-23,124670418196,,8887659992
1698105600,2023-10-24,124655656540,,8763418787
1698192000,2023-10-25,124201540072,,8795689060
1698278400,2023-10-26,124444395003,,8623432815
1698364800,2023-10-27,124530036824,,8481944165
1698451200,2023-10-28,124372003304,,8474616005
1698537600,2023-10-29,124392535660,,8453054564
1698624000,2023-10-30,124426093997,,8451485556
1698710400,2023-10-31,124256348804,,8396892655
1698796800,2023-11-01,124273514301,,8165647659
1698883200,2023-11-02,124397049414,,8111814985
1698969600,2023-11-03,124486433132,,7805019692
1699056000,2023-11-04,124699904722,,8675762796
1699142400,2023-11-05,124848920071,,8649315215
1699228800,2023-11-06,124903166287,,8629913713
1699315200,2023-11-07,125054717711,,8373202911
1699401600,2023-11-08,125319917848,,8041628935
1699488000,2023-11-09,125326565194,,7857381234
1699574400,2023-11-10,125492610146,,8612596892
1699660800,2023-11-11,125659436544,,9419212673
1699747200,2023-11-12,125861128026,,9301705711
1699833600,2023-11-13,125913385767,,9252634198
1699920000,2023-11-14,125912562562,,9008385750
1700006400,2023-11-15,125893729053,,8797588339
1700092800,2023-11-16,126232292538,,8723019381
1700179200,2023-11-17,126372145048,,8576140246
1700265600,2023-11-18,126715718458,,8401849403
1700352000,2023-11-19,126763258288,,8388233309
1700438400,2023-11-20,126856972450,,8367912980
1700524800,2023-11-21,127182356635,,8078303236
1700611200,2023-11-22,127255066101,,7783854354
1700697600,2023-11-23,127452284092,,8581627697
1700784000,2023-11-24,127376486441,,8553744619
1700870400,2023-11-25,127923306091,,8381952597
1700956800,2023-11-26,127952583524,,8367252409
1701043200,2023-11-27,127974774068,,8313591393
1701129600,2023-11-28,127822958229,,9191787147
1701216000,2023-11-29,128056939241,,8976167664
1701302400,2023-11-30,128107869026,,8758249323
1701388800,2023-12-01,128303592946,,8703367128
1701475200,2023-12-02,128473762647,,8547296813
1701561600,2023-12-03,128506018430,,8474414144
1701648000,2023-12-04,128568765188,,8428489842
1701734400,2023-12-05,128501093513,,8241764780
1701820800,2023-12-06,128715857454,,8021216248
1701907200,2023-12-07,128732646814,,7983913706
1701993600,2023-12-08,128736151562,,7769989278
1702080000,2023-12-09,128943103321,,7602532921
1702166400,2023-12-10,129257695618,,7347314269
1702252800,2023-12-11,129234621474,,7348337069
1702339200,2023-12-12,128749632224,,8267435032
1702425600,2023-12-13,128503141470,,8237861674
1702512000,2023-12-14,128802690893,,8248503845
1702598400,2023-12-15,128977699914,,8098285355
1702684800,2023-12-16,129364209000,,7999415250
1702771200,2023-12-17,129411842130,,7971072989
1702857600,2023-12-18,129366663563,,7958130872
1702944000,2023-12-19,129494836897,,7922968691
1703030400,2023-12-20,129767691979,,7883220405
1703116800,2023-12-21,129970511427,,7783057454
1703203200,2023-12-22,129926310713,,7708593448
1703289600,2023-12-23,130342067449,,7534495371
1703376000,2023-12-24,130463562351,,7446898163
1703462400,2023-12-25,130547850033,,7372388004
1703548800,2023-12-26,130492129402,,8344253747
1703635200,2023-12-27,130139478525,,8338195288
1703721600,2023-12-28,130409338910,,8214651420
1703808000,2023-12-29,130418310124,,8181296114
1703894400,2023-12-30,130434024452,,7988332542
1703980800,2023-12-31,130372968399,,7948133629
1704067200,2024-01-01,130201325616,,7945638299
1704153600,2024-01-02,130345987555,,7935871254
1704240000,2024-01-03,130865872907,,7595517412
1704326400,2024-01-04,131412477767,,7190695259
1704412800,2024-01-05,131856773862,,8848166737
1704499200,2024-01-06,132458836013,,8296567153
1704585600,2024-01-07,132731369578,,8061910722
1704672000,2024-01-08,132777068600,,8009499984
1704758400,2024-01-09,133127373913,,7565059686
1704844800,2024-01-10,133219921528,,8238579305
1704931200,2024-01-11,133393435986,,8059370562
1705017600,2024-01-12,133676724449,,7625011599
1705104000,2024-01-13,133133330400,,8615926743
1705190400,2024-01-14,133760587265,,8607649938
1705276800,2024-01-15,133725698553,,8600158520
1705363200,2024-01-16,133665221475,,8477538596
1705449600,2024-01-17,133590261048,,8494740625
1705536000,2024-01-18,134212215064,,8535748965
1705622400,2024-01-19,133612000520,,4433657971
1705708800,2024-01-20,133735899933,,4432650808
1705795200,2024-01-21,133933021455,,4428523942
1705881600,2024-01-22,133721133422,,4628535526
1705968000,2024-01-23,133699894416,,9176983525
1706054400,2024-01-24,134389818831,,8499157032
1706140800,2024-01-25,134495756624,,8520167742
1706227200,2024-01-26,134630780468,,8503379356
1706313600,2024-01-27,134926706631,,8041595025
1706400000,2024-01-28,134985953703,,7994308599
1706486400,2024-01-29,135016200699,,7998460454
1706572800,2024-01-30,135257869329,,9026689482
1706659200,2024-01-31,135216096449,,8840247496
1706745600,2024-02-01,135413071258,,8564756008
1706832000,2024-02-02,135372303389,,8577516115
1706918400,2024-02-03,135487715325,,8600783556
1707004800,2024-02-04,135486380043,,8599768476
1707091200,2024-02-05,135536745852,,8599081123
1707177600,2024-02-06,135501726814,,8529616712
1707264000,2024-02-07,135690698788,,8609915855
1707350400,2024-02-08,135817821243,,8574654860
1707436800,2024-02-09,136177600205,,8556391804
1707523200,2024-02-10,136507316371,,8538541315
1707609600,2024-02-11,136685198238,,8417069878
1707696000,2024-02-12,136809329644,,8283974583
1707782400,2024-02-13,136568604162,,8113247387
1707868800,2024-02-14,136767920248,,7971888916
1707955200,2024-02-15,137113369887,,7778353115
1708041600,2024-02-16,137603769436,,4103515361
1708128000,2024-02-17,137817569552,,3895680915
1708214400,2024-02-18,137965500853,,3777319394
1708300800,2024-02-19,137971132544,,3718286104
1708387200,2024-02-20,138027204056,,3707693320
1708473600,2024-02-21,138109512049,,4597130900
1708560000,2024-02-22,138267306756,,4574542055
1708646400,2024-02-23,138482000121,,4558569368
1708732800,2024-02-24,138833674728,,5489103725
1708819200,2024-02-25,138907857897,,5454624970
1708905600,2024-02-26,138953272602,,5450407091
1708992000,2024-02-27,139462905653,,5307658728
1709078400,2024-02-28,139730272823,,5041238765
1709164800,2024-02-29,140355180928,,4658444728
1709251200,2024-03-01,140756095217,,4450131385
1709337600,2024-03-02,141382054183,,4166034630
1709424000,2024-03-03,141644485309,,3902177407
1709510400,2024-03-04,141751420421,,4996596814
1709596800,2024-03-05,142144944124,,5397304043
1709683200,2024-03-06,142263779206,,4959177540
1709769600,2024-03-07,142935446321,,4636184914
1709856000,2024-03-08,143009725893,,4302614945
1709942400,2024-03-09,144223198741,,4742238830
1710028800,2024-03-10,144501390324,,6511598155
1710115200,2024-03-11,145011458216,,6558853419
1710201600,2024-03-12,145802348234,,6077988832
1710288000,2024-03-13,145853653551,,5858863978
1710374400,2024-03-14,146535619119,,5352626188
1710460800,2024-03-15,146595686738,,5257197467
1710547200,2024-03-16,146673288737,,5261408029
1710633600,2024-03-17,146892079729,,5160897235
1710720000,2024-03-18,146792968847,,5162845220
1710806400,2024-03-19,147433561094,,4901301097
1710892800,2024-03-20,147283458148,,5699795487
1710979200,2024-03-21,147375181139,,5419827730
1711065600,2024-03-22,147765183965,,5380604333
1711152000,2024-03-23,147960112249,,5445866202
1711238400,2024-03-24,148075289390,,5452255586
1711324800,2024-03-25,148159318551,,5449838932
1711411200,2024-03-26,149333684663,,5610933673
1711497600,2024-03-27,149609103401,,5482947514
1711584000,2024-03-28,149450020253,,5410677898
1711670400,2024-03-29,149902591583,,5342643662
1711756800,2024-03-30,150118989423,,5352858295
1711843200,2024-03-31,150123801238,,5343581321
1711929600,2024-04-01,150042870277,,5427512349
1712016000,2024-04-02,150585827918,,5067464476
1712102400,2024-04-03,151474819530,,5836143941
1712188800,2024-04-04,152516230074,,5921591665
1712275200,2024-04-05,153547507518,,5411261556
1712361600,2024-04-06,154399900172,,6198919533
1712448000,2024-04-07,154606040301,,6121463655
1712534400,2024-04-08,154587898624,,6151051638
1712620800,2024-04-09,154353390684,,6064359371
1712707200,2024-04-10,154042651741,,5937646854
1712793600,2024-04-11,154049089708,,5858459979
1712880000,2024-04-12,154215475620,,5835287723
1712966400,2024-04-13,154707231490,,5783752633
1713052800,2024-04-14,155557098175,,5511974902
1713139200,2024-04-15,155471850986,,5437738060
1713225600,2024-04-16,155897190730,,5116413280
1713312000,2024-04-17,156809364211,,5410930337
1713398400,2024-04-18,154767099052,,5040939985
1713484800,2024-04-19,157769529749,,4603486512
1713571200,2024-04-20,156591892230,,5316037160
1713657600,2024-04-21,156683290109,,5312593510
1713744000,2024-04-22,158967375214,,5307504968
1713830400,2024-04-23,159408128435,,4979601530
1713916800,2024-04-24,159415795694,,4703736231
1714003200,2024-04-25,159920789908,,4704520304
1714089600,2024-04-26,159969960411,,4796385454
1714176000,2024-04-27,159958906303,,4797297966
1714262400,2024-04-28,160036658405,,4826671103
1714348800,2024-04-29,160023388945,,4833766567
1714435200,2024-04-30,159811387207,,4775765130
1714521600,2024-05-01,159865190952,,4417982998
1714608000,2024-05-02,159634296287,,4476917977
1714694400,2024-05-03,159649622308,,4472052281
1714780800,2024-05-04,160090376533,,4328945995
1714867200,2024-05-05,160462551100,,4194027272
1714953600,2024-05-06,160510611325,,4188154559
1715040000,2024-05-07,160613420875,,4239674938
1715126400,2024-05-08,160609913470,,4290284216
1715212800,2024-05-09,160451923334,,4281754562
1715299200,2024-05-10,160434074841,,4344946957
1715385600,2024-05-11,160341090775,,4484888638
1715472000,2024-05-12,160364427600,,4497368668
1715558400,2024-05-13,160364828111,,4515930941
1715644800,2024-05-14,160425366690,,4508771500
1715731200,2024-05-15,160218057311,,4430497950
1715817600,2024-05-16,160775178591,,4361667658
1715904000,2024-05-17,160923494352,,5201519819
1715990400,2024-05-18,161197317659,,5036281506
1716076800,2024-05-19,161482128851,,4913637652
1716163200,2024-05-20,161463666172,,4911061910
1716249600,2024-05-21,161149043953,,5001843533
1716336000,2024-05-22,161221887300,,5804211961
1716422400,2024-05-23,161271868624,,5695486620
1716508800,2024-05-24,161096083024,,5509518753
1716595200,2024-05-25,161263125900,,5471935944
1716681600,2024-05-26,161251524260,,5467168767
1716768000,2024-05-27,161165869285,,5470572672
1716854400,2024-05-28,161185816059,,5426664133
1716940800,2024-05-29,160980103637,,5433393707
1717027200,2024-05-30,160618673423,,5583265437
1717113600,2024-05-31,160756795967,,5539995723
1717200000,2024-06-01,160891990750,,5339845941
1717286400,2024-06-02,160944809729,,5307828943
1717372800,2024-06-03,160877806061,,5323818461
1717459200,2024-06-04,161206258766,,5265200762
1717545600,2024-06-05,161299646211,,5246232720
1717632000,2024-06-06,161629010547,,5099819513
1717718400,2024-06-07,161817294784,,5332961915
1717804800,2024-06-08,161960236992,,5222984469
1717891200,2024-06-09,161980573025,,5205591346
1717977600,2024-06-10,162077165199,,5159048897
1718064000,2024-06-11,161917546682,,5150486392
1718150400,2024-06-12,161722611592,,5121135075
1718236800,2024-06-13,162054331429,,5024074778
1718323200,2024-06-14,162197487259,,5002379849
1718409600,2024-06-15,162168809359,,5343965307
1718496000,2024-06-16,161936852776,,6635866334
1718582400,2024-06-17,161974940015,,6639258699
1718668800,2024-06-18,161855754593,,6637275425
1718755200,2024-06-19,162173954430,,6526631901
1718841600,2024-06-20,162164261686,,6497901366
1718928000,2024-06-21,162239819673,,6202125057
1719014400,2024-06-22,162254002198,,6162916405
1719100800,2024-06-23,162358270816,,6117128955
1719187200,2024-06-24,162331122971,,6099494159
1719273600,2024-06-25,162106175418,,6089697932
1719360000,2024-06-26,162225044202,,6159355576
1719446400,2024-06-27,162311297847,,6268420705
1719532800,2024-06-28,162090212115,,6144940897
1719619200,2024-06-29,161829116520,,6145706270
1719705600,2024-06-30,161920144141,,6056830440
1719792000,2024-07-01,161683355862,,6082420082
1719878400,2024-07-02,161902857496,,6095467006
1719964800,2024-07-03,161810984188,,6205516070
1720051200,2024-07-04,162025733918,,6356740714
1720137600,2024-07-05,161976876871,,6470809981
1720224000,2024-07-06,162443404829,,6758270231
1720310400,2024-07-07,162656204569,,6759482712
1720396800,2024-07-08,162639771110,,6756937452
1720483200,2024-07-09,162723899047,,6762514830
1720569600,2024-07-10,162900851107,,6563449126
1720656000,2024-07-11,163138064955,,6667780061
1720742400,2024-07-12,163098337535,,6617690581
1720828800,2024-07-13,162518552899,,6542124470
1720915200,2024-07-14,163314591962,,6491905222
1721001600,2024-07-15,163365449117,,6423496478
1721088000,2024-07-16,163653855268,,7216961356
1721174400,2024-07-17,164075891345,,6967734031
1721260800,2024-07-18,164257148114,,6532760699
1721347200,2024-07-19,164247750904,,6457869478
1721433600,2024-07-20,164738619092,,6610945900
1721520000,2024-07-21,165173699201,,6414676644
1721606400,2024-07-22,165053605722,,6351750856
1721692800,2024-07-23,165241904296,,6185049721
1721779200,2024-07-24,165572532739,,6105504493
1721865600,2024-07-25,165386743700,,6097215822
1721952000,2024-07-26,164920400905,,6195728531
1722038400,2024-07-27,165198489701,,6060515122
1722124800,2024-07-28,165318886201,,5961659135
1722211200,2024-07-29,165296506325,,5967064860
1722297600,2024-07-30,164919552645,,6062146806
1722384000,2024-07-31,164800237484,,5983303213
1722470400,2024-08-01,164728036167,,5936762765
1722556800,2024-08-02,164332815226,,6206626532
1722643200,2024-08-03,164446928136,,6340071210
1722729600,2024-08-04,164521996707,,6309425182
1722816000,2024-08-05,164670439038,,6293521674
1722902400,2024-08-06,164736599351,,6218407548
1722988800,2024-08-07,165350510808,,6328332050
1723075200,2024-08-08,165984528519,,5758208552
1723161600,2024-08-09,166465438637,,5381012629
1723248000,2024-08-10,166587366078,,5181873780
1723334400,2024-08-11,166710136863,,5111432700
1723420800,2024-08-12,166682377992,,5109250050
1723507200,2024-08-13,167005533481,,4793110303
1723593600,2024-08-14,167342393119,,5541949508
1723680000,2024-08-15,167860832448,,5089898958
1723766400,2024-08-16,168244448687,,5126844121
1723852800,2024-08-17,168814426812,,4947792742
1723939200,2024-08-18,168904199779,,4861480610
1724025600,2024-08-19,168878279355,,4854692084
1724112000,2024-08-20,169083595548,,4666707139
1724198400,2024-08-21,169340976733,,6689303137
1724284800,2024-08-22,169799296348,,6383346426
1724371200,2024-08-23,169921498110,,6194943216
1724457600,2024-08-24,170642041450,,6037674073
1724544000,2024-08-25,170698976915,,5910404670
1724630400,2024-08-26,170665969408,,5906561312
1724716800,2024-08-27,170711924659,,5982098327
1724803200,2024-08-28,170407103116,,5967417412
1724889600,2024-08-29,170573351061,,5786082611
1724976000,2024-08-30,171016417926,,5528274598
1725062400,2024-08-31,170896605928,,5723720057
1725148800,2024-09-01,170902145345,,5714152848
1725235200,2024-09-02,170899626396,,5682031662
1725321600,2024-09-03,170784670999,,5732390502
1725408000,2024-09-04,170566672608,,5625468937
1725494400,2024-09-05,170706228327,,5517379114
1725580800,2024-09-06,170647570524,,5752356235
1725667200,2024-09-07,170627518495,,5586931031
1725753600,2024-09-08,170756288285,,5564819553
1725840000,2024-09-09,170796537293,,5548766645
1725926400,2024-09-10,171108134913,,5336753560
1726012800,2024-09-11,171315522180,,5308682677
1726099200,2024-09-12,171359606096,,5273537138
1726185600,2024-09-13,171130013336,,5515813984
1726272000,2024-09-14,171876763290,,5241238293
1726358400,2024-09-15,172341786442,,5082499982
1726444800,2024-09-16,172084698458,,5310188074
1726531200,2024-09-17,171899970422,,6354265109
1726617600,2024-09-18,172313605845,,6191664868
1726704000,2024-09-19,172452056532,,6074055168
1726790400,2024-09-20,172658006378,,6011000598
1726876800,2024-09-21,172913317432,,6084283116
1726963200,2024-09-22,172977488193,,6079600171
1727049600,2024-09-23,173045648510,,6082516770
1727136000,2024-09-24,173205622892,,5937053210
1727222400,2024-09-25,173290528851,,5924958518
1727308800,2024-09-26,173478822849,,6080365431
1727395200,2024-09-27,173716122114,,5925374401
1727481600,2024-09-28,173685818353,,5818311991
1727568000,2024-09-29,173680864519,,5823866020
1727654400,2024-09-30,173899639970,,5604458261
1727740800,2024-10-01,173138719964,,5783620113
1727827200,2024-10-02,173479946737,,5672827750
1727913600,2024-10-03,173609548631,,5650133675
1728000000,2024-10-04,173495236330,,5605085669
1728086400,2024-10-05,173551917779,,5886722231
1728172800,2024-10-06,173628097224,,5838932079
1728259200,2024-10-07,173604331549,,5841083960
1728345600,2024-10-08,173697039857,,5559269689
1728432000,2024-10-09,173615349744,,5517190664
1728518400,2024-10-10,173638017200,,5458104973
1728604800,2024-10-11,173415462753,,5532419440
1728691200,2024-10-12,173727210693,,5737317682
1728777600,2024-10-13,173776899099,,5736490188
1728864000,2024-10-14,173758990153,,5724974640
1728950400,2024-10-15,173607395967,,5683266035
1729036800,2024-10-16,173505726571,,5596559597
1729123200,2024-10-17,173502220377,,5352535092
1729209600,2024-10-18,173362988584,,5290417741
1729296000,2024-10-19,173692718900,,5171474987
1729382400,2024-10-20,173835465014,,5116346259
1729468800,2024-10-21,173915349777,,5085674542
1729555200,2024-10-22,173633796464,,5208702456
1729641600,2024-10-23,173547243539,,5196191668
1729728000,2024-10-24,173229710890,,5044410770
1729814400,2024-10-25,173262282111,,4999215705
1729900800,2024-10-26,173374573379,,4887114261
1729987200,2024-10-27,173394889313,,5107139256
1730073600,2024-10-28,173467492297,,5094196842
1730160000,2024-10-29,173384830320,,5203118762
1730246400,2024-10-30,173741072840,,5912339069
1730332800,2024-10-31,174075701279,,5766953804
1730419200,2024-11-01,173504390466,,5850275357
1730505600,2024-11-02,173853138435,,5709378112
1730592000,2024-11-03,174148895028,,5792977760
1730678400,2024-11-04,174184194567,,5791634907
1730764800,2024-11-05,175172906416,,1131947387
1730851200,2024-11-06,175589821601,,1131697308
1730937600,2024-11-07,177164970093,,1131377841
1731024000,2024-11-08,177875879453,,1136869346
1731110400,2024-11-09,179134891454,,1137558832
1731196800,2024-11-10,179371261347,,1137354270
1731283200,2024-11-11,179622473106,,1136567508
1731369600,2024-11-12,181278502960,,1136121788
1731456000,2024-11-13,181356156880,,1136112245
1731542400,2024-11-14,182649787339,,1133596769
1731628800,2024-11-15,184622084244,,1133579833
1731715200,2024-11-16,185034149478,,1133498372
1731801600,2024-11-17,185540454872,,1133325571
1731888000,2024-11-18,185785745046,,1133263506
1731974400,2024-11-19,185845884719,,1131323032
1732060800,2024-11-20,186515855565,,1141191714
1732147200,2024-11-21,188305578076,,1140971081
1732233600,2024-11-22,189015593695,,1140432560
1732320000,2024-11-23,191070374105,,1140258294
1732406400,2024-11-24,192610256412,,1140287312
1732492800,2024-11-25,193022522692,,1140195102
1732579200,2024-11-26,192781640387,,1139477549
1732665600,2024-11-27,192617792987,,1139523882
1732752000,2024-11-28,194141362134,,1137744137
1732838400,2024-11-29,194981686713,,1134738151
1732924800,2024-11-30,195739878395,,1134588473
1733011200,2024-12-01,193866194568,,7123705776
1733097600,2024-12-02,194144331514,,7039596282
1733184000,2024-12-03,194860039084,,7503669987
1733270400,2024-12-04,195397070535,,7177086816
1733356800,2024-12-05,196663504402,,6468456755
1733443200,2024-12-06,197314119516,,6538205267
1733529600,2024-12-07,198440759891,,8382717686
1733616000,2024-12-08,198852584340,,8142751086
1733702400,2024-12-09,200030171966,,7114176530
1733788800,2024-12-10,199787402804,,6870366786
1733875200,2024-12-11,200432741150,,6560204166
1733961600,2024-12-12,202599492882,,6507605947
1734048000,2024-12-13,203083538866,,7347405412
1734134400,2024-12-14,204009389970,,7303429135
1734220800,2024-12-15,204251195452,,7183428486
1734307200,2024-12-16,204408626234,,7195512798
1734393600,2024-12-17,204883128182,,7004691570
1734480000,2024-12-18,205201861771,,7098831828
1734566400,2024-12-19,205338684662,,7077176548
1734652800,2024-12-20,205788554367,,7122985997
1734739200,2024-12-21,206012977893,,7538282595
1734825600,2024-12-22,206030622370,,7829552204
1734912000,2024-12-23,206141557119,,7852208334
1734998400,2024-12-24,206237910190,,8204266438
1735084800,2024-12-25,206604625656,,8277136510
1735171200,2024-12-26,206838178351,,8272619111
1735257600,2024-12-27,207569249272,,8260616986
1735344000,2024-12-28,207678024343,,8411715769
1735430400,2024-12-29,207533716072,,8695091683
1735516800,2024-12-30,207370561179,,8747075424
1735603200,2024-12-31,206535875772,,7894986957
1735689600,2025-01-01,205954241372,,8257434486
1735776000,2025-01-02,205467975146,,8402118401
1735862400,2025-01-03,207032862107,,8402049425
1735948800,2025-01-04,208253432248,,8396212993
1736035200,2025-01-05,208541463864,,8401597482
1736121600,2025-01-06,208638502044,,8401171390
1736208000,2025-01-07,209207795723,,8078008772
1736294400,2025-01-08,208601508781,,8240877892
1736380800,2025-01-09,208465006768,,8021815356
1736467200,2025-01-10,208242410999,,8176841250
1736553600,2025-01-11,208433574740,,8050720505
1736640000,2025-01-12,208373918711,,8086872872
1736726400,2025-01-13,208638534020,,8044134441
1736812800,2025-01-14,208534524781,,8253103349
1736899200,2025-01-15,208773202690,,8253260877
1736985600,2025-01-16,209641613439,,8041834398
1737072000,2025-01-17,209843661039,,8031593384
1737158400,2025-01-18,211705004594,,7224775664
1737244800,2025-01-19,211766467244,,7146869074
1737331200,2025-01-20,212128978785,,7134496862
1737417600,2025-01-21,212000227623,,7073011394
1737504000,2025-01-22,214749155541,,6983084290
1737590400,2025-01-23,216005294425,,6819901762
1737676800,2025-01-24,216771598999,,6738481172
1737763200,2025-01-25,217389573263,,6183042667
1737849600,2025-01-26,217436267904,,6182715693
1737936000,2025-01-27,217365485110,,6177480815
1738022400,2025-01-28,217624380677,,6054673160
1738108800,2025-01-29,217996001953,,6043190934
1738195200,2025-01-30,218218561816,,6986337630
1738281600,2025-01-31,218908362807,,6964381407
1738368000,2025-02-01,219141425362,,6930406094
1738454400,2025-02-02,219170740325,,6930330187
1738540800,2025-02-03,219083189992,,6935379033
1738627200,2025-02-04,219994542395,,6977294993
1738713600,2025-02-05,222510888614,,5630711523
1738800000,2025-02-06,223794663310,,6040960426
1738886400,2025-02-07,224449879855,,6082561780
1738972800,2025-02-08,225570273153,,5783841537
1739059200,2025-02-09,225479616157,,5711128499
1739145600,2025-02-10,225617851375,,5718618563
1739232000,2025-02-11,226029535744,,5568914889
1739318400,2025-02-12,226006061037,,5643797784
1739404800,2025-02-13,226235758799,,5489332980
1739491200,2025-02-14,226238370226,,5680629966
1739577600,2025-02-15,226760424597,,5492503827
1739664000,2025-02-16,226909385567,,5493978197
1739750400,2025-02-17,226943712583,,5493949860
1739836800,2025-02-18,226944096125,,5656929237
1739923200,2025-02-19,226765061953,,5824954577
1740009600,2025-02-20,227388077909,,6224554198
1740096000,2025-02-21,227378600580,,6062514589
1740182400,2025-02-22,227980221220,,5954729344
1740268800,2025-02-23,227936646361,,5954700495
1740355200,2025-02-24,228157150222,,6031632025
1740441600,2025-02-25,227651318468,,6092445364
1740528000,2025-02-26,226607184829,,6367220609
1740614400,2025-02-27,226010322343,,6484596402
1740700800,2025-02-28,225887017370,,6290312650
1740787200,2025-03-01,226712852444,,4267872246
1740873600,2025-03-02,225928827916,,4159905235
1740960000,2025-03-03,226059823628,,6098799910
1741046400,2025-03-04,226015393636,,6023591600
1741132800,2025-03-05,226340314567,,6037018258
1741219200,2025-03-06,227530272764,,5814469742
1741305600,2025-03-07,227684049170,,5728792844
1741392000,2025-03-08,228766677368,,5669793991
1741478400,2025-03-09,228819838848,,5620023808
1741564800,2025-03-10,228775595208,,5620288947
1741651200,2025-03-11,228350491436,,5565525630
1741737600,2025-03-12,228922216266,,5344024363
1741824000,2025-03-13,229532546415,,5153480088
1741910400,2025-03-14,229646535833,,5152827738
1741996800,2025-03-15,230244194655,,5044976008
1742083200,2025-03-16,230400293335,,5045101254
1742169600,2025-03-17,230369595258,,5045094805
1742256000,2025-03-18,230782536133,,5143588863
1742342400,2025-03-19,231050339034,,5129570352
1742428800,2025-03-20,231718355635,,6452555111
1742515200,2025-03-21,231575631292,,6791393988
1742601600,2025-03-22,232158588703,,6533291695
1742688000,2025-03-23,233089710515,,6503023800
1742774400,2025-03-24,233424836581,,6444961266
1742860800,2025-03-25,234439074205,,6266993807
1742947200,2025-03-26,235548220387,,5994555138
1743033600,2025-03-27,235720482001,,5816115277
1743120000,2025-03-28,235318629625,,5798872782
1743206400,2025-03-29,234701952538,,6184215902
1743292800,2025-03-30,234754037335,,6184462438
1743379200,2025-03-31,234876698491,,7043925783
1743465600,2025-04-01,235051891992,,7958499088
1743552000,2025-04-02,235161909299,,7934926763
1743638400,2025-04-03,235733010941,,7877609790
1743724800,2025-04-04,235660974732,,7908778023
1743811200,2025-04-05,235182063341,,7913986876
1743897600,2025-04-06,235127944477,,7922988266
1743984000,2025-04-07,234604490913,,8123657285
1744070400,2025-04-08,234297838569,,7807230744
1744156800,2025-04-09,233838830039,,7978690068
1744243200,2025-04-10,233995397922,,8628540885
1744329600,2025-04-11,233834575722,,8831955334
1744416000,2025-04-12,233653532911,,8726536441
1744502400,2025-04-13,233879175313,,7688340506
1744588800,2025-04-14,233624038630,,7884119479
1744675200,2025-04-15,233770195148,,7896054398
1744761600,2025-04-16,234210580118,,7629794784
1744848000,2025-04-17,234427762199,,7444919507
1744934400,2025-04-18,234767789311,,7453394244
1745020800,2025-04-19,234229819961,,7821162845
1745107200,2025-04-20,234457858142,,7639800116
1745193600,2025-04-21,234463629105,,7651828452
1745280000,2025-04-22,234619406086,,7098944248
1745366400,2025-04-23,236005561221,,7582076698
1745452800,2025-04-24,236537820986,,7208586001
1745539200,2025-04-25,237437568003,,6772436695
1745625600,2025-04-26,238021625574,,6516298588
1745712000,2025-04-27,238841984549,,5644044546
1745798400,2025-04-28,239566994403,,5448812622
1745884800,2025-04-29,240070430816,,4727789498
1745971200,2025-04-30,241735636637,,7433290914
1746057600,2025-05-01,241809757491,,7005695942
1746144000,2025-05-02,242137107236,,6898795449
1746230400,2025-05-03,242586336937,,6625132402
1746316800,2025-05-04,242928992676,,6355132476
1746403200,2025-05-05,242897519716,,6350093373
1746489600,2025-05-06,242778014725,,6510892892
1746576000,2025-05-07,242002692826,,7228488095
1746662400,2025-05-08,242124924709,,8153374179
1746748800,2025-05-09,242738848856,,7982447261
1746835200,2025-05-10,242618904763,,7939667055
1746921600,2025-05-11,242865133485,,7818600983
1747008000,2025-05-12,242855323646,,7718482657
1747094400,2025-05-13,242312885446,,7670307272
1747180800,2025-05-14,242184346338,,7406537042
1747267200,2025-05-15,242601109310,,6999461571
1747353600,2025-05-16,243205514462,,8587469363
1747440000,2025-05-17,243747273296,,8531049316
1747526400,2025-05-18,243781184371,,8431637937
1747612800,2025-05-19,243907874167,,8281643803
1747699200,2025-05-20,243871482280,,8045515631
1747785600,2025-05-21,244184221632,,7858815286
1747872000,2025-05-22,245201427851,,6021443017
1747958400,2025-05-23,245732672338,,7699801848
1748044800,2025-05-24,246070915097,,7496933555
1748131200,2025-05-25,246157813664,,7466223302
1748217600,2025-05-26,246182723065,,7466642453
1748304000,2025-05-27,246419225091,,7494809951
1748390400,2025-05-28,246381780935,,7267930496
1748476800,2025-05-29,246393301975,,7222338304
1748563200,2025-05-30,246533266830,,7120600473
1748649600,2025-05-31,246714795484,,7154073195
1748736000,2025-06-01,246837903973,,7089138569
1748822400,2025-06-02,246884179737,,7049093879
1748908800,2025-06-03,247361694926,,6894471123
1748995200,2025-06-04,248229294803,,6524717048
1749081600,2025-06-05,248831982355,,6324435894
1749168000,2025-06-06,248455546449,,6205858169
1749254400,2025-06-07,249087700145,,5697519580
1749340800,2025-06-08,249415942399,,5405064277
1749427200,2025-06-09,249428836821,,5405064192
1749513600,2025-06-10,249965352317,,5797280169
1749600000,2025-06-11,249619404435,,6142479258
1749686400,2025-06-12,250277500566,,5781517500
1749772800,2025-06-13,250118358126,,5778147124
1749859200,2025-06-14,250846408365,,5500986692
1749945600,2025-06-15,250712840620,,5523786498
1750032000,2025-06-16,250714070879,,5549963169
1750118400,2025-06-17,250796922571,,5455066021
1750204800,2025-06-18,250989595276,,5407994865
1750291200,2025-06-19,251042114126,,6085845493
1750377600,2025-06-20,250906526414,,5899560081
1750464000,2025-06-21,250699988371,,5882898421
1750550400,2025-06-22,250675289628,,5973642741
1750636800,2025-06-23,250678314765,,7823276803
1750723200,2025-06-24,250291597648,,8665029107
1750809600,2025-06-25,252049760774,,7179402655
1750896000,2025-06-26,251903682270,,6754288234
1750982400,2025-06-27,252060657959,,6407020786
1751068800,2025-06-28,252378739355,,6369972510
1751155200,2025-06-29,252543522888,,6229771140
1751241600,2025-06-30,252521562378,,6153070619
1751328000,2025-07-01,252792279378,,5919778696
1751414400,2025-07-02,253063003569,,909309340
1751500800,2025-07-03,253655877112,,6175384172
1751587200,2025-07-04,253946373675,,6911934634
1751673600,2025-07-05,254073971135,,6766575609
1751760000,2025-07-06,254123248831,,6770018214
1751846400,2025-07-07,254181861706,,6729293680
1751932800,2025-07-08,254347179096,,6770906706
1752019200,2025-07-09,254280918767,,6932033615
1752105600,2025-07-10,254944938596,,6665364620
1752192000,2025-07-11,256059310505,,7365959217
1752278400,2025-07-12,257062351309,,7274141776
1752364800,2025-07-13,257328587906,,6921380043
1752451200,2025-07-14,257491796148,,6850433361
1752537600,2025-07-15,257131109268,,6899392866
1752624000,2025-07-16,256101024525,,6630444706
1752710400,2025-07-17,258619061468,,7354516120
1752796800,2025-07-18,259256808247,,9441899381
1752883200,2025-07-19,260065979437,,8945411727
1752969600,2025-07-20,260415263099,,8504951249
1753056000,2025-07-21,260796441882,,913523134
1753142400,2025-07-22,261248298506,,7674035932
1753228800,2025-07-23,261740870848,,7321988039
1753315200,2025-07-24,262546281712,,7813677696
1753401600,2025-07-25,263880267659,,9049560566
1753488000,2025-07-26,263674953437,,8677801700
1753574400,2025-07-27,264301719171,,8164027547
1753660800,2025-07-28,264479291070,,8141595390
1753747200,2025-07-29,264474859746,,12170507587
1753833600,2025-07-30,264678439245,,12874385407
1753920000,2025-07-31,265349064527,,13275902064
1754006400,2025-08-01,265962416016,,12737185130
1754092800,2025-08-02,266242362743,,12659668102
1754179200,2025-08-03,266197859349,,12690206421
1754265600,2025-08-04,266724740687,,12683194684
1754352000,2025-08-05,267055744698,,12608437420
1754438400,2025-08-06,267201423882,,12492742694
1754524800,2025-08-07,267309304440,,12842364587
1754611200,2025-08-08,268459200534,,11969110190
1754697600,2025-08-09,269037730032,,12718629710
1754784000,2025-08-10,269577567392,,12539331391
1754870400,2025-08-11,268958682756,,13182621693
1754956800,2025-08-12,269755229704,,12648446649
1755043200,2025-08-13,270564179346,,13057388990
1755129600,2025-08-14,272041123021,,12658232939
1755216000,2025-08-15,273862048384,,11314591073
1755302400,2025-08-16,275190617815,,12032728351
1755388800,2025-08-17,275133054979,,12032708034
1755475200,2025-08-18,276322473876,,11214929241
1755561600,2025-08-19,276354850457,,11088559759
1755648000,2025-08-20,276314942987,,11859284773
1755734400,2025-08-21,276570652950,,11859284600
1755820800,2025-08-22,275638595196,,12739974394
1755907200,2025-08-23,275518160736,,12739959217
1755993600,2025-08-24,276817264828,,12259119246
1756080000,2025-08-25,276852719657,,12074270419
1756166400,2025-08-26,278728742750,,11994959224
1756252800,2025-08-27,278821317178,,11909336810
1756339200,2025-08-28,279546211669,,12794258892
1756425600,2025-08-29,281952287341,,13346901380
1756512000,2025-08-30,282092041420,,13913990713
1756598400,2025-08-31,282455422064,,14516954323
1756684800,2025-09-01,283198469797,,13830507718
1756771200,2025-09-02,283207635146,,13875867056
1756857600,2025-09-03,282352680267,,15083211730
1756944000,2025-09-04,284187053743,,14064071748
1757030400,2025-09-05,286824546103,,13584436519
1757116800,2025-09-06,285276738477,,15404317616
1757203200,2025-09-07,285314142701,,15400162521
1757289600,2025-09-08,285099845480,,15398495995
1757376000,2025-09-09,285259164071,,15294148159
1757462400,2025-09-10,285743310736,,15291130660
1757548800,2025-09-11,285856733573,,14818342965
1757635200,2025-09-12,286478581003,,14906840431
1757721600,2025-09-13,287855815071,,15281858579
1757808000,2025-09-14,288557236535,,14975767658
1757894400,2025-09-15,288772543073,,16090665468
1757980800,2025-09-16,289083896599,,15780260245
1758067200,2025-09-17,289889368207,,13384199820
1758153600,2025-09-18,290052765930,,13090918691
1758240000,2025-09-19,291191569215,,13149574659
1758326400,2025-09-20,291961969133,,13556730369
1758412800,2025-09-21,292163679353,,13210377444
1758499200,2025-09-22,292005987557,,13460492139
1758585600,2025-09-23,293050134112,,13961164075
1758672000,2025-09-24,293672353068,,13616321856
1758758400,2025-09-25,294698749778,,13396445525
1758844800,2025-09-26,294677488255,,14799987013
1758931200,2025-09-27,295600465031,,13569069054
1759017600,2025-09-28,295850355224,,14302077527
1759104000,2025-09-29,296001814079,,14198082806
1759190400,2025-09-30,296827029181,,13921611047
1759276800,2025-10-01,298222463951,,14296131157
1759363200,2025-10-02,298830783233,,13316788467
1759449600,2025-10-03,300209137494,,15058717272
1759536000,2025-10-04,301816433430,,14577180203
1759622400,2025-10-05,302193493139,,14057234062
1759708800,2025-10-06,301884118327,,14221870197
1759795200,2025-10-07,302526030483,,13663567114
1759881600,2025-10-08,303174975040,,13198184403
1759968000,2025-10-09,303260617633,,13209129565
1760054400,2025-10-10,302990278440,,13971276519
1760140800,2025-10-11,303657260350,,12948163990
1760227200,2025-10-12,303274830329,,12591161765
1760313600,2025-10-13,303335273920,,12149529510
1760400000,2025-10-14,304293856179,,13066934858
1760486400,2025-10-15,305491053423,,12775150030
1760572800,2025-10-16,306367537752,,12910844428
1760659200,2025-10-17,306388117255,,12576025711
1760745600,2025-10-18,306511742218,,12743337625
1760832000,2025-10-19,306524531723,,13474133586
1760918400,2025-10-20,306824821294,,13447797468
1761004800,2025-10-21,306760248698,,12949030542
1761091200,2025-10-22,308038653351,,13271853824
1761177600,2025-10-23,307414873841,,13873379686
1761264000,2025-10-24,307454164257,,13453445240
1761350400,2025-10-25,308052954458,,12889307448
1761436800,2025-10-26,307853293461,,12920906719
1761523200,2025-10-27,307721904349,,12757594405
1761609600,2025-10-28,307347068027,,13242369357
1761696000,2025-10-29,307534105696,,12586087858
1761782400,2025-10-30,306993925608,,12636107826
1761868800,2025-10-31,306754593972,,12533153838
1761955200,2025-11-01,306540878435,,12372974983
1762041600,2025-11-02,306661076803,,12820675449
1762128000,2025-11-03,306630532615,,12747896272
1762214400,2025-11-04,306456729706,,12708442874
1762300800,2025-11-05,305309972454,,12775615906
1762387200,2025-11-06,305354986221,,12327497937
1762473600,2025-11-07,305115332713,,12609159070
1762560000,2025-11-08,305531006170,,12579810412
1762646400,2025-11-09,305034209028,,12736877123
1762732800,2025-11-10,305008318856,,12648651931
1762819200,2025-11-11,305213719410,,13973563758
1762905600,2025-11-12,305314524285,,13704515606
1762992000,2025-11-13,305546499723,,12756336890
1763078400,2025-11-14,304347692300,,13053522857
1763164800,2025-11-15,303647743188,,13152573074
1763251200,2025-11-16,303485359177,,13121813763
1763337600,2025-11-17,303337718917,,13312184060
1763424000,2025-11-18,302912683118,,13111490040
1763510400,2025-11-19,302980187846,,13612850656
1763596800,2025-11-20,302796517661,,13470893992
1763683200,2025-11-21,302525457356,,12544094402
1763769600,2025-11-22,302209284181,,12803768662
1763856000,2025-11-23,302342893823,,12691326675
1763942400,2025-11-24,302118248188,,12913098042
1764028800,2025-11-25,303207252896,,12969760561
1764115200,2025-11-26,303931208224,,12602462148
1764201600,2025-11-27,304905171848,,12410664722
1764288000,2025-11-28,305275991334,,12511166542
1764374400,2025-11-29,305822184169,,12391711147
1764460800,2025-11-30,305853140887,,12762454717
1764547200,2025-12-01,305723101368,,12633166900
1764633600,2025-12-02,306522915842,,12946098212
1764720000,2025-12-03,307092352380,,13803540854
1764806400,2025-12-04,307292798144,,12771538257
1764892800,2025-12-05,307678497213,,12569645823
1764979200,2025-12-06,307974398680,,12497020666
1765065600,2025-12-07,307859046822,,12520451033
1765152000,2025-12-08,307871279833,,12485542296
1765238400,2025-12-09,308305796414,,13521369142
1765324800,2025-12-10,308521103672,,16091062812
1765411200,2025-12-11,308450432660,,16027393657
1765497600,2025-12-12,309389579845,,16007754710
1765584000,2025-12-13,309466599973,,15579475978
1765670400,2025-12-14,309431112922,,15610308958
1765756800,2025-12-15,309332502202,,15603567902
1765843200,2025-12-16,309185066433,,15830232533
1765929600,2025-12-17,309054101767,,15629347906
1766016000,2025-12-18,309132487314,,15666008403
1766102400,2025-12-19,308395276006,,15556575177
1766188800,2025-12-20,308850102933,,14735315606
1766275200,2025-12-21,309787763399,,13758385460
1766361600,2025-12-22,308701121830,,14759982449
1766448000,2025-12-23,308833938816,,14665331636
1766534400,2025-12-24,308593604082,,14705620191
1766620800,2025-12-25,308132782561,,14658529929
1766707200,2025-12-26,308206557548,,14628763706
1766793600,2025-12-27,308101483824,,15131544010
1766880000,2025-12-28,308003030895,,15178889967
1766966400,2025-12-29,307958922555,,15156903075
1767052800,2025-12-30,307900738785,,14245175687
1767139200,2025-12-31,307671560031,,15664322062
1767225600,2026-01-01,306776252203,,15632620445
1767312000,2026-01-02,306461457901,,15783275509
1767398400,2026-01-03,307246646875,,15842504992
1767484800,2026-01-04,307266097440,,15862730223
1767571200,2026-01-05,307417322935,,15819880309
1767657600,2026-01-06,308013646626,,15358523814
1767744000,2026-01-07,307712872451,,15740975445
1767830400,2026-01-08,307409130079,,15825756440
1767916800,2026-01-09,307174069862,,16796261317
1768003200,2026-01-10,307456372051,,16660778961
1768089600,2026-01-11,307585147170,,16504539099
1768176000,2026-01-12,307508855674,,16545523435
1768262400,2026-01-13,306849498507,,16922330497
1768348800,2026-01-14,308058652347,,17042697907
1768435200,2026-01-15,309016023579,,16949658161
1768521600,2026-01-16,310085365901,,16054692021
1768608000,2026-01-17,310740999748,,16085447657
1768694400,2026-01-18,310821435829,,16095550134
1768780800,2026-01-19,310879840727,,15793374321
1768867200,2026-01-20,310839123998,,16585583214
1768953600,2026-01-21,308882687793,,15480503691
1769040000,2026-01-22,308522472319,,15800815682
1769126400,2026-01-23,308066823411,,15293912478
1769212800,2026-01-24,308529826820,,15505987583
1769299200,2026-01-25,308595479984,,15388981585
1769385600,2026-01-26,308546779742,,15366997432
1769472000,2026-01-27,308038522584,,15842516058
1769558400,2026-01-28,307476652723,,16178344167
1769644800,2026-01-29,307276183209,,15677489032
1769731200,2026-01-30,305785805039,,16681437997
1769817600,2026-01-31,305016061414,,16689303010
1769904000,2026-02-01,304748913528,,16805729894
1769990400,2026-02-02,304868784328,,16936643325
1770076800,2026-02-03,305035172960,,17059966159
1770163200,2026-02-04,305623490537,,17542979446
1770249600,2026-02-05,305858179531,,17667320115
1770336000,2026-02-06,304919360410,,17925219560
1770422400,2026-02-07,305276765643,,19895804246
1770508800,2026-02-08,305485183999,,20251247059
1770595200,2026-02-09,306684853368,,20018615613
1770681600,2026-02-10,306577334475,,20189418021
1770768000,2026-02-11,306470241308,,16845955363
1770854400,2026-02-12,306208176878,,17118582397
1770940800,2026-02-13,305943754793,,17258491051
1771027200,2026-02-14,306709187672,,17212392851
1771113600,2026-02-15,306826994454,,17391933775
1771200000,2026-02-16,306947726215,,17215628935
1771286400,2026-02-17,307194835812,,17247066601
1771372800,2026-02-18,306966784526,,17365649647
1771459200,2026-02-19,307214549860,,17541502799
1771545600,2026-02-20,307205851625,,17405131387
1771632000,2026-02-21,306766945173,,18384900834
1771718400,2026-02-22,306704871076,,18388171501
1771804800,2026-02-23,307679562711,,17391112882
1771891200,2026-02-24,307578720102,,17468571528
1771977600,2026-02-25,307638280255,,17476727940
1772064000,2026-02-26,308248563012,,17369444085
1772150400,2026-02-27,307966392585,,17614959809
1772236800,2026-02-28,308171933552,,17410637421
1772323200,2026-03-01,308356985552,,17474944248
1772409600,2026-03-02,308169956697,,17286737943
1772496000,2026-03-03,309063308216,,17222777407
1772582400,2026-03-04,309316971480,,17470007368
1772668800,2026-03-05,310230686608,,16784781716
1772755200,2026-03-06,311325015296,,16929173337
1772841600,2026-03-07,311483895833,,17137278055
1772928000,2026-03-08,311462759580,,17127024318
1773014400,2026-03-09,311624219347,,17153772655
1773100800,2026-03-10,312865168913,,16805487359
1773187200,2026-03-11,313148708303,,17135402328
1773273600,2026-03-12,313455629720,,17882626742
1773360000,2026-03-13,313853757049,,17905914741
1773446400,2026-03-14,314307334399,,18464809961706
1773532800,2026-03-15,314262989254,,18464769279313
1773619200,2026-03-16,314252687152,,18464747925644
1773705600,2026-03-17,314300137199,,18464737174486
1773792000,2026-03-18,314618659220,,18464459526949
1773878400,2026-03-19,313966629739,,18465340059521
1773964800,2026-03-20,314561908893,,18464192318913
1774051200,2026-03-21,314512928279,,18464332074534
1774137600,2026-03-22,314776296467,,18464262773165
1774224000,2026-03-23,314613340686,,18464238872658
1774310400,2026-03-24,314120014729,,18464437969267
1774396800,2026-03-25,314394739064,,18464525140834
1774483200,2026-03-26,314559010967,,18464516172512
1774569600,2026-03-27,314088057319,,18464413630360
1774656000,2026-03-28,313786032736,,18464533405000
1774742400,2026-03-29,313715212583,,18464519957695
1774828800,2026-03-30,314023371055,,18464431975613
1774915200,2026-03-31,314329476534,,18464536764192
1775001600,2026-04-01,314714605357,,18464445751182
1775088000,2026-04-02,314924022289,,18464289824289
1775174400,2026-04-03,315148827928,,18464815576576
1775260800,2026-04-04,315546263140,,18464529780035
1775347200,2026-04-05,315491409746,,18464540945122
1775433600,2026-04-06,315501872048,,18464461646352
1775520000,2026-04-07,315177509784,,18464462642054
1775606400,2026-04-08,315881919593,,18464106202357
1775692800,2026-04-09,315890094475,,18464499301364
1775779200,2026-04-10,316090515426,,18464590080974
1775865600,2026-04-11,316779165454,,18464215878832
1775952000,2026-04-12,316891294091,,18464347257564
1776038400,2026-04-13,316945975649,,18464196417212
1776124800,2026-04-14,317091782481,,18463834444072
1776211200,2026-04-15,318172155793,,18463019651528
1776297600,2026-04-16,318217671656,,18463215039880
1776384000,2026-04-17,318885644334,,18462685542456
1776470400,2026-04-18,319651508023,,18462006370609
1776556800,2026-04-19,319595162672,,18462718097887
1776643200,2026-04-20,318879515404,,18462328099959
1776729600,2026-04-21,318950201695,,18461559900744
1776816000,2026-04-22,319495732410,,18461768444327
1776902400,2026-04-23,319148783132,,18461679844430
1776988800,2026-04-24,318886644828,,18462149507869
1777075200,2026-04-25,318639173316,,18462317269581
1777161600,2026-04-26,318717044788,,18462204845168
1777248000,2026-04-27,318769082925,,18462098997184
1777334400,2026-04-28,318545656097,,18462121777095
1777420800,2026-04-29,318738047380,,18462342864132
1777507200,2026-04-30,317963232547,,18462364284148
1777593600,2026-05-01,318574839422,,18463193990144
1777680000,2026-05-02,318979223239,,18463401613978
1777766400,2026-05-03,319405745022,,18463341337533
1777852800,2026-05-04,319460914887,,18463252430157
1777939200,2026-05-05,319934590501,,18464412045918
1778025600,2026-05-06,320627081217,,18464526036892
1778112000,2026-05-07,320898056914,,18464148680467
1778198400,2026-05-08,321156564282,,18464383761182
1778284800,2026-05-09,319834662806,,18462354497120
1778371200,2026-05-10,320569285417,,18462541811498
1778457600,2026-05-11,320851849957,,18462541912209
1778544000,2026-05-12,321050092597,,18463229346524
1778630400,2026-05-13,320836233865,,18463203919400
1778716800,2026-05-14,320537018102,,18463371199905
1778803200,2026-05-15,320718797065,,18463193082160
1778889600,2026-05-16,321381993388,,18463153420483
1778976000,2026-05-17,321477594442,,18463397405666
1779062400,2026-05-18,321467261423,,18463337515396
1779148800,2026-05-19,321462448579,,18463187917100
1779235200,2026-05-20,321725041021,,18446791063516
1779321600,2026-05-21,320400560829,,18463215288530
1779408000,2026-05-22,321207261070,,18462913328315
1779494400,2026-05-23,321309205808,,18463429656815
1779580800,2026-05-24,321208640179,,18463417651032
1779667200,2026-05-25,321060314718,,18463445773198
1779753600,2026-05-26,320936591296,,18463556019802
1779840000,2026-05-27,320936947009,,18463495071143
1779926400,2026-05-28,320281887559,,18463475203204
1780012800,2026-05-29,319283364392,,18464047320267
1780099200,2026-05-30,318681991866.4,0,18464485520629.02
